rbd,nombre,fila_excel,dimension,NOM_ACTIVIDAD,DESC_ACTIVIDAD,estimacion_clp,estado_declarado,estimacion_cero,no_completa,extremo_iqr
9499,ESCUELA HOGAR DE CIEGOS SANTA LUCIA,70552,Convivencia Escolar,Premiación y reconocimiento escolarr.,"Equipo directivo, docentes generan Instancias de reconocimiento de avances y de participación en actividades diversa a través de la entrega de diplomas, medallas y otros según corresponda.",0,Implementación completa: 100%,True,False,False
9499,ESCUELA HOGAR DE CIEGOS SANTA LUCIA,70553,Convivencia Escolar,Formando ciudadanos,"Equipo de docentes organizan instancias que promuevan la democracia, participación ciudadana y derechos humanos de estudiantes para su adecuada vida en comunidad.",0,Implementación adecuada: 50% a 74%,True,True,False
9499,ESCUELA HOGAR DE CIEGOS SANTA LUCIA,70554,Convivencia Escolar,Plan de gestión de convivencia,Encargada de la convivencia planifica diversas actividades que promuevan la buena convivencia escolar  entre los diversos actores de la comunidad.,0,Implementación avanzada: 75% a 99%,True,True,False
9499,ESCUELA HOGAR DE CIEGOS SANTA LUCIA,70555,Convivencia Escolar,Cápsulas de viaje,Creación y/o búsqueda de herramientas para apoyar a las familias en temáticas relativas a crianza.,0,Implementación adecuada: 50% a 74%,True,True,False
9499,ESCUELA HOGAR DE CIEGOS SANTA LUCIA,70556,Convivencia Escolar,Plan integral de seguridad escolar,Equipo de gestión realiza una serie de actualizaciones al plan de seguridad escolar incorporando nuevos actores y estrategias que favorezcan su correcta ejecución.,0,Implementación completa: 100%,True,False,False
9499,ESCUELA HOGAR DE CIEGOS SANTA LUCIA,70557,Gestión de Recursos,Perfeccionamiento y capacitación del equipo profesional,"Equipo directivo, genera acciones de fortalecimiento profesional a partir del levantamiento de necesidades que requiere el equipo de docentes fortaleciendo el plan de formación profesional como normativa.",0,Implementación completa: 100%,True,False,False
9499,ESCUELA HOGAR DE CIEGOS SANTA LUCIA,70558,Gestión de Recursos,Gestión de matrícula y asistencia,Equipo directivo ejecuta acciones para identificar a aquellos estudiantes con baja asistencia y las remediales a ejecutar.,0,Implementación completa: 100%,True,False,False
9499,ESCUELA HOGAR DE CIEGOS SANTA LUCIA,70559,Gestión de Recursos,Contratación de personal,"Equipo directivo realiza la contratación del personal, ya sean docentes, especialistas y técnicos de acuerdo a los requerimientos de la matrícula.",0,Implementación completa: 100%,True,False,False
9499,ESCUELA HOGAR DE CIEGOS SANTA LUCIA,70560,Gestión Pedagógica,Monitoreo de la progresión de objetivos,"Unidad técnico pedagógica elabora un sistema de monitoreo de los resultados académicos planteados por los objetivos diversificados de los estudiantes, estableciendo un registro de los avances a partir de la cobertura curricular y los planes de adecuaciones curriculares, además de los logros de proceso para poder implementar acciones remediales cuando se requiera.",0,Implementación completa: 100%,True,False,False
9499,ESCUELA HOGAR DE CIEGOS SANTA LUCIA,70561,Gestión Pedagógica,Potenciar trabajo colaborativo,"Los docentes se reúnen organizando sus tiempos no lectivos con la finalidad de tener espacios colaborativos en función de la diversificación de la enseñanza por áreas, teniendo en cuenta las necesidades educativas especiales.",0,Implementación completa: 100%,True,False,False
9499,ESCUELA HOGAR DE CIEGOS SANTA LUCIA,70562,Gestión Pedagógica,Plan de escritura en braille y fomento lector,"Docentes y asistentes desarrollan plan lector en forma personalizada y grupal, tanto en letoescritura en braille como en tinta, propuesto por las docentes especialistas para atender las necesidades de nuestros estudiantes, mejorando las habilidades de lectura.",0,Implementación completa: 100%,True,False,False
9499,ESCUELA HOGAR DE CIEGOS SANTA LUCIA,70563,Gestión Pedagógica,Salidas pedagógicas,"Equipo de docentes Realizar diversas salidas pedagógicas que promuevan el aprendizaje en diversos contextos donde los estudiantes disfruten experiencias de cultura, ciencia, literatura, deporte y esparcimiento.",0,Implementación completa: 100%,True,False,False
9499,ESCUELA HOGAR DE CIEGOS SANTA LUCIA,70564,Gestión Pedagógica,Taller de habilidades de la vida diaria,"El equipo de especialistas ejecuta acciones de acuerdo a las necesidades de los estudiantes en rutina de aseo, vestuario, alimentación, entre otras.",0,Implementación completa: 100%,True,False,False
9499,ESCUELA HOGAR DE CIEGOS SANTA LUCIA,70565,Gestión Pedagógica,Taller de Orientación y movilidad,"Equipo de especialistas implementan en taller dentro de la carga horaria de los estudiantes, dado que necesitan utilizar técnicas de O y M. para desplazarse en diversos contextos.",0,Implementación completa: 100%,True,False,False
9499,ESCUELA HOGAR DE CIEGOS SANTA LUCIA,70566,Gestión Pedagógica,Acompañamiento en el aula,"El equipo de gestión acompaña al docente en las prácticas efectivas, a través de pautas de observación con descriptores, reflexión y retroalimentación.",0,Implementación completa: 100%,True,False,False
9499,ESCUELA HOGAR DE CIEGOS SANTA LUCIA,70567,Gestión Pedagógica,Nivelación de las matemáticas,"Unidad técnico-pedagógica en conjunto con docentes realizan plan matemático en cálculo mental, operatoria básica y resolución en problema en las clases de matemática.",0,Implementación adecuada: 50% a 74%,True,True,False
9499,ESCUELA HOGAR DE CIEGOS SANTA LUCIA,70568,Liderazgo,Difusión y monitoreo PME,"Equipo directivo realiza cuatro reuniones donde especifica las acciones que se implementan en el   PME, fases estratégicas, objetivos estratégicos, avance plan anual,  implementación, evidencias, mejoras, propuestas de trabajo y otros aspectos relevantes",0,Implementación avanzada: 75% a 99%,True,True,False
9499,ESCUELA HOGAR DE CIEGOS SANTA LUCIA,70569,Liderazgo,Liderazgo distributivo,"Orientaciones de trabajo sistemático definiendo las prioridades y metas educativas en reuniones formativas, reflexivas, pedagógicas, administrativas y de análisis y de manera de atender a nuestra comunidad y a la organización de todos.",0,Implementación completa: 100%,True,False,False
9700,COLEGIO PALESTINO,72464,Convivencia Escolar,8.- Formando actitudes pro-sociales para cuidar la vida democrática.,"Determinar participativamente la existencia de protocolos socializados que permitan intervenir formativamente en las faltas a nuestro RICE y faciliten mediante su respeto una actitud prosocial que disminuya las actitudes y comportamientos que atenten contra la sana convivencia, dentro del establecimiento, respondiendo a nuestro sello, cívico, comunitario y multicultural.",0,Implementación avanzada: 75% a 99%,True,True,False
9700,COLEGIO PALESTINO,72465,Convivencia Escolar,9.- Comunicación efectiva con la comunidad educativa.,"Garantizar el conocimiento, socialización y cumplimiento de los protocolos de convivencia escolar 2024, a partir de una comunicación efectiva con la comunidad educativa, mediante diferentes canales, reuniones presenciales, redes sociales, página web del colegio, etc., promoviendo e incentivando la participación de al menos un 50% de apoderados, en al actividades masivas del colegio.",3000000,Implementación avanzada: 75% a 99%,False,True,False
9700,COLEGIO PALESTINO,72466,Convivencia Escolar,7.- Comunidad educativa participativa y comprometida.,"Promover e incentivar la participación y compromiso de los apoderados, invitándoles a asistir actividades comunitarias, planificadas y ejecutadas durante el año, tales como: elección de CCPP y de CCAA, aniversario, día de la multiculturalidad, actividades masivas, premiaciones, actos cívicos y licenciaturas, entre otras, fortaleciendo un trabajo colaborativo, clima de compañerismo, entre todos.",6500000,Implementación avanzada: 75% a 99%,False,True,False
9700,COLEGIO PALESTINO,72467,Gestión de Recursos,"12.- Seguridad escolar, vida sana y saludable.","Mejorar el aprendizaje de todos y todas las estudiantes y resultados de los IDPS, resguardando su salud física, mental y social, mediante la adquisición de implementos y equipos necesarios para atender las necesidades emergentes de la comunidad educativa; además de favorecer la capacitación del personal que pueda atender dichas emergencias y situaciones de riesgo, durante el año escolar.",4000000,Implementación adecuada: 50% a 74%,False,True,False
9700,COLEGIO PALESTINO,72469,Gestión Pedagógica,"1.- Acompañamiento, Autoevaluación y retroalimentación de la práctica pedagógica.","Implementar un procedimiento ordenado, sistemático y calendarizado de apoyo, orientación y acompañamiento desde la UTP al trabajo de todos/as docentes, con reuniones permanentes en las que se entreguen orientaciones técnicas que permitan mejorar la práctica pedagógica y el aprendizaje de los/as estudiantes, a través de planificaciones que incorporen habilidades (DAS), Talleres JEC con ABP e IA.",24430000,Implementación avanzada: 75% a 99%,False,True,False
9700,COLEGIO PALESTINO,72470,Gestión Pedagógica,2.- Evaluación y monitoreo del nivel de Aprendizaje de los estudiantes.,"Monitorear por medio de la aplicación de Instrumentos de conocimiento y comprensión del aprendizaje (ICCA), con tabla de especificaciones,  rubricas y/o escalas cualitativas el aprendizaje en lenguaje, matemática  y velocidad lectora, según lineamientos de la UTP, a través de la prueba DIA y de calidad lectora, al menos 2 veces al año para  mejorar los resultados de todos los estudiantes.",4500000,Implementación adecuada: 50% a 74%,False,True,False
9700,COLEGIO PALESTINO,72471,Gestión Pedagógica,3.- Aprendizaje Inclusivo.,"Instalar procedimientos unificados de coordinación y lineamientos técnicos, entre la UTP, profesionales PIE y profesores de aula regular, mediante trabajo colaborativo e interdisciplinario que permita atender a todos los estudiantes con NEET y NEEP y avanzar en su aprendizaje conforme a su ritmo y diagnóstico, incorporando DUA , estrategias diversificadas y eliminar o disminuir barreras de acceso.",3000000,Implementación avanzada: 75% a 99%,False,True,False
9700,COLEGIO PALESTINO,72472,Gestión Pedagógica,4.- Trabajo colaborativo e interdisciplinario.,"Implementar un trabajo colaborativo e interdisciplinario entre profesores, convivencia, inspectoría, PIE y Educadoras  que apoye el aprendizaje en el área cognitiva y emocional-social de todos/as estudiantes ( TALLERES THADES en JEC) y jornadas en equipos de aula, con 1 hora adicional de contrato para cada profesor jefe, que permita analizar casos, entrevistar y comprometer a los apoderados.",4500000,Implementación avanzada: 75% a 99%,False,True,False
9700,COLEGIO PALESTINO,72474,Liderazgo,5.- Monitoreo y Seguimiento DEM.,"Implementación de procedimientos de coordinación entre DEPROV, DEM, Equipo Directivo y de Gestión, que permitan asesorar, supervisar y acompañar en el proceso de implementación del PEI, PME, y Planes Normativos, al igual que el plan de ingresos y gastos del Establecimiento, con objeto de mejorar los procesos y asegurar el aprendizaje, a partir de la planificación estratégica.",9512111,Implementación avanzada: 75% a 99%,False,True,False
9706,ESCUELA BAS. OSCAR ENCALADA YOVANOVICH,72548,Convivencia Escolar,ACTUALIZACIÓN DE PROTOCOLOS,"Actualizar plan de acción en torno a la adecuación de los protocolos y/o procedimientos relacionados con la Convivencia Escolar, integrando a todos los estamentos de la Comunidad Educativa",0,Implementación avanzada: 75% a 99%,True,True,False
9706,ESCUELA BAS. OSCAR ENCALADA YOVANOVICH,72549,Convivencia Escolar,MONITOREO PSICOEMOCIONAL,"Detección, monitoreo, seguimiento y resolución de casos de vulneración de derechos que afecten a los estudiantes de nuestra Escuela, según derivación, detección o develación, e inquietud espontánea de los diferentes actores educativos, profesores y/o apoderado",0,Implementación avanzada: 75% a 99%,True,True,False
9706,ESCUELA BAS. OSCAR ENCALADA YOVANOVICH,72550,Gestión de Recursos,GESTIÓN DEL PERSONAL,"Optimizar el recurso humano del establecimiento, gestionando personal necesario para cumplir los objetivos del Proyecto Educativo Institucional y atender a los nuestros estudiantes, monitoreando sus logros y avances, tramitando y disponiendo de los recursos necesarios para brindar apoyo oportuno.",65000000,Implementación avanzada: 75% a 99%,False,True,True
9706,ESCUELA BAS. OSCAR ENCALADA YOVANOVICH,72551,Gestión de Recursos,CONTRATO SERVICIO INTERNET,"Mejorar el servicio de Internet institucional con el objetivo de asegurar el desarrollo de la labor educativa y pedagógica tanto en modalidad remota como presencial en todas las asignaturas que contiene el Plan de estudio, de 1° a 8° Básico y los procesos técnico administrativos de la comunidad escolar.",0,Implementación avanzada: 75% a 99%,True,True,False
9706,ESCUELA BAS. OSCAR ENCALADA YOVANOVICH,72552,Gestión Pedagógica,ACOMPAÑAMIENTO Y REFLEXIÓN DOCENTE,"El Equipo Directivo y Técnico Pedagógico lidera, consolida y contribuye al fortalecimiento de las prácticas pedagógicas y el trabajo colaborativo, a través de la implementación de un sistema de acompañamiento docente, por medio de pautas de observación de clases, consensuadas que se aplicarán en forma semestral, para una posterior reflexión, re  retroalimentación y compromiso de mejora educativa.",0,Implementación avanzada: 75% a 99%,True,True,False
9706,ESCUELA BAS. OSCAR ENCALADA YOVANOVICH,72553,Gestión Pedagógica,AULAS TEMÁTICAS,"El proyecto “Aulas temáticas” se inserta dentro de la propuesta de actualización metodológica e innovación educativa. En la utilización y experiencias educativas en espacios motivadores que pretenden un cambio en la estructura tradicional de las aulas en la educación regular, en la que el profesor sea un mediador en el aprendizaje significativo de sus estudiantes.",0,Implementación avanzada: 75% a 99%,True,True,False
9706,ESCUELA BAS. OSCAR ENCALADA YOVANOVICH,72554,Gestión Pedagógica,PLAN LECTOR,"Considerando que la lectura es un eje básico y transversal para todos los aprendizajes que se realizarán en la escuela, se instaura esta acción por medio de un Plan Lector, que pretende desarrollar intencionadamente, acciones que mejoren la calidad y compresión lectora de todos nuestros estudiantes, desde pre kínder a octavo año básico.",0,Implementación avanzada: 75% a 99%,True,True,False
9706,ESCUELA BAS. OSCAR ENCALADA YOVANOVICH,72555,Gestión Pedagógica,ACOMPAÑAMIENTO PIE- Programa de Integración Escolar.,"Mejoramiento de las prácticas de apoyo a los estudiantes con aprendizajes diversos liderado por equipo técnico, coordinadora PIE y docentes, brindándoles apoyo en aulas presenciales de manera individual y grupal, para asegurar el impacto en el avance de los procesos de aprendizajes de manera inclusiva a través de la diversificación de la enseñanza.",0,Implementación avanzada: 75% a 99%,True,True,False
9706,ESCUELA BAS. OSCAR ENCALADA YOVANOVICH,72556,Gestión Pedagógica,SEGUIMIENTO A LA COBERTURA CURRICULAR,"Monitoreo y reformulación de la implementación del currículum priorizado, para la recuperación y desarrollo de los aprendizajes, resguardando el cumplimiento de protocolos institucionales y planes educativos en atención a las necesidades pedagógicas, de convivencia y salud mental de los estudiante",0,Implementación avanzada: 75% a 99%,True,True,False
9706,ESCUELA BAS. OSCAR ENCALADA YOVANOVICH,72557,Liderazgo,LINEAMIENTOS TÉCNICOS PEDAGÓGICO Y ADMINISTRATIVOS,Entrega de lineamientos y directrices en el desarrollo e implementación técnico pedagógica y técnico administrativa desde el DEM comuna,0,Implementación avanzada: 75% a 99%,True,True,False
9706,ESCUELA BAS. OSCAR ENCALADA YOVANOVICH,72558,Liderazgo,Planes de Gestión Institucional.,El sostenedor entrega lineamientos institucionales y administrativos.,0,Implementación avanzada: 75% a 99%,True,True,False
9706,ESCUELA BAS. OSCAR ENCALADA YOVANOVICH,72559,Liderazgo,ANALISIS Y DE RESULTADOS INSTITUCIONALES,"El Director junto con al equipo de directivo analizarán y evaluarán de forma semestral los resultados institucionales, con el fin de establecer remediales por medio de metas asociadas a los distintos actores o procesos involucrados y así impactar positivamente los resultados de los estudiantes.",0,Implementación avanzada: 75% a 99%,True,True,False
9706,ESCUELA BAS. OSCAR ENCALADA YOVANOVICH,72560,Liderazgo,DISEÑO E IMPLEMENTACIÓN DEL PME.,"Mejoramiento de las prácticas institucionales y pedagógicas, a cargo del equipo directivo y técnico, monitoreando en reuniones bimestrales el avance del plan, evaluando constantemente sus acciones y resultados, a fin de tomar decisiones oportunas de corrección y ajuste, logrando las metas establecidas.",0,Implementación avanzada: 75% a 99%,True,True,False
9722,LICEO PORTAL DE LA CISTERNA,72723,Convivencia Escolar,Visualización y concientización de las consecuencias que genera el bullying y ciberbullying,"Realizar talleres referidos a la temática de la Sana Convivencia Escolar, enfocados en la prevención del Bullying, Ciberbullying y Acoso, en todos los niveles y para los diferentes estamentos de la comunidad educativa",0,Implementación adecuada: 50% a 74%,True,True,False
9722,LICEO PORTAL DE LA CISTERNA,72724,Convivencia Escolar,Efemérides y Licenciaturas,"Organizar, programar y realizar celebraciones, actos, efemérides y actividades curriculares propias del calendario acdémico, a través de la centralización de la información, de acuerdo a la normativa vigente, respondiendo a las necesidades del sello con el fin de promover la sana convivencia.",0,Implementación avanzada: 75% a 99%,True,True,False
9722,LICEO PORTAL DE LA CISTERNA,72725,Convivencia Escolar,Conociendo la sana convivencia escolar,"Los y las docentes, asistentes de la educación, padres y apoderados y NNA reciben capacitaciones relacionadas con la sana convivencia dentro y fuera del aula, regulando sus propias emociones y comprendiendo en el entorno que se encuentran. Dichas charlas serán acompañadas por la red comunal en donde expertos nos permitirán abordar temáticas importantes para los estudiantes y el resto de la comunid",0,Implementación parcial: 25% a 49%,True,True,False
9722,LICEO PORTAL DE LA CISTERNA,72726,Convivencia Escolar,Jornadas de autocuidado,"Se realizan jornadas de autocuidado para fomentar la sana convivencia al interior de la comunidad educativa,  dirigidas a los estamentos de nuestra  comunidad, a través de instancias como el Consejo de Profesores, reuniones de apoderados.",800000,Implementación parcial: 25% a 49%,False,True,False
9722,LICEO PORTAL DE LA CISTERNA,72727,Gestión de Recursos,Materiales de enseñanza,Adquirir materiales didácticos con la finalidad de apoyar la labor académica de las y los docentes al interior del aullaren función de las necesidades detectadas por ellos a través de diagnostico previo con la finalidad de incorporar a los docentes en el proceso y por consecuencia favorecer el aprendizaje de las y los estudiantes en las asignaturas curriculares,5000000,Implementación avanzada: 75% a 99%,False,True,False
9722,LICEO PORTAL DE LA CISTERNA,72729,Gestión de Recursos,Material educativo para el aprendizaje de las y los estudiantes,"Adquirir recursos y material didáctico con la finalidad de apoyar la labor académica de las y los docentes al interior del aula, en función de las necesidades detectadas por ellos a través de levantamiento previo, con la finalidad de incorporar a los docentes en el proceso y por consiguiente favorecer el aprendizaje de las y los estudiantes en todas las asignaturas curriculares.",8000000,Implementación avanzada: 75% a 99%,False,True,False
9722,LICEO PORTAL DE LA CISTERNA,72730,Gestión de Recursos,Contratación servicio de internet,"Contratación de servicio de internet, con la finalidad de asegurar una  labor educativa más eficaz, la implementación de Programas educativos por internet y el desarrollo de evaluaciones on line, como, por ejemplo, la prueba DIA.",0,Implementación no efectuada: 0%,True,True,False
9722,LICEO PORTAL DE LA CISTERNA,72731,Gestión de Recursos,Contratos,Contratación de personal profesional y de apoyo a la gestión institucional que colaboran a los aprendizajes de los y las estudiantes y en convivencia institucional.,70000000,Implementación avanzada: 75% a 99%,False,True,True
9722,LICEO PORTAL DE LA CISTERNA,72733,Gestión Pedagógica,Comunidad de Aprendizaje Profesional (CAP),"Conformación de CAP a partir de la estrategia LEC para consolidar estrategias de adquisición de conocimiento a través de la lectura, escritura y la comunicación en las diversas asignaturas para fortaleces las capacidades de aprendizaje en el  estudiantado de primer ciclo básico.",5000000,Implementación inicial: 1% a 24%,False,True,False
9722,LICEO PORTAL DE LA CISTERNA,72734,Gestión Pedagógica,Taller de desarrollo de la lectura y escritura.,"consolidación del taller de lectoescritura, dirigido a niños de segundo a cuarto año de Educación Básico que aún no han desarrollado la habilidad de la lectura y escritura, a través de un diagnóstico, selección de estudiantes, proceso de intervención dirigido, proceso de seguimiento, con etapas inicial, intermedia y de egreso.",1000000,Implementación adecuada: 50% a 74%,False,True,False
9722,LICEO PORTAL DE LA CISTERNA,72735,Gestión Pedagógica,Registro de actividades realizadas en horas colaborativas PIE.,En horas colaborativas profesores diferenciales y profesores de asignatura evalúan lo desarrollado en clases y definen las estrategias para abordar los aprendizajes.,0,Implementación adecuada: 50% a 74%,True,True,False
9722,LICEO PORTAL DE LA CISTERNA,72736,Gestión Pedagógica,Realizar salidas pedagógicas.,"Promover salidas pedagógicas en todos los cursos, con el objetivo de brindar a las y los estudiantes experiencias pedagógicas significativas que consoliden el vínculo con la escuela  permitiendo el   desarrollo integral de las y los estudiantes.",8000000,Implementación inicial: 1% a 24%,False,True,False
9722,LICEO PORTAL DE LA CISTERNA,72737,Gestión Pedagógica,Reforzar la necesidad de realizar seguimiento y apoyo a la trayectoria escolar.,"En sesiones de Consejo de Profesores se reforzará la necesidad del seguimiento permanente a desarrollo de las  trayectorias de las y los estudiantes, a partir de ello se  implementará un dispositivo de seguimiento digital con la función de monitorear mensualmente  la trayectoria educativa de los estudiantes para   detectar y atender oportunamente situaciones de riesgo académico o riesgo de deserci",2500000,Implementación inicial: 1% a 24%,False,True,False
9722,LICEO PORTAL DE LA CISTERNA,72738,Liderazgo,Jornadas de Reflexión,"Cada semana se realiza reunión de trabajo con los miembros de la comunidad educativa para recibir y entregar información de las acciones realizadas, acordando las estrategias y gestiones que se realizan para la mejora educativa continua en los indicadores de eficiencia interna y convivencia escolar.",0,Implementación avanzada: 75% a 99%,True,True,False
9722,LICEO PORTAL DE LA CISTERNA,72739,Liderazgo,Base de Datos,Generar junto al sostenedor base de datos para suplir las licencias u otras ausencias de los docentes y/o asistentes de educación para dar continuidad al proceso educativo,0,Implementación avanzada: 75% a 99%,True,True,False
9722,LICEO PORTAL DE LA CISTERNA,72740,Liderazgo,Reuniones técnicas con directores.,"El Sostenedor mantiene una comunicación constante y sistemática con  los directores de los establecimientos educacionales, mediante reuniones técnicas semanales, con  la finalidad de analizar el funcionamiento interno de Escuelas y Liceo, tomar decisiones e introducir mejoras",0,Implementación avanzada: 75% a 99%,True,True,False
9722,LICEO PORTAL DE LA CISTERNA,72741,Liderazgo,Jornadas Institucionales,"Realizar actualización del PEI a través de reuniones  de trabajo, junto a la actualización del PME, para mejorar la coherencia teórica del establecimiento, a través de una metodología participativa y vinculante, en la cual se vea reflejada la visión de la  comunidad educativa en su conjunto, con un proceso de socialización para la apropiación de este marco teórico que represente y responda a las n",0,Implementación adecuada: 50% a 74%,True,True,False
9722,LICEO PORTAL DE LA CISTERNA,72742,Liderazgo,Monitoreo de Proyecto Mejoramiento Educativo Institucional,"Se desarrolla un proceso de incorporación de acciones propuestas por el profesorado para democratizar la toma de decisiones pedagógicas con  la participación en las acciones del PME, se elabora una pauta de monitoreo y seguimiento de las acciones propuestas en este, con el fin de hacer parte a los docentes de los procesos de mejora del establecimiento junto a los equipos directivos y sostenedor.",0,Implementación avanzada: 75% a 99%,True,True,False
9730,COLEGIO ANTU,72803,Convivencia Escolar,Actividades formativas,"Realizar actividades formativas a propósito de efemérides importantes, celebraciones internas de establecimiento (como el aniversario), fomentando el trabajo en equipo entre todos los estamentos.",0,Implementación avanzada: 75% a 99%,True,True,False
9730,COLEGIO ANTU,72804,Convivencia Escolar,Redes de apoyo externa,"Fortalecer la comunicación con las redes de apoyo externas (OPD, SENDA, Mejora Niñez, Oficina de la Mujer, Clínica el Llano, Alter Joven) y generar lazos con otras instituciones que nos permitan mejorar nuestra labor con las familias y proteger la integridad de nuestros estudiantes.",0,Implementación completa: 100%,True,False,False
9730,COLEGIO ANTU,72805,Convivencia Escolar,"Mente sana, cuerpo sano","Desarrollo de actividades que favorezcan el autocuidado y factores protectores de la salud mental y física, a través de la implementación de talleres de autocuidado, terapias alternativas como el minfulness y la presentación de actividades artísticas.",3000000,Implementación avanzada: 75% a 99%,False,True,False
9730,COLEGIO ANTU,72806,Convivencia Escolar,Campaña de sensibilización,"Realizar, desde NT1 a 8 básico, campañas de sensibilización, dentro y fuera de aula, sobre la sana convivencia escolar a través de talleres que desarrollen habilidades socioemocionales de niños, niñas y adolescentes, para crear una cultura del buen trato.",0,Implementación avanzada: 75% a 99%,True,True,False
9730,COLEGIO ANTU,72807,Convivencia Escolar,Talleres para padres,"Realizar Talleres para padres sobre el buen trato y la resolución de conflicto, desde NT1 a 8vo Básico, con foco en aquellos cursos que presentan dificultades en su convivencia dentro del aula.",0,Implementación avanzada: 75% a 99%,True,True,False
9730,COLEGIO ANTU,72808,Gestión de Recursos,Sumando personas,"Gestionar la contratación del recurso humano en función del desarrollo del Plan de Mejoramiento Educativo, tales como: encargado de informática, encargada de biblioteca, dupla psicosocial, terapeuta ocupacional, talleristas,",100000000,Implementación adecuada: 50% a 74%,False,True,True
9730,COLEGIO ANTU,72810,Gestión de Recursos,Capacitación y autoaprendizaje docente,"Promover el perfeccionamiento profesional y el autoaprendizaje docente de acuerdo a las necesidades sentidas por los docentes, de manera de potenciar su rol dentro del aula y, en consecuencia, mejorar los procesos de enseñanza y aprendizaje.",0,Implementación inicial: 1% a 24%,True,True,False
9730,COLEGIO ANTU,72811,Gestión de Recursos,Contratar servicio de internet,"Contratación de servicio de internet, con la finalidad de asegurar una labor educativa más eficaz, la implementación de Programas educativos por internet y el desarrollo de evaluaciones on line, como, por ejemplo, la prueba DIA.",16300000,Implementación adecuada: 50% a 74%,False,True,False
9730,COLEGIO ANTU,72812,Gestión de Recursos,Fortaleciendo el CRA,"Fortalecer el Centro de Recursos para el Aprendizaje (CRA), mediante la adquisición de recursos didácticos que contribuyan a desarrollar y potenciar los aprendizajes de las y los estudiantes de NT1 a 8° Básico.",12324000,Implementación inicial: 1% a 24%,False,True,False
9730,COLEGIO ANTU,72813,Gestión de Recursos,Gestión del capital humano,"Mejorar los procesos de gestión del recurso humano institucional, mediante la definición de los perfiles de cargo y el fomento de una cultura del buen desempeño basada en la evaluación y retroalimentación formativa y sistemática.",0,Implementación adecuada: 50% a 74%,True,True,False
9730,COLEGIO ANTU,72814,Gestión Pedagógica,Tutorías para favorecer el proceso de lectura,"Desarrollar tutorías en el área de Lenguaje con foco en el desarrollo de la habilidad de Lectoescritura, desde 2do Básico a 6to Básico, de manera de cerrar la brecha que existe entre los estudiantes lectores y no lectores, y aquellos estudiantes que leen comprensivamente y aquellos que no comprenden lo que leen.",0,Implementación avanzada: 75% a 99%,True,True,False
9730,COLEGIO ANTU,72815,Gestión Pedagógica,Seguimiento a estudiantes por parte de profesionales del Programa de Integración Escolar (PIE),"Consolidar los procedimientos de monitoreo semestral, realizados por los profesionales del Programa de Integración Escolar (PIE), que permitan verificar la atención que reciben los estudiantes con NEE desde NT1 a 8vo Básico, y, asimismo, constatar sus avances.",0,Implementación completa: 100%,True,False,False
9730,COLEGIO ANTU,72817,Gestión Pedagógica,Retroalimentación práctica docente,"El equipo directivo, el docente técnico y entre los propios docentes realizan a lo menos dos veces al año acompañamiento al aula para retroalimentar las  prácticas pedagógicas de las y los profesores, con foco en la incorporación de estrategias que promuevan en las y los estudiantes habilidades de pensamiento de orden superior.",0,Implementación completa: 100%,True,False,False
9730,COLEGIO ANTU,72818,Gestión Pedagógica,Retroalimentación formativa,"Desarrollar taller dirigido a las y los docente sobre Retroalimentación educativa efectiva, para mejorar los procesos de evaluación formativa y retroalimentación en el aula, en todas las asignaturas.",0,Implementación parcial: 25% a 49%,True,True,False
9730,COLEGIO ANTU,72819,Gestión Pedagógica,Tabla de especificaciones,"Mejorar los instrumentos de evaluación construidos por los docentes incorporando a las pruebas escritas una tabla de especificaciones con los indicadores de aprendizajes evaluados en cada ítems. Se espera que mediante esta herramienta, el docente pueda identificar de manera precisa cuáles son los aprendizajes (habilidades) descendidos para la toma de decisiones oportuna,",0,Implementación inicial: 1% a 24%,True,True,False
9730,COLEGIO ANTU,72820,Liderazgo,Difusión y seguimiento PME,"Realizar reuniones semestrales del Consejo Escolar y comunidad educativa, para informar sobre la implementación, desarrollo e impacto de las acciones del PME.",0,Implementación completa: 100%,True,False,False
9730,COLEGIO ANTU,72821,Liderazgo,Reuniones técnica con directores,"El Sostenedor mantiene una comunicación constante y sistemática con los directores de los establecimientos educacionales, mediante reuniones técnicas semanales, con la finalidad de analizar el funcionamiento interno de Escuelas y Liceo, tomar decisiones e introducir mejoras.",0,Implementación avanzada: 75% a 99%,True,True,False
9730,COLEGIO ANTU,72822,Liderazgo,Fortaleciendo el compromiso con la institución,"La Directora y su equipo, busca fortalecer el compromiso de todas y todos los miembros de la comunidad con el Proyecto educativo, convocando en un Acto cívico, una vez a la semana, a estudiantes, docentes y asistentes de la educación, con el fin de desarrollar y profundizar sobre un valor asociado a nuestro PEI.",0,Implementación adecuada: 50% a 74%,True,True,False
9730,COLEGIO ANTU,72823,Liderazgo,Autoevaluación profesional,"Fortalecer el desarrollo profesional de los docentes y directivos de la Unidad Educativa, estableciendo  debilidades y fortalezas para el   mejoramiento de sus tareas en beneficio de mejorar la calidad de los procesos educativos.",0,Implementación avanzada: 75% a 99%,True,True,False
9754,INSTITUTO COMERCIAL PARTICULAR LA CISTERNA,72971,Convivencia Escolar,Atención con el grupo curso para el fortalecimiento de factores protectores con temáticas propias de,"Implementación de actividades con estudiantes o cursos, que favorezcan los factores protectores, el sentido de pertenencia, la participación y la sana convivencia. Se consideran salidas pedagógicas, actividades extracurriculares y recreativas, incentivos grupales e individuales que fomenten la asistencia",5000000,Implementación avanzada: 75% a 99%,False,True,False
9754,INSTITUTO COMERCIAL PARTICULAR LA CISTERNA,72973,Convivencia Escolar,Atención individual de estudiantes con un estado emocional que afecta negativamente su proceso de en,"Atención por comportamiento disruptivo:  • Derivación: El profesor jefe o inspector deriva al alumno(a) para atención profesional.  • Intervención: Se realiza orientación y/o consejería individual con el alumno(a) y su familia. Se atiende a eventuales afectados.  • Acuerdos y compromisos: Se establecen acuerdos y compromisos con el alumno(a), incluyendo medidas disciplinarias si corresponde.  •",200000,Implementación avanzada: 75% a 99%,False,True,False
9754,INSTITUTO COMERCIAL PARTICULAR LA CISTERNA,72974,Convivencia Escolar,TALLER “Gestionando Mis Emociones”.,Talleres con estudiantes cuyo profesor/a jefe establezca la necesidad de fortalecer un aprendizaje socio emocional que favorezca su salud mental y propicie una sana convivencia escolar.,200000,Implementación parcial: 25% a 49%,False,True,False
9754,INSTITUTO COMERCIAL PARTICULAR LA CISTERNA,72976,Convivencia Escolar,Fortalecimiento de la asignatura de Orientación,"Se diseñan e implementan acciones de acompañamiento a profesores/as jefes para el fortalecimiento de la asignatura de Orientación, en 1° y 2° medios. Se mantienen reuniones individuales y por nivel de forma semestral y se realizarán observaciones y retroalimentación mediante acompañamiento al aula.",500000,Implementación avanzada: 75% a 99%,False,True,False
9754,INSTITUTO COMERCIAL PARTICULAR LA CISTERNA,72977,Gestión de Recursos,Optimización de espacios y recursos educativos,Se realizan gestiones para la habilitación de espacios educativos que favorezcan el proceso de enseñanza-aprendizaje:   - Habilitación del laboratorio de Ciencias antes de terminar el año 2024.  - Diagnóstico y diseño de proyecto para remodelar CRA para el 2025.,56000000,Implementación avanzada: 75% a 99%,False,True,True
9754,INSTITUTO COMERCIAL PARTICULAR LA CISTERNA,72979,Gestión Pedagógica,Acompañamiento con foco en ambiente organizado,Se brindará acompañamiento docente a dos grupos de 6 docentes:   - Grupo de formación diferenciada: enfocado en estrategias de enseñanza para el logro de aprendizajes profundos.   - Grupo de formación general: enfocado en el aprendizaje inclusivo y efectivo.   Se utilizará una pauta consensuada para la observación en el aula y la retroalimentación a los docentes.,600000,Implementación avanzada: 75% a 99%,False,True,False
9754,INSTITUTO COMERCIAL PARTICULAR LA CISTERNA,72982,Gestión Pedagógica,Disposición y uso efectivo de espacios y recursos educativos,"Se realizará evaluación exhaustiva de los/as espacios y recursos educativos disponibles. Se identificarán necesidades de mejora en cuanto a equipamiento y materiales. Se elaborará plan de acción integral para la mejora de los espacios y recursos educativos, considerando el presupuesto, las prioridades y las características de la comunidad educativa.",1000000,Implementación avanzada: 75% a 99%,False,True,False
9754,INSTITUTO COMERCIAL PARTICULAR LA CISTERNA,72984,Liderazgo,Incentivo al desempeño docente,"Se diseñará e implementará un sistema de evaluación interno para docentes y profesionales de la educación, considerando el desempeño en el área administrativa, pedagógica e interpersonal. Se elaborará pauta consensuada para realizar una evaluación semestral. A final de año se entregarán resultados, los que podrán determinar incentivos a los/as docentes y profesionales destacados.",22000000,Implementación avanzada: 75% a 99%,False,True,False
9771,CHILEAN EAGLES COLLEGE - LA CISTERNA,73042,Convivencia Escolar,Difusión del Sello SEG,"Difundir el sello SEG (altas expectativas, buen trato y 4 valores institucionales), a través de distintas actividades que potencien en sentido de pertenencia y vínculo de los estudiantes con el colegio. Tales como: aniversario, celebración de efemérides del calendario escolar, actividades deportivas/artísticas de red, entre otros.",6839067,Implementación adecuada: 50% a 74%,False,True,False
9771,CHILEAN EAGLES COLLEGE - LA CISTERNA,73043,Convivencia Escolar,Brindar apoyo socioemocional a los estudiantes,"Brindar apoyo socioemocional a nuestros estudiantes a través de una buena implementación de las clases de orientación, realizar la acogida diaria a nuestros estudiantes, generar redes de contención internas, y redes de intervención externa, y un seguimiento oportuno de parte del equipo de inspectores tutores hacia los estudiantes.",4103440,Implementación adecuada: 50% a 74%,False,True,False
9771,CHILEAN EAGLES COLLEGE - LA CISTERNA,73044,Convivencia Escolar,Implementar rutinas y procedimientos de cultura escolar,"La acción  tiene como objetivo instaurar una cultura de altas expectativas que promueva la motivación y el compromiso de la comunidad educativa. Esta iniciativa está dirigida a todos los estudiantes, docentes y familias del establecimiento, con el fin de crear un entorno que favorezca el aprendizaje y el desarrollo integral.",1823751,Implementación adecuada: 50% a 74%,False,True,False
9771,CHILEAN EAGLES COLLEGE - LA CISTERNA,73045,Convivencia Escolar,Fortalecimiento del liderazgo del perfil del Profesor Guía (Profesor Jefe) y Equipo de Convivencia E,"Fortalecimiento del liderazgo del Profesor Guía y del equipo de Convivencia Escolar a través de talleres de formación y capacitación, acompañamiento y definición de un perfil con tareas y metas específicas.",5927191,Implementación adecuada: 50% a 74%,False,True,False
9771,CHILEAN EAGLES COLLEGE - LA CISTERNA,73046,Convivencia Escolar,Retención y Asistencia Escolar,"Detección, seguimiento y generación de planes de acción para estudiantes que presentan bajo nivel de asistencia y/o riesgo de deserción. Incluye seguimiento en detalle al ausentismo crónico a través del comité de asistencia del colegio.",5000000,Implementación adecuada: 50% a 74%,False,True,False
9771,CHILEAN EAGLES COLLEGE - LA CISTERNA,73047,Convivencia Escolar,incorporación de proyecto de vida,Se incorpora la unidad de proyecto de vida en las clases de orientación de todo el colegio.,0,Implementación completa: 100%,True,False,False
9771,CHILEAN EAGLES COLLEGE - LA CISTERNA,73048,Convivencia Escolar,Plan de Exploración Vocacional,Implementar el plan de exploración vocacional que fomente rendición de la Prueba de Ingreso a la Universidad y la Continuidad de estudios. Incluye realización de Feria de Exploración Vocacional en el colegio.,2735627,Implementación adecuada: 50% a 74%,False,True,False
9771,CHILEAN EAGLES COLLEGE - LA CISTERNA,73049,Convivencia Escolar,Participación y Protagonismo de los estudiantes y apoderados en la vida escolar,"Implementar instancias de participación estudiantil, curriculares (Consejo de Curso) y complementarias (actividades complementarias). Velar por el desarrollo correcto de un proceso democrático en la elección de directivas y centros de estudiantes y apoderados.",5471253,Implementación adecuada: 50% a 74%,False,True,False
9771,CHILEAN EAGLES COLLEGE - LA CISTERNA,73050,Convivencia Escolar,Plan formación y educación en temas de Género y Prevención de Abusos Sexuales,"Implementar el plan de de formación y educación en temas de Género y Prevención de Abusos Sexuales enfocados en estudiantes y vinculando a docentes, asistentes de la educación y familias en el procesos.",2735626,Implementación adecuada: 50% a 74%,False,True,False
9771,CHILEAN EAGLES COLLEGE - LA CISTERNA,73051,Gestión de Recursos,Adquisición de recursos educativos,"Compra de material e insumos (didácticos, tecnológicos, deportivos, artísticos administrativos, de librería, etc.)necesarios para mejorar la implementación de los planes académico  para alumnos, entre otros, con el fin de aumentar los niveles de logro de nuestros estudiantes.",13678134,Implementación adecuada: 50% a 74%,False,True,False
9771,CHILEAN EAGLES COLLEGE - LA CISTERNA,73052,Gestión de Recursos,Mejoramiento y mantención espacios físicos en salas de clases y espacios comunes,"Mejoramiento de los espacios del colegio en pos de generar un ambiente propicio para el aprendizaje, y de resguardar que los alumnos se encuentren en un espacio seguro y que incentive la creatividad.",9200000,Implementación adecuada: 50% a 74%,False,True,False
9771,CHILEAN EAGLES COLLEGE - LA CISTERNA,73053,Gestión de Recursos,Plan de Bienestar Laboral,"Se implementará un plan de bienestar laboral que incluye seguimiento al clima laboral, reuniones periódicas con sindicatos, levantamiento de necesidades y gestión de prevención de riesgos, desarrollo organizacional.",5471254,Implementación avanzada: 75% a 99%,False,True,False
9771,CHILEAN EAGLES COLLEGE - LA CISTERNA,73054,Gestión de Recursos,Actividades de autocuidado,Se realizan actividades de autocuidado que van desde celebraciones de cumpleaños como de incentivo docente por metas de aprendizaje.,0,Implementación avanzada: 75% a 99%,True,True,False
9771,CHILEAN EAGLES COLLEGE - LA CISTERNA,73055,Gestión de Recursos,Promoción del proyecto educativo,"Fortalecer el compromiso con el desarrollo de la misión, la visión y el sello educativo de la fundación promoviendo instancia de encuentros con toda la comunidad.",10000000,Implementación adecuada: 50% a 74%,False,True,False
9771,CHILEAN EAGLES COLLEGE - LA CISTERNA,73056,Gestión de Recursos,Plan de bienestar laboral,"Se implementará un plan de bienestar laboral que incluye seguimiento al clima laboral, reuniones periódicas con sindicatos, levantamiento de necesidades y gestión de prevención de riesgos, desarrollo organizacional.",5471254,Implementación adecuada: 50% a 74%,False,True,False
9771,CHILEAN EAGLES COLLEGE - LA CISTERNA,73057,Gestión de Recursos,Plan de Desarrollo Profesional Docente y Administrativo,"El plan tiene como objetivo asegurar que el 90% del personal docente y administrativo sea idóneo y competente, a través de un enfoque sistemático en la gestión del desarrollo profesional que responda a las necesidades pedagógicas y administrativas del establecimiento. Esta acción está dirigida a todos los docentes y personal administrativo del colegio.",5000000,Implementación adecuada: 50% a 74%,False,True,False
9771,CHILEAN EAGLES COLLEGE - LA CISTERNA,73058,Gestión Pedagógica,Tomar decisiones pedagógicas en base a datos.,"Implementar ciclo de enseñanza basada en datos, a nivel de red y colegios, que implica las siguientes acciones: reuniones de análisis de datos, ajuste del proceso de Enseñanza-Aprendizaje en base a los resultados de las evaluaciones formativas y sumativas, y monitoreo de las evaluaciones fundacionales para revisar/ajustar estrategias pedagógicas.",6839067,Implementación adecuada: 50% a 74%,False,True,False
9771,CHILEAN EAGLES COLLEGE - LA CISTERNA,73059,Gestión Pedagógica,Formación Continua Docentes,"Generar diversas modalidades de formación continua para instalar y potenciar competencias que permitan mejorar el proceso de Enseñanza-Aprendizaje, tales como observación y retroalimentación de clases, talleres de capacitación y reuniones técnicas, consejo de profesores, reuniones periódicas entre líder y docente, entre otros.",5471254,Implementación adecuada: 50% a 74%,False,True,False
9771,CHILEAN EAGLES COLLEGE - LA CISTERNA,73060,Gestión Pedagógica,"Instalar rutinas, procedimientos y técnicas de aula","Para promover la calidad del aprendizaje de nuestros estudiantes, optimizando el proceso de enseñanza en un ambiente desafiante y participativo.",2279689,Implementación adecuada: 50% a 74%,False,True,False
9771,CHILEAN EAGLES COLLEGE - LA CISTERNA,73061,Gestión Pedagógica,"Fortalecimiento del desarrollo académico de todos los estudiantes, considerando sus necesidades e in",Contratar Institución experta en temas Preuniversitario con el fin de tener acceso a material y capacitaciones enfocadas en pruebas de ingreso Universitario,3191565,Implementación adecuada: 50% a 74%,False,True,False
9771,CHILEAN EAGLES COLLEGE - LA CISTERNA,73062,Gestión Pedagógica,Lineamientos pedagógicos de red para la implementación efectiva del currículum,"Diseñar e implementar planificaciones de clase en cinco pasos según plan anual, y generar un sistema efectivo de evaluaciones de aprendizaje: evaluaciones estandarizadas, alineadas al rigor académico del currículum (priorizado).",7295005,Implementación adecuada: 50% a 74%,False,True,False
9771,CHILEAN EAGLES COLLEGE - LA CISTERNA,73063,Gestión Pedagógica,Fomento lector,"Implementar actividades para potenciar el goce por la lectura y comprensión lectora dentro de la comunidad escolar. Incluye Proyecto  Amo Leer  con cuenta cuentos, junto con otras actividades que fomenten una cultura de lectura en el colegio. Incluye medición periódica del dominio lector e Hito de primera lectura.",1823751,Implementación adecuada: 50% a 74%,False,True,False
9771,CHILEAN EAGLES COLLEGE - LA CISTERNA,73064,Gestión Pedagógica,Programa Integral de Prevención de Deserción Escolar,El  Programa Integral de Prevención de Deserción Escolar  tiene como objetivo implementar estrategias efectivas que reduzcan la deserción escolar y fomenten la permanencia de los estudiantes en la institución.,5500000,Implementación adecuada: 50% a 74%,False,True,False
9771,CHILEAN EAGLES COLLEGE - LA CISTERNA,73065,Gestión Pedagógica,Adquisición de bibliografía y mobiliario para biblioteca,"Compra de libros, revistas y mobiliario para mantener la biblioteca física y digital al día, enriqueciendo la lectura y goce lector de los estudiantes.",4559378,Implementación adecuada: 50% a 74%,False,True,False
9771,CHILEAN EAGLES COLLEGE - LA CISTERNA,73066,Gestión Pedagógica,Análisis de datos de los ensayos,Se analizan los resultados académicos que vamos a obtener de la institución cepech,0,Implementación avanzada: 75% a 99%,True,True,False
9771,CHILEAN EAGLES COLLEGE - LA CISTERNA,73067,Liderazgo,Definición estrategia anual y seguimiento a indicadores clave de cada área,"Se trabaja en la creación de la estrategia anual, junto con hacer un seguimiento periódico a los indicadores clave de cada área. Incluye presentación de informes de gestión semestrales.",2735627,Implementación adecuada: 50% a 74%,False,True,False
9771,CHILEAN EAGLES COLLEGE - LA CISTERNA,73068,Liderazgo,Gestión del desarrollo profesional – Equipos Directivos,"Acompañamiento y formación a directores y equipos directivos de los colegios en liderazgo escolar con el objetivo de instalar capacidades y acompañar los distintos procesos académicos y formativos de los estudiantes. Incluye reuniones periódicas, capacitaciones en liderazgo, material bibliográfico, entre otros.",10000000,Implementación adecuada: 50% a 74%,False,True,False
9771,CHILEAN EAGLES COLLEGE - LA CISTERNA,73069,Liderazgo,Adquisición de bibliografía y mobiliario para biblioteca,"Compra de libros, revistas y mobiliario para mantener la biblioteca física y digital al día, enriqueciendo la lectura y goce lector de los estudiantes.",4559378,Implementación adecuada: 50% a 74%,False,True,False
9771,CHILEAN EAGLES COLLEGE - LA CISTERNA,73070,Liderazgo,Mejoramiento contInuo en herramientas y procesos de gestión efectivos,"Acompañamiento en el uso de herramientas de gestión tales como reuniones efectivas, uso de agenda, establecimiento de metas, seguimiento a indicadores, seguimiento al uso del presupuesto y uso constante de datos para la toma de decisiones.",911876,Implementación adecuada: 50% a 74%,False,True,False
9771,CHILEAN EAGLES COLLEGE - LA CISTERNA,73071,Liderazgo,Plan de Comunicación institucional,"Creación y gestión de distintos canales de comunicación internos (entre y dentro los colegios y con la comunidad educativa) y externos, junto con herramientas y actividades que generen identidad potenciando el sentido de pertenencia a la red.",9118756,Implementación adecuada: 50% a 74%,False,True,False
9771,CHILEAN EAGLES COLLEGE - LA CISTERNA,73072,Liderazgo,Instaurar equipos de alto desempeño,"Trabajo colaborativo entre los miembros del equipo directivo, apoyándose con el material ministerial que permita reflexionar las prácticas.",0,Implementación avanzada: 75% a 99%,True,True,False
9771,CHILEAN EAGLES COLLEGE - LA CISTERNA,73073,Liderazgo,Optimización del Tiempo de Clase para el Aprendizaje Activo,"La acción busca asegurar que el 90% de los docentes implementen estrategias efectivas de enseñanza-aprendizaje, maximizando el uso del tiempo en clase y garantizando el cumplimiento de los Objetivos de Aprendizaje establecidos en las Bases Curriculares. Esta iniciativa está dirigida a todos los docentes y estudiantes de los niveles de educación básica y media del establecimiento",97423,Implementación avanzada: 75% a 99%,False,True,False
9784,LICEO TÉCNICO INDUSTRIAL LA CISTERNA,73204,Gestión de Recursos,"ADQUISICIÓN, REPOSICIÓN Y MANTENCIÓN DE RECURSOS EDUCATIVOS","ADQUIRIR, REPARAR  Y MANTENER  RECURSOS EDUCATIVOS  PARA LAS ESPECIALIDADES, MATERIAL FUNGIBLE, HERRAMIENTAS, INSTRUMENTOS, PARTES Y PIEZAS DE VEHICULOS, MOTORES, CONSTRUCCIÓN DE MAQUETAS, ENTRE OTROS",12300000,Implementación avanzada: 75% a 99%,False,True,False
9784,LICEO TÉCNICO INDUSTRIAL LA CISTERNA,73205,Gestión de Recursos,ADQUISICIÓN DE RECURSOS TECNOLÓGICOS Y SOPORTE TÉCNICO PARA EL BUEN DESARROLLO DEL PME,"COMPRAR, REPARAR Y MANTENER LOS EQUIPOS TECNOLÓGICOS Y PAGINA WEB DEL ESTABLECIMIENTO, ADQUISICIÓN DE PIZARRAS INTERACTIVAS PARA TODAS LAS SALAS  JUNTO AL  SISTEMA DE SOFTWARE MASTERCLASS Y TODO LO NECESARIO PARA EL BUEN DESARROLLO DEL PME",145000000,Implementación avanzada: 75% a 99%,False,True,True
9784,LICEO TÉCNICO INDUSTRIAL LA CISTERNA,73207,Gestión Pedagógica,TALLERES DE REFORZAMIENTO Y NIVELACIÓN,"SE REALIZARAN 8 HORAS DE TALLER DE REFORZAMIENTO DE LENGUAJE Y 8 HORAS DE TALLER DE REFORZAMIENTO DE MATEMÁTICA, ADEMAS DE 12 HORAS DE NIVELACIÓN  EN 1ERO Y 2DO MEDIO PARA AQUELLOS ESTUDIANTES QUE PRESENTAN MAYOR DIFICULTAD DE APRENDIZAJE.",4650000,Implementación avanzada: 75% a 99%,False,True,False
9784,LICEO TÉCNICO INDUSTRIAL LA CISTERNA,73208,Gestión Pedagógica,ACOMPAÑAMIENTO DOCENTE,"REALIZAR ACOMPAÑAMIENTO DE AULA PERMANENTE A LAS SALAS DE CLASES PARA MONITOREAR EL TRABAJO DE PROFESORES Y ALUMNOS, ADEMÁS DE VERIFICAR EL CUMPLIMIENTO DE LA COBERTURA CURRICULAR",350000,Implementación adecuada: 50% a 74%,False,True,False
9784,LICEO TÉCNICO INDUSTRIAL LA CISTERNA,73210,Gestión Pedagógica,SALIDAS PEDAGÓGICAS,"REALZAR SALIDAS CULTURALES, DEPORTIVAS, PEDAGÓGICAS, DE CONOCIMIENTO PERSONAL, PROFESIONAL Y DE ESTUDIOS SUPERIORES",2500000,Implementación adecuada: 50% a 74%,False,True,False
9784,LICEO TÉCNICO INDUSTRIAL LA CISTERNA,73211,Liderazgo,ANÁLISIS DE RESULTADOS INSTITUCIONALES,EL DIRECTOR Y REPRESENTANTE LEGAL REFLEXIONAN EN CONJUNTO CON LOS PROFESORES ANALIZAN LOS RESULTADOS INSTITUCIONALES PARA GENERAR REMEDIALES Y ACCIONES PARA MEJORARLOS,500000,Implementación avanzada: 75% a 99%,False,True,False
9784,LICEO TÉCNICO INDUSTRIAL LA CISTERNA,73212,Liderazgo,PLAN DE CO -CAPACITACIÓN,DIRECTOR Y JEFE TÉCNICO GESTIONAN UN PLAN DE CO-CAPACITACIÓN  Y CAPACITACIÓN PARA EL EQUIPO DOCENTE Y ASÍ PROMOVER LA  ADQUISIÓN DE CONOCIMIENTO  Y   EL INTERCAMBIO DE EXPERIENCIAS PEDAGÓGICAS,3200000,Implementación adecuada: 50% a 74%,False,True,False
9786,ROSA MARCKMANN DE GONZALEZ,73213,Convivencia Escolar,Premiación de asistencia,"Se entregan premios, reconocimientos y o estímulos a los alumnos en forma individual y por curso o cursos a quienes alcancen una mejora significativa en la asistencia o a quien o quienes alcanzan metas de asistencia.",8000000,Implementación adecuada: 50% a 74%,False,True,False
9786,ROSA MARCKMANN DE GONZALEZ,73214,Convivencia Escolar,Plan de seguimiento de asistencia al proceso educativo,Convivencia Escolar desarrolla e implementa un plan de monitoreo diario de asistencia y comunicación efectiva con los apoderados para lograr que los estudiantes asistan a clases y puedan desarrollar el proceso educativo en forma óptima.,1000000,Implementación adecuada: 50% a 74%,False,True,False
9786,ROSA MARCKMANN DE GONZALEZ,73215,Convivencia Escolar,Centro de alumnos,Se asignan horas a un docente para que ejerza como guía del Centro de Estudiantes con la finalidad de promover la participación democrática y activa de los estudiantes en el Centro de Alumnos y directivas de curso.,0,Implementación completa: 100%,True,False,False
9786,ROSA MARCKMANN DE GONZALEZ,73219,Convivencia Escolar,Acciones de prevención.,"Desarrollar acciones con foco en la prevención, la promoción de un buen clima de convivencia, la contención emocional y el desarrollo de habilidades socioemocionales por medio del seguimiento de la cobertura de Orientación, Sesiones de Prevención de Violencia Escolar, Bullying, Ciberbullying, Prevención de Suicidio, Consumo de Drogas y Prevención Abuso Sexual.",0,Implementación completa: 100%,True,False,False
9786,ROSA MARCKMANN DE GONZALEZ,73221,Convivencia Escolar,Contratación de Equipo de Convivencia Escolar,"Contratación de personal idóneo para que desarrollen acciones de prevención de la violencia escolar, prevención en salud mental y acciones de mejoramiento de las relaciones entre los  miembros de la comunidad educativa, asegurando un ambiente de amabilidad y respeto.",0,Implementación completa: 100%,True,False,False
9786,ROSA MARCKMANN DE GONZALEZ,73222,Gestión de Recursos,Talleres de capacitación interna y externa.,"Realización de talleres con foco en los Estándares Indicativos de Desempeño, en herramientas para el manejo emocional de los estudiantes y el desarrollo de habilidades que permitan a los funcionarios instalar prácticas que agreguen valor en el desempeño de sus funciones.",0,Implementación adecuada: 50% a 74%,True,True,False
9786,ROSA MARCKMANN DE GONZALEZ,73224,Gestión de Recursos,Atención a alumnos TEA y con DEC,"Los funcionarios del colegio son capacitados por el equipo PIE  para que adquieran los conocimientos mínimos y las estrategias para la adecuada atención a alumnos TEA y para el abordaje de las desregulaciones emocionales y conductuales, con la finalidad de resguardar la integridad física y psicológica de todos los estudiantes durante la jornada escolar.",0,Implementación completa: 100%,True,False,False
9786,ROSA MARCKMANN DE GONZALEZ,73226,Gestión de Recursos,Adquisición de Insumos Varios para el desarrollo de prácticas docentes,El establecimiento adquiere materiales varios para facilitar los procesos de aprendizaje de los estudiantes.,12000000,Implementación avanzada: 75% a 99%,False,True,False
9786,ROSA MARCKMANN DE GONZALEZ,73227,Gestión Pedagógica,Implementación de pauta de revisión de construcción de instrumentos evaluativos,Equipo Técnico Pedagógico aplica la pauta de revisión de la calidad de los instrumentos de evaluación en todas las asignaturas con la finalidad de asegurar que las        habilidades sean concordantes con el OA de aprendizaje.,0,Implementación completa: 100%,True,False,False
9786,ROSA MARCKMANN DE GONZALEZ,73228,Gestión Pedagógica,Fomento del trabajo colaborativo docente a partir del análisis de resultados,"Se establecen reuniones de trabajo colaborativo entre docentes, que realizan el análisis de resultados de evaluaciones para detectar dificultades en el desempeño académico del estudiante y puedan tomar decisiones en la elaboración de planes remediales individuales y/o grupales, y mejorar las prácticas docentes.",0,Implementación parcial: 25% a 49%,True,True,False
9786,ROSA MARCKMANN DE GONZALEZ,73229,Gestión Pedagógica,Apoyo fonológico para estudiantes de prekínder a 2° básico,"El equipo PIE desarrolla talleres en las salas de clase con el objetivo de identificar tempranamente a estudiantes que presenten dificultades de lenguaje y comunicación, y potenciar su desarrollo lingüístico y su participación en diferentes contextos sociales y educativos.",0,Implementación completa: 100%,True,False,False
9786,ROSA MARCKMANN DE GONZALEZ,73230,Gestión Pedagógica,Realizar talleres de reforzamiento,"Se contratan horas de docentes para que, a partir de un diagnóstico que detecta a los estudiantes de 1° a 7° con OA y/o habilidades matemáticas y de lenguaje descendidas, realicen talleres personalizados de reforzamiento., haciendo un seguimiento del progreso de estos durante la  trayectoria del taller.",0,Implementación avanzada: 75% a 99%,True,True,False
9786,ROSA MARCKMANN DE GONZALEZ,73231,Gestión Pedagógica,Contratar horas docente de apoyo a la Unidad Técnica Pedagógica,"Contratar horas docentes para coordinar el trabajo pedagógico y realizar un acompañamiento oportuno a los docentes, asegurando que se elaboren o adapten planificaciones que especifiquen los Objetivos de Aprendizaje, las actividades de enseñanza y las estrategias de evaluación formativas y sumativas, considerando el enfoque educativo del colegio.",0,Implementación completa: 100%,True,False,False
9786,ROSA MARCKMANN DE GONZALEZ,73232,Gestión Pedagógica,Contratar asistentes de la educación,"Se contratan asistentes de aula para los niveles de primero y segundo básico para permitir al  docente enfocarse en su quehacer pedagógico, que requieren preparación, distribución y recolección de material, participar y dar apoyo en actividades curriculares, apoyando en las labores para promover el trabajo autónomo e independiente de los estudiantes.",0,Implementación completa: 100%,True,False,False
9786,ROSA MARCKMANN DE GONZALEZ,73234,Gestión Pedagógica,Implementar y dar seguimiento del plan de Transición y Trayectoria,Implementación del Plan de Articulación social y curricular para favorecer la transición de los niños a la enseñanza básica asegurando los aprendizajes mínimos para estos.,0,Implementación completa: 100%,True,False,False
9786,ROSA MARCKMANN DE GONZALEZ,73235,Liderazgo,Promover los sellos institucionales,"Se realiza un plan de promoción de una cultura de altas expectativas, con foco en la mejora continua, a través de la instalación de los sellos institucionales en toda la comunidad escolar.",0,Implementación parcial: 25% a 49%,True,True,False
9786,ROSA MARCKMANN DE GONZALEZ,73236,Liderazgo,Pauta de evaluación de desempeño,Se elabora cooperativamente una pauta de evaluación de desempeño asociada a los sellos institucionales con una aplicación piloto de la pauta de evaluación de desempeño durante el 2024,0,Implementación parcial: 25% a 49%,True,True,False
9786,ROSA MARCKMANN DE GONZALEZ,73237,Liderazgo,Coordinación SEP,"Contratación de un asistente de la educación con el propósito de mantener la plataforma   PME al día, colaborar con el seguimiento y monitoreo de las acciones el PME.",0,Implementación completa: 100%,True,False,False
9789,ESCUELA PARTICULAR PABLO GOYENECHE IVER,73258,Convivencia Escolar,Plan de convivencia,"Se desarrollará un plan de convivencia que contempla un diagnóstico de la convivencia escolar, modificaciones y difusión del reglamento de convivencia, consejos de curso con temáticas relacionadas con las necesidades de los estudiantes, clases de Religión y Orientación con foco en la convivencia escolar, campeonatos, recreos entretenidos y  días locos .",8000000,Implementación avanzada: 75% a 99%,False,True,False
9789,ESCUELA PARTICULAR PABLO GOYENECHE IVER,73259,Gestión de Recursos,Implementación de recursos.,Para optimizar el quehacer educativo se implementarán recursos para las actividades escolares y extraescolares y mejoras de mobiliario e infraestructura relacionadas con procesos SEP  de acuerdo a las necesidades de distintos estamentos y equipos de la escuela.,10000000,Implementación avanzada: 75% a 99%,False,True,False
9789,ESCUELA PARTICULAR PABLO GOYENECHE IVER,73260,Gestión de Recursos,"Talleres, conversatorios pedagógicos, trabajo colaborativo y capacitaciones.","Con el propósito de mejorar las prácticas, el quehacer pedagógico y el desarrollo profesional docente, se desarrollarán talleres, capacitaciones, perfeccionamientos y conversatorios pedagógicos, en conjunto con el trabajo colaborativo (o en redes de apoyo) entre equipo PIE (o practicantes) y docentes.",5000000,Implementación avanzada: 75% a 99%,False,True,False
9789,ESCUELA PARTICULAR PABLO GOYENECHE IVER,73261,Gestión Pedagógica,DIA aprendizaje,"Con el propósito de fortalecer el desarrollo de las asignaturas de Lenguaje y Matemática a través de las mediciones externas se aplicará la evaluación DIA en sus tres etapas: diagnóstico, monitoreo y cierre. Insumos con los cuales se realizarán los siguientes procesos: Tabulación y análisis de datos, propuestas y compromisos para la mejora.",2000000,Implementación avanzada: 75% a 99%,False,True,False
9789,ESCUELA PARTICULAR PABLO GOYENECHE IVER,73262,Gestión Pedagógica,Acompañamiento al docente,"Con el propósito de fortalecer las estrategias diversificadas y las habilidades de orden superior se realizarán procesos de acompañamiento bimestral en el aula, por parte del Equipo de Gestión, Equipo PIE y profesores de Lenguaje y Matemática, que contemplan los siguientes procesos: observación de clases, retroalimentación, tabulación y análisis de datos, propuestas y compromisos para la mejora.",17000000,Implementación avanzada: 75% a 99%,False,True,False
9789,ESCUELA PARTICULAR PABLO GOYENECHE IVER,73263,Gestión Pedagógica,Planes Lector y Matemático,"Con el propósito de potenciar la comprensión lectora y matemática, los departamentos de ambas asignaturas desarrollarán planes que contemplen el dominio lector y el cálculo mental hasta alcanzar la comprensión lectora y la resolución de problemas, siendo evaluados bimestralmente para desarrollar los siguientes procesos: Tabulación y análisis de datos, propuestas y compromisos para la mejora.",3000000,Implementación avanzada: 75% a 99%,False,True,False
9789,ESCUELA PARTICULAR PABLO GOYENECHE IVER,73264,Liderazgo,Hoja de ruta,"El Director lidera y/u orienta el trabajo de los distintos equipos aunando orientaciones y prioridades de la escuela con nuestras metas educativas consignadas en la cuenta pública 2024 en cuanto a aprendizaje, convivencia y participación democrática.",2000000,Implementación avanzada: 75% a 99%,False,True,False
9789,ESCUELA PARTICULAR PABLO GOYENECHE IVER,73265,Liderazgo,Trabajo en equipo.,El Director promoverá el desarrollo de equipos educativos y el trabajo colaborativo optimizando los recursos humanos en pro de la mejora continua de los aprendizajes.,7000000,Implementación avanzada: 75% a 99%,False,True,False
9804,ESCUELA PABLO DE TARSO,73439,Convivencia Escolar,Aplicación de encuestas de satisfacción,"En el mes de diciembre se aplicará una encuesta de satisfacción a todos los apoderados del colegio, en materia de Convivencia y clima escolar.",500000,Implementación avanzada: 75% a 99%,False,True,False
9804,ESCUELA PABLO DE TARSO,73440,Convivencia Escolar,Capacitación de convivencia escolar,Capacitación del equipo de convivencia y docentes con el fin de actualizar conocimientos relacionados con la convivencia escolar,4000000,Implementación avanzada: 75% a 99%,False,True,False
9804,ESCUELA PABLO DE TARSO,73441,Convivencia Escolar,Promoción de sellos y celebración de hitos,"Se desarrollan actividades donde se da a conocer y fomenta el ´proyecto educativo, Reglamentos Institucionales y Protocolos.",10000000,Implementación avanzada: 75% a 99%,False,True,False
9804,ESCUELA PABLO DE TARSO,73442,Convivencia Escolar,Incorporando Planes Obligatorios,"Con el objetivo de promocionar la participación, el buen trato, el bienestar, la salud mental, el colegio organiza diferentes actividades conmemorativas y los vincula con los planes obligatorios",10000000,Implementación avanzada: 75% a 99%,False,True,False
9804,ESCUELA PABLO DE TARSO,73443,Gestión de Recursos,Mejorando la administración y Gestión,"A través de la contratación de servicios de administración y finanzas externos se mejorarán los procesos de adquisiciones rendiciones de cuentas, planificación de compras administración de personas o RR.HH. de con el fi de optimizar los recursos del plan.",20000000,Implementación avanzada: 75% a 99%,False,True,False
9804,ESCUELA PABLO DE TARSO,73444,Gestión de Recursos,Adquisición y mejora de espacios educativos.,"se adquieren recursos tecnológicos, materiales y de didácticos y elementos para mejorar espacios lúdicos, sensoriales  y educativos",25000000,Implementación avanzada: 75% a 99%,False,True,False
9804,ESCUELA PABLO DE TARSO,73445,Gestión Pedagógica,Acompañamiento Docente,"Desde coordinación académica, se generan espacios para acompañar y retroalimentar a los docentes en la incorporación de las indicaciones en  gestión curricular y enseñanza y aprendizaje en el aula.",500000,Implementación avanzada: 75% a 99%,False,True,False
9804,ESCUELA PABLO DE TARSO,73446,Gestión Pedagógica,Articulación para la Inclusión,Se realiza trabajo articulado entre profesionales del equipo PIE y docentes para fortalecer la entrega del curriculum centrado en el decreto 67,500000,Implementación avanzada: 75% a 99%,False,True,False
9804,ESCUELA PABLO DE TARSO,73447,Gestión Pedagógica,Plan Lector,Desarrollo de un programa de fomento lector para incentivar la lecto-escritura a través de herramientas tecnológicas.,1000000,Implementación avanzada: 75% a 99%,False,True,False
9804,ESCUELA PABLO DE TARSO,73448,Gestión Pedagógica,Fortaleciendo el Aprendizaje,Capacitación en instrumentos de evaluación,10000000,Implementación avanzada: 75% a 99%,False,True,False
9807,ESCUELA PARTICULAR LOCARNO,73463,Convivencia Escolar,Actividades de formación ciudadana,"Implementar instancias formativas transversales a través de actividades de formación ciudadana propuestas en el calendario escolar, que se evaluarán trimestralmente",7000000,Implementación avanzada: 75% a 99%,False,True,False
9807,ESCUELA PARTICULAR LOCARNO,73464,Convivencia Escolar,Comité de Convivencia Escolar,Prevenir situaciones de riesgo que puedan afectar la convivencia escolar  Investigar y resolver situaciones de convivencia escolar  Apoyar a los estudiantes involucrados en situaciones de convivencia escolar  Monitorear la convivencia escolar y evaluar la efectividad de las medidas implementadas,7000000,Implementación adecuada: 50% a 74%,False,True,False
9807,ESCUELA PARTICULAR LOCARNO,73465,Gestión de Recursos,Desarrollo de Estrategias de Optimización de Recursos,Aprovechar al máximo los recursos disponibles en la unidad educativa para:        Reducir costos operativos.      Mejorar la calidad educativa.      Garantizar la sostenibilidad financiera.,7000000,Implementación adecuada: 50% a 74%,False,True,False
9807,ESCUELA PARTICULAR LOCARNO,73466,Gestión de Recursos,Creación de un Banco de Recursos Educativos Comunitario,Recepción de recursos educativos  Clasificación y organización  Catalogación y registro  Difusión y promoción  Préstamo y uso de recursos  Mantenimiento y actualización,5000000,Implementación adecuada: 50% a 74%,False,True,False
9807,ESCUELA PARTICULAR LOCARNO,73467,Gestión Pedagógica,Reflexión de la acción pedagógica con retroalimentación,"Reflexión Pedagógica que promueva el trabajo colaborativo para establecer nuevas estrategias educativas que fomenten prácticas efectivas y diversificadas dentro del aula; basado en un acompañamiento semestral, focalizado en la interacción pedagógica entre el estudiante y el docente como en la retroalimentación, para la mejora en los aprendizajes y el  fortalecimiento del desarrollo integral docent",48000000,Implementación avanzada: 75% a 99%,False,True,True
9807,ESCUELA PARTICULAR LOCARNO,73468,Gestión Pedagógica,Apoyo a la inclusión,"Apoyo sistemático a los estudiantes que presentan mayor brecha en sus aprendizajes así como en el manejo de las emociones, con foco en lectura, matemática y en la resolución de conflictos para el aprendizaje",7000000,Implementación adecuada: 50% a 74%,False,True,False
9807,ESCUELA PARTICULAR LOCARNO,73469,Liderazgo,"Vinculación PEI-PME de estudiantes, padres y apoderados","Implementar mecanismos de participación de estudiantes, padres y apoderados en el proceso de ejecución del PEI y PME",7000000,Implementación adecuada: 50% a 74%,False,True,False
9807,ESCUELA PARTICULAR LOCARNO,73470,Liderazgo,Fomento académico y cultural,"Promoción de las artes a través del fomento lector enmarcada en actividades culturales e instancias de difusión y exposición que promuevan el conocimiento, la lectura y el desarrollo cultural de los estudiantes.",7000000,Implementación avanzada: 75% a 99%,False,True,False
9808,ESCUELA PARTICULAR GUIA ESTUDIANTIL,73471,Convivencia Escolar,SENTIDO DE PERTENENCIA Y COMUNIDAD POR MEDIO DE LA PARTICIPACIÓN CONSTRUCTIVA Y DEMOCRÁTICA.,"El Equipo directivo junto a Convivencia Escolar y a las y los docentes, motivan a las y los estudiantes a participar activamente en las diversas instancias deporivas  del establecimiento, fortaleciendo el pensamiento crítico, el desarrollo de un liderazgo positivo e inclusivo, el compromiso con el cuidado del medio ambiente y la formación ciudadana.",10000000,Implementación avanzada: 75% a 99%,False,True,False
9808,ESCUELA PARTICULAR GUIA ESTUDIANTIL,73472,Convivencia Escolar,fortalecerel sentido de pertenencia y compromiso institucional.,"Potenciaractividades,procedimientos yprácticasquepermitanlaformación integraldelasylosestudiantes,enun ambientedesanaconvivencia, organizado,participativoyseguro",25000000,Implementación avanzada: 75% a 99%,False,True,False
9808,ESCUELA PARTICULAR GUIA ESTUDIANTIL,73473,Convivencia Escolar,Difusión de faltas y normas básicas.,Socialización reglamento interno  y de convivencia escolar con  la comunidad educativa.,3000000,Implementación avanzada: 75% a 99%,False,True,False
9808,ESCUELA PARTICULAR GUIA ESTUDIANTIL,73474,Convivencia Escolar,-Actualizar el manual de convivencia,implementar estrategias de trabajo colaborativo.,5000000,Implementación avanzada: 75% a 99%,False,True,False
9808,ESCUELA PARTICULAR GUIA ESTUDIANTIL,73475,Gestión de Recursos,FORTALECIMIENTO AL PROCESO DE ENSEÑANZA DE OBJ. DE APRENDIZAJES DEPORTIVOS,"Acción destinada a fortalecer los procesos de aprendizaje vinculados a habilidades y destrezas motrices, contenidas en las Bases Curriculares vigentes, y que son propias de una formación integral, inclusiva y preventiva",10000000,Implementación avanzada: 75% a 99%,False,True,False
9808,ESCUELA PARTICULAR GUIA ESTUDIANTIL,73476,Gestión de Recursos,Monitoreo y seguimiento de las acciones del Plan del Mejoramiento Educativo,Definir un plan de gastos anual de acuerdo con las acciones comprometidas en el PME,20000000,Implementación avanzada: 75% a 99%,False,True,False
9808,ESCUELA PARTICULAR GUIA ESTUDIANTIL,73477,Gestión Pedagógica,TRABAJO COLABORATIVO E INNOVACIÓN,"UTP y los docentes fgeneran estrategias innovadoras para la reactivación de aprendizajes, enfocando el trabajo en proyectos colaborativos o interdisciplinarios, reconociendo y aprendiendo de prácticas pedagógicas exitosas, potenciando la lectura comprensiva, habilidades matemáticas y desarrollo del pensamiento crítico, para que todos los estudiantes mejoren resultados de aprendizaje.",10000000,Implementación avanzada: 75% a 99%,False,True,False
9808,ESCUELA PARTICULAR GUIA ESTUDIANTIL,73478,Gestión Pedagógica,EQUIPOS DE AULA PARA LA CO-DOCENCIA,"PIE, lidera la organización de jornadas o reuniones de intercambio de experiencias de buenas prácticas de co-enseñanza para que los equipos de aula sistematicen sus experiencias, identificando fortalezas, debilidades y evaluando el grado de articulación, enfoque de trabajo, y resultados de aprendizaje logrados por los estudiantes que atienden.",10000000,Implementación avanzada: 75% a 99%,False,True,False
9808,ESCUELA PARTICULAR GUIA ESTUDIANTIL,73479,Gestión Pedagógica,El equipo técnico-pedagógico y los docentes identifican tempranamente a los estudiantes que presenta,"El equipo de Gestión junto a los docentes, definen estrategias para velar por el adecuado desarrollo académico, afectivo y social de todas y todos los estudiantes, tomando en cuenta sus diversas necesidades, habilidades características e intereses, poniendo atención a los que necesiten espacios diferenciados para valorar, potenciar y expresar su individualidad",16000000,Implementación avanzada: 75% a 99%,False,True,False
9808,ESCUELA PARTICULAR GUIA ESTUDIANTIL,73480,Gestión Pedagógica,"El equipo directivo, en conjunto con los docentes, implementan estrategias efectivas para potenciar","El equipo de Gestión junto a los docentes, definen estrategias para velar por el adecuado desarrollo académico, afectivo y social de todas y todos los estudiantes, tomando en cuenta sus diversas necesidades, habilidades características e intereses, poniendo atención a los que necesiten espacios diferenciados para valorar, potenciar y expresar su individualidad.",20000000,Implementación avanzada: 75% a 99%,False,True,False
9808,ESCUELA PARTICULAR GUIA ESTUDIANTIL,73481,Gestión Pedagógica,El director y el equipo técnico-pedagógico coordinan la implementación efectiva de las Bases Curricu,"El director junto a la Unidades Técnico Pedagógicas, monitorean la planificación, implementación y evaluación del proceso de enseñanza-aprendizaje por medio del acompañamiento docente, desarrollando comunidades de aprendizaje docente en las que se incorpora el acompañamiento entre pares.",35000000,Implementación avanzada: 75% a 99%,False,True,True
9809,ESCUELA PARTICULAR SAINT PHILLIP OF NERY,73484,Convivencia Escolar,Actividades académicas y premiación a estudiantes,"Durante el año se realizan variadas actividades académicas y premiaciones a los estudiantes que participan de ellas y/o destacan en su rendimiento, asistencia, constancia y perseverancia semestralmente, con el fin de motivar en su quehacer educativo.",6000000,Implementación avanzada: 75% a 99%,False,True,False
9809,ESCUELA PARTICULAR SAINT PHILLIP OF NERY,73486,Convivencia Escolar,Charlas de especialistas,"Con el fin de capacitar a la comunidad en temáticas atingentes a nuestra realidad, se realizan charlas relacionadas con: CONTENCIÓN EMOCIONAL, DIVERSIDAD, PREVENCIÓN, AUTOESTIMA,INCLUSIÓN, SEXUALIDAD, AUTISMO, entre otras.",1000000,Implementación avanzada: 75% a 99%,False,True,False
9809,ESCUELA PARTICULAR SAINT PHILLIP OF NERY,73487,Convivencia Escolar,Actividades curriculares,"Con el fin de fortalecer la convivencia escolar, la integración, inclusión, formación valórica y académica de los estudiantes, se realizan actividades curriculares tales como: exposiciones temáticas, salidas pedagógicas, participación de eventos culturales, entre otras.",10000000,Implementación parcial: 25% a 49%,False,True,False
9809,ESCUELA PARTICULAR SAINT PHILLIP OF NERY,73488,Convivencia Escolar,Apoyo emocional,"Convivencia escolar programa reuniones y/o entrevistas a Docentes de la comunidad educativa, asistentes de la educación, Padres y/o Apoderados, estudiantes con el fin de fortalecer emocionalmente a la comunidad, realizando derivaciones en caso de ser necesario.",10700000,Implementación avanzada: 75% a 99%,False,True,False
9809,ESCUELA PARTICULAR SAINT PHILLIP OF NERY,73489,Convivencia Escolar,Celebraciones de actividades tradicionales,"Con el fin de fortalecer la convivencia escolar y la identidad con el colegio generando sentido de pertenencia y motivación para la participación de toda la comunidad educativa, la encargada de convivencia realiza celebraciones tradicionales tales como: FESTIVAL DE LA VOZ, FIESTAS PATRIAS, FIESTA DE ANIVERSARIO, FIESTA DE LA PRIMAVERA, CIERRE AÑO ACADÉMICO, ENTRE OTRAS.",6000000,Implementación avanzada: 75% a 99%,False,True,False
9809,ESCUELA PARTICULAR SAINT PHILLIP OF NERY,73492,Gestión de Recursos,Implementación de techo fijo y mantención de luminaria en multicancha,"Se implementa un techo nuevo con modalidad fija y se realiza mantención de luminaria, para realizar actividades al aire libre, con el fin de mantener y fomentar una vida sana para nuestra comunidad educativa.",5000000,Implementación inicial: 1% a 24%,False,True,False
9809,ESCUELA PARTICULAR SAINT PHILLIP OF NERY,73493,Gestión de Recursos,Área administrativa,"El equipo directivo (Sostenedor y Directora) garantizan la adecuada atención y equipamiento necesarios para el Desarrollo de Plan de Mejora, velando por la implementación oportuna de las necesidades atingentes en la comunidad.",90000000,Implementación adecuada: 50% a 74%,False,True,True
9809,ESCUELA PARTICULAR SAINT PHILLIP OF NERY,73494,Gestión de Recursos,Labores administrativas menores área SEP,"Secretaria realiza actividades periódicas tales como, CONTROL DE ATRASOS, CONTROL DE LICENCIAS MÉDICAS, IMPRESIÓN Y FOTOCOPIADO DE MATERIAL DE TRABAJO PARA LA COMUNIDAD, ENTRE OTRAS, con el fin de mantener un buen desarrollo y funcionamiento de nuestro Plan de mejora.",15000000,Implementación avanzada: 75% a 99%,False,True,False
9809,ESCUELA PARTICULAR SAINT PHILLIP OF NERY,73496,Gestión Pedagógica,Talleres educativos,"Los estudiantes participan en diversos talleres creados con el fin de desarrollar y nivelar los aprendizajes de los educandos, a cargo de Docentes que realizan estrategias y monitoreo de los  resultados logrados por los estudiantes durante su proceso pedagógico (Lenguaje, Matemáticas, Música, Inglés, Deportes, Artes, Danza).",22000000,Implementación avanzada: 75% a 99%,False,True,False
9809,ESCUELA PARTICULAR SAINT PHILLIP OF NERY,73497,Gestión Pedagógica,Acompañamiento a estudiantes,"Unidad Técnico pedagógica y Convivencia escolar realizaran acompañamiento a los estudiantes con aprendizajes descendidos, problemas de repitencia y/o socioemocionales  respectivos con el fin de obtener mejoras en sus procesos educativos.",3000000,Implementación avanzada: 75% a 99%,False,True,False
9809,ESCUELA PARTICULAR SAINT PHILLIP OF NERY,73498,Gestión Pedagógica,Apoyo Social,"Encargada de convivencia previa entrevista con Estudiantes y Apoderados, realiza derivaciones a redes de apoyo social como por ejemplo: PIE, OPD, TRIBUNALES DE FAMILIA, entre otros, con el fin de asegurar la integridad de cada estudiante.",500000,Implementación avanzada: 75% a 99%,False,True,False
9809,ESCUELA PARTICULAR SAINT PHILLIP OF NERY,73499,Gestión Pedagógica,Apoyo profesional,Se realizan derivaciones a redes externas (Ej. CESFAM) a estudiantes que han sido detectados con dificultades FONOAUDIOLOGICAS y PSICOLOGICAS.,500000,Implementación avanzada: 75% a 99%,False,True,False
9809,ESCUELA PARTICULAR SAINT PHILLIP OF NERY,73500,Gestión Pedagógica,Apoyo y acompañamiento a los docentes,"Unidad Técnico pedagógica y Directora, realizan acompañamientos al 80% de los docentes que trabajan en nuestro establecimiento, a lo menos en dos ocasiones durante el año académico, reuniéndose con ellos luego de cada acompañamiento, para retroalimentar al Docente, con el fin de orientar, destacar y/o mejorar sus prácticas pedagógicas, para fortalecer el proceso educativo.",3500000,Implementación avanzada: 75% a 99%,False,True,False
9809,ESCUELA PARTICULAR SAINT PHILLIP OF NERY,73501,Gestión Pedagógica,Atención Psicopedagógica,"Los estudiantes que presentan dificultades de aprendizaje son derivados y atendidos por la psicopedagoga, quien buscará promover el desarrollo de habilidades para lograr avances en el proceso educativo de los estudiantes, trabajando con los estudiantes en sus salas de clases, en las asignaturas de Lenguaje y Matemáticas.",9300000,Implementación avanzada: 75% a 99%,False,True,False
9809,ESCUELA PARTICULAR SAINT PHILLIP OF NERY,73502,Liderazgo,Mejoras educativas,"Unidad Técnico Pedagógica diseña un calendario para realizar reuniones con el fin de sintetizar los espacios de reflexión del proceso educativo, potenciando en conjunto (Docente de aula, UTP y Psicopedagoga) el quehacer pedagógico en cada área y nivel educativo.",1000000,Implementación parcial: 25% a 49%,False,True,False
9809,ESCUELA PARTICULAR SAINT PHILLIP OF NERY,73503,Liderazgo,Consejos pedagógicos,"El equipo de gestión diseña un calendario de consejos pedagógicos de acuerdo a las necesidades y lineamientos técnicos, los cuales van en pro de mejorar los resultados de aprendizaje de los estudiantes y avanzar en nuestro quehacer pedagógico.",2000000,Implementación avanzada: 75% a 99%,False,True,False
9809,ESCUELA PARTICULAR SAINT PHILLIP OF NERY,73504,Liderazgo,Capacitación Webclass,Durante el transcurso del año escolar se realizarán capacitaciones a EGE y cuerpo Docente referentes al uso de la plataforma Webclass,4000000,Implementación avanzada: 75% a 99%,False,True,False
9809,ESCUELA PARTICULAR SAINT PHILLIP OF NERY,73505,Liderazgo,Capacitación del equipo de gestión y docentes,"Se capacita al equipo de gestión y docentes en diversas áreas de trabajo, de acuerdo a las necesidades que se detectan en el proceso anual.",4000000,Implementación adecuada: 50% a 74%,False,True,False
11918,FROILAN YAÑEZ DE LA BARRA,87729,Convivencia Escolar,Apoyando a la salud mental de todos,"Se organizan y efectúan talleres de conocimiento y de sensibilización referidos a salud mental y suicibilidad a los integrantes de la comunidad educativa, con apoyo de profesionales externos.",1000000,Implementación avanzada: 75% a 99%,False,True,False
11918,FROILAN YAÑEZ DE LA BARRA,87730,Convivencia Escolar,Reuniones de Monitores de convivencia,"En distintos momentos del años se realizarán reuniones participativas de monitores escolares de convivencia y encargada del área, para planificar acciones de prevención y actividades que involucren relacionarse con otras áreas del colegio, como centro de estudiantes, centro de padres, directivas de curso, etc.",500000,Implementación avanzada: 75% a 99%,False,True,False
11918,FROILAN YAÑEZ DE LA BARRA,87731,Convivencia Escolar,Actualización Reglamento Interno,"Por medio de diferentes jornadas de trabajo  con los distintos estamentos, se revisa y actualiza el reglamento interno, socializándose a la comunidad a través de diferentes medios.",300000,Implementación avanzada: 75% a 99%,False,True,False
11918,FROILAN YAÑEZ DE LA BARRA,87732,Convivencia Escolar,Actividades culturales y deportivas,"De acuerdo al calendario escolar y extraescolar se diseña un plan de trabajo que incorpore las diferentes actividades deportivas y culturales, propiciadas por los estudiantes de acuerdo a sus intereses , tanto internos como externos. Por medio de estas actividades internas logran apropiarse de los diferentes lugares del establecimiento, promoviendo a su vez la sana convivencia.",3000000,Implementación avanzada: 75% a 99%,False,True,False
11918,FROILAN YAÑEZ DE LA BARRA,87733,Gestión de Recursos,Reconocimiento e incentivo docente,"De acuerdo a los compromisos contraídos y al cumplimiento de las programaciones establecidas en la comunidad escolar cada docente tiene participación en cada una de ellas en forma efectiva y responsable. Además de sus cumplimientos contractuales de tal manera que, a través del año se hace evaluaciones del actuar y compromiso con la comunidad, lo que redunda en un incentivo anual.",10000000,Implementación avanzada: 75% a 99%,False,True,False
11918,FROILAN YAÑEZ DE LA BARRA,87734,Gestión de Recursos,Actualización material didáctico y tecnológico,"De acuerdo a las necesidades propuestas por las diversas áreas de la comunidad escolar se renueva, actualiza y se adquiere el material didáctico y tecnológico, para mejorar en las y los estudiantes los aprendizajes y autoestima.",10000000,Implementación avanzada: 75% a 99%,False,True,False
11918,FROILAN YAÑEZ DE LA BARRA,87738,Liderazgo,Aulas temáticas,Equipar e implementar una sala temática de Matemática con los elementos adecuados que faciliten logros de aprendizajes significativos que redunden en mejores logro de resultados de evaluaciones externas y que redunden en una mayor cercanía y adherencia hacia la asigantura.,7000000,Implementación avanzada: 75% a 99%,False,True,False
11918,FROILAN YAÑEZ DE LA BARRA,87741,Liderazgo,Acompañamientos docentes,"Se realizarán visitas al aula en donde los profesores y profesoras son acompañados por sus pares y por el equipo de gestión, con el fin de diagnosticar y establecer las necesidades de mejora en el quehacer didáctico docente.",0,Implementación avanzada: 75% a 99%,True,True,False
16827,ESCUELA ESPECIAL Y DE PARVULOS PETIT PRINCE,101046,Convivencia Escolar,Jornadas entretenidas,"Gestionar e implementar actividades en el establecimiento para enriquecer una buena convivencia y buen trato con los niños/as y familias : cuentacuentos, talleres, exposiciones, otros.",500000,Implementación avanzada: 75% a 99%,False,True,False
16827,ESCUELA ESPECIAL Y DE PARVULOS PETIT PRINCE,101047,Convivencia Escolar,convivencia escolar,Se realiza curso de convivencia escolar a todo el personal del establecimiento para mejorar la convivencia y buen trato en la escuela.,1800000,Implementación avanzada: 75% a 99%,False,True,False
16827,ESCUELA ESPECIAL Y DE PARVULOS PETIT PRINCE,101050,Gestión de Recursos,recursos pedagógicos,"Adquisición de material didáctico, pedagógico y juegos necesarios para favorecer espacios de aprendizaje en los niños/as.",2000000,Implementación avanzada: 75% a 99%,False,True,False
16827,ESCUELA ESPECIAL Y DE PARVULOS PETIT PRINCE,101052,Gestión Pedagógica,Mejoras en el aprendizaje,"Se realizan reuniones de coordinación y reflexión entre docentes y fonoaudióloga de todos los niveles, con el fin de mejorar los aprendizajes de los niños y niñas.",0,Implementación avanzada: 75% a 99%,True,True,False
16827,ESCUELA ESPECIAL Y DE PARVULOS PETIT PRINCE,101053,Gestión Pedagógica,Acompañamiento docente,Se realizará observación y acompañamiento en el aula mediante la observación y retroalimentación en 2 períodos del año.,0,Implementación completa: 100%,True,False,False
16827,ESCUELA ESPECIAL Y DE PARVULOS PETIT PRINCE,101054,Gestión Pedagógica,Capacitación docente,Se realiza capacitación al equipo docente y asistente de aula sobre diversas estrategias en el aula y según necesidades detectadas.,1500000,Implementación avanzada: 75% a 99%,False,True,False
16827,ESCUELA ESPECIAL Y DE PARVULOS PETIT PRINCE,101056,Liderazgo,Planes institucionales,Coordinación y monitoreo plan fomento lector y de los distintos planes institucionales durante el año escolar.,1000000,Implementación avanzada: 75% a 99%,False,True,False
25017,ESC. BAS. PATR. WILLINS HOOVER KURT,115732,Convivencia Escolar,Plan de Actos y Premiaciones Hooverianas,"El establecimiento implementa un Plan de Premiaciones, reconocimiento de logros, actos, y participación en concursos.",5000000,Implementación avanzada: 75% a 99%,False,True,False
25017,ESC. BAS. PATR. WILLINS HOOVER KURT,115733,Convivencia Escolar,Plan de Gestión de la Convivencia Escolar,"Elaborar y monitorear de forma sistemática, la ejecución del Plan de Convivencia Escolar para el logro de los objetivos formativos.",5000000,Implementación avanzada: 75% a 99%,False,True,False
25017,ESC. BAS. PATR. WILLINS HOOVER KURT,115734,Convivencia Escolar,Mejorando Espacios para la Sana Convivencia,"Implementación y mejoramiento de espacios para generar un ambiente de sana convivencia que potencie los aprendizajes socioemocionales y espirituales, que vayan en ayuda del logro de los aprendizajes curriculares.",25000000,Implementación avanzada: 75% a 99%,False,True,False
25017,ESC. BAS. PATR. WILLINS HOOVER KURT,115735,Convivencia Escolar,Mejorando la Calidad de Vida Hooveriana,"Diseño y ejecución del Plan Integral de Mejoramiento de la calidad de vida de nuestra Comunidad Hooveriana, el cual contempla la ejecución de diversas acciones que permitan incrementar el logro de los distintos criterios que evalúa el DIA socioemocional y los IDPS.",5000000,Implementación avanzada: 75% a 99%,False,True,False
25017,ESC. BAS. PATR. WILLINS HOOVER KURT,115736,Convivencia Escolar,Plan de Apoyo Espiritual,"La unidad de Coordinación Espiritual, compuesta por la Encargada y los Pastores Asistentes, mejoran las acciones establecidas y planifican nuevas acciones, a fin de dar continuidad al objetivo de potenciar el sello educativo y la formación cristiana de nuestros estudiantes a través de la Asistencia Espiritual.",4000000,Implementación avanzada: 75% a 99%,False,True,False
25017,ESC. BAS. PATR. WILLINS HOOVER KURT,115737,Gestión de Recursos,Plataformas de Gestión Académica,"Plataforma de Gestión Académica y Administrativa que facilita el manejo de la información necesaria para la toma de decisiones certera con implicancia en los aprendizajes. Aprovechamiento de los recursos propuestos para la gestión de matricula, asistencia, informe  de notas, anotaciones, certificados, repitencia, retención escolar, entre otros beneficios.",15000000,Implementación avanzada: 75% a 99%,False,True,False
25017,ESC. BAS. PATR. WILLINS HOOVER KURT,115738,Gestión de Recursos,Plan Local de Desarrollo Profesional,"El equipo directivo, en acuerdo con el Sostenedor, gestiona y financia instancias de desarrollo profesional y técnico, como capacitaciones, pasantías, mentorías o talleres de acuerdo con las necesidades y prioridades definidas. Con foco en la mejora de las prácticas docentes y mejora de los IDPS y DIA.",12000000,Implementación avanzada: 75% a 99%,False,True,False
25017,ESC. BAS. PATR. WILLINS HOOVER KURT,115739,Gestión de Recursos,Bono de Incentivo al Desempeño,"Bonificación entregada por protocolo para los funcionarios de acuerdo a metas institucionales y Pautas de Evaluación por área, enmarcadas en un plan de evaluaciones de desempeño Semestral.",8000000,Implementación inicial: 1% a 24%,False,True,False
25017,ESC. BAS. PATR. WILLINS HOOVER KURT,115740,Gestión de Recursos,Extensiones Horarias SEP,Contratación de extensiones horarias para llevar a cabo las acciones comprometidas en el PME,60000000,Implementación avanzada: 75% a 99%,False,True,True
25017,ESC. BAS. PATR. WILLINS HOOVER KURT,115741,Gestión de Recursos,Insumos administrativos,Adquisición de insumos administrativos necesarios para la gestión y respaldo de las acciones planteadas en el PME,12000000,Implementación avanzada: 75% a 99%,False,True,False
25017,ESC. BAS. PATR. WILLINS HOOVER KURT,115742,Gestión de Recursos,Gastos operacionales para la ejecución de acciones,"Gastos en recursos operacionales para ejecución de las acciones del PME. Pago Bencina, Colaciones, Cargas de Tarjeta BIP y Estacionamiento, necesarios para la ejecución de  acciones del PME.",5000000,Implementación avanzada: 75% a 99%,False,True,False
25017,ESC. BAS. PATR. WILLINS HOOVER KURT,115743,Gestión Pedagógica,Reforzando Aprendizajes,"Refuerzo de los aprendizajes académicos y socioemocionales a través de un Plan de Salidas pedagógicas y Talleres de Libre Elección, a fin de producir aprendizajes significativos.",6000000,Implementación avanzada: 75% a 99%,False,True,False
25017,ESC. BAS. PATR. WILLINS HOOVER KURT,115744,Gestión Pedagógica,Diversificando los Instrumentos de Evaluación,"Los docentes planifican y ejecutan instrumentos de evaluación diversificados, considerando que representen al menos el 40% de las calificaciones de la asignatura semestralmente.",2000000,Implementación avanzada: 75% a 99%,False,True,False
25017,ESC. BAS. PATR. WILLINS HOOVER KURT,115745,Gestión Pedagógica,Monitoreo de los Aprendizajes,"El equipo de gestión, monitorea la cobertura curricular y el logro de los aprendizajes a través de mediciones en plataformas, en fase inicial, intermedia y final. En Lenguaje, Matemática, de 1° a 8° Básico a fin de generar las remediales necesarias para la mejora educativa",0,Implementación avanzada: 75% a 99%,True,True,False
25017,ESC. BAS. PATR. WILLINS HOOVER KURT,115746,Gestión Pedagógica,Acompañamiento y Retroalimentación Docente,"Acompañamiento a docentes de PB a 8°, con foco en la identificación de prácticas exitosas que propendan al mejoramiento del logro de los aprendizajes.",2000000,Implementación avanzada: 75% a 99%,False,True,False
25017,ESC. BAS. PATR. WILLINS HOOVER KURT,115747,Gestión Pedagógica,Plan de Reactivación de los Aprendizajes,"Un equipo docente, conformado por la Educadora Diferencial y el Docente Generalista, diseña y ejecuta el Plan de Reactivación de los Aprendizajes según el Decreto 67, para apoyar a estudiantes repitentes, en riesgo de repitencia y con brechas de aprendizaje, mediante estrategias pedagógicas inclusivas y diferenciadas que favorecen su nivelación y progreso académico.",4000000,Implementación avanzada: 75% a 99%,False,True,False
25017,ESC. BAS. PATR. WILLINS HOOVER KURT,115748,Gestión Pedagógica,Estrategias de Enseñanza y Aprendzajes activas,"Se estandarizarán prácticas exitosas de estrategias de enseñanza- aprendizaje activas hasta octavo, como por ejemplo: activación de conocimientos, rutinas de pensamiento, desafíos matemáticos, resolución de problemas, pensamiento crítico, fundamentación de respuestas  y opiniones, cierre, etc.",2000000,Implementación adecuada: 50% a 74%,False,True,False
25017,ESC. BAS. PATR. WILLINS HOOVER KURT,115749,Liderazgo,Comunidad de Aprendizaje,"El director promueve y modela el trabajo colaborativo en su EE,  mediante:  - Instancias de aprendizaje y discusión técnica entre pares para compartir desafíos pedagógicos, conocimientos y prácticas.  - Sistemas de intercambio, creación, reutilización , adaptación y mejora de los recursos educativos desarrollados por los docentes, como guías,  presentaciones audiovisuales, pruebas, entre otros",2000000,Implementación avanzada: 75% a 99%,False,True,False
25017,ESC. BAS. PATR. WILLINS HOOVER KURT,115750,Liderazgo,Monitoreo del PME,"Utilizando el recurso entregado por mineduc o plataforma digital, se realiza seguimiento de las acciones del PME, a fin de asegurar su cumplimiento e impacto.",2000000,Implementación avanzada: 75% a 99%,False,True,False
25017,ESC. BAS. PATR. WILLINS HOOVER KURT,115751,Liderazgo,Convenio de Desempeño Directivo,"El sostenedor, en acuerdo con los directores de los establecimientos a  su cargo, establecen por escrito en el convenio de desempeño metas  desafiantes y alcanzables que deben cumplir en plazos determinados, en las áreas de liderazgo, gestión pedagógica, formación y convivencia, y gestión de recursos.",2000000,Implementación avanzada: 75% a 99%,False,True,False
25480,COLEGIO JOSE LUIS LEGRANGE DE LA CISTERNA,118808,Convivencia Escolar,Responden diagnóstico en Convivencia Escolar,La comunidad educativa responde a un cuestionario sobre Convivencia Escolar propuesto según las orientaciones ministeriales para elaborar el Plan de Gestión de la convivencia Escolar.,0,Implementación completa: 100%,True,False,False
25480,COLEGIO JOSE LUIS LEGRANGE DE LA CISTERNA,118809,Convivencia Escolar,Elaboración Plan de Gestión convivencia escolar,"Los docentes y equipo directivo elaboran (actualizan) el Plan de Gestión de la Convivencia Escolar, en consejos de profesores, siguiendo las Orientaciones ministeriales y el resultado del diagnóstico realizado en los diferentes estamentos de la comunidad educativa.",0,Implementación inicial: 1% a 24%,True,True,False
25480,COLEGIO JOSE LUIS LEGRANGE DE LA CISTERNA,118810,Gestión de Recursos,Evaluación del personal,"El equipo Directivo elabora pautas de autoevaluación y posterior evaluación diseñadas para retroalimentar los roles y funciones de los trabajadores y establecer compromisos de mejora, reconocer logros y felicitar al desempeño.",0,Implementación inicial: 1% a 24%,True,True,False
25480,COLEGIO JOSE LUIS LEGRANGE DE LA CISTERNA,118811,Gestión de Recursos,Jornada de revisión de roles y funciones de los trabajadores,"En jornada de trabajo, el equipo directivo expone los roles y funciones del personal y realiza taller de análisis y reflexión según estamentos, con el objetivo que cada trabajador tenga claridad de sus roles y funciones.",0,Implementación no efectuada: 0%,True,True,False
25480,COLEGIO JOSE LUIS LEGRANGE DE LA CISTERNA,118812,Gestión Pedagógica,Acompañamiento docente en aula,"Un miembro del equipo docente directivo y docente de aula, realiza observación en aula con una pauta previamente consensuada con el docente y posterior a esto se realiza la retroalimentación de lo observado.",0,Implementación inicial: 1% a 24%,True,True,False
25480,COLEGIO JOSE LUIS LEGRANGE DE LA CISTERNA,118813,Gestión Pedagógica,Aplicación de estrategias de aprendizaje.,"Los docentes en conjunto a Coordinación Académica aplican estrategias de aprendizaje a los estudiantes de acuerdo a los resultados obtenidos en las pruebas SIMCE,  DIA  y evaluaciones de proceso.",0,Implementación parcial: 25% a 49%,True,True,False
25480,COLEGIO JOSE LUIS LEGRANGE DE LA CISTERNA,118814,Liderazgo,Jornadas de resultados Socioemocionales y de convivencia,"En consejo de profesores, el equipo directivo analiza los resultados del establecimiento en las pruebas DIA socioemocional, de Convivencia Escolar en el informe IDPS del SIMCE.",0,Implementación adecuada: 50% a 74%,True,True,False
25480,COLEGIO JOSE LUIS LEGRANGE DE LA CISTERNA,118815,Liderazgo,Jornadas de análisis de resultados,"En consejo de profesores, el equipo directivo analiza los resultados del establecimiento en las pruebas DIA, SIMCE y evaluaciones internas,  para establecer acuerdos de mejora.",0,Implementación parcial: 25% a 49%,True,True,False
25995,CENTRO POLITEC. CARLOS CONDELL DE LA CISTERNA,122164,Convivencia Escolar,Promoción de la vida saludable y prevención de conductas de riesgos,"A través de una planificación de actividades mensuales con tematicas por periodo, se implementarán diversas actividades que fomenten conductas de vida saludable y de prevención de riesgos, relevando el autocuidado tanto en el ámbito físico como mental, considerando la vida afectiva, sexual y género.",1500000,Implementación avanzada: 75% a 99%,False,True,False
25995,CENTRO POLITEC. CARLOS CONDELL DE LA CISTERNA,122166,Convivencia Escolar,"Espacios de contención, recreación y aprendizaje socioemocional","Se dispondrá de espacios para desarrollar habilidades socioemocionales, a través de actividades que promuevan la recreación y el aprendizaje socioemocional, favoreciendo la mejora de la sana convivencia, relaciones interpersonales, además de generar un espacio seguro para la contención de estudiantes con alguna regulación emocional,",25000000,Implementación avanzada: 75% a 99%,False,True,False
25995,CENTRO POLITEC. CARLOS CONDELL DE LA CISTERNA,122167,Convivencia Escolar,"Participación, sentido de pertenencia y sana convivencia","Se llevarán a cabo actividades que promuevan el sentido de pertenencia con la comunidad eductiva, apuntando a la mejora de la convivencia y su consecuente impacto en el bienestar y rendimiento académico. Dichas actividades promueven el compromiso, responsabilidad, sana convivencia entre otros aspectos que aportan a la formación integral de nuestros estudiantes y mienbros de la comunidad.",14000000,Implementación avanzada: 75% a 99%,False,True,False
25995,CENTRO POLITEC. CARLOS CONDELL DE LA CISTERNA,122169,Gestión de Recursos,Perfeccionamientos,"Promover el desarrollo profesional de docentes, asistentes y directivos, según necesidades inherentes a sus funciones, o emanadas de las necesidades de aprendizaje de los y las estudiantes o al diagnóstico institucional, mediante capacitaciones internas o ecternas, que permitan la  la reflexión y retroalimentación permanete para la mejora.",200000,Implementación avanzada: 75% a 99%,False,True,False
25995,CENTRO POLITEC. CARLOS CONDELL DE LA CISTERNA,122171,Gestión de Recursos,"Mantención, adquisición y reposición de recursos para el aprendizaje","De manera mensual se monitorea y gestiona la adquisición o reparación de insumos educativos y/o recursos tecnológicos, para que se encuentren en óptimo estado para el desarrollo de aprendizajes.",24000000,Implementación avanzada: 75% a 99%,False,True,False
25995,CENTRO POLITEC. CARLOS CONDELL DE LA CISTERNA,122173,Gestión de Recursos,"Fomento lector, actualización y mejoramiento de recursos CRA","Encargada CRA, gestiona acciones de fomento lector en conjunto con docentes de distintgas asignaturas, adquiriendo y utilizando recursos para el desarrollo de habilidades, interés y hábito lector. Además propone actualización y mejoramiento de recursos y/o espacios para desarrollar habilidades a través de actividades lúdicas e innovadoras para la adquisicion del aprendizaje y trabajo colaborativo.",200000,Implementación adecuada: 50% a 74%,False,True,False
25995,CENTRO POLITEC. CARLOS CONDELL DE LA CISTERNA,122174,Gestión Pedagógica,Planificación estratégica y aulas temáticas,"El equipo docente, liderado por su encargado de área, trabajan de manera colaborativa en la planificación, organización y seguimiento de actividades y proyectos de sus áreas, que contemplan estrategias y acciones tendientes a mejorar los resultados de aprendizaje de nuestros estudiantes en las distintas asignatura y módulos. a su vez, el encargado de área estará acompañado por la Jefe de UTP",48700000,Implementación avanzada: 75% a 99%,False,True,True
25995,CENTRO POLITEC. CARLOS CONDELL DE LA CISTERNA,122175,Gestión Pedagógica,Orientación vocacional y prosecusión de estudios,"Mediante actividades formativas, se acompañará el proceso de elección vocacional en todos los niveles, pensando en la elección de especailidades como en la prosecución de estudios, a través de actividades como: preuniversitario, chrlas tp, charlas ed. superior, acompañamiento al ingreso a la ed. superior, proceso de elección de especialidad, ferias y visitas entidades de ed. superior, entre otras.",7000000,Implementación avanzada: 75% a 99%,False,True,False
25995,CENTRO POLITEC. CARLOS CONDELL DE LA CISTERNA,122176,Gestión Pedagógica,Acompañamiento docente y trabajo colaborativo,"A partir de la articulación del plan DPD y/o convenio Adeco, se fortalecerán prácticas de liderazgo directivo y pedagógicas mediante el acompañamiento y retroalimentación docente, trabajo colaborativo para el análisis y reflexión, especialmente durante las horas no lectivas en función del mejoramiento y crecimiento profesional, con impacto en la mejora de aprendizajes de nuestros estudiante.",100000,Implementación adecuada: 50% a 74%,False,True,False
25995,CENTRO POLITEC. CARLOS CONDELL DE LA CISTERNA,122178,Liderazgo,Coordinación estratégica,"A través de un coordinador estratégico, se llevara un seguimiento al funcionamiento diario de las actividades lectivas de todos los cursos y niveles, asegurando la continuidad del proceso educativo, a través de material de aprendizaje, cobertura, reemplazos, gestión de espacios educativos para el correcto uso y funcionamiento, gestión de matrícula , entre otras aspectos de la gestión escolar",15000000,Implementación avanzada: 75% a 99%,False,True,False
25995,CENTRO POLITEC. CARLOS CONDELL DE LA CISTERNA,122179,Liderazgo,Apoyo a la gestión pedagógica,"Se apoya el seguimiento y sistematización de los procesos de la gestión académica y escolar, mediante el monitoreo y registros de datos que permitan generar reportes para instaurar una cultura de altas expectativas a partir de la reflexión pedagógica para la mejora de metas propuestas",12000000,Implementación avanzada: 75% a 99%,False,True,False
25995,CENTRO POLITEC. CARLOS CONDELL DE LA CISTERNA,122181,Liderazgo,Difusión y seguimiento del PME,"Trimestralmente, se realizará un seguimiento de las acciones planificadas, verificando tiempos de implementación y evaluando el impacto en la comunidad educativa. Además, se realizarán jornada de análisisis, difusión, actualidación de avances y mejoras a realizar con distintos actores de la comunidad.",100000,Implementación adecuada: 50% a 74%,False,True,False
26230,ESCUELA ESP. SOL NACIENTE,123225,Convivencia Escolar,Talleres de alimentación saludable,"El equipo directivo junto a la comunidad educativa promueve los hábitos de vida saludables mediante talleres de psicomotricidad , talleres de cocina saludable, videos educativos y acciones dirigidas al cuidado del planeta.",0,Implementación avanzada: 75% a 99%,True,True,False
26230,ESCUELA ESP. SOL NACIENTE,123226,Convivencia Escolar,Actualización,"El equipo directivo junto a los docentes leen, revisan y actualizan los protocolos de convivencia y seguridad escolar",0,Implementación avanzada: 75% a 99%,True,True,False
26230,ESCUELA ESP. SOL NACIENTE,123227,Gestión de Recursos,Materiales para la preparación de la enseñanza,El sostenedor otorga los materiales y recursos para llevar a cabo las clases y experiencias de aprendizaje de todos los estudiantes.,0,Implementación avanzada: 75% a 99%,True,True,False
26230,ESCUELA ESP. SOL NACIENTE,123228,Gestión de Recursos,Gestión de personal,los docentes y asistentes de la educación realizaran una autoevaluación y su retroalimentación al final de cada semestre.,0,Implementación avanzada: 75% a 99%,True,True,False
26230,ESCUELA ESP. SOL NACIENTE,123229,Gestión Pedagógica,Reflexión,"El equipo técnico y docente participa en jornadas de reflexión donde se conocen los lineamientos de las planificaciones las cuales deben estar alineadas con las unidades mensuales, planificación mensual y BCEP, al mismo tiempo debe contener los tres momentos de la clase.",0,Implementación avanzada: 75% a 99%,True,True,False
26230,ESCUELA ESP. SOL NACIENTE,123230,Gestión Pedagógica,Diseño,"Los docentes planifican según las unidades mensuales, siguiendo los lineamientos de las  BCEP considerando los contenidos basales,",0,Implementación avanzada: 75% a 99%,True,True,False
26230,ESCUELA ESP. SOL NACIENTE,123231,Liderazgo,Mejorar la comunicación,"El equipo directivo junto a los docentes mantienen la comunicación con las familias mediante la tecnología: correo electrónico, whatsApp, envío de videos, tareas al hogar y otros con la finalidad de mantener la participación de todos y todas las estudiantes.",0,Implementación avanzada: 75% a 99%,True,True,False
26230,ESCUELA ESP. SOL NACIENTE,123232,Liderazgo,Reflexión,El equipo directivo junto a los docentes participan de jornadas de reflexión y evaluación del primer y segundo semestre respectivamente.,0,Implementación avanzada: 75% a 99%,True,True,False
26230,ESCUELA ESP. SOL NACIENTE,123233,Liderazgo,Estrategias de evaluación,"Los docentes realizan diferentes experiencias de aprendizajes dirigidas hacia la realización de evaluaciones formativas como: disertaciones , exposiciones, presentaciones artísticas, juegos colaborativos, juegos de roles, talleres de cocina y talleres de psicomotricidad.",0,Implementación avanzada: 75% a 99%,True,True,False
26230,ESCUELA ESP. SOL NACIENTE,123234,Liderazgo,Evaluación y desarrollo de  aprendizaje,"Los docentes realizan diferentes actividades dirigidas hacia la realización de evaluación formativa como disertaciones, exposiciones, presentaciones artísticas, juegos colaborativos, juegos de roles, talleres de cocina y psicomotricidad.",0,Implementación avanzada: 75% a 99%,True,True,False
26278,ESCUELA BASICA ARISTA VITAE,123583,Convivencia Escolar,Revisión Anual de protocolos y planes de accion,"Se revisara el manual de convivencia escolar, planes de acción de nuestro colegio y protocolos para mantenerlos siempre actualizados según contingencia de nuestra escuela incluyendo a los docentes y asistentes de la educación para su contribución a la mejora de estos.",0,Implementación completa: 100%,True,False,False
26278,ESCUELA BASICA ARISTA VITAE,123584,Convivencia Escolar,Capacitacion de protocolos,"Se realizaran reuniones de profesores y asistentes de la educación para transmitir las directrices de los distintos planes de nuestro colegió con el fin de que se pueda llevar a los apoderados en reunión, para lograr el optimo cumplimiento de estos por la comunidad.",0,Implementación completa: 100%,True,False,False
26278,ESCUELA BASICA ARISTA VITAE,123585,Gestión de Recursos,Inventario electronico,"Se confecciona un inventario electrónico con todas las existencias del colegio, este será retroalimentado por cada uno de los responsables o administradores del material, entregado información oportuna y en lineo sobre el estado de los materiales para reparar o gestionar compras.",0,Implementación completa: 100%,True,False,False
26278,ESCUELA BASICA ARISTA VITAE,123586,Gestión de Recursos,Definicion de metas anuales,Se definen las metas anuales para el establecimiento en son de resultados de aprendizajes y satisfacción de los integrantes de la comunidad educativa.,0,Implementación completa: 100%,True,False,False
26278,ESCUELA BASICA ARISTA VITAE,123587,Gestión Pedagógica,Sistematizar el modelo tecnivo pedagogico de nuestra escuela,1.- Realizar visitas de acompañamiento en el aula realizando el registro de observación en la pauta de viista.,0,Implementación completa: 100%,True,False,False
26278,ESCUELA BASICA ARISTA VITAE,123588,Gestión Pedagógica,Prueba estandarizada,Se aplicará una evaluación semestral que abordará todos objetivos de aprendizaje tratados en las fechas establecidas para cada semestre,0,Implementación completa: 100%,True,False,False
26278,ESCUELA BASICA ARISTA VITAE,123589,Liderazgo,Aprobacion escolar,Conocer y monitorear el avance del PME,0,Implementación completa: 100%,True,False,False
26278,ESCUELA BASICA ARISTA VITAE,123590,Liderazgo,Analisis FODA,Se analizan las fortalezas y debilidades del establecimiento para tener información para la toma de decisiones,0,Implementación completa: 100%,True,False,False
26337,ESCUELA ESPECIAL ADAES,123778,Convivencia Escolar,SALIDA PEDAGOGICAS,"PREVIA PLANIFICACION CON DOCENTE Y PROGRAMA DE CONVIVENCIA ESCOLAR SE  TRABAJARA EN LA SALIDA PEDAGOGICA,SIEMPRE BAJO LA MIRADA DE LA ONVIVENCIA  ESCOLAR MAS QUE UN CONCEPTO ABSTRACTO COMO UNA PRÁCTICA,UN HÁBITO Y  CULTURA.",0,Implementación completa: 100%,True,False,False
26337,ESCUELA ESPECIAL ADAES,123779,Convivencia Escolar,Programa de convivencia escolar,"EN EL PROGRAMA DE GESTIÓN PARA LA SANA CONVIVENCIA ESCOLAR SE DESARROLLA Y  PROMUEVE HABILIDADES SOCIALES EN ALUMNOS DE ADAES PARA PERMITIR UNA SANA  CONVIVENCIA DENTRO Y FUERA DEL ESTABLECIMIENTO,PSICOLOGO MIERCOLES POR  MEDIO TRABAJA UN TEMA ESPECIFICO PLANIFICADO A PRINCIPIO DE AÑO.",0,Implementación completa: 100%,True,False,False
26337,ESCUELA ESPECIAL ADAES,123780,Gestión de Recursos,JORNADA DE PERFECCIONAMIENTO,"DIRECTOR,PSICOLOGO O INVITADO REALIZARA PERFECCIONAMIENTO UNA VEZ AL AÑO  CON EL FIN DE MEJORAR LAS PRACTICAS EDUCATIVAS.",0,Implementación completa: 100%,True,False,False
26337,ESCUELA ESPECIAL ADAES,123781,Gestión de Recursos,PRACTICAS EN EL AULA,"DIRECTORA GESTIONARA QUE DOCENTE REALICE EXPOSICION DE SUS PRACTICAS EN  AULA,CON EL FIN DE COMPARTIR Y RETROALIMENTARSE CON EL APRENDIZAJE..eSTO SE  REALIZARA A FIN DE AÑO.",0,Implementación avanzada: 75% a 99%,True,True,False
26337,ESCUELA ESPECIAL ADAES,123782,Gestión Pedagógica,Mejorar la escritura en los estudiantes,"Utp revisara mensualmente planificación orientando hacia el sector de lenguaje,esta actividad estará  relacionada con plan de formación ciudadana",0,Implementación completa: 100%,True,False,False
26337,ESCUELA ESPECIAL ADAES,123783,Gestión Pedagógica,Mejorar la lectura en los estudiantes,"utp revisara en forma mensual las planificaciones,orientara el trabajo en el sector de lenguaje,esta  actividad se relacionara con el plan de formacion ciudaddana,en donde una vez al mes buscaran  una noticia y la analizarán(leer)",0,Implementación completa: 100%,True,False,False
26337,ESCUELA ESPECIAL ADAES,123784,Liderazgo,REVISION DE PLANIFICACIONES MENSUALES,"UTP Y DIRECTORA RECIBIRAN TODA LA INFORMACION TECNICA EN PENDRIVE,ESTA SERA  REVISADA EL ULTIMO DIA DE CADA MES.",0,Implementación completa: 100%,True,False,False
26337,ESCUELA ESPECIAL ADAES,123785,Liderazgo,Practicas en el aula,"DIRECTORA GESTIONARÁ LA EXPOSICION DE CADA DOCENTE SOBRE SUS PRACTICAS EN  EL AULA DURANTE EL AÑO EN CURSO,PODRA UTILIZAR UN POWER,ESTA SE REALIZARÁ A  FIN DE AÑO,EN DICIEMBRE.",0,Implementación avanzada: 75% a 99%,True,True,False
26351,ESCUELA ESPECIAL N°2253 ANTULAF,123878,Convivencia Escolar,Acercamiento a los padres y/o apoderados,"Se cita a los apoderados a distintas instancias y dependiendo de los objetivos que se persigan, como: Reuniones de apoderados, generales y por nivel. Citas o entrevistas personales pedagógicas y/o fonoaudiológicas. Encuentros en actividades extracurriculares, talleres y/o escuela para padres.",500000,Implementación avanzada: 75% a 99%,False,True,False
26351,ESCUELA ESPECIAL N°2253 ANTULAF,123879,Convivencia Escolar,Apoyo a la familia en el proceso educativo del alumno (a),"Apoyar a la familia con un seguimiento del alumno que presente dificultades de aprendizaje, conductuales, emocionales y/o del no avance o logros mínimos en el tratamiento del lenguaje.  Así también, se investiga la ausencia del alumno (a) a clases.",500000,Implementación avanzada: 75% a 99%,False,True,False
26351,ESCUELA ESPECIAL N°2253 ANTULAF,123880,Convivencia Escolar,Centro de Padres y Apoderados,"Crear Centro de Padres que represente a las familias ante el establecimiento. Su objetivo principal es organizarse para reunir fondos que utilizan para los alumnos (as) en el día del alumno, aniversario de la escuela y navidad y para los profesores en su día.  Así también, participan en algunas actividades de cierre de unidad temática.",300000,Implementación avanzada: 75% a 99%,False,True,False
26351,ESCUELA ESPECIAL N°2253 ANTULAF,123882,Gestión de Recursos,Distinción de cada trabajador de la Escuela,"Realizar actividades donde se reconozca a todo el personal, al inicio del año, término del primer semestre y finalización del año escolar. Se hacen votaciones para elegir al:  mejor compañero ,  espíritú Antülaf ,  puntual ,  honesto ,  responsable ,  tolerante , etc. y se le entrega un reconocimiento y un diploma con el nombramiento.",500000,Implementación parcial: 25% a 49%,False,True,False
26351,ESCUELA ESPECIAL N°2253 ANTULAF,123883,Gestión de Recursos,Trabajo colaborativo,"Se desarrollan reuniones con las duplas de trabajo: Docente-Asistente; Director-UTP con Equipo de Gestión con el fin de organizar, ejecutar y evaluar el desempeño de estas duplas después de cada unidad temática;  de actividades como Actos Cívicos y de celebraciones.  También, se realizan intercambios de duplas Docente-Asistente y rotación de aula y  luego, se evalúa.",500000,Implementación adecuada: 50% a 74%,False,True,False
26351,ESCUELA ESPECIAL N°2253 ANTULAF,123884,Gestión de Recursos,"Revisión, análisis y actualización de los Instrumentos de Gestión","En reuniones organizadas después del horario de clases de nuestros alumnos, se revisan PEI, Reglamento Interno y Reglamento Interno de Convivencia Escolar y todos los Protocolos con el fin de actualizar y agregar lo que corresponda o falte. También, se comparte con el Consejo Escolar para finalmente, difundirlo a toda la comunidad educativa.",500000,Implementación adecuada: 50% a 74%,False,True,False
26351,ESCUELA ESPECIAL N°2253 ANTULAF,123885,Gestión de Recursos,Participación en celebraciones,"Todo el personal y comunidad educativa participa en distintas actividades de conmemoración, tales como:  1. Celebración de cumpleaños de todo el personal de la escuela.  2. Celebración del inicio y final del año escolar.  3. Celebración del aniversario de la escuela.  4. Celebración del día del profesor.  5. Paseo de finalización del año escolar.",1000000,Implementación avanzada: 75% a 99%,False,True,False
26351,ESCUELA ESPECIAL N°2253 ANTULAF,123886,Gestión de Recursos,En la búsqueda de optimizar el desempeño profesional,Todo el personal de la Escuela participa en capacitación.  -Teórica en relación a otras metodologías.  -Teórica en torno al tema específico del lenguaje.  -Teórica en cuanto a Etapas del desarrollo de los preescolares.  -Convivencia Escolar (Resolución de Conflictor).  -Comunicación.  -Autocuidado.,1000000,Implementación adecuada: 50% a 74%,False,True,False
26351,ESCUELA ESPECIAL N°2253 ANTULAF,123887,Gestión Pedagógica,Evaluación y Coevaluación del trabajo en duplas,"Docente y Asistente se reunen al final de cada jornada para evaluar el día. Los días jueves, en momento de colaboración, las docentes:  -Evalúan el trabajo en duplas.  -Planifican.  -Buscan prácticas pedagógicas más innovadoras.  -Comunican todo el trabajo que realizarán en el nivel, a sus Asistentes.",500000,Implementación avanzada: 75% a 99%,False,True,False
26351,ESCUELA ESPECIAL N°2253 ANTULAF,123888,Gestión Pedagógica,Seguimiento,"Acompañar en la docencia, observando las clases de todos los docentes y en cada nivel con un calendario de ingreso a sala, estableciendo pautas de observación y se retroalimenta.  También, intercambio de salas, con cambio de docente-asistente, espacio físico, alumnos (as).",500000,Implementación adecuada: 50% a 74%,False,True,False
26351,ESCUELA ESPECIAL N°2253 ANTULAF,123891,Gestión Pedagógica,Capacitación sobre prácticas pedagógicas,Cada docente investiga sobre prácticas pedagógicas innovadoras y exitosas para preescolares.  Se ejecutan en las aulas y se replican en los cursos restantes.  Se exponen a todos con los resultados de aprendizaje.,1000000,Implementación adecuada: 50% a 74%,False,True,False
26351,ESCUELA ESPECIAL N°2253 ANTULAF,123893,Liderazgo,Observación y seguimiento de los aprendizajes,"Elaboración de instrumentos de evaluación del proceso y producto final para ver el logro o dificultades de los aprendizajes de los alumnos (as).  Seguimiento en diagnóstico, primer semestre y segundo semestre.",500000,Implementación avanzada: 75% a 99%,False,True,False
26351,ESCUELA ESPECIAL N°2253 ANTULAF,123894,Liderazgo,Preparación de material didáctico pedagógico y fonoaudiológico,"Todo el personal de la escuela y padres y apoderados, participan en la elaboración de material didáctico pedagógico y fonoaudiológico para el trabajo en aula y en el patio y conforme a las temáticas.  Diseñado por dupla Docente-Asistente.  Además, confeccionan material para exponer en  diversos paneles informativos y otros.",1000000,Implementación adecuada: 50% a 74%,False,True,False
26359,ESCUELA ESPECIAL GABRIELA RUBIO,123922,Convivencia Escolar,manejo mis emociones y me cuido,en cada planificación se consignara un objetivo transversal el cual se trabajara durante toda la semana.,0,Implementación adecuada: 50% a 74%,True,True,False
26359,ESCUELA ESPECIAL GABRIELA RUBIO,123923,Convivencia Escolar,Entiendo mis emociones,cada día se realizara una breve actividad donde se expresen las emociones de los niños y niñas y puedan conocer e ir modelando estas.,0,Implementación adecuada: 50% a 74%,True,True,False
26359,ESCUELA ESPECIAL GABRIELA RUBIO,123924,Gestión de Recursos,perfeccionamiento formal,se solicitara al equipo sostenedor recursos para cotear un ATE a un docente durante el año escolar.,0,Implementación no efectuada: 0%,True,True,False
26359,ESCUELA ESPECIAL GABRIELA RUBIO,123925,Gestión de Recursos,AUTOPERFECCIONAMIENTO,"EN DUPLA DE DOCENTES SE REALIZARA UN TALLER POR SEMESTRE, DONDE EL PRIMER SEMESTRE SE TOCARAN LAS BASES CURRICULARES Y EL SEGUNDO SEMESTRE ESTRATEGIAS PEDAGOGICAS.",0,Implementación no efectuada: 0%,True,True,False
26359,ESCUELA ESPECIAL GABRIELA RUBIO,123926,Gestión Pedagógica,JORNADA DE EVALUACION,"TODOS LOS VIERNES SE PLANIFICA POR NIVEL EN BASE AL CRONOGRAMA DE CONTENIDOS Y OBJETIVOS ANUALES, EN TRABAJO COLABORATIVO.",0,Implementación completa: 100%,True,False,False
26359,ESCUELA ESPECIAL GABRIELA RUBIO,123927,Gestión Pedagógica,CRONOGHRAMA DE CONTENIDOS Y OBJETIVOS POR NIVEL,"al iniciar el año académico se organicen por nivel los contenidos y objetivos del curriculum en forma anual, con el objetivo de organizar el trabajo y que todos los contenidos del curriculum estén presentes para cada nivel.",0,Implementación avanzada: 75% a 99%,True,True,False
26359,ESCUELA ESPECIAL GABRIELA RUBIO,123928,Gestión Pedagógica,registro de evaluaciones,"Se realizaran evaluaciones de proceso, para llevar un registro de los objetivos alcanzados y así reestructurar las planificaciones semanales.",0,Implementación adecuada: 50% a 74%,True,True,False
26359,ESCUELA ESPECIAL GABRIELA RUBIO,123929,Liderazgo,participacion,la directora participara en la elaboracion asignando recursos y facilidades para realizar la elaboracion del cronograma de contenidos y objetivos para cada nivel.,0,Implementación adecuada: 50% a 74%,True,True,False
26359,ESCUELA ESPECIAL GABRIELA RUBIO,123930,Liderazgo,participacion cronograma,la directora participara en las jornadas de planificación de los días viernes,0,Implementación adecuada: 50% a 74%,True,True,False
