anio,codigo_oc,comprador,unidad_compra,fecha_envio,nombre_oc,descripcion_oc,estado_oc,procedencia_oc,trato_directo,moneda_oc,monto_total_oc_clp,monto_oc_vigente_clp,rbd_asignado,vinculo_rbd,archivo_fuente
2022,2769-10-SE22,municipal,Educación,28-02-2022 0:00:00,Reparación y Reposición ventanas Colegio Antu,"Contratación de empresa para suministro, reparación, y reposición de ventanas del colegio Antu, para generación de ventilación cruzada en sala de clases.",Enviada a Proveedor,Trato Directo,1,CLP,4826640.0,,9730,nombre_o_rbd_unico,municipal_2022_Sem1.7z:1100488OCTratoDirecto.csv
2022,2769-100-AG22,municipal,Educación,10-06-2022 0:00:00,Orden de Compra generada por invitación a compra ágil: 2769-104-COT22,"preobligacion 5/12 item 2152204010 c.c. 10.09.08   Unidad mantenimiento entregar en calle esmeralda N° 6305, esquina Avenida lo Ovalle, paradero 17 de Gran Avenida, contacto Sr. Oreste Veloso al celular 940080336.-",Aceptada,Compra Agil,0,CLP,416297.7,416297.7,,unidad_educacion_sin_rbd_unico,municipal_2022_Sem1.7z:1100488OCCompraAgil.csv
2022,2769-103-SE22,municipal,Educación,13-06-2022 0:00:00,reparaciones casa residente l.112,"preobligacion presupuestaria 5/12 item 2152206001 c.c. 10.09.03 subprograma 5 trabajos en avenida goycolea 489, paradero 26 de gran avenida al oriente",Aceptada,Trato Directo,1,CLP,1249500.0,1249500.0,,unidad_educacion_sin_rbd_unico,municipal_2022_Sem1.7z:1100488OCTratoDirecto.csv
2022,2769-104-AG22,municipal,Educación,13-06-2022 0:00:00,Orden de Compra generada por invitación a compra ágil: 2769-99-COT22,Pre obligacion 5/59 ley Sep colegio Antu,Aceptada,Compra Agil,0,CLP,714000.0,714000.0,9730,nombre_o_rbd_unico,municipal_2022_Sem1.7z:1100488OCCompraAgil.csv
2022,2769-105-AG22,municipal,Educación,13-06-2022 0:00:00,Orden de Compra generada por invitación a compra ágil: 2769-101-COT22,"preobligacion 5/12 item 2152204010 c.c. 10.09.08 subprograma 6 entregar en calle esmeralda 6305, esquina Avenida Lo Ovalle, paradero 17 de gra avenida, contacto sr. Oreste Veloso o Guillermo Garcia al 997832370.-",Aceptada,Compra Agil,0,CLP,128722.3,128722.3,,unidad_educacion_sin_rbd_unico,municipal_2022_Sem1.7z:1100488OCCompraAgil.csv
2022,2769-106-AG22,municipal,Educación,13-06-2022 0:00:00,Orden de Compra generada por invitación a compra ágil: 2769-98-COT22,PRE OBLIGACION 5/58 LEY SEP COLEGIO ANTU. ,Aceptada,Compra Agil,0,CLP,385560.0,385560.0,9730,nombre_o_rbd_unico,municipal_2022_Sem1.7z:1100488OCCompraAgil.csv
2022,2769-107-AG22,municipal,Educación,13-06-2022 0:00:00,Orden de Compra generada por invitación a compra ágil: 2769-93-COT22,PREOBLIGACION 5/12 ITEM 2152204010 C.C. 10.09.03 SUBPROGRAMA 6 ENTREGAR EN AVENIDA EL PARRON 498-A PARADERO 21 DE GRAN AVENIDA AL ORIENTE COTACTO JOSE AGUILAR O GUILLERMO GARCIA AL 997832370,Aceptada,Compra Agil,0,CLP,952000.0,952000.0,,unidad_educacion_sin_rbd_unico,municipal_2022_Sem1.7z:1100488OCCompraAgil.csv
2022,2769-108-AG22,municipal,Educación,13-06-2022 0:00:00,Orden de Compra generada por invitación a compra ágil: 2769-94-COT22,"preobligacion 5/12 item 2152204010 c.c. 10.09.03  mantenimiento subprograma 6 entregar en avenida el parron 498-a, paradero 21 de gran avenida al oriente, contacto Guillermo Garcia o Jose Aguilar al fono 225482281.",Aceptada,Compra Agil,0,CLP,853230.0,853230.0,,unidad_educacion_sin_rbd_unico,municipal_2022_Sem1.7z:1100488OCCompraAgil.csv
2022,2769-109-AG22,municipal,Educación,14-06-2022 0:00:00,Orden de Compra generada por invitación a compra ágil: 2769-106-COT22,Pre obligacion 5/60. Ley Sep colegio Antu,Aceptada,Compra Agil,0,CLP,1094562.0,1094562.0,9730,nombre_o_rbd_unico,municipal_2022_Sem1.7z:1100488OCCompraAgil.csv
2022,2769-11-SE22,municipal,Educación,23-02-2022 0:00:00,Reemplazo techumbre acceso Naciones Unidas,"Se requiere contratar el reemplazo de la techumbre de acceso Naciones Unidas por un toldo vela, tela HDP, filtro UV, retardante al fuego, tensores galvanizados.",Aceptada,Trato Directo,1,CLP,4275792.57,4275792.57,9699,nombre_o_rbd_unico,municipal_2022_Sem1.7z:1100488OCTratoDirecto.csv
2022,2769-110-SE22,municipal,Educación,14-06-2022 0:00:00,TRANSPORTE SALIDA PEDAGOGICA COLEGIO ANTU,Pre obligación 5/74. ley Sep colegio Antu. Parque aguas de   san Ramon ,Aceptada,Trato Directo,1,CLP,360000.0,360000.0,9730,nombre_o_rbd_unico,municipal_2022_Sem1.7z:1100488OCTratoDirecto.csv
2022,2769-111-AG22,municipal,Educación,15-06-2022 0:00:00,Orden de Compra generada por invitación a compra ágil: 2769-103-COT22,"preobligacion 5/12 item 2152204010 c.c. 10.09.08 subprograma 5 entregar en Liceo Portal calle Esmeralda 6305, esquina Avenida Lo Ovalle, paradero 17 de Gran Avenida al oriente, contacto Sr. Oreste Veloso al 225482281.-",Aceptada,Compra Agil,0,CLP,445615.73,445615.73,,unidad_educacion_sin_rbd_unico,municipal_2022_Sem1.7z:1100488OCCompraAgil.csv
2022,2769-112-SE22,municipal,Educación,15-06-2022 0:00:00,instalación en cocina esc.555,"preobligacion 5/69 item 2152206001 c.c. 10.09.01.   mantenimiento subprograma 6 trabajo en Escuela Naciones Unidas calle Isabel La Catolica 0950, contacto Gabriel Jimenez",Aceptada,Trato Directo,1,CLP,761600.0,761600.0,9699,nombre_o_rbd_unico,municipal_2022_Sem1.7z:1100488OCTratoDirecto.csv
2022,2769-113-AG22,municipal,Educación,16-06-2022 0:00:00,adquisición de pinturas,pre-obligación 5/12 los productos deberán ser entregados en dependencias del Liceo Olof Palme ubicado en julio Covarrubias 9370 en la comuna de La Cisterna en horario de lunes a viernes de 09:00  a  14:00 hrs,Aceptada,Compra Agil,0,CLP,679536.41,679536.41,9701,nombre_o_rbd_unico,municipal_2022_Sem1.7z:1100488OCCompraAgil.csv
2022,2769-115-CM22,municipal,Educación,22-06-2022 0:00:00,Orden de Compra: 2769-115-CM22,Orden de Compra codigo: 2769-115-CM22 dirigida a ALIMENTOS DAILY FRESH SPA,Aceptada,Convenio Marco,0,CLP,1199800.0,1199800.0,,unidad_educacion_sin_rbd_unico,municipal_2022_Sem1.7z:1100488OCConvenioMarco.csv
2022,2769-116-AG22,municipal,Educación,23-06-2022 0:00:00,"Adquisición de materiales eléctricos para reparación, vía compra ágil: 2769-112-COT22",CC: 10.09.05 Ítem: 22.04.010 Preobligación Presupuestaria: 5/12 Fuente de Financiamiento: Unidad de Mantenimiento.,Aceptada,Compra Agil,0,CLP,522410.0,522410.0,9703,nombre_o_rbd_unico,municipal_2022_Sem1.7z:1100488OCCompraAgil.csv
2022,2769-117-SE22,municipal,Educación,23-06-2022 0:00:00,lienzo y grafica,preobligacion 5/77 item 2152207002 c.c. 00.00.00 subprograma 1 entregar a Osvaldo Ortega ,Aceptada,Trato Directo,1,CLP,89430.88,89430.88,,unidad_educacion_sin_rbd_unico,municipal_2022_Sem1.7z:1100488OCTratoDirecto.csv
2022,2769-118-AG22,municipal,Educación,23-06-2022 0:00:00,"Implementos deportivos, compra ágil: 2769-105-COT22",CC.: 100205 Ítem: 22.04.002 Fuente de Financiamiento: Ley SEP Preobligación Presupuestaria: 5/70,Aceptada,Compra Agil,0,CLP,1101464.0,1101464.0,9703,nombre_o_rbd_unico,municipal_2022_Sem1.7z:1100488OCCompraAgil.csv
2022,2769-119-AG22,municipal,Educación,28-06-2022 0:00:00,Orden de Compra generada por invitación a compra ágil: 2769-114-COT22,"preobligacion 5/12 item 2152204010 c.c. 10.09.03 Mantenimiento 112 subprograma 6 entrega en Avenida El Parron 498-A, paradero 21 de Gran avenida al Oriente, contacto sr. guillermo garcia al celular 997832370",Aceptada,Compra Agil,0,CLP,428995.0,428995.0,,unidad_educacion_sin_rbd_unico,municipal_2022_Sem1.7z:1100488OCCompraAgil.csv
2022,2769-12-SE22,municipal,Educación,23-02-2022 0:00:00,Reparación bomba agua potable Liceo Portal,Reparación bomba agua potable Liceo Portal ,Enviada a Proveedor,Trato Directo,1,CLP,3994830.0,,,unidad_educacion_sin_rbd_unico,municipal_2022_Sem1.7z:1100488OCTratoDirecto.csv
2022,2769-120-AG22,municipal,Educación,28-06-2022 0:00:00,ASDQUISICIÓN DE CERRADURAS,pre-obligación 5/12 los productos deberán ser entregados en dependencias del Liceo Olof Palme ubicado en Julio Covarrubias 9370 en la comuna de La Cisterna de lunes a viernes de 09:00 a 14:00 hrs,Aceptada,Compra Agil,0,CLP,874077.61,874077.61,9701,nombre_o_rbd_unico,municipal_2022_Sem1.7z:1100488OCCompraAgil.csv
2022,2769-122-AG22,municipal,Educación,30-06-2022 0:00:00,Orden de Compra generada por invitación a compra ágil: 2769-120-COT22,Pre obligacion 5/80 ley sep,Aceptada,Compra Agil,0,CLP,595000.0,595000.0,9730,nombre_o_rbd_unico,municipal_2022_Sem1.7z:1100488OCCompraAgil.csv
2022,2769-13-AG22,municipal,Educación,09-03-2022 0:00:00,Orden de Compra generada por invitación a compra ágil: 2769-5-COT22,Pre obligacion 5/13. ley Sep colegio Antu,Aceptada,Compra Agil,0,CLP,191572.15,191572.15,9730,nombre_o_rbd_unico,municipal_2022_Sem1.7z:1100488OCCompraAgil.csv
2022,2769-139-SE22,municipal,Educación,02-08-2022 0:00:00,Reparaciones Colegio Antu,Pre obligacion 5/78. Fondos Movámonos colegio Antu,Aceptada,Trato Directo,1,CLP,4569002.62,4569002.62,9730,nombre_o_rbd_unico,municipal_2022_Sem2.7z:1100488OCTratoDirecto.csv
2022,2769-14-SE22,municipal,Educación,11-03-2022 0:00:00,libros de clases portal,"preobligacion 5/15 item 2152204001 c.c. 00.00.00 subprograma 1 entregar en liceo portal, calle esmeralda N° 6305, paradero 17 al oriente, contacto sr. Juan Claudio Gonzalez.-",Aceptada,Trato Directo,1,CLP,165201.75,165201.75,,unidad_educacion_sin_rbd_unico,municipal_2022_Sem1.7z:1100488OCTratoDirecto.csv
2022,2769-141-SE22,municipal,Educación,04-08-2022 0:00:00,REPARAR DEPENDENCIAS COLEGIO ANTU,PRE OBLIGACION 5/94. CENTRO DE COSTO 100902. SUB PROGRAMA 2152206001. FONDOS UNIDAD DE MANTENIMIENTO COLEGIO ANTU,Aceptada,Trato Directo,1,CLP,2808400.0,2808400.0,9730,nombre_o_rbd_unico,municipal_2022_Sem2.7z:1100488OCTratoDirecto.csv
2022,2769-149-CM22,municipal,Educación,08-08-2022 0:00:00,Orden de Compra: 2769-149-CM22,"entregar en Avenida El Parrón 498-A, paradero 21 de gran avenida al oriente, contacto Guillermo García o José Aguilar al 997832370.- Orden de Compra codigo: 2769-149-CM22 dirigida a INVERSIONES GUILLERMO BUSTAMANTE JARA E.I.R.L",Aceptada,Convenio Marco,0,CLP,1267201.25,1267201.25,,unidad_educacion_sin_rbd_unico,municipal_2022_Sem2.7z:1100488OCConvenioMarco.csv
2022,2769-15-SE22,municipal,Educación,18-03-2022 0:00:00,pintura en liceo portal,"preobligacion 5/8 item 2152206001 c.c. 10.11.10 subprograma 5 trabajos a realizar en el liceo portal, esmeralda 6305, contacto Sr. Juan Claudio Gonzalez.   ",Aceptada,Trato Directo,1,CLP,2873850.0,2873850.0,,unidad_educacion_sin_rbd_unico,municipal_2022_Sem1.7z:1100488OCTratoDirecto.csv
2022,2769-154-SE22,municipal,Educación,09-08-2022 0:00:00,Arriendo de buses Liceo Ciencia y Tecnologia,"Se requiere arriendo de buses para feria tecnico profesicional, Liceo Ciencia y Tecnologia. Pre obligación 5/112, c.c 10027 s.p 4. Contacto Rafael Rojas 986640256. Goycolea 469, La Cisterna.",Aceptada,Trato Directo,1,CLP,840000.0,840000.0,9693,nombre_o_rbd_unico,municipal_2022_Sem2.7z:1100488OCTratoDirecto.csv
2022,2769-155-SE22,municipal,Educación,10-08-2022 0:00:00,"MANTENIMIENTO Y REPARACION, E.OSCAR ENCALADA","Se requiere adquirir trabajos de mantenimientos y reparación, para la Escuela Oscar Encalada, ubicada en Pedro Aguirre Cerda 0184, La cisterna .pre-obligación 5-11 C.C.100906fondos mantenimiento SP6 ",Aceptada,Trato Directo,1,CLP,2233035.0,2233035.0,9706,nombre_o_rbd_unico,municipal_2022_Sem2.7z:1100488OCTratoDirecto.csv
2022,2769-16-SE22,municipal,Educación,21-03-2022 0:00:00,compra materiales,"preobligacion 5/12 item 2152204010 c.c. 10.09.01 subprograma 6 entregar en calle Isabel La Católica N° 0950, paradero 23 de Gran Avenida al poniente, contacto Sr. Gabriel Jiménez al fono 225586869. ",Aceptada,Trato Directo,1,CLP,715856.4,715856.4,,unidad_educacion_sin_rbd_unico,municipal_2022_Sem1.7z:1100488OCTratoDirecto.csv
2022,2769-163-SE22,municipal,Educación,12-08-2022 0:00:00,TRANSPORTE SALIDA PEDAGOGICA COLEGIO ANTU,Pre obligacion 5/107. ley Sep colegio Antu. Transporte palacio la moneda. martes 16 de agosto 10:45 hrs.,Aceptada,Trato Directo,1,CLP,200000.0,200000.0,9730,nombre_o_rbd_unico,municipal_2022_Sem2.7z:1100488OCTratoDirecto.csv
2022,2769-17-CM22,municipal,Educación,22-03-2022 0:00:00,Orden de Compra: 2769-17-CM22,"preobligacion 5/18 item  2152204009 subprograma 2 c.c. 100308, 100302, 100305, 100306, 100303, 100304, 100307 y 100301, correspondiendo $ 287.237 a cada centro de costo Orden de Compra codigo: 2769-17-CM22 dirigida a DISTRIBUIDORA PAPELES INDUSTRIALES S A",Aceptada,Convenio Marco,0,CLP,2297899.52,2297899.52,,unidad_educacion_sin_rbd_unico,municipal_2022_Sem1.7z:1100488OCConvenioMarco.csv
2022,2769-171-SE22,municipal,Educación,16-08-2022 0:00:00,reparaciones portal,"preobligacion 5/8 item 2152206001 c.c. 10.11.10  (FAEP 2020) subprograma 5 contacto Sr Oreste Veloso en calle Esmeralda 6305, pardero 17 de gran avenida.",Aceptada,Trato Directo,1,CLP,4879000.0,4879000.0,,unidad_educacion_sin_rbd_unico,municipal_2022_Sem2.7z:1100488OCTratoDirecto.csv
2022,2769-175-SE22,municipal,Educación,17-08-2022 0:00:00,MANTENCION Y CARGA DE EXTINTORES DE COLEGIOS,preobligacion 5/99 item 2152204003 c.c. 10.11.02 subprograma 5 contacto Sr. Guillermo Garcia al celular 997832370.-,Aceptada,Trato Directo,1,CLP,2458302.0,2458302.0,,unidad_educacion_sin_rbd_unico,municipal_2022_Sem2.7z:1100488OCTratoDirecto.csv
2022,2769-176-SE22,municipal,Educación,17-08-2022 0:00:00,destape alcantarillado esc.562,"preobligacion 5/8 item 2152206001 c.c. 10.11.10 subprograma 5 contacto srta Susana Santibañes en Escuela Esperanza Joven, colon 6503",Aceptada,Trato Directo,1,CLP,535500.0,535500.0,9703,nombre_o_rbd_unico,municipal_2022_Sem2.7z:1100488OCTratoDirecto.csv
2022,2769-177-SE22,municipal,Educación,18-08-2022 0:00:00,TRANSPORTE SALIDA PEDAGOGICA COLEGIO NACIONES UNID,PRE OBLIGACION 5/113.LEY SEP COLEGIO NACIONES UNIDAS. TRANSPORTE PARA SALIDA PEDAGOGICA. RETIRAR ALUMNOS EN ISABEL LA CATOLICA 0960. LA CISTERNA,Aceptada,Trato Directo,1,CLP,180000.0,180000.0,9699,nombre_o_rbd_unico,municipal_2022_Sem2.7z:1100488OCTratoDirecto.csv
2022,2769-18-SE22,municipal,Educación,24-03-2022 0:00:00,compra toner liceo portal,"preobligacion 5/18 item 2152204009 c.c. 10.03.07 subprograma 2 entregar en calle Esmeralda 6305, esquina de Avenida Lo Ovalle, contacto con director SR Juan Claudio Gonzales o Encargada del PIE del Liceo Portal de La Cisterna",Aceptada,Trato Directo,1,CLP,157056.2,157056.2,9722,nombre_o_rbd_unico,municipal_2022_Sem1.7z:1100488OCTratoDirecto.csv
2022,2769-187-CM22,municipal,Educación,22-08-2022 0:00:00,adquisición de all in one,pre-obligación 5/122 Orden de Compra codigo: 2769-187-CM22 dirigida a TECHNOSYSTEMS CHILE SPA,Aceptada,Convenio Marco,0,USD,,,,unidad_educacion_sin_rbd_unico,municipal_2022_Sem2.7z:1100488OCConvenioMarco.csv
2022,2769-190-SE22,municipal,Educación,22-08-2022 0:00:00,TRANSPORTE SALIDA PEDAGOGICA COLEGIO ANTU,Pre obligacion 5/131. Ley Sep colegio Antu salida al Parque de las esculturas.,Aceptada,Trato Directo,1,CLP,200000.0,200000.0,9730,nombre_o_rbd_unico,municipal_2022_Sem2.7z:1100488OCTratoDirecto.csv
2022,2769-194-SE22,municipal,Educación,25-08-2022 0:00:00,reparación e instalación luces de emergencia,pre-obligación 5/118 las reparaciones deberán ser realizadas en dependencias del Liceo Olof Palme,Aceptada,Trato Directo,1,CLP,749700.0,749700.0,9701,nombre_o_rbd_unico,municipal_2022_Sem2.7z:1100488OCTratoDirecto.csv
2022,2769-196-SE22,municipal,Educación,24-08-2022 0:00:00,Reparación Hall Colegio Esperanza Joven,Reparación de puerta mampara y puertta de sala de atención de apoderados en el hall del colegio.,Aceptada,Trato Directo,1,CLP,999999.84,999999.84,9703,nombre_o_rbd_unico,municipal_2022_Sem2.7z:1100488OCTratoDirecto.csv
2022,2769-199-SE22,municipal,Educación,25-08-2022 0:00:00,compra gabinete extintores,"preobligacion 5/8 item 2152204010 c.c. 10.11.10 subprograma 5 entregar en calle Julio Covarrubias N° 9360, paradero 27 de gran avenida al oriente, contacto Sr. Ricardo Oyarzun.-",Aceptada,Trato Directo,1,CLP,492655.24,492655.24,,unidad_educacion_sin_rbd_unico,municipal_2022_Sem2.7z:1100488OCTratoDirecto.csv
2022,2769-2-SE22,municipal,Educación,20-01-2022 0:00:00,compra libros de clases,"preobligacion 5/1 item 2152204001 c.c. 000000 subprograma 1 entregar en Avenida El Parrón 498-A, paradero 21 de gran avenida al oriente, contacto Sr. Guillermo García o Sr. José Aguilar al fono 225482281.-",Aceptada,Trato Directo,1,CLP,2620391.9,2620391.9,,unidad_educacion_sin_rbd_unico,municipal_2022_Sem1.7z:1100488OCTratoDirecto.csv
2022,2769-203-SE22,municipal,Educación,29-08-2022 0:00:00,Arriendo de Buses tranlado Salidas pedagógicas Biofactoria La Florida.,Salidas pedagógicas Traslado Empresa Biofactoria La Florida. Pre Obligación Presupuestaria 5/138 C.C. 10027 S.p 4. Direccion de despacho Goycolea 469 La Cisterna. Liceo Ciencia y Tecnología. Contacto Rafael Rojas 986640256,Aceptada,Trato Directo,1,CLP,2240000.0,2240000.0,9693,nombre_o_rbd_unico,municipal_2022_Sem2.7z:1100488OCTratoDirecto.csv
2022,2769-206-SE22,municipal,Educación,29-08-2022 0:00:00,compra mascarillas infantiles,"preobligacion 5/22 item 2152204005 c.c. 10.11.10 subprograma 5 entregar en Avenida El Parrón 498-A, paradero 21 de Gran avenda al Oriente, Contacto Sr. Guillermo Garcia al 997832370",Aceptada,Trato Directo,1,CLP,2796202.5,2796202.5,,unidad_educacion_sin_rbd_unico,municipal_2022_Sem2.7z:1100488OCTratoDirecto.csv
2022,2769-21-SE22,municipal,Educación,25-03-2022 0:00:00,compra taza de baño,"preobligacion 5/12 item 2152204010 subprograma 6 c.c. 10.09.01  Esc.555 entregar en calle Isabel La Católica 0950, paradero 22 de gran avenida al poniente, contacto Sr. Gabriel Jimenez",Aceptada,Trato Directo,1,CLP,154581.0,154581.0,,unidad_educacion_sin_rbd_unico,municipal_2022_Sem1.7z:1100488OCTratoDirecto.csv
2022,2769-210-CM22,municipal,Educación,30-08-2022 0:00:00,Orden de Compra: 2769-210-CM22,"preobligacion 5/99 item 2152204007 c.c. 10.11.02 subprograma 5 entregar en Avenida El Parron 498-A, paradero 21 de gran avenida al oriente, contacto Sr. Guillerm Garcia al 997832370.- Orden de Compra codigo: 2769-210-CM22 dirigida a SOCIEDAD DE INVERSIONE",Aceptada,Convenio Marco,0,CLP,1272626.46,1272626.46,,unidad_educacion_sin_rbd_unico,municipal_2022_Sem2.7z:1100488OCConvenioMarco.csv
2022,2769-212-SE22,municipal,Educación,31-08-2022 0:00:00,pendon l.112,preobligacion 5/136 item 2152207002 c.c. 02.01.01 subprograma 1 entregar en Avenida El Parron 498,Aceptada,Trato Directo,1,CLP,130900.0,130900.0,,unidad_educacion_sin_rbd_unico,municipal_2022_Sem2.7z:1100488OCTratoDirecto.csv
2022,2769-22-SE22,municipal,Educación,25-03-2022 0:00:00,reparaciones varias Liceo Portal,preobligacion 5/8 item 2152206001 c.c. 10.11.10 subprograma 5 Contacto Sr. Juan Claudio Gonzalez,Aceptada,Trato Directo,1,CLP,2225300.0,2225300.0,,unidad_educacion_sin_rbd_unico,municipal_2022_Sem1.7z:1100488OCTratoDirecto.csv
2022,2769-223-SE22,municipal,Educación,01-09-2022 0:00:00,Adquisición de chaquetas colegio Naciones Unidas,Pre obligacion 5/134. Fondos Pro retención colegio Naciones Unidas,Enviada a Proveedor,Trato Directo,1,CLP,2195550.0,,9699,nombre_o_rbd_unico,municipal_2022_Sem2.7z:1100488OCTratoDirecto.csv
2022,2769-229-SE22,municipal,Educación,01-09-2022 0:00:00,Trabajos en baños de Estudiantes Liceo Ciencia y Tecnología.,Trabajos de reparaciones en baño varones de estudiantes. Pre obligación 5/10 c.c 100923 Sp6. de Mantenimiento. direccion de despacho Av Goycolea 469 La Cisterna. Contacto Rafael Rojas. 986640256. Liceo Ciencia y Tecnología.,Aceptada,Trato Directo,1,CLP,1844500.0,1844500.0,9693,nombre_o_rbd_unico,municipal_2022_Sem2.7z:1100488OCTratoDirecto.csv
2022,2769-23-SE22,municipal,Educación,25-03-2022 0:00:00,materiales pie,"preobligacion 5/19 item 2152204001 subprograma 2 c.c. 10.03.08, 10.03.02, 10.03.05, 10.03.06, 10.03.03, 10.03.04, 10.03.07, 10.03.01, correspondiendo $ 112.693 a cada centro de costo.- entregar en Avenida El Parron 498-A, paradero 21 de gran avenida al Oriente, contacto Sr. Francisco Sanchez al celular 996097022 o Srta. Gabriela urriola al celular 982042769.-",Aceptada,Trato Directo,1,CLP,901144.16,901144.16,,unidad_educacion_sin_rbd_unico,municipal_2022_Sem1.7z:1100488OCTratoDirecto.csv
2022,2769-231-SE22,municipal,Educación,06-09-2022 0:00:00,construcción de sala al aire libre en esc.555,preobligacion 5/100 item 2152206001 c.c. 10.11.11  (movamonos 2020) subprograma 5 contacto sr. Michel Mella o Gabriel Jimenez ,Aceptada,Trato Directo,1,CLP,2650000.29,2650000.29,,unidad_educacion_sin_rbd_unico,municipal_2022_Sem2.7z:1100488OCTratoDirecto.csv
2022,2769-232-SE22,municipal,Educación,06-09-2022 0:00:00,PRESENTACION ARTISITICA,PRE OBLIGACION 5/137. LEY SEP COLEGIO ANTU,Aceptada,Licitacion Publica,0,CLP,1720000.0,1720000.0,9730,nombre_o_rbd_unico,municipal_2022_Sem2.7z:1100488OCLicitacion.csv
2022,2769-24-AG22,municipal,Educación,07-04-2022 0:00:00,"Proyectores e impresora, Esperanza Joven, compra ágil: 2769-10-COT22",Adquisición de dos impresoras y dos proyectores para equipamiento de salas del Colegio Esperanza Joven,Aceptada,Compra Agil,0,CLP,1139998.58,1139998.58,9703,nombre_o_rbd_unico,municipal_2022_Sem1.7z:1100488OCCompraAgil.csv
2022,2769-25-AG22,municipal,Educación,07-04-2022 0:00:00,"Tóners y tintas, Colegio Esperanza Joven, compra ágil: 2769-9-COT22",Ítem: 204009 CC: 100205 Preobligación presupuestaria 5/20 Fuente de Financiamiento: Ley SEP,Aceptada,Compra Agil,0,CLP,699990.13,699990.13,9703,nombre_o_rbd_unico,municipal_2022_Sem1.7z:1100488OCCompraAgil.csv
2022,2769-257-CM22,municipal,Educación,13-09-2022 0:00:00,Orden de Compra: 2769-257-CM22,"preobligacion 5/22 item 2152204005 c.c. 10.11.10 subprograma 5 entregar en Avenida El Parron 498-A, paradero 21 de gran avenida al oriente, contacto Guillermo Garcia al 997832370. Orden de Compra codigo: 2769-257-CM22 dirigida a REUTTER S A",Aceptada,Convenio Marco,0,CLP,1932560.0,1932560.0,,unidad_educacion_sin_rbd_unico,municipal_2022_Sem2.7z:1100488OCConvenioMarco.csv
2022,2769-258-SE22,municipal,Educación,14-09-2022 0:00:00,COMPRA CORTINAS LICEO PORTAL,"PREOBLIGACION 5/100 ITEM 2152206001 C.C. 10.11.11 (MOVAMONOS) SUBPROGRAMA 5 LICEO PORTAL, CALLE ESMERALDA N° 6305, ESQUINA AVENIDA LO OVALLE, PARADERO 17 DE GRAN AVENIDA AL ORIENTE, CONTACTO SRA. ANA MARIA SILVA.",Aceptada,Trato Directo,1,CLP,2719975.86,2719975.86,,unidad_educacion_sin_rbd_unico,municipal_2022_Sem2.7z:1100488OCTratoDirecto.csv
2022,2769-26-SE22,municipal,Educación,12-04-2022 0:00:00,reparaciones varias en Liceo 112,"preobligacion  5/10 item 2152206001 c.c. 10.09.03   Unidad de Mantenimiento subprograma 6 trabajos en Avenida Goycolea N° 469, paradero 26 de gran avenida al oriente, contacto Sra. Jacqueline Muñoz ",Aceptada,Trato Directo,1,CLP,3660440.0,3660440.0,,unidad_educacion_sin_rbd_unico,municipal_2022_Sem1.7z:1100488OCTratoDirecto.csv
2022,2769-265-SE22,municipal,Educación,15-09-2022 0:00:00,compra parlantes a colegios,"preobligacion 5/163 item 2152905001 c.c. 10.11.10 subprograma 5 contacto Sra. Verónica Bustos o Guillermo García al 997832370, entregar en Avenida El Parrón 498-A, paradero 21 de gran Avenida al oriente.-",Aceptada,Trato Directo,1,CLP,4016000.1,4016000.1,,unidad_educacion_sin_rbd_unico,municipal_2022_Sem2.7z:1100488OCTratoDirecto.csv
2022,2769-269-SE22,municipal,Educación,21-09-2022 0:00:00,COMPRA E INSTALACION VIDRIOS LICEO PORTAL,"PREOBLIGACION 5/8 ITEM 2152206001 C.C. 10.11.10 SUBPROGRAMA 5 TRABAJOS EN LICEO PORTAL, CALLE ESMERLDA N° 6305, ESQUINA AVENIDA LO OVALLE, PRADERO 17 DE GRAN AVENIDA AL ORIENTE, CONTACTO SRA. ANA SILVA.-",Aceptada,Trato Directo,1,CLP,350000.42,350000.42,,unidad_educacion_sin_rbd_unico,municipal_2022_Sem2.7z:1100488OCTratoDirecto.csv
2022,2769-27-SE22,municipal,Educación,13-04-2022 0:00:00,excavacion de tierra en Esc.555,"preobligacion 5/8 item 2152206001 c.c. 10.11.10 subprograma 5 trabajos a realizar en Escuela Naciones Unidas, calle Isabel La Catolica 0960, paradero 22 de Gran Avenida al poniente, contacto Sr. Gabriel Jimenez.- ",Aceptada,Trato Directo,1,CLP,2380000.0,2380000.0,9699,nombre_o_rbd_unico,municipal_2022_Sem1.7z:1100488OCTratoDirecto.csv
2022,2769-270-SE22,municipal,Educación,21-09-2022 0:00:00,COMPRA  4 FOTOCOPIAS MULTIFUNCIONAL,"PREOBLIGACION 5/164 ITEM 2152905001 C.C. 10.11.10 SUBPROGRAMA 5 ENTREGAR EN AVENIDA EL PARRON N° 498-A, PARADWERO 21 DE GRAN AVENIDA AL ORIENTE, CONTACTO SRA. VERONOCA BUSTOS O GUILLERMO GARCIA.-",Aceptada,Trato Directo,1,CLP,5000000.15,5000000.15,,unidad_educacion_sin_rbd_unico,municipal_2022_Sem2.7z:1100488OCTratoDirecto.csv
2022,2769-271-SE22,municipal,Educación,21-09-2022 0:00:00,compra sillas y mesas liceo portal,"preobligacion 5/7 item 2152904 c.c. 10.11.10 subprograma 5 entregar en Liceo Portal, calle Esmeralda 6305, esquina Avenida Lo Ovalle, paradero 17 de gran avenida al oriente, contacto sra Ana Silva.- ",Aceptada,Trato Directo,1,CLP,1989941.8,1989941.8,,unidad_educacion_sin_rbd_unico,municipal_2022_Sem2.7z:1100488OCTratoDirecto.csv
2022,2769-273-SE22,municipal,Educación,21-09-2022 0:00:00,compra micoondas y termos,"preobligacion 5/164 item 2152905001 c.c. 10.11.10 subprograma 5 entregar en Avenida El Parrón N° 498-A, paradero 21 de gran avenida al oriente, contacto Sr. Guillermo García al 997832370.-",Aceptada,Trato Directo,1,CLP,1475600.0,1475600.0,,unidad_educacion_sin_rbd_unico,municipal_2022_Sem2.7z:1100488OCTratoDirecto.csv
2022,2769-274-SE22,municipal,Educación,22-09-2022 0:00:00,COMPRA CORTINAS LICEO OLOF PALME,"PREOBLIGACION 5/100 ITEM 2152206001 C.C. 10.11.11 (MOVAMONOS) SUBPROGRAMA 5 INSTALACION LICEO OLOF PALME EN JULIO COVARRUBIAS N° 9370, PARADERO 27 DE GRAN AVENIDA AL ORIENTE, CONTACTO SR. RICARDO OYARZUN O JAIME OLATE.-",Aceptada,Trato Directo,1,CLP,4499866.0,4499866.0,9701,nombre_o_rbd_unico,municipal_2022_Sem2.7z:1100488OCTratoDirecto.csv
2022,2769-275-SE22,municipal,Educación,23-09-2022 0:00:00,evento para asistentes,preobligacion 5/170 item 2152208999 c.c.10.11.10 subprograma 5 contacto Sr. Francisco Sánchez o Sra. Verónica Bustos,Aceptada,Trato Directo,1,CLP,3927000.0,3927000.0,,unidad_educacion_sin_rbd_unico,municipal_2022_Sem2.7z:1100488OCTratoDirecto.csv
2022,2769-276-SE22,municipal,Educación,23-09-2022 0:00:00,evento para docentes,preobligacion 5/170 item 2152208999 c.c. 10.11.10 subprograma 5 contacto Sr. Francisco Sánchez o Sra. Verónica  Bustos,Aceptada,Trato Directo,1,CLP,5202746.64,5202746.64,,unidad_educacion_sin_rbd_unico,municipal_2022_Sem2.7z:1100488OCTratoDirecto.csv
2022,2769-277-CM22,municipal,Educación,23-09-2022 0:00:00,Orden de Compra: 2769-277-CM22,PREOBLIGACION 5/172 ITEM 2152906001 C.C. 10.11.10 SUBPROGRAMA 5 CONTACTO SR. FRANCISCO SANCHEZ O VERONICA BUSTOS VALOR DOLAR DEL DIA $ 943.07 Orden de Compra codigo: 2769-277-CM22 dirigida a LANIX TECHNOLOGY CHILE S A,Aceptada,Convenio Marco,0,USD,,,,unidad_educacion_sin_rbd_unico,municipal_2022_Sem2.7z:1100488OCConvenioMarco.csv
2022,2769-278-CM22,municipal,Educación,23-09-2022 0:00:00,"2239-4-LR16 Serv. de Reclutamiento, Selección y Consultorías","preobligacion 5/175 item 2152211999002 c.c. 10.11.10 subprograma 5 contacto Sra. Verónica Bustos o Guillermo García valer UF $ 34.163,01 Orden de Compra generada desde carro compras",Aceptada,Convenio Marco,0,CLF,,,,unidad_educacion_sin_rbd_unico,municipal_2022_Sem2.7z:1100488OCConvenioMarco.csv
2022,2769-279-SE22,municipal,Educación,23-09-2022 0:00:00,compra microondas y termos,"preobligacion 5/177 item 2152905001 c.c. 10.11.10 subprograma 5 entregar en Avenida el Parrón 498-A, paradero 21 de gran avenida al oriente, contacto Guillermo García al 997832370, esta o/c reemplaza a la 2769-273-se22.-",Aceptada,Trato Directo,1,CLP,1475600.0,1475600.0,,unidad_educacion_sin_rbd_unico,municipal_2022_Sem2.7z:1100488OCTratoDirecto.csv
2022,2769-28-CM22,municipal,Educación,14-04-2022 0:00:00,Orden de Compra: 2769-28-CM22,"Orden de Compra codigo: 2769-28-CM22 dirigida a COMERCIALIZADORA, EXPORTADORA E IMPORTADORA MAGENS-ISB SPA",Aceptada,Convenio Marco,0,CLP,1881485.2,1881485.2,,unidad_educacion_sin_rbd_unico,municipal_2022_Sem1.7z:1100488OCConvenioMarco.csv
2022,2769-29-CM22,municipal,Educación,14-04-2022 0:00:00,Orden de Compra: 2769-29-CM22,"preobligacion 5/22 item 2152204007 c.c. 10.11.10 subprograma  entregar en Avenida El Parron 498-A, paradero 21 de gran avenida al poniente, contacto Guillermo García al 997832370 o José Aguilar al 97636928. .Orden de Compra código: 2769-29-CM22 dirigida a",Aceptada,Convenio Marco,0,CLP,1155827.96,1155827.96,,unidad_educacion_sin_rbd_unico,municipal_2022_Sem1.7z:1100488OCConvenioMarco.csv
2022,2769-295-SE22,municipal,Educación,03-10-2022 0:00:00,fumigación y reparación techo LOP,preobligacion 5/9 item 21522006001 c.c. 10.11.02 subprograma 5 contacto en Liceo Olof Palme con Sr. Ricardo Oyarzun o Sr. Jaime Olate.-,Aceptada,Trato Directo,1,CLP,2130100.0,2130100.0,9701,nombre_o_rbd_unico,municipal_2022_Sem2.7z:1100488OCTratoDirecto.csv
2022,2769-304-CM22,municipal,Educación,07-10-2022 0:00:00,Orden de Compra: 2769-304-CM22,Orden de Compra código: 2769-304-CM22 dirigida a SODEXO SOLUCIONES DE MOTIVACION CHILE S.A. ADQUISICION DE 18 GIFT CARD AL PORTADOR POR UN MONTO EN CADA TARJETA DE $ 93.888 PARA SER UTILIZADA EN RETAILCENCOSUD S.A. RUT 81201000-K,Aceptada,Convenio Marco,0,CLP,1487200.0,1487200.0,,unidad_educacion_sin_rbd_unico,municipal_2022_Sem2.7z:1100488OCConvenioMarco.csv
2022,2769-317-SE22,municipal,Educación,18-10-2022 0:00:00,salida pedagógica Kidzania 2°-3° y 4° básico,pre-obligación 5/192 adquisición de entradas para ingreso a Kidzania para el día 28 de octubre de 2022 alumnos de 2°-3° y 4° básico del liceo Olof Palme de la comuna de La Cisterna,Aceptada,Trato Directo,1,CLP,1234400.0,1234400.0,9701,nombre_o_rbd_unico,municipal_2022_Sem2.7z:1100488OCTratoDirecto.csv
2022,2769-32-CM22,municipal,Educación,14-04-2022 0:00:00,Orden de Compra: 2769-32-CM22,"preobligacion 5/22 item 2152204007 c.c. 10.11.10 subprograma 5 entregar en Avenida El Parron 498-A, paradero 21 de gran avenida al poniente.contacto guillermo garcia al 997832370 o jose aguilar Orden de Compra codigo: 2769-32-CM22 dirigida a COMERCIALIZAD",Aceptada,Convenio Marco,0,CLP,1068524.8,1068524.8,,unidad_educacion_sin_rbd_unico,municipal_2022_Sem1.7z:1100488OCConvenioMarco.csv
2022,2769-33-SE22,municipal,Educación,14-04-2022 0:00:00,compra revisteros memphis,"preobligacion 5/19 item 2152204001 c.c. 100308, 100302, 100305, 100306, 100303, 100304, 100307 y 100301, correspondiendo  $ 27.239 a cada uno.",Aceptada,Trato Directo,1,CLP,217912.8,217912.8,,unidad_educacion_sin_rbd_unico,municipal_2022_Sem1.7z:1100488OCTratoDirecto.csv
2022,2769-332-CM22,municipal,Educación,20-10-2022 0:00:00,RECARGA TARJETA DE ALIMENTACIÓN,pre-obligación 5/193 Orden de Compra codigo: 2769-332-CM22 dirigida a EDENRED CHILE SOCIEDAD ANONIMA,Aceptada,Convenio Marco,0,CLP,2499999.85,2499999.85,,unidad_educacion_sin_rbd_unico,municipal_2022_Sem2.7z:1100488OCConvenioMarco.csv
2022,2769-34-AG22,municipal,Educación,18-04-2022 0:00:00,Adquisición de HDMI. Orden de Compra generada por invitación a compra ágil: 2769-11-COT22,"Compra realizada con presupuesto de unidad de mantenimiento Pre Obligación 5/12  C.C 100903 SP6. Cambio de Cables HDMI para el mantenimiento de las salas y laboratorios. Despacha a Liceo Ciencia yTecnologóa Ubicado en Goycolea 469, La Cisterna. Contacto Rafael Rojas 986640256.   ",Aceptada,Compra Agil,0,CLP,229194.0,229194.0,9693,nombre_o_rbd_unico,municipal_2022_Sem1.7z:1100488OCCompraAgil.csv
2022,2769-35-AG22,municipal,Educación,22-04-2022 0:00:00,Materiales para mantenimiento de redes. Orden de Compra generada por invitación a compra ágil: 2769-13-COT22,"Compra realizada con presupuesto de unidad de Mantenimiento Pre Obligación 5/12 C.C 100903 SP6. Materiales para el mantenimiento de las salas y laboratorios. Despachar a Liceo Ciencia y Tecnologóa, Ubicado en Goycolea 469, La Cisterna. Contacto Rafael Rojas 986640256. ",Aceptada,Compra Agil,0,CLP,1637088.95,1637088.95,9693,nombre_o_rbd_unico,municipal_2022_Sem1.7z:1100488OCCompraAgil.csv
2022,2769-36-CM22,municipal,Educación,19-04-2022 0:00:00,Orden de Compra: 2769-36-CM22,"preobligacion 5/22 item 2152204007 c.c. 10.11.10 subprograma 5 entregar en Avenida El Parrón 498-a, paradero 21 de gran avenida al oriente, contacto Guillermo García o José Aguilar al fono 225482281.-Orden de Compra código: 2769-36-CM22 dirigida a ROLAND ",Aceptada,Convenio Marco,0,CLP,1395999.71,1395999.71,,unidad_educacion_sin_rbd_unico,municipal_2022_Sem1.7z:1100488OCConvenioMarco.csv
2022,2769-38-AG22,municipal,Educación,20-04-2022 0:00:00,Orden de Compra generada por invitación a compra ágil: 2769-16-COT22,"preobligacion 5/17 item 2152906001 c.c.  10.03.08, 10.03.02, 10.03.05, 10.03.06, 10.03.03, 10.03.04, 10.03.07, 10.03.01.- subprograma 2 entregar en Avenida El Parron 498-A, paradero 21 de gran avenida al oriente, contacto Srta. Gabriela Urriola al 982042769. o Guillermo Garcia al 225482281.- ",Aceptada,Compra Agil,0,CLP,1217331.92,1217331.92,,unidad_educacion_sin_rbd_unico,municipal_2022_Sem1.7z:1100488OCCompraAgil.csv
2022,2769-381-SE22,municipal,Educación,08-11-2022 0:00:00,"Mantenimiento y reparación, E Oscar Encalada ","Se requiere adquirir trabajos de mantenimiento y reparación, para la Escuela Oscar Encalada, ubicada en Pedro Aguirre Cerda 0184, La Cisterna. pre-obligación 5-11 fondos mantenimiento C.C. 100906 Sp 6",Aceptada,Trato Directo,1,CLP,2543444.12,2543444.12,9706,nombre_o_rbd_unico,municipal_2022_Sem2.7z:1100488OCTratoDirecto.csv
2022,2769-385-SE22,municipal,Educación,09-11-2022 0:00:00,Vestuario y prendas diveresas,"Uniformes escolares, poleras institucionales.",Aceptada,Trato Directo,1,CLP,2998919.0,2998919.0,,unidad_educacion_sin_rbd_unico,municipal_2022_Sem2.7z:1100488OCTratoDirecto.csv
2022,2769-39-AG22,municipal,Educación,21-04-2022 0:00:00,Orden de Compra generada por invitación a compra ágil: 2769-19-COT22,"preobligacion 5/22 item 2152204005 c.c. 10.11.10 subprograma 5 entregar en venida El Parron 498-A, paradero 21 de gran avenida al oriente, contacto Sr. Guillermo Garcia o Sr. Jose Aguilar al fono 22582281.-",Aceptada,Compra Agil,0,CLP,882980.0,882980.0,,unidad_educacion_sin_rbd_unico,municipal_2022_Sem1.7z:1100488OCCompraAgil.csv
2022,2769-394-SE22,municipal,Educación,16-11-2022 0:00:00,COL. CIENCIA Y TECNOLOGÍA: RENOVACIÓN DE SOFTWARE.,Renovación de Software Full College Liceo Ciencia y Tecnología.   Contacto: Claudio Aravena 982324960  Ítem: 215.2907001 Cc: 10.11.02 ,Aceptada,Convenio Marco,0,CLP,2240000.0,2240000.0,9693,nombre_o_rbd_unico,municipal_2022_Sem2.7z:1100488OCConvenioMarco.csv
2022,2769-397-SE22,municipal,Educación,17-11-2022 0:00:00,Reparaciones por Fiscalización de Superintendencia de Educación,Reparaciones por fiscalización superintendencia de Educación. Pre obligación 5/10. C.C: 100903 S.P 6. Dirección de despacho de los trabajos Av Goycolea 469 La Cisterna. Contacto Rafael Rojas. Liceo Ciencia y TEcnología.,Aceptada,Trato Directo,1,CLP,4278050.0,4278050.0,9693,nombre_o_rbd_unico,municipal_2022_Sem2.7z:1100488OCTratoDirecto.csv
2022,2769-4-SE22,municipal,Educación,02-02-2022 0:00:00,Materiales bypass bomba agua Liceo Portal,"Memorándum 113 Jefe Educación Despachar en Esmeralda 6305, La Cisterna, contacto Srta. Angélica Ulloa , teléfono 56974664374, correo: aulloaj@cisterna.cl Obligación 34-4 Educación (2), Archivo.-  ",Aceptada,Trato Directo,1,CLP,120479.17,120479.17,,unidad_educacion_sin_rbd_unico,municipal_2022_Sem1.7z:1100488OCTratoDirecto.csv
2022,2769-40-AG22,municipal,Educación,27-04-2022 0:00:00,materiales para cierre,Pre-obligación  5/12 los productos deberán ser entregados en dependencias del Liceo Olof Palme ubicado en Julio Covarrubias 9370 en la comuna de La Cisterna en horario de lunes a viernes entre las 09:00  a  14:00 hrs,Aceptada,Compra Agil,0,CLP,489206.62,489206.62,9701,nombre_o_rbd_unico,municipal_2022_Sem1.7z:1100488OCCompraAgil.csv
2022,2769-41-SE22,municipal,Educación,27-04-2022 0:00:00,reparación baños alumnos,Pre-obligación 5/23 los trabajos se deberán realizar en las dependencias del Liceo Olof Palme ubicado en Julio Covarrubias 9370 en la comuna de La Cisterna,Aceptada,Trato Directo,1,CLP,535000.2,535000.2,9701,nombre_o_rbd_unico,municipal_2022_Sem1.7z:1100488OCTratoDirecto.csv
2022,2769-417-SE22,municipal,Educación,25-11-2022 0:00:00,"Reparaciones en sala PIE, tabiqueria pintura y electricidad Liceo Ciencia y Tecnología.",Reparaciones tabiqueria pintura y electricidad en sala de atención PIE. Liceo Ciencia y Tecnología. Pre obligación 5/10 c.c 100903 s.p6.Tarabajos en Av Goycolea 469 La Cisterna. contacto Rafael Rojas 986640256.,Aceptada,Trato Directo,1,CLP,3022999.84,3022999.84,9693,nombre_o_rbd_unico,municipal_2022_Sem2.7z:1100488OCTratoDirecto.csv
2022,2769-42-CM22,municipal,Educación,27-04-2022 0:00:00,Orden de Compra: 2769-42-CM22,"preobligacion 5/29 ítem 2152204007 c.c. 10.11.02 subprograma 5 entregar en Avenida El Parrón 498-A, paradero 21 de gran avenida al oriente, contacto Sr. Guillermo García o José Aguilar al fono 225482281.-Orden de Compra código: 2769-42-CM22 dirigida a COM",Aceptada,Convenio Marco,0,CLP,1391043.36,1391043.36,,unidad_educacion_sin_rbd_unico,municipal_2022_Sem1.7z:1100488OCConvenioMarco.csv
2022,2769-420-SE22,municipal,Educación,25-11-2022 0:00:00,tableros de basquetbol ,reolucion 15  item 29.04 c.c 100202 pre oblicacion 5/278,Aceptada,Trato Directo,1,CLP,4998000.0,4998000.0,,unidad_educacion_sin_rbd_unico,municipal_2022_Sem2.7z:1100488OCTratoDirecto.csv
2022,2769-43-AG22,municipal,Educación,28-04-2022 0:00:00,cuadernos caligrafix 2,pre-obligación 5/36 los productos deberán ser entregados en dependencias del Liceo Olof Palme ubicado en Julio Covarrubias 9370 en la comuna de La Cisterna horario de entrega de lunes a viernes de 09:00  a  14:00 hrs,Aceptada,Compra Agil,0,CLP,333200.0,333200.0,9701,nombre_o_rbd_unico,municipal_2022_Sem1.7z:1100488OCCompraAgil.csv
2022,2769-44-AG22,municipal,Educación,29-04-2022 0:00:00,Adquisición equipos de redes. Orden de Compra generada por invitación a compra ágil: 2769-25-COT22,"Equipos de redes para la conectividad de la red wifi. Pre Obligación Presupuestaria 5/24, LEY SEP, despacho Goycolea 469, La Cisterna. Liceo Ciencia y Tecnología. contacto Rafael Rojas. 986640256. ",Aceptada,Compra Agil,0,CLP,1286975.48,1286975.48,9693,nombre_o_rbd_unico,municipal_2022_Sem1.7z:1100488OCCompraAgil.csv
2022,2769-453-SE22,municipal,Educación,05-12-2022 0:00:00,COL.PALESTINO: CAPACITACIÓN TALLER DE LIDERAZGO.,"Asesoría y capacitación: TALLER DE LIDERAZGO, TRABAJO EN EQUIPO Y COMUNICACIONES. En contexto de la socialización, empoderamiento y compromiso de nuestro proyecto educativo institucional año 2022-2027.  Contacto: SANDRA CARRASCO ÁVILA, Fono: 939157310  Ítem: 215.2211002 Cc: 10.02.03 Sub.prog: 4 SEP.",Aceptada,Trato Directo,1,CLP,4500000.0,4500000.0,,unidad_educacion_sin_rbd_unico,municipal_2022_Sem2.7z:1100488OCTratoDirecto.csv
2022,2769-46-SE22,municipal,Educación,29-04-2022 0:00:00,limpieza alcantarillados de L Olof Palme y Esc 555,preobligacion 5/8 item 2152206001 c.c. 10.11.10 subprograma 5 contacto en Liceo Olof Palme Sr. Jaime Olate y en Escuela Naciones Unidas Sr. Gabriel Jimenez ,Aceptada,Trato Directo,1,CLP,1071000.0,1071000.0,,unidad_educacion_sin_rbd_unico,municipal_2022_Sem1.7z:1100488OCTratoDirecto.csv
2022,2769-47-CM22,municipal,Educación,02-05-2022 0:00:00,Orden de Compra: 2769-47-CM22,"preobligacion 5/29 item 2152204003 c.c. 10.11.02 subprograma 5 entregar en Avenida El Parrón 498-A, paradero 21 de gran avenida hacia el oriente, contacto Sr. Guillermo García o Sr. José Aguilar al fono 225482281.-orden de Compra codigo: 2769-47-CM22 diri",Aceptada,Convenio Marco,0,CLP,2611413.35,2611413.35,,unidad_educacion_sin_rbd_unico,municipal_2022_Sem1.7z:1100488OCConvenioMarco.csv
2022,2769-470-SE22,municipal,Educación,12-12-2022 0:00:00,Est para abordar las nec ed de est del espectro A,"capacitación de estrategias para abordar estudiantes dentro del espectro del autismo, por trato directo    ",Aceptada,Trato Directo,1,CLP,1120000.0,1120000.0,,unidad_educacion_sin_rbd_unico,municipal_2022_Sem2.7z:1100488OCTratoDirecto.csv
2022,2769-475-SE22,municipal,Educación,13-12-2022 0:00:00,JORNADA DE  TECNICAS DE AUTO CUIDADO EMOCIONAL,PRE OBLIGACION 310. LEY SEP COLEGIO ANTU.LA CAPACITACION SE REALIZARA LUNES 19 DE DICIEMBRE DESDE LA  8:30 A 18:30 HRS. ,Aceptada,Trato Directo,1,CLP,5000000.0,5000000.0,9730,nombre_o_rbd_unico,municipal_2022_Sem2.7z:1100488OCTratoDirecto.csv
2022,2769-48-CM22,municipal,Educación,02-05-2022 0:00:00,Orden de Compra: 2769-48-CM22,"preobligacion presupuestaria 5/29 item 2152204007 c.c. 10.11.02 subprograma 5 despachar a Avenida El Parrón 498-A, paradero 21 de gran Avenida al Oriente, contacto Sr. Guillermo García o Sr. José Aguilar.- Orden de Compra codigo: 2769-48-CM22 dirigida a S",Aceptada,Convenio Marco,0,CLP,2519848.8,2519848.8,,unidad_educacion_sin_rbd_unico,municipal_2022_Sem1.7z:1100488OCConvenioMarco.csv
2022,2769-482-SE22,municipal,Educación,15-12-2022 0:00:00,COLEGIO CIENCIA Y TECNOLOGÍA: Full College.,Renovación software Full College para Liceo Ciencia y Tecnología.  ítem: 29.07.001 cc: 10.11.02 Sub.prog: 5 FAEP,Aceptada,Trato Directo,1,CLP,2240000.0,2240000.0,9693,nombre_o_rbd_unico,municipal_2022_Sem2.7z:1100488OCTratoDirecto.csv
2022,2769-489-SE22,municipal,Educación,27-12-2022 0:00:00, reparacion e instalacion de bajadas de agua,"instalación y reparación de canaletas galvanizadas nuevas y bajadas de aguas lluvia, preobligacion 5/9 item 2206001",Aceptada,Trato Directo,1,CLP,4284297.5,4284297.5,,unidad_educacion_sin_rbd_unico,municipal_2022_Sem2.7z:1100488OCTratoDirecto.csv
2022,2769-49-AG22,municipal,Educación,03-05-2022 0:00:00,Orden de Compra generada por invitación a compra ágil: 2769-31-COT22,Pre obligacion 5 /28. ley Sep colegio Antu,Aceptada,Compra Agil,0,CLP,1404200.0,1404200.0,9730,nombre_o_rbd_unico,municipal_2022_Sem1.7z:1100488OCCompraAgil.csv
2022,2769-490-SE22,municipal,Educación,28-12-2022 0:00:00,publicación de aviso en diario ,publicacion de aviso de busqueda de profesores  cc 020101 preobligacion 5/320 item 2152207001,Aceptada,Trato Directo,1,CLP,358125.74,358125.74,,unidad_educacion_sin_rbd_unico,municipal_2022_Sem2.7z:1100488OCTratoDirecto.csv
2022,2769-50-AG22,municipal,Educación,03-05-2022 0:00:00,Orden de Compra generada por invitación a compra ágil: 2769-30-COT22,Ley Sep colegio Antu Pre obligacion 5/25,Aceptada,Compra Agil,0,CLP,1499400.0,1499400.0,9730,nombre_o_rbd_unico,municipal_2022_Sem1.7z:1100488OCCompraAgil.csv
2022,2769-51-AG22,municipal,Educación,03-05-2022 0:00:00,Orden de Compra generada por invitación a compra ágil: 2769-32-COT22,Ley Sep colegio Antu pre obligacion 5/26,Aceptada,Compra Agil,0,CLP,702100.0,702100.0,9730,nombre_o_rbd_unico,municipal_2022_Sem1.7z:1100488OCCompraAgil.csv
2022,2769-52-AG22,municipal,Educación,03-05-2022 0:00:00,Orden de Compra generada por invitación a compra ágil: 2769-24-COT22,Unidad de mantenimiento colegio Antu  centro de costo 100902 pre obligacion 5/12.  ,Aceptada,Compra Agil,0,CLP,562870.0,562870.0,9730,nombre_o_rbd_unico,municipal_2022_Sem1.7z:1100488OCCompraAgil.csv
2022,2769-53-AG22,municipal,Educación,04-05-2022 0:00:00,Orden de Compra generada por invitación a compra ágil: 2769-21-COT22,Material de oficina fondos ley sep.  nombre . Michel MELLA  DIRECCION  ISABEL LA COTOLICA 0960 LA CISTERNA   HORARIO DE 8.00 a 16 hrs,Aceptada,Compra Agil,0,CLP,1219773.8,1219773.8,9699,nombre_o_rbd_unico,municipal_2022_Sem1.7z:1100488OCCompraAgil.csv
2022,2769-54-AG22,municipal,Educación,04-05-2022 0:00:00,Orden de Compra generada por invitación a compra ágil: 2769-28-COT22,insumos para la impresoras del establecimiento ,Aceptada,Compra Agil,0,CLP,1269349.2,1269349.2,9699,nombre_o_rbd_unico,municipal_2022_Sem1.7z:1100488OCCompraAgil.csv
2022,2769-55-SE22,municipal,Educación,06-05-2022 0:00:00,reparacion de ventanas e instalacion de vidrios,"preobligacion 5/8 item 2152206001 c.c. 10.11.10 subprograma 5 trabajos a realizar Escuela Naciones Unidas en calle Isabel La Catolica 0960, paradero 22 1/2 de gran avenida contacto Sr. Gabriel Jimenez",Aceptada,Trato Directo,1,CLP,773500.0,773500.0,9699,nombre_o_rbd_unico,municipal_2022_Sem1.7z:1100488OCTratoDirecto.csv
2022,2769-56-AG22,municipal,Educación,09-05-2022 0:00:00,adquisición de tóner y tinta,pre-obligación 5/49 los productos deberán ser entregados en dependencias del Liceo Olof Palme ubicado en Julio Covarrubias 9370 de la comuna de La Cisterna en horario de lunes a viernes de 09:00  a  14:00 hrs,Aceptada,Compra Agil,0,CLP,1299998.84,1299998.84,9701,nombre_o_rbd_unico,municipal_2022_Sem1.7z:1100488OCCompraAgil.csv
2022,2769-57-AG22,municipal,Educación,09-05-2022 0:00:00,Adquisicción de material de enseñanza por compra ágil: 2769-33-COT22,Ítem: 2204002 CC: 100205 Fuente de Financiamiento: Ley SEP Preobligación Presupuestaria: 5/39,Aceptada,Compra Agil,0,CLP,1427272.91,1427272.91,9703,nombre_o_rbd_unico,municipal_2022_Sem1.7z:1100488OCCompraAgil.csv
2022,2769-58-AG22,municipal,Educación,09-05-2022 0:00:00,COLEGIO PALESTINO: Compra de Alargadores - Mantenimiento. compra ágil: 2769-39-COT22,"Compra de alargadores y extensor eléctrico para Colegio Palestino.  Dirección: Avenida El Parrón 498b, La Cisterna. Entre calles Angamos y Santa María. Contacto: Andrés Rojas, Fono: 964659094, Correo: Palestinosep@gmail.com  Pre-obligación: 5/47 ítem: 2152204999 CC: 10.09.05 SubProg: 6 Unidad de Mantenimiento",Aceptada,Compra Agil,0,CLP,265608.0,265608.0,9700,nombre_o_rbd_unico,municipal_2022_Sem1.7z:1100488OCCompraAgil.csv
2022,2769-59-AG22,municipal,Educación,09-05-2022 0:00:00,COLEGIO PALESTINO: Compra de Tóner compra ágil: 2769-42-COT22,"Compra de Tóner para Colegio Palestino.  Dirección: Avenida el Parrón 498b, La Cisterna. (Entre calles Angamos y Santa María). Contacto: Andrés Rojas, Fono: 964659094  Pre-obligación N°5/48",Aceptada,Compra Agil,0,CLP,1262373.42,1262373.42,9700,nombre_o_rbd_unico,municipal_2022_Sem1.7z:1100488OCCompraAgil.csv
2022,2769-6-SE22,municipal,Educación,04-02-2022 0:00:00,Reparación de toldos colegio palestino,"La I. Municipalidad de La Cisterna requiere de la reparación de toldos en Colegio Palestino, para hermoseamiento del espacio publico, proyecto Movámonos 2019",Aceptada,Trato Directo,1,CLP,332541.93,332541.93,9700,nombre_o_rbd_unico,municipal_2022_Sem1.7z:1100488OCTratoDirecto.csv
2022,2769-60-AG22,municipal,Educación,09-05-2022 0:00:00,Adquisición de material de oficina por compra ágil: 2769-34-COT22,Ítem: 2204001 CC: 100205 Fuente de Financiamiento: Ley SEP Preobligación Presupuestaria: 5/38,Aceptada,Compra Agil,0,CLP,867119.68,867119.68,9703,nombre_o_rbd_unico,municipal_2022_Sem1.7z:1100488OCCompraAgil.csv
2022,2769-61-AG22,municipal,Educación,09-05-2022 0:00:00,adquisición focos led,pre-obligación 5/12 los productos deberán ser entregados en dependencias del Liceo Olof Palme ubicado en Julio Covarrubias 9370 en la comuna de La Cisterna en horario de lunes s viernes de 09:00  a  14:00 hrs,Aceptada,Compra Agil,0,CLP,114240.0,114240.0,9701,nombre_o_rbd_unico,municipal_2022_Sem1.7z:1100488OCCompraAgil.csv
2022,2769-62-AG22,municipal,Educación,10-05-2022 0:00:00,Orden de Compra generada por invitación a compra ágil: 2769-29-COT22,Pre obligacion 5/27. Ley Sep colegio Antu,Aceptada,Compra Agil,0,CLP,1428000.0,1428000.0,9730,nombre_o_rbd_unico,municipal_2022_Sem1.7z:1100488OCCompraAgil.csv
2022,2769-64-AG22,municipal,Educación,10-05-2022 0:00:00,Orden de Compra generada por invitación a compra ágil: 2769-46-COT22,"preobligacion 5.29 ítem 2152204007 c.c. 10.11.02 entregar en Avenida El Parrón 498-A, paradero 21 de gran avenida al oriente, contacto Sr. Guillermo García o Sr. José Aguilar al fono 225482281.-",Aceptada,Compra Agil,0,CLP,936817.98,936817.98,,unidad_educacion_sin_rbd_unico,municipal_2022_Sem1.7z:1100488OCCompraAgil.csv
2022,2769-65-SE22,municipal,Educación,10-05-2022 0:00:00,TRANSPORTE SALIDA PEDAGOGICA COLEGIO ANTU,Pre Obligación 5/45 Ley SEP Colegio antu Trinidad Ramirez 0750 Disponibilidad Presupuestaria: Esta orden de compra cuenta con certificado de disponibilidad presupuestaria (CDP) o justificación presupuestaria a revisar en la sección adjuntos .,Aceptada,Trato Directo,1,CLP,200000.0,200000.0,9730,nombre_o_rbd_unico,municipal_2022_Sem1.7z:1100488OCTratoDirecto.csv
2022,2769-66-AG22,municipal,Educación,11-05-2022 0:00:00,Orden de Compra generada por invitación a compra ágil: 2769-35-COT22,RESMAS PAPEL FOTOCOPIA OFICIO Y A4 PRE OB.5/43 CC 100202 ITEM 2204009,Aceptada,Compra Agil,0,CLP,916300.0,916300.0,9699,nombre_o_rbd_unico,municipal_2022_Sem1.7z:1100488OCCompraAgil.csv
2022,2769-67-SE22,municipal,Educación,11-05-2022 0:00:00,reparación ventanas y cambio en liceo portal,"preobligacion 5/8 item 2152206001 c.c. 10.11.10 subprograma 5 trabajos a realizar en Liceo Portal, calle Esmeralda 6305 esquina Avenida lo Ovalle, paradero 17 de gran avenida al oriente.",Aceptada,Trato Directo,1,CLP,512890.0,512890.0,,unidad_educacion_sin_rbd_unico,municipal_2022_Sem1.7z:1100488OCTratoDirecto.csv
2022,2769-68-AG22,municipal,Educación,13-05-2022 0:00:00,adquisición de impresoras,pre-obligación 5/56 los productos deberán ser entregados en dependencias del Liceo Olof Palme ubicado en Julio Covarrubias 9370 en la comuna de La Cisterna en horario de lunes  a  viernes  de 09:00  a  14:00 hrs,Aceptada,Compra Agil,0,CLP,1284928.68,1284928.68,9701,nombre_o_rbd_unico,municipal_2022_Sem1.7z:1100488OCCompraAgil.csv
2022,2769-69-AG22,municipal,Educación,16-05-2022 0:00:00,Orden de Compra generada por invitación a compra ágil: 2769-51-COT22,"preobligacion presupuestaria 5/12 item 2152204010 c.c. 10.09.05 subprograma 6 entregar en Colegio Palestino, Avenida El Parrón 498, paradero 21 de gran avenida al oriente, contacto Sra. Sandra Carrasco, contacto Guillermo García al celular 997832370.-",Aceptada,Compra Agil,0,CLP,164418.73,164418.73,9700,nombre_o_rbd_unico,municipal_2022_Sem1.7z:1100488OCCompraAgil.csv
2022,2769-70-AG22,municipal,Educación,16-05-2022 0:00:00,Orden de Compra generada por invitación a compra ágil: 2769-52-COT22,"preobligacion 5/12 item 2152204010 c.c. 10.09.08 subprograma 6 entregar en Liceo Portal calle Esmeralda N° 6305, esquina Callejo Ovalle, paradero 17 de Gran Avenida al Oriente, contacto Sr. Oreste Veloso o Sr. Guillermo Garcia al celular 997832370.- ",Aceptada,Compra Agil,0,CLP,985605.6,985605.6,,unidad_educacion_sin_rbd_unico,municipal_2022_Sem1.7z:1100488OCCompraAgil.csv
2022,2769-71-AG22,municipal,Educación,17-05-2022 0:00:00,Orden de Compra generada por invitación a compra ágil: 2769-55-COT22,"PREOBLIGACION 5/12 ITEM 2152204010 C.C. 10.09.08 SUBPROGRAMA 6 ENTREGAR EN LICEO PORTAL EN CALLE ESMERALDA N° 6305 ESQUINA AVENIDA LO OVALLE, PARADERO 17 DE GRAN AVENIDA AL ORIENTE, CONTACTO SR. ORESTE VELOSO O SR. GUILLERMO GARCIA AL 225482281.-",Aceptada,Compra Agil,0,CLP,776129.9,776129.9,,unidad_educacion_sin_rbd_unico,municipal_2022_Sem1.7z:1100488OCCompraAgil.csv
2022,2769-72-AG22,municipal,Educación,18-05-2022 0:00:00,Orden de Compra generada por invitación a compra ágil: 2769-54-COT22,insumos y repuestos y accesorios computacionales ,Aceptada,Compra Agil,0,CLP,720033.3,720033.3,9699,nombre_o_rbd_unico,municipal_2022_Sem1.7z:1100488OCCompraAgil.csv
2022,2769-73-AG22,municipal,Educación,19-05-2022 0:00:00,"Adquisición Luminaria Led, Escuela Oscar Encalada  ","Se requiere adquirir paneles led sobrepuestos de 60x60, luz cálida. para salas y dependencias de la Escuela Oscar Encalada, Ubicada en pedro Aguirre Cerda 0184, La Cisterna. pre-obligación 5/12 C.C. 100906 fondos U. mantenimiento SP 6.  contacto 9/451930 Susana Fonseca ",Aceptada,Compra Agil,0,CLP,1567230.0,1567230.0,9706,nombre_o_rbd_unico,municipal_2022_Sem1.7z:1100488OCCompraAgil.csv
2022,2769-74-AG22,municipal,Educación,19-05-2022 0:00:00,Orden de Compra generada por invitación a compra ágil: 2769-57-COT22,"preobligacion 5/12 item 2152204010 c.c. 10.09.04  (mantenimiento 562) subprograma 6 entregar en calle colon N° 6918, paradero 19 de gran avenida al poniente, contacto Srta. Susana Santibañez o Sr. Guillermo Garcia al celular 997832370.-",Aceptada,Compra Agil,0,CLP,292775.7,292775.7,9703,nombre_o_rbd_unico,municipal_2022_Sem1.7z:1100488OCCompraAgil.csv
2022,2769-75-SE22,municipal,Educación,20-05-2022 0:00:00,trabajos de revisión ascensor.,"preobligacion 5/9 item 2152206001 c.c. 10.11.02 subprograma 5 trabajos previos para elaborar cotización, por reparación de ascensor en el Liceo Portal, ubicado en calle Esmeralda N° 6305, esquina Callejón Lo Ovalle, paradero 17 de gran avenida al Oriente, Contacto Sr. Oreste Veloso.   valor UF hoy $ 32.518,72",Aceptada,Trato Directo,1,CLP,195112.0,195112.0,,unidad_educacion_sin_rbd_unico,municipal_2022_Sem1.7z:1100488OCTratoDirecto.csv
2022,2769-76-AG22,municipal,Educación,20-05-2022 0:00:00,Orden de Compra generada por invitación a compra ágil: 2769-61-COT22,Pre obligacion 5/12  sub programa  2152204010. centro de costo 100902 unidad de mantenimiento ,Aceptada,Compra Agil,0,CLP,410550.0,410550.0,9730,nombre_o_rbd_unico,municipal_2022_Sem1.7z:1100488OCCompraAgil.csv
2022,2769-77-AG22,municipal,Educación,20-05-2022 0:00:00,Orden de Compra generada por invitación a compra ágil: 2769-64-COT22,"preobligacion 5/12 item 2152204010 c.c. 10/09.04 subprograma 6 entregar en Calle Colon 6918, paradero 22 de Gran avenida, al poniente, contacto Srta. Susana Santibañez o Guillermo Garcia al 997832370.-",Aceptada,Compra Agil,0,CLP,58298.1,58298.1,,unidad_educacion_sin_rbd_unico,municipal_2022_Sem1.7z:1100488OCCompraAgil.csv
2022,2769-78-SE22,municipal,Educación,24-05-2022 0:00:00,destape de alcantarillado,"preobligacion 5/8 item 2152206001 c.c. 10.11.10 subprograma 5 trabajos en calle Trinidad Ramirez 0750, paradero 27 de gran avenida al poiente, contacto Sra. Roxana Diaz o Sr. Guillermo Garcia al fono 225482281.-",Aceptada,Trato Directo,1,CLP,476000.0,476000.0,9730,nombre_o_rbd_unico,municipal_2022_Sem1.7z:1100488OCTratoDirecto.csv
2022,2769-79-AG22,municipal,Educación,26-05-2022 0:00:00,"Adquisicón Materiales para reparaciones menores, Compra ágil: 2769-62-COT22",CC.:10.09.05 Fuente de Financiamiento: Unidad de Mantenimiento Preobligación: 5/12 Ítem: 22.04.010,Aceptada,Compra Agil,0,CLP,1107295.0,1107295.0,9703,nombre_o_rbd_unico,municipal_2022_Sem1.7z:1100488OCCompraAgil.csv
2022,2769-80-AG22,municipal,Educación,27-05-2022 0:00:00,"Adquisición Material Didáctido de Enseñanza, compra ágil: 2769-65-COT22",Ítem: 2204002 CC: 100205 Fuente de Financiamiento: Ley SEP Preobligación Presupuestaria: 5/39,Aceptada,Compra Agil,0,CLP,777284.2,777284.2,9703,nombre_o_rbd_unico,municipal_2022_Sem1.7z:1100488OCCompraAgil.csv
2022,2769-81-AG22,municipal,Educación,30-05-2022 0:00:00,adquisición de materiales de cierre olof,pre-obligación 5/12 unidad de mantenimiento los productos deberán ser entregados en dependencias del Liceo Olof Palme ubicado en Julio Covarrubias 9370 en la comuna de La Cisterna en horario de lunes s viernes de 09.00  a  14:00 hrs,Aceptada,Compra Agil,0,CLP,524744.78,524744.78,9701,nombre_o_rbd_unico,municipal_2022_Sem1.7z:1100488OCCompraAgil.csv
2022,2769-82-AG22,municipal,Educación,30-05-2022 0:00:00,"Adquisición de materiales de estudio arduino, Liceo Ciencia y Tecnología. Orden de Compra generada por invitación a compra ágil: 2769-59-COT22","Materiales de estudio arduino, Liceo Ciencia y Tecnología. Pre Obligación 5/62 Ley Sep. C. c 100217 S.p 4. despachar a Goycolea 469, La Cisterna. contacto Rafael Rojas 986640256 ",Aceptada,Compra Agil,0,CLP,1642676.0,1642676.0,9693,nombre_o_rbd_unico,municipal_2022_Sem1.7z:1100488OCCompraAgil.csv
2022,2769-84-AG22,municipal,Educación,30-05-2022 0:00:00,materiales deportivos ,pre-obligación 5/57 los productos deberán ser entregados en las dependencias del Liceo Olof Palme ubicado en Julio Covarrubias 9370 en la comuna de La Cisterna en horario de lunes a viernes de 09:00  a  14:00 hr,Aceptada,Compra Agil,0,CLP,563560.2,563560.2,9701,nombre_o_rbd_unico,municipal_2022_Sem1.7z:1100488OCCompraAgil.csv
2022,2769-86-AG22,municipal,Educación,31-05-2022 0:00:00,Adquisición Material de Oficina Escuela Oscar Encalada ,"Se requiere Adquirir artículos de escritorio y papelería para realizar trabajo pedagógico en la Escuela Oscar Encalada, ubicada en Pedro Aguirre Cerda 0184, la cisterna. pre-obligación 5-63 fondos Ley Sep C.C.100206,S.P 4",Aceptada,Compra Agil,0,CLP,195695.5,195695.5,9706,nombre_o_rbd_unico,municipal_2022_Sem1.7z:1100488OCCompraAgil.csv
2022,2769-87-AG22,municipal,Educación,31-05-2022 0:00:00,cuadernos universitarios,pre-obligación 5/57 los productos deberán ser entregados en dependencias del Liceo Olof Palme ubicado en Julio Covarrubias 9370 en la comuna de La Cisterna en horario de lunes a viernes de 09:00  a  14:00 hrs,Aceptada,Compra Agil,0,CLP,874709.5,874709.5,9701,nombre_o_rbd_unico,municipal_2022_Sem1.7z:1100488OCCompraAgil.csv
2022,2769-88-AG22,municipal,Educación,31-05-2022 0:00:00,Escuela Oscar Encalada Adquisición de Plastificadora laminadora ,"Se requiere adquirir plastificadora laminadora para la Escuela Oscar Encalada, Ubicada en Pedro Aguirre Cerda 0184,la Cisterna .pre-obligación 5-64 fondos Ley Sep C.C 100206,S.P4",Aceptada,Compra Agil,0,CLP,81666.13,81666.13,9706,nombre_o_rbd_unico,municipal_2022_Sem1.7z:1100488OCCompraAgil.csv
2022,2769-89-AG22,municipal,Educación,31-05-2022 0:00:00,Escuela Oscar Encalada Adquisición de resma tamaño carta y oficio ,"Se requiere adquirir papel impresión tamaño carta y oficio para realizar trabajo pedagógico en la Escuela Oscar Encalada, ubicada en pedro Aguirre cerda  0184, la cisterna. pre-obligación 5-66 fondos Ley Sep C.C 100206, S.P 4",Aceptada,Compra Agil,0,CLP,530383.0,530383.0,9706,nombre_o_rbd_unico,municipal_2022_Sem1.7z:1100488OCCompraAgil.csv
2022,2769-9-AG22,municipal,Educación,14-02-2022 0:00:00,"Mantención luminarias, compra ágil: 2769-4-COT22",Fuente financiamiento: Movámonos 2019 Ítem: 22.06.001 C.C.: 101109 Preobligación Presupuestaria: 5/4,Aceptada,Compra Agil,0,CLP,124935.72,124935.72,,unidad_educacion_sin_rbd_unico,municipal_2022_Sem1.7z:1100488OCCompraAgil.csv
2022,2769-90-AG22,municipal,Educación,31-05-2022 0:00:00,Escuela Oscar Encalada Adquisición de tintas y tóner,"Se requiere adquirir  tintas tóner para la escuela Oscar Encalada, ubicada en pedro Aguirre Cerda 0184, La Cisterna .pre-obligación  5-65 fondos LEY SEP C.C100206, S.P 4    ",Aceptada,Compra Agil,0,CLP,529788.0,529788.0,9706,nombre_o_rbd_unico,municipal_2022_Sem1.7z:1100488OCCompraAgil.csv
2022,2769-91-AG22,municipal,Educación,01-06-2022 0:00:00,Orden de Compra generada por invitación a compra ágil: 2769-71-COT22,"PREOBLIGACION 5/7 ITEM 2152904 C.C. 10.11.10 SUBPROGRAMA 5 ENTREGAR EN CALLE COLON N° 6918, PARADERO 19 1/2, DE GRAN AVENIDA AL PONIENTE, CONTACTO SRTA. SUSANA SANTIBAÑEZ AL CELULAR 998704353.-",Aceptada,Compra Agil,0,CLP,428400.0,428400.0,,unidad_educacion_sin_rbd_unico,municipal_2022_Sem1.7z:1100488OCCompraAgil.csv
2022,2769-92-AG22,municipal,Educación,01-06-2022 0:00:00,Orden de Compra generada por invitación a compra ágil: 2769-70-COT22,"PREOBLIGACION 5/7 ITEM 2152904 C.C. 10.11.10 SUBPROGRAMA 5PREOBLIGACION 5/7 ITEM 2152904 C.C. 10.11.10 SUBPROGRAMA 5 ENTREGAR EN CALLE COLON N° 6918, PARADERO 19 1/2, DE GRAN AVENIDA AL PONIENTE, CONTACTO SRTA. SUSANA SANTIBAÑEZ AL CELULAR 998704353.- ENTREGAR EN CALLE COLON N° 6918, PARADERO 19 1/2, DE GRAN AVENIDA AL PONIENTE, CONTACTO SRTA. SUSANA SANTIBAÑEZ AL CELULAR 998704353.-",Aceptada,Compra Agil,0,CLP,963900.0,963900.0,,unidad_educacion_sin_rbd_unico,municipal_2022_Sem1.7z:1100488OCCompraAgil.csv
2022,2769-93-AG22,municipal,Educación,06-06-2022 0:00:00,Orden de Compra generada por invitación a compra ágil: 2769-75-COT22,"preobligacion 5/50 item 2152204002 c.c. 10.02.02 subprograma 4 entregar en calle Isabel La Catolica 0960., paradero 22 de gran avenida al ponienrte, contacto Sr. michelle mella o sr. Gabriel Jimenez al 958395601",Aceptada,Compra Agil,0,CLP,1063622.0,1063622.0,9699,nombre_o_rbd_unico,municipal_2022_Sem1.7z:1100488OCCompraAgil.csv
2022,2769-94-SE22,municipal,Educación,03-06-2022 0:00:00,destape alcantarillado portal,"preobligcion 5/8 item 2152206001 c.c.  10.11.10 subprograma 5 liceo portal de La Cisterna, calle Esmeralda 0650, esquina Avenida Lo Ovalle, paradero 17 de gran avenida al poniente,  contacto Sr. Guillermo Garcia al 997832370.-",Aceptada,Trato Directo,1,CLP,892500.0,892500.0,9722,nombre_o_rbd_unico,municipal_2022_Sem1.7z:1100488OCTratoDirecto.csv
2022,2769-96-CM22,municipal,Educación,08-06-2022 0:00:00,Orden de Compra: 2769-96-CM22,preobligacion 5/29 item 2152204003 c.c. 10.11.02  FAEP 2020 subprograma 5 Orden de Compra codigo: 2769-96-CM22 dirigida a COMERCIAL MUNOZ Y COMPANIA LIMITADA,Aceptada,Convenio Marco,0,CLP,2376944.08,2376944.08,,unidad_educacion_sin_rbd_unico,municipal_2022_Sem1.7z:1100488OCConvenioMarco.csv
2022,2769-97-AG22,municipal,Educación,09-06-2022 0:00:00,Orden de Compra generada por invitación a compra ágil: 2769-88-COT22,"preobligacion 5/72 item 2152202002 c.c. 000000 subprograma 1 entregar en Avenida El Parron 498-A, paradero 21 de Gran avenida al oriente, contacto Sr. Jose Aguilar o Guillermo Garcia al 997832370 ",Aceptada,Compra Agil,0,CLP,208845.0,208845.0,,unidad_educacion_sin_rbd_unico,municipal_2022_Sem1.7z:1100488OCCompraAgil.csv
2022,2769-98-AG22,municipal,Educación,09-06-2022 0:00:00,Orden de Compra generada por invitación a compra ágil: 2769-90-COT22,"preobligacion 5/71 preobligacion 2152202003 c.c. 000000 subprograma 1 entregar en Avenida el Parron 498-A, paradero 21 de gran avenida, al oriente contacto Sr. Jose Aguilar o Sr. Guillermo Garcia al 997832370",Aceptada,Compra Agil,0,CLP,487305.0,487305.0,,unidad_educacion_sin_rbd_unico,municipal_2022_Sem1.7z:1100488OCCompraAgil.csv
2022,2769-99-AG22,municipal,Educación,10-06-2022 0:00:00,materiales alumnos olof palme,pre-obligación 5/57  los productos deberán ser entregados en dependencias del Liceo Olof Palme ubicado en Julio Covarrubias 9370 de la comuna de La Cisterna en horario de lunes a viernes de 09:00  a  14:00 hrs,Aceptada,Compra Agil,0,CLP,1279845.0,1279845.0,9701,nombre_o_rbd_unico,municipal_2022_Sem1.7z:1100488OCCompraAgil.csv
2023,2769-10-AG23,municipal,Educación,23-03-2023 0:00:00,Orden de Compra generada por invitación a compra ágil: 2769-24-COT23,Orden de Compra codigo: 2769-10-AG23 dirigida a LIBRERIA LOS GONZALEZ SPA,Aceptada,Compra Agil,0,CLP,503191.5,503191.5,,unidad_educacion_sin_rbd_unico,municipal_2023_Sem1.7z:1100488OCCompraAgil.csv
2023,2769-100-AG23,municipal,Educación,31-05-2023 0:00:00,Adquisición de mouse pad Escuela Oscar Encalda ,"Adquisición mouse pad para la Escuela Oscar Encala, ubicada en Pedro Aguirre Cerda 0184, La Cisterna. Pre-obligación 5-95 fondos Ley Sep C.C 100206 SP 4  Orden de Compra codigo: 2769-100-AG23 dirigida a SES TI SPA",Aceptada,Compra Agil,0,CLP,148750.0,148750.0,9706,nombre_o_rbd_unico,municipal_2023_Sem1.7z:1100488OCCompraAgil.csv
2023,2769-101-AG23,municipal,Educación,31-05-2023 0:00:00,Adquisición de Manguera para riego Escuela Oscar Encalada  ,"Se requiere adquirir  Manguera 1/2 Reforzada Con Malla , 100 Metros, con acoples rosqueados, boquilla y soporte Para la Escuela Oscar Encalada, Ubicada en Pedro Aguirre cerda 0184, La Cisterna. Pre-obligación 5-97. fondos Unidad Mantenimiento  C.C. 100906   Orden de Compra codigo: 2769-101-AG23 dirigida a VIVERO ELLIS LIMITADA",Aceptada,Compra Agil,0,CLP,394999.08,394999.08,9706,nombre_o_rbd_unico,municipal_2023_Sem1.7z:1100488OCCompraAgil.csv
2023,2769-102-SE23,municipal,Educación,01-06-2023 0:00:00,Reposición vidrios Liceo Portal,"Reposición de vidrios, espejo para sala PIE, cambiar llave del lavamanos sala PIE, y cambiar puerta sala de profesores.",Aceptada,Trato Directo,1,CLP,2877420.0,2877420.0,,unidad_educacion_sin_rbd_unico,municipal_2023_Sem1.7z:1100488OCTratoDirecto.csv
2023,2769-104-SE23,municipal,Educación,01-06-2023 0:00:00,COL.PALESTINO: LABORATORIO DE CIENCIAS MÓVIL.,"Colegio Palestino: Avenida El Parrón 498b, La Cisterna (entre calles Angamos y Santa María). Contacto: Andrés Rojas fono: 964659094 correo: palestinosep@gmail.com HORARIO: Lunes a jueves de 8:30 a 17:00 horas y viernes de 8:30 a 13:00 horas.  Ítem: 22.04.002 cc: 10.02.03 Sub.prog: 4 Ley SEP.",Aceptada,Trato Directo,1,CLP,4450510.75,4450510.75,9700,nombre_o_rbd_unico,municipal_2023_Sem1.7z:1100488OCTratoDirecto.csv
2023,2769-105-AG23,municipal,Educación,01-06-2023 0:00:00,Orden de Compra generada por invitación a compra ágil: 2769-118-COT23,Orden de Compra codigo: 2769-105-AG23 dirigida a PROPAIN SPA,Aceptada,Compra Agil,0,CLP,1337560.0,1337560.0,,unidad_educacion_sin_rbd_unico,municipal_2023_Sem1.7z:1100488OCCompraAgil.csv
2023,2769-106-AG23,municipal,Educación,02-06-2023 0:00:00,adquisición diccionarios de inglés,Orden de Compra codigo: 2769-106-AG23 dirigida a JORGE ANTONIO LEIVA MARTÍNEZ pre-obligación 5/90 los productos deberán ser entregados en dependencias del liceo Olof Palme ubicado en Julio Covarrubias 9370 de la comuna de La Cisterna,Aceptada,Compra Agil,0,CLP,1005550.0,1005550.0,9701,nombre_o_rbd_unico,municipal_2023_Sem1.7z:1100488OCCompraAgil.csv
2023,2769-107-AG23,municipal,Educación,02-06-2023 0:00:00,adquisición de tintas canon,Orden de Compra codigo: 2769-107-AG23 dirigida a COMERCIAL IBACACHE Y SANDOVAL LIMITADA pre-obligación 5/43 los productos deberán ser entregados en dependencias del liceo Olof Palme ubicado en Julio Covarrubias 9370 en la comuna de La Cisterna,Aceptada,Compra Agil,0,CLP,285124.0,285124.0,9701,nombre_o_rbd_unico,municipal_2023_Sem1.7z:1100488OCCompraAgil.csv
2023,2769-108-AG23,municipal,Educación,05-06-2023 0:00:00,COL.PALESTINO: PUNTOS DE RED  compra ágil: 2769-132-COT23,"Colegio Palestino: Avenida El Parrón 498b, La Cisterna (entre calles Angamos y Santa María). Contacto: Andrés Rojas fono: 964659094 correo: palestinosep@gmail.com HORARIO: Lunes a jueves de 8:30 a 17:00 horas y viernes de 8:30 a 13:00 horas.  Ítem: 29.06.002 Subprog: 4 Ley SEP cc: 10.02.03 ",Aceptada,Compra Agil,0,CLP,1403010.0,1403010.0,9700,nombre_o_rbd_unico,municipal_2023_Sem1.7z:1100488OCCompraAgil.csv
2023,2769-109-AG23,municipal,Educación,12-06-2023 0:00:00,"Arriendo de transporte salida pedagógica a Valparaíso, 15 de junio 2023. Orden de Compra generada por invitación a compra ágil: 2769-123-COT23",Pre obligación presupuestaria 5/44 . LEY SEP. C.c 10.02.17 Sp-4. Dirección de despacho. Av. Goycolea 469. La Cisterna. Contacto Rafael Rojas. 986640256.   Orden de Compra codigo: 2769-109-AG23 dirigida a CRISTIAN ANDRES SANCHEZ GONZALEZ,Aceptada,Compra Agil,0,CLP,650000.0,650000.0,9693,nombre_o_rbd_unico,municipal_2023_Sem1.7z:1100488OCCompraAgil.csv
2023,2769-11-AG23,municipal,Educación,28-03-2023 0:00:00,Orden de Compra generada por invitación a compra ágil: 2769-28-COT23,Orden de Compra codigo: 2769-11-AG23 dirigida a DELTA GENERACION SPA,Aceptada,Compra Agil,0,CLP,955260.6,955260.6,,unidad_educacion_sin_rbd_unico,municipal_2023_Sem1.7z:1100488OCCompraAgil.csv
2023,2769-112-AG23,municipal,Educación,06-06-2023 0:00:00,Material de enseñanza huertos compra ágil: 2769-131-COT23,Orden de Compra codigo: 2769-112-AG23 dirigida a COMERCIALIZADORA DE  PRODUCTOS AGRÍCOLAS ALPHA ORDENES PETIT - BREUILH,Aceptada,Compra Agil,0,CLP,499978.5,499978.5,9703,nombre_o_rbd_unico,municipal_2023_Sem1.7z:1100488OCCompraAgil.csv
2023,2769-116-AG23,municipal,Educación,06-06-2023 0:00:00,Adquisición de anilladora perforadora Escuela Oscar Encalada ,"Adquisición de Anilladora perforadora de papel carta. oficio, A4 y otros para 100 o más. para Escuela Oscar Encalada, Ubicada en Pedro Aguirre Cerda 0184,La Cisterna. Pre-obligación 5-124 fondos Ley sep C.C. 100206 SP 4  contacto Susana Fonseca  Fono 945221930  Orden de Compra codigo: 2769-116-AG23 dirigida a DISTRIBUIDORA NOVADIST INSUMOS Y SERVICIOS DE  ENCUADERNACION LTDA",Aceptada,Compra Agil,0,CLP,375159.4,375159.4,9706,nombre_o_rbd_unico,municipal_2023_Sem1.7z:1100488OCCompraAgil.csv
2023,2769-117-AG23,municipal,Educación,07-06-2023 0:00:00,COLEGIO.PALESTINO: MATERIALES UNIDAD DE MANTENIMIENTO compra ágil: 2769-137-COT23,"Colegio Palestino: Avenida El Parrón 498b, La Cisterna (entre calles Angamos y Santa María). Contacto: Andrés Rojas fono: 964659094 correo: palestinosep@gmail.com HORARIO: Lunes a jueves de 8:30 a 17:00 horas y viernes de 8:30 a 13:00 horas.  Ítem: 22.04.010 Cc: 10.09.05 Sub.prog: 6 Unidad de Mantenimiento. ",Aceptada,Compra Agil,0,CLP,74822.44,74822.44,9700,nombre_o_rbd_unico,municipal_2023_Sem1.7z:1100488OCCompraAgil.csv
2023,2769-118-AG23,municipal,Educación,07-06-2023 0:00:00,Orden de Compra generada por invitación a compra ágil: 2769-129-COT23,Orden de Compra codigo: 2769-118-AG23 dirigida a Meteorito Ltda ,Aceptada,Compra Agil,0,CLP,267500.0,267500.0,9730,nombre_o_rbd_unico,municipal_2023_Sem1.7z:1100488OCCompraAgil.csv
2023,2769-119-AG23,municipal,Educación,07-06-2023 0:00:00,Orden de Compra generada por invitación a compra ágil: 2769-128-COT23,Orden de Compra código: 2769-119-AG23 dirigida a TEATRO AZARES SPA,Aceptada,Compra Agil,0,CLP,299975.2,299975.2,9730,nombre_o_rbd_unico,municipal_2023_Sem1.7z:1100488OCCompraAgil.csv
2023,2769-12-AG23,municipal,Educación,29-03-2023 0:00:00,Orden de Compra generada por invitación a compra ágil: 2769-35-COT23,Orden de Compra codigo: 2769-12-AG23 dirigida a COMERCIAL RED OFFICE LIMITADA,Aceptada,Compra Agil,0,CLP,1152620.91,1152620.91,9703,nombre_o_rbd_unico,municipal_2023_Sem1.7z:1100488OCCompraAgil.csv
2023,2769-120-AG23,municipal,Educación,07-06-2023 0:00:00,Orden de Compra generada por invitación a compra ágil: 2769-127-COT23,Orden de Compra codigo: 2769-120-AG23 dirigida a YASMIN GENERAL PLACENCIA PRODUCCIONES E.I.R.L.,Aceptada,Compra Agil,0,CLP,494000.0,494000.0,,unidad_educacion_sin_rbd_unico,municipal_2023_Sem1.7z:1100488OCCompraAgil.csv
2023,2769-121-AG23,municipal,Educación,08-06-2023 0:00:00,Orden de Compra generada por invitación a compra ágil: 2769-138-COT23,Orden de Compra codigo: 2769-121-AG23 dirigida a SOCIEDAD COMERCIAL DISTRIBUCION GLOBAL LIMITADA,Aceptada,Compra Agil,0,CLP,736241.1,736241.1,,unidad_educacion_sin_rbd_unico,municipal_2023_Sem1.7z:1100488OCCompraAgil.csv
2023,2769-124-AG23,municipal,Educación,09-06-2023 0:00:00,Orden de Compra generada por invitación a compra ágil: 2769-146-COT23,Orden de Compra codigo: 2769-124-AG23 dirigida a ALAS DISTRIBUIDORA INDUSTRIAL SPA item 29.04-22.04.999 c.c 100202 pre obliacion 5/123,Aceptada,Compra Agil,0,CLP,797184.57,797184.57,,unidad_educacion_sin_rbd_unico,municipal_2023_Sem1.7z:1100488OCCompraAgil.csv
2023,2769-125-AG23,municipal,Educación,09-06-2023 0:00:00,Material electrico compra ágil,Orden de Compra codigo: 2769-125-AG23 dirigida a JUAN RUPERTO CANCINO GARRIDO,Aceptada,Compra Agil,0,CLP,201705.0,201705.0,,unidad_educacion_sin_rbd_unico,municipal_2023_Sem1.7z:1100488OCCompraAgil.csv
2023,2769-126-AG23,municipal,Educación,12-06-2023 0:00:00,Orden de Compra generada por invitación a compra ágil: 2769-158-COT23,Orden de Compra codigo: 2769-126-AG23 dirigida a INTELPRINT CHILE SPA,Aceptada,Compra Agil,0,CLP,454913.2,454913.2,,unidad_educacion_sin_rbd_unico,municipal_2023_Sem1.7z:1100488OCCompraAgil.csv
2023,2769-127-SE23,municipal,Educación,12-06-2023 0:00:00,transporte,resolucion n9 salida pedagogica  c.c100202 item 22.09.003,Aceptada,Trato Directo,1,CLP,1040000.0,1040000.0,,unidad_educacion_sin_rbd_unico,municipal_2023_Sem1.7z:1100488OCTratoDirecto.csv
2023,2769-128-AG23,municipal,Educación,12-06-2023 0:00:00,COL.PALESTINO: 20 METALÓFONOS compra ágil: 2769-155-COT23,"Colegio Palestino: Avenida El Parrón 498b, La Cisterna (entre calles Angamos y Santa María). Contacto: Andrés Rojas fono: 964659094 correo: palestinosep@gmail.com HORARIO: Lunes a jueves de 8:30 a 17:00 horas y viernes de 8:30 a 13:00 horas.  Ítem: 2152904 Cc: 10.02.03 Sub.Prog: 4 Ley SEP",Aceptada,Compra Agil,0,CLP,380562.0,380562.0,9700,nombre_o_rbd_unico,municipal_2023_Sem1.7z:1100488OCCompraAgil.csv
2023,2769-129-AG23,municipal,Educación,12-06-2023 0:00:00,Orden de Compra generada por invitación a compra ágil: 2769-154-COT23,Orden de Compra codigo: 2769-129-AG23 dirigida a LEFI SPA,Aceptada,Compra Agil,0,CLP,567537.18,567537.18,,unidad_educacion_sin_rbd_unico,municipal_2023_Sem1.7z:1100488OCCompraAgil.csv
2023,2769-13-AG23,municipal,Educación,29-03-2023 0:00:00,Orden de Compra generada por invitación a compra ágil: 2769-21-COT23,Orden de Compra codigo: 2769-13-AG23 dirigida a PROVEEDORES INTEGRALES PRISA S A,Aceptada,Compra Agil,0,CLP,1027609.03,1027609.03,,unidad_educacion_sin_rbd_unico,municipal_2023_Sem1.7z:1100488OCCompraAgil.csv
2023,2769-130-SE23,municipal,Educación,12-06-2023 0:00:00,COL.PALESTINO: 40 LICENCIAS MICROSOFT 365 (OFFICE),"Colegio Palestino: Avenida El Parrón 498b, La Cisterna (entre calles Angamos y Santa María). Contacto: Edgardo Donoso Mellado fono: 940360935 correo: contactopalestino@gmail.com HORARIO: Lunes a jueves de 8:30 a 17:00 horas y viernes de 8:30 a 13:00 horas.  Ítem: 2907001 Cc: 10.02.03 SubProg: 4 Ley SEP ",Aceptada,Trato Directo,1,CLP,2478436.8,2478436.8,9700,nombre_o_rbd_unico,municipal_2023_Sem1.7z:1100488OCTratoDirecto.csv
2023,2769-131-AG23,municipal,Educación,13-06-2023 0:00:00,COL.PALESTINO: MATERIAL PARA MANTENIMIENTO  compra ágil: 2769-157-COT23,"Colegio Palestino: Avenida El Parrón 498b, La Cisterna (entre calles Angamos y Santa María). Contacto: Andrés Rojas fono: 964659094 correo: palestinosep@gmail.com HORARIO: Lunes a jueves de 8:30 a 17:00 horas y viernes de 8:30 a 13:00 horas.  Ítem: 2204010 Sub.prog: 6 Unidad de Mantenimiento Cc: 10.09.05",Aceptada,Compra Agil,0,CLP,171001.81,171001.81,9700,nombre_o_rbd_unico,municipal_2023_Sem1.7z:1100488OCCompraAgil.csv
2023,2769-132-AG23,municipal,Educación,13-06-2023 0:00:00,Televisor y Microscopio trinocular liceo ciencia y tecnología. Orden de Compra generada por invitación a compra ágil: 2769-111-COT23,"Pre obligación 5/135 c.c 100217 sp4. Dirección de despacho. Av. Goycolea 469. Liceo Ciencia y Tecnología. La Cisterna, Contacto Rafael Rojas. 986640256, despacho de lunes a viernes de 08:00 a 16:00 horas. Orden de Compra codigo: 2769-132-AG23 dirigida a SISTEMAS, SOLUCIONES Y SERVICIOS SPA",Aceptada,Compra Agil,0,CLP,845697.3,845697.3,9693,nombre_o_rbd_unico,municipal_2023_Sem1.7z:1100488OCCompraAgil.csv
2023,2769-133-AG23,municipal,Educación,14-06-2023 0:00:00,Orden de Compra generada por invitación a compra ágil: 2769-150-COT23,Orden de Compra codigo: 2769-133-AG23 dirigida a SOLUCIONES ALFA LIMITADA,Aceptada,Compra Agil,0,CLP,1773100.0,1773100.0,9730,nombre_o_rbd_unico,municipal_2023_Sem1.7z:1100488OCCompraAgil.csv
2023,2769-134-AG23,municipal,Educación,15-06-2023 0:00:00,adquisición de sillas,Orden de Compra codigo: 2769-134-AG23 dirigida a IMPORTADORA FULLMUEBLES SPA pre-obligación 5/132  los productos deberán ser entregados en dependencias del Liceo Olof Palme ubicado en Julio Covarrubias 9370 en la comuna de La Cisterna,Aceptada,Compra Agil,0,CLP,470002.4,470002.4,9701,nombre_o_rbd_unico,municipal_2023_Sem1.7z:1100488OCCompraAgil.csv
2023,2769-135-AG23,municipal,Educación,15-06-2023 0:00:00,adquisición de taladro y otras maquinarias,Orden de Compra codigo: 2769-135-AG23 dirigida a BADAJOZ 4 SPA pre-obligación 5/130 los productos deberán ser entregados en dependencias del Liceo Olof palme ubicado en Julio Covarrubias 9370 de la comuna de La Cisterna,Aceptada,Compra Agil,0,CLP,1276699.83,1276699.83,9701,nombre_o_rbd_unico,municipal_2023_Sem1.7z:1100488OCCompraAgil.csv
2023,2769-136-AG23,municipal,Educación,15-06-2023 0:00:00,adquisición de materiales reparaciones,Orden de Compra codigo: 2769-136-AG23 dirigida a VARIEDADES ARIPATY SPA pre-obligación 5/131 los productos deberán ser entregados en dependencias del Liceo Olof Palme ubicado en la comuna de La Cisterna,Aceptada,Compra Agil,0,CLP,824259.45,824259.45,9701,nombre_o_rbd_unico,municipal_2023_Sem1.7z:1100488OCCompraAgil.csv
2023,2769-137-AG23,municipal,Educación,20-06-2023 0:00:00,Laboratorio experimental compra ágil: 2769-153-COT23,Adquisición de material de enseñanza  según Orden de Compra codigo: 2769-137-AG23 dirigida a XPERT SOLUCIONES INTEGRALES LIMITADA,Aceptada,Compra Agil,0,CLP,1699999.49,1699999.49,9703,nombre_o_rbd_unico,municipal_2023_Sem1.7z:1100488OCCompraAgil.csv
2023,2769-138-AG23,municipal,Educación,20-06-2023 0:00:00,Orden de Compra generada por invitación a compra ágil: 2769-165-COT23,Orden de Compra codigo: 2769-138-AG23 dirigida a XPERT SOLUCIONES INTEGRALES LIMITADA,Aceptada,Compra Agil,0,CLP,1650000.45,1650000.45,9703,nombre_o_rbd_unico,municipal_2023_Sem1.7z:1100488OCCompraAgil.csv
2023,2769-139-AG23,municipal,Educación,20-06-2023 0:00:00,Orden de Compra generada por invitación a compra ágil: 2769-152-COT23,Orden de Compra codigo: 2769-139-AG23 dirigida a XPERT SOLUCIONES INTEGRALES LIMITADA,Aceptada,Compra Agil,0,CLP,1720002.2,1720002.2,,unidad_educacion_sin_rbd_unico,municipal_2023_Sem1.7z:1100488OCCompraAgil.csv
2023,2769-14-AG23,municipal,Educación,29-03-2023 0:00:00,Orden de Compra generada por invitación a compra ágil: 2769-36-COT23,Orden de Compra codigo: 2769-14-AG23 dirigida a GRUPO CAEZ SPA,Aceptada,Compra Agil,0,CLP,490301.42,490301.42,,unidad_educacion_sin_rbd_unico,municipal_2023_Sem1.7z:1100488OCCompraAgil.csv
2023,2769-140-AG23,municipal,Educación,16-06-2023 0:00:00,Orden de Compra generada por invitación a compra ágil: 2769-166-COT23,Orden de Compra codigo: 2769-140-AG23 dirigida a TRANSPORTES TRANSIBERICA LIMITADA,Aceptada,Compra Agil,0,CLP,300000.0,300000.0,9730,nombre_o_rbd_unico,municipal_2023_Sem1.7z:1100488OCCompraAgil.csv
2023,2769-143-AG23,municipal,Educación,20-06-2023 0:00:00,Adquisición de Routers Escuela Oscar Encada ,"Adquisición de 4 routers  para Escuela Oscar Encalada, Ubicada en Pedro Aguirre Cerda 0184,La Cisterna. Pre-obligación 5-148 fondos Ley sep C.C. 100206 SP 4  contacto Susana Fonseca  Fono 945221930   Orden de Compra codigo: 2769-143-AG23 dirigida a IMPORTACIONES LAM SPA",Aceptada,Compra Agil,0,CLP,259420.0,259420.0,9706,nombre_o_rbd_unico,municipal_2023_Sem1.7z:1100488OCCompraAgil.csv
2023,2769-144-AG23,municipal,Educación,20-06-2023 0:00:00,Adquisición de página web hosting Escuela Oscar Encalada ,"Adquisición de página web hosting  para la  Escuela Oscar Encalada, Ubicada en Pedro Aguirre Cerda 0184,La Cisterna. Pre-obligación 5-147 fondos Ley sep C.C. 100206 SP 4  contacto Susana Fonseca  Fono 945221930    Orden de Compra codigo: 2769-144-AG23 dirigida a SOCIEDAD COMERCIAL GLOOMER SPA",Aceptada,Compra Agil,0,CLP,238000.0,238000.0,9706,nombre_o_rbd_unico,municipal_2023_Sem1.7z:1100488OCCompraAgil.csv
2023,2769-146-AG23,municipal,Educación,20-06-2023 0:00:00,Orden de Compra generada por invitación a compra ágil: 2769-173-COT23,Orden de Compra código: 2769-146-AG23 dirigida a COMERCIALIZADORA FÉNIX LIMITADA,Aceptada,Compra Agil,0,CLP,1380400.0,1380400.0,9730,nombre_o_rbd_unico,municipal_2023_Sem1.7z:1100488OCCompraAgil.csv
2023,2769-147-AG23,municipal,Educación,20-06-2023 0:00:00,Adquisición de Pizarras de Corcho Escuela Oscar Encalada ,"Adquisición de  Pizarras de Corcho  para la  Escuela Oscar Encalada, Ubicada en Pedro Aguirre Cerda 0184,La Cisterna. Pre-obligación 5-149 fondos Ley sep C.C. 100206 SP 4  contacto Susana Fonseca  Fono 945221930    Orden de Compra codigo: 2769-147-AG23 dirigida a INK BLACK  SPA",Aceptada,Compra Agil,0,CLP,798347.2,798347.2,9706,nombre_o_rbd_unico,municipal_2023_Sem1.7z:1100488OCCompraAgil.csv
2023,2769-149-AG23,municipal,Educación,20-06-2023 0:00:00,Orden de Compra generada por invitación a compra ágil: 2769-168-COT23,Orden de Compra código: 2769-149-AG23 dirigida a COMERCIAL 3-ARIES LIMITADA,Aceptada,Compra Agil,0,CLP,1257891.88,1257891.88,9730,nombre_o_rbd_unico,municipal_2023_Sem1.7z:1100488OCCompraAgil.csv
2023,2769-15-AG23,municipal,Educación,29-03-2023 0:00:00,Colegio Palestino: compra ágil: 2769-37-COT23,"COLEGIO PALESTINO: Dirección: Avenida El Parrón 498-b, La Cisterna.  Contacto: Andrés Rojas - 964659094 - palestinosep@gmail.com  ítem: 22.04.010 Cc: 10.02.03 6 Unidad de Mantenimiento",Aceptada,Compra Agil,0,CLP,631644.86,631644.86,9700,nombre_o_rbd_unico,municipal_2023_Sem1.7z:1100488OCCompraAgil.csv
2023,2769-150-AG23,municipal,Educación,20-06-2023 0:00:00,Orden de Compra generada por invitación a compra ágil: 2769-167-COT23,Orden de Compra código: 2769-150-AG23 dirigida a METALURGICA SILCOSIL SPA,Aceptada,Compra Agil,0,CLP,1799756.0,1799756.0,9730,nombre_o_rbd_unico,municipal_2023_Sem1.7z:1100488OCCompraAgil.csv
2023,2769-151-AG23,municipal,Educación,20-06-2023 0:00:00,Materiales de enseñanza para especialidad de administración. Orden de Compra generada por invitación a compra ágil: 2769-169-COT23,Pre Obligación 5/136 c.c 100217 sp4. Dirección de despacho Av. Goycolea 469 La Cisterna. contacto Rafael Rojas 986640256. Liceo Ciencia y Tecnología.  Orden de Compra codigo: 2769-151-AG23 dirigida a COMERCIAL RED OFFICE LIMITADA,Aceptada,Compra Agil,0,CLP,1794973.39,1794973.39,9693,nombre_o_rbd_unico,municipal_2023_Sem1.7z:1100488OCCompraAgil.csv
2023,2769-153-AG23,municipal,Educación,22-06-2023 0:00:00,Orden de Compra generada por invitación a compra ágil: 2769-177-COT23,Orden de Compra codigo: 2769-153-AG23 dirigida a PLASTIVAL SPA,Aceptada,Compra Agil,0,CLP,369138.0,369138.0,,unidad_educacion_sin_rbd_unico,municipal_2023_Sem1.7z:1100488OCCompraAgil.csv
2023,2769-154-AG23,municipal,Educación,22-06-2023 0:00:00,Orden de Compra generada por invitación a compra ágil: 2769-162-COT23,Orden de Compra codigo: 2769-154-AG23 dirigida a CONSULTORA BERATER SPA,Aceptada,Compra Agil,0,CLP,1259543.6,1259543.6,,unidad_educacion_sin_rbd_unico,municipal_2023_Sem1.7z:1100488OCCompraAgil.csv
2023,2769-155-AG23,municipal,Educación,22-06-2023 0:00:00,Orden de Compra generada por invitación a compra ágil: 2769-178-COT23,Orden de Compra codigo: 2769-155-AG23 dirigida a PROVEEDORES INTEGRALES PRISA S A,Aceptada,Compra Agil,0,CLP,374802.4,374802.4,9703,nombre_o_rbd_unico,municipal_2023_Sem1.7z:1100488OCCompraAgil.csv
2023,2769-156-AG23,municipal,Educación,22-06-2023 0:00:00,"Vestuario ,Orden de Compra generada por invitación a compra ágil: 2769-174-COT23",Orden de Compra codigo: 2769-156-AG23 dirigida a JCK MUSIC SPA,Aceptada,Compra Agil,0,CLP,1838550.0,1838550.0,9703,nombre_o_rbd_unico,municipal_2023_Sem1.7z:1100488OCCompraAgil.csv
2023,2769-158-AG23,municipal,Educación,27-06-2023 0:00:00,"Material enseñanza E. Joven, Orden de Compra generada por invitación a compra ágil: 2769-176-COT23",Orden de Compra codigo: 2769-158-AG23 dirigida a MIRIAM PAOLA ROJAS SALAMANCA,Aceptada,Compra Agil,0,CLP,1874737.9,1874737.9,9703,nombre_o_rbd_unico,municipal_2023_Sem1.7z:1100488OCCompraAgil.csv
2023,2769-160-AG23,municipal,Educación,27-06-2023 0:00:00,Adquisición  libros de lectura Escuela Oscar Encada ,"Adquisición de libros de lectura complementaria para Escuela Oscar Encalada, Ubicada en Pedro Aguirre Cerda 0184,La Cisterna. Pre-obligación 5-145 fondos Ley sep C.C. 100206 SP 4  contacto Susana Fonseca  Fono 945221930   Orden de Compra codigo: 2769-160-AG23 dirigida a LIBRERIA VIRTUAL Y DISTRIBUIDORA EL ATICO LIMITADA",Aceptada,Compra Agil,0,CLP,1860565.0,1860565.0,9706,nombre_o_rbd_unico,municipal_2023_Sem1.7z:1100488OCCompraAgil.csv
2023,2769-161-AG23,municipal,Educación,27-06-2023 0:00:00,Adquisición  Bancas de  Exterior  Escuela Oscar Encalada ,"Adquisición Bancas de exterior  para la Escuela Oscar Encalada, Ubicada en Pedro Aguirre Cerda 0184,La Cisterna. Pre-obligación 5-155 fondos Ley sep C.C. 100206 SP 4  contacto Susana Fonseca  Fono 945221930   Orden de Compra codigo: 2769-161-AG23 dirigida a TRANSPORTES Y SERVICIOS NOA SPA",Aceptada,Compra Agil,0,CLP,1666000.0,1666000.0,9706,nombre_o_rbd_unico,municipal_2023_Sem1.7z:1100488OCCompraAgil.csv
2023,2769-162-AG23,municipal,Educación,27-06-2023 0:00:00,Adquisición de Sillas para Auditorio Escuela Oscar Encalada ,"Adquisición de sillas para Auditorio  Escuela Oscar Encalada, Ubicada en Pedro Aguirre Cerda 0184,La Cisterna. Pre-obligación 5-154 fondos Ley sep C.C. 100206 SP 4  contacto Susana Fonseca  Fono 945221930   Orden de Compra codigo: 2769-162-AG23 dirigida a INDUSTRIA DE CAMAS Y TEXTILES LIMITADA",Aceptada,Compra Agil,0,CLP,1339940.0,1339940.0,9706,nombre_o_rbd_unico,municipal_2023_Sem1.7z:1100488OCCompraAgil.csv
2023,2769-164-AG23,municipal,Educación,28-06-2023 0:00:00,Adquisición cables HDMI Escuela Oscar Encalada ,"Adquisición de Cable Hdmi 20 Metros Full Hd, Reforzado Y Recubiertode para la  Escuela Oscar Encalada, Ubicada en Pedro Aguirre Cerda 0184,La Cisterna. Pre-obligación 5-fondos Ley sep C.C. 100206 SP 4  contacto Susana Fonseca  Fono 945221930 Orden de Compra codigo: 2769-164-AG23 dirigida a SES TI SPA",Aceptada,Compra Agil,0,CLP,247662.8,247662.8,9706,nombre_o_rbd_unico,municipal_2023_Sem1.7z:1100488OCCompraAgil.csv
2023,2769-165-SE23,municipal,Educación,27-06-2023 0:00:00,microscopio y modelo de anatomía naciones ,microscopio y modelo de anatomia ,Aceptada,Trato Directo,1,CLP,5145999.11,5145999.11,,unidad_educacion_sin_rbd_unico,municipal_2023_Sem1.7z:1100488OCTratoDirecto.csv
2023,2769-166-AG23,municipal,Educación,30-06-2023 0:00:00,"Vestuario colegio E. Joven,Orden de Compra generada por invitación a compra ágil: 2769-182-COT23",Orden de Compra codigo: 2769-166-AG23 dirigida a CAROLINA ANDREA HEVIA QUEVEDO,Aceptada,Compra Agil,0,CLP,1705389.0,1705389.0,,unidad_educacion_sin_rbd_unico,municipal_2023_Sem1.7z:1100488OCCompraAgil.csv
2023,2769-167-SE23,municipal,Educación,30-06-2023 0:00:00,Mantención y reparacion Redes computacionales EJ,"Contratación para reparaciones, instalación y mejoramiento de cableado de punto de redes sala de enlace, Pie y sala de clases.",Aceptada,Trato Directo,1,CLP,3227396.62,3227396.62,,unidad_educacion_sin_rbd_unico,municipal_2023_Sem1.7z:1100488OCTratoDirecto.csv
2023,2769-168-AG23,municipal,Educación,10-07-2023 0:00:00,Orden de Compra generada por invitación a compra ágil: 2769-187-COT23,Orden de Compra codigo: 2769-168-AG23 dirigida a ENTIDAD DE GESTION INMOBILIARIA SOCIAL Y PRESTADORA DE SERVICIOS DE ASISTENCIA TECNICA Y DE GESTION ACROPOLIS SPA,Aceptada,Compra Agil,0,CLP,1690990.0,1690990.0,9693,nombre_o_rbd_unico,municipal_2023_Sem2.7z:1100488OCCompraAgil.csv
2023,2769-169-AG23,municipal,Educación,12-07-2023 0:00:00,Orden de Compra generada por invitación a compra ágil: 2769-181-COT23,"Orden de Compra codigo: 2769-169-AG23 dirigida a SISTEMAS, SOLUCIONES Y SERVICIOS SPA",Aceptada,Compra Agil,0,CLP,1385912.08,1385912.08,,unidad_educacion_sin_rbd_unico,municipal_2023_Sem2.7z:1100488OCCompraAgil.csv
2023,2769-170-AG23,municipal,Educación,18-07-2023 0:00:00,Materiales de enseñanza. Liceo Ciencia y Tecnología. Orden de Compra generada por invitación a compra ágil: 2769-184-COT23,Pre Obligación 5/136. c.c 10027. Dirección de despacho Av. Goycolea 469 La Cisterna. Contacto Rafael Rojas 986640256. Liceo Politécnico Ciencia y Tecnología. Orden de Compra codigo: 2769-170-AG23 dirigida a IMPORTADORA Y COMERCIALIZADORA FERVET ON LINE LIMITADA,Aceptada,Compra Agil,0,CLP,876354.08,876354.08,9693,nombre_o_rbd_unico,municipal_2023_Sem2.7z:1100488OCCompraAgil.csv
2023,2769-172-AG23,municipal,Educación,20-07-2023 0:00:00,Parantes de voleibol y mini arcos futbol Liceo Ciencia y Tecnología. Orden de Compra generada por invitación a compra ágil: 2769-191-COT23,Pre obligación 5/94 c.c 100217 sp4. despacha en Liceo Ciencia y Tecnología. Av. Goycolea 469 .La Cisterna. contacto Rafael Rojas 986640256. Orden de Compra codigo: 2769-172-AG23 dirigida a COMERCIALIZADORA LOS ANDES SPA,Aceptada,Compra Agil,0,CLP,1679999.16,1679999.16,9693,nombre_o_rbd_unico,municipal_2023_Sem2.7z:1100488OCCompraAgil.csv
2023,2769-173-SE23,municipal,Educación,24-07-2023 0:00:00,Limpieza alcantarillado y reparación baños alumnas,Limpieza del alcantarillado y reparación del baño de las alumnas.,Aceptada,Trato Directo,1,CLP,1052257.5,1052257.5,,unidad_educacion_sin_rbd_unico,municipal_2023_Sem2.7z:1100488OCTratoDirecto.csv
2023,2769-174-SE23,municipal,Educación,24-07-2023 0:00:00,Reparación techos sala pre básica,"Reparación del techo en sala de pre básica, primero básico y comedor de los alumnos",Aceptada,Trato Directo,1,CLP,3284126.3,3284126.3,,unidad_educacion_sin_rbd_unico,municipal_2023_Sem2.7z:1100488OCTratoDirecto.csv
2023,2769-175-AG23,municipal,Educación,24-07-2023 0:00:00,Colegio Palestino: Fluxometros COBRA modelo FM1-100: compra ágil: 2769-192-COT23,"Colegio Palestino: Avenida El Parrón 498b, La Cisterna (entre calles Angamos y Santa María). Contacto: Andrés Rojas fono: 964659094 correo: palestinosep@gmail.com HORARIO: Lunes a jueves de 8:30 a 17:00 horas y viernes de 8:30 a 13:00 horas.  Ítem: 2204010 Cc: 100905 Subprog: 6 Unidad de Mantenimiento ",Aceptada,Compra Agil,0,CLP,997815.0,997815.0,9700,nombre_o_rbd_unico,municipal_2023_Sem2.7z:1100488OCCompraAgil.csv
2023,2769-176-AG23,municipal,Educación,25-07-2023 0:00:00,materiales para reparación olof,pre-obligación 5/142 unidad de mantenimiento Orden de Compra codigo: 2769-176-AG23 dirigida a CONSTRUCCION E INGENIERIA DANIEL ESTEBAN PACHECO BARRENECHEA E.I.R.L. los productos deberán ser entregados en dependencias del liceo ubicado en Julio Covarrubias 9370 de la comuna de la Cisterna ,Aceptada,Compra Agil,0,CLP,639644.04,639644.04,9701,nombre_o_rbd_unico,municipal_2023_Sem2.7z:1100488OCCompraAgil.csv
2023,2769-178-AG23,municipal,Educación,27-07-2023 0:00:00,Orden de Compra generada por invitación a compra ágil: 2769-197-COT23,Orden de Compra codigo: 2769-178-AG23 dirigida a COMERCIAL 3-ARIES LIMITADA,Aceptada,Compra Agil,0,CLP,638887.2,638887.2,,unidad_educacion_sin_rbd_unico,municipal_2023_Sem2.7z:1100488OCCompraAgil.csv
2023,2769-18-SE23,municipal,Educación,06-04-2023 0:00:00,reparacion techo comedor ,reparacion techo comedor estudiantes OLOF PALME,Aceptada,Trato Directo,1,CLP,6090241.5,6090241.5,9701,nombre_o_rbd_unico,municipal_2023_Sem1.7z:1100488OCTratoDirecto.csv
2023,2769-180-AG23,municipal,Educación,28-07-2023 0:00:00,Arriendo de transporte para salida pedagógica Liceo Ciencia y Tecnología.Orden de Compra generada por invitación a compra ágil: 2769-198-COT23,Pre obligación presupuestaria 5/44 . LEY SEP. C.c 10.02.17 Sp-4. Dirección de despacho. Av. Goycolea 469. La Cisterna. Contacto Rafael Rojas. 986640256. Orden de Compra código: 2769-180-AG23 dirigida a RADIOVAN SPA,Aceptada,Compra Agil,0,CLP,360000.0,360000.0,9693,nombre_o_rbd_unico,municipal_2023_Sem2.7z:1100488OCCompraAgil.csv
2023,2769-181-AG23,municipal,Educación,31-07-2023 0:00:00,Arriendo de transporte salidas pedagógica día 23 de agosto. Liceo ciencia y tecnología.  Orden de Compra generada por invitación a compra ágil: 2769-207-COT23,"Pre obligación 5/44, LEY SEP C.C 10.02.17. SP4. DIRECCIÓN DE DESPACHO AV. GOYCOLEA 469.LA CISTERNA. CONTACTO RAFAEL ROJAS 986640256. Orden de Compra código: 2769-181-AG23 dirigida a TURISMO ESCOLAR SPA",Aceptada,Compra Agil,0,CLP,740000.0,740000.0,9693,nombre_o_rbd_unico,municipal_2023_Sem2.7z:1100488OCCompraAgil.csv
2023,2769-182-AG23,municipal,Educación,31-07-2023 0:00:00,"Arriendo de transporte para salida pedagógica 16 de agosto, Gimnasio Municipal. Liceo ciencia y Tecnología. Orden de Compra generada por invitación a compra ágil: 2769-201-COT23",Pre obligacion 5/44 c.c 100217 sp4. dirección de despacho Av. Goycolea 469. La Cisterna. contacto Rafael Rojas. Orden de Compra codigo: 2769-182-AG23 dirigida a BUSES AMANDA SPA.,Aceptada,Compra Agil,0,CLP,258000.0,258000.0,9693,nombre_o_rbd_unico,municipal_2023_Sem2.7z:1100488OCCompraAgil.csv
2023,2769-183-AG23,municipal,Educación,31-07-2023 0:00:00,Orden de Compra generada por invitación a compra ágil: 2769-209-COT23,Orden de Compra codigo: 2769-183-AG23 dirigida a TRANSPORTES TRANSIBERICA LIMITADA,Aceptada,Compra Agil,0,CLP,130000.0,130000.0,9730,nombre_o_rbd_unico,municipal_2023_Sem2.7z:1100488OCCompraAgil.csv
2023,2769-185-AG23,municipal,Educación,31-07-2023 0:00:00,Orden de Compra generada por invitación a compra ágil: 2769-208-COT23,Orden de Compra codigo: 2769-185-AG23 dirigida a TRANSPORTES TRANSIBERICA LIMITADA,Aceptada,Compra Agil,0,CLP,300000.0,300000.0,9730,nombre_o_rbd_unico,municipal_2023_Sem2.7z:1100488OCCompraAgil.csv
2023,2769-186-AG23,municipal,Educación,31-07-2023 0:00:00,Adquisición de Banquetas de Interior  Escuela Oscar  Encalada ,"Adquisición de Banquetas de Interior para Escuela Oscar Encalada, Ubicada en Pedro Aguirre Cerda 0184,La Cisterna. Pre-obligación 5-513 fondos Ley sep C.C. 100206 SP 4  Contacto 945221930 Susana Fonseca    Orden de Compra codigo: 2769-186-AG23 dirigida a MUEBLES TIMAUKEL LIMITADA",Aceptada,Compra Agil,0,CLP,425395.25,425395.25,9706,nombre_o_rbd_unico,municipal_2023_Sem2.7z:1100488OCCompraAgil.csv
2023,2769-187-AG23,municipal,Educación,31-07-2023 0:00:00,Orden de Compra generada por invitación a compra ágil: 2769-211-COT23,Orden de Compra codigo: 2769-187-AG23 dirigida a COMERCIALIZADORA FÉNIX LIMITADA,Aceptada,Compra Agil,0,CLP,273700.0,273700.0,9730,nombre_o_rbd_unico,municipal_2023_Sem2.7z:1100488OCCompraAgil.csv
2023,2769-188-AG23,municipal,Educación,31-07-2023 0:00:00,Adquisición de Materiales de mantenimiento y Reparación  Escuela Oscar Encalda ,"Adquisición de Materiales para  reparación y mantenimiento para la Escuela Oscar Encalada, Ubicada en Pedro Aguirre Cerda 0184,La Cisterna. Pre-obligación 5-508  fondos U de mantenimiento  C.C. 100906    contacto 945221930 Susana Fonseca   Orden de Compra codigo: 2769-188-AG23 dirigida a ENTIDAD DE GESTION INMOBILIARIA SOCIAL Y PRESTADORA DE SERVICIOS DE ASISTENCIA TECNICA Y DE GESTION ACROPOLIS SPA",Aceptada,Compra Agil,0,CLP,1741565.0,1741565.0,9706,nombre_o_rbd_unico,municipal_2023_Sem2.7z:1100488OCCompraAgil.csv
2023,2769-189-AG23,municipal,Educación,31-07-2023 0:00:00,Orden de Compra generada por invitación a compra ágil: 2769-210-COT23,Orden de Compra codigo: 2769-189-AG23 dirigida a SOC COMERCIAL DICER LTDA,Aceptada,Compra Agil,0,CLP,1574655.6,1574655.6,9730,nombre_o_rbd_unico,municipal_2023_Sem2.7z:1100488OCCompraAgil.csv
2023,2769-19-SE23,municipal,Educación,06-04-2023 0:00:00,reparacion baños prebasica,colegio esperanza  preobligacion 5/35 cc 000000 ,Aceptada,Trato Directo,1,CLP,520030.0,520030.0,,unidad_educacion_sin_rbd_unico,municipal_2023_Sem1.7z:1100488OCTratoDirecto.csv
2023,2769-191-AG23,municipal,Educación,02-08-2023 0:00:00,Orden de Compra generada por invitación a compra ágil: 2769-204-COT23,Orden de Compra codigo: 2769-191-AG23 dirigida a ANA MARIA BRAVO SUAZO SERVICIO TECNICO INFORMATICO E.I.R.L.,Aceptada,Compra Agil,0,CLP,952000.0,952000.0,9703,nombre_o_rbd_unico,municipal_2023_Sem2.7z:1100488OCCompraAgil.csv
2023,2769-192-SE23,municipal,Educación,03-08-2023 0:00:00,mantencion limpieza de camaras ,Limpieza de camaras y sistema de evacuación de baños  ,Aceptada,Trato Directo,1,CLP,1747872.0,1747872.0,,unidad_educacion_sin_rbd_unico,municipal_2023_Sem2.7z:1100488OCTratoDirecto.csv
2023,2769-193-AG23,municipal,Educación,04-08-2023 0:00:00,COL.PALESTINO: útiles de aseo compra ágil: 2769-214-COT23,"Colegio Palestino: Avenida El Parrón 498b, La Cisterna (entre calles Angamos y Santa María). Contacto: Andrés Rojas fono: 964659094 correo: sep@colegiopalestino.cl HORARIO: Lunes a jueves de 8:30 a 14:00 horas y viernes de 8:30 a 12:00 horas.  ítem: 22.04.007 Cc: 10.02.03 Subprog:4 Ley sep. ",Aceptada,Compra Agil,0,CLP,394128.0,394128.0,9700,nombre_o_rbd_unico,municipal_2023_Sem2.7z:1100488OCCompraAgil.csv
2023,2769-194-AG23,municipal,Educación,04-08-2023 0:00:00,Orden de Compra generada por invitación a compra ágil: 2769-219-COT23,Orden de Compra codigo: 2769-194-AG23 dirigida a TRANSPORTE  LISSETTE GONZALEZ LIZANA  E.I.R.L.,Aceptada,Compra Agil,0,CLP,700000.0,700000.0,,unidad_educacion_sin_rbd_unico,municipal_2023_Sem2.7z:1100488OCCompraAgil.csv
2023,2769-195-AG23,municipal,Educación,04-08-2023 0:00:00,Orden de Compra generada por invitación a compra ágil: 2769-220-COT23,Orden de Compra codigo: 2769-195-AG23 dirigida a COMERCIAL HUERTOS DEL SUR LIMITADA,Aceptada,Compra Agil,0,CLP,1760248.0,1760248.0,9703,nombre_o_rbd_unico,municipal_2023_Sem2.7z:1100488OCCompraAgil.csv
2023,2769-196-AG23,municipal,Educación,04-08-2023 0:00:00,COLEGIO.PALESTINO: TINTAS EPSON:  compra ágil: 2769-215-COT23,"Colegio Palestino: Avenida El Parrón 498b, La Cisterna (entre calles Angamos y Santa María). Contacto: Andrés Rojas fono: 964659094 correo: sep@colegiopalestino.cl HORARIO: Lunes a jueves de 8:30 a 17:00 horas y viernes de 8:30 a 13:00 horas.  Ítem: 22.04.009 Cc: 10.02.03 Sub.prog: 4 SEP",Aceptada,Compra Agil,0,CLP,875840.0,875840.0,9700,nombre_o_rbd_unico,municipal_2023_Sem2.7z:1100488OCCompraAgil.csv
2023,2769-198-AG23,municipal,Educación,07-08-2023 0:00:00,"Arriendo de transporte, salida pedagógica Pontificia Universidad Católica de Chile. Liceo Ciencia y Tecnología Orden de Compra generada por invitación a compra ágil: 2769-206-COT23",Pre obligación presupuestaria 5/44 . LEY SEP. C.c 10.02.17 Sp-4. Dirección de despacho. Av. Goycolea 469. La Cisterna. Contacto Rafael Rojas. 986640256. Orden de Compra codigo: 2769-198-AG23 dirigida a TURISMO ESCOLAR SPA,Aceptada,Compra Agil,0,CLP,230000.0,230000.0,9693,nombre_o_rbd_unico,municipal_2023_Sem2.7z:1100488OCCompraAgil.csv
2023,2769-199-AG23,municipal,Educación,08-08-2023 0:00:00,Mantención y reparación  de  multifuncional Escuela Oscar Encalada,"Mantención y reparación para multifuncional Ricoh MP 501, Escuela Oscar Encalada, Ubicada en Pedro Aguirre Cerda 0184,La Cisterna. Pre-obligación 5-526 fondos Ley sep C.C. 100206 SP 4  contacto Susana Fonseca  Fono 945221930   Orden de Compra codigo: 2769-199-AG23 dirigida a ANA MARIA BRAVO SUAZO SERVICIO TECNICO INFORMATICO E.I.R.L.",Aceptada,Compra Agil,0,CLP,773500.0,773500.0,9706,nombre_o_rbd_unico,municipal_2023_Sem2.7z:1100488OCCompraAgil.csv
2023,2769-2-AG23,municipal,Educación,27-01-2023 0:00:00,Orden de Compra generada por invitación a compra ágil: 2769-3-COT23,Orden de Compra codigo: 2769-2-AG23 dirigida a COMPUTACION INTEGRAL S A,Aceptada,Compra Agil,0,CLP,1096370.8,1096370.8,,unidad_educacion_sin_rbd_unico,municipal_2023_Sem1.7z:1100488OCCompraAgil.csv
2023,2769-2-SE23,municipal,Educación,27-02-2023 0:00:00,libros de clase ,libros de clase para colegios municipales ,Aceptada,Trato Directo,1,CLP,2975238.0,2975238.0,,unidad_educacion_sin_rbd_unico,municipal_2023_Sem1.7z:1100488OCTratoDirecto.csv
2023,2769-20-AG23,municipal,Educación,12-04-2023 0:00:00,Orden de Compra generada por invitación a compra ágil: 2769-41-COT23,Orden de Compra codigo: 2769-20-AG23 dirigida a EVENTAIL SPA,Aceptada,Compra Agil,0,CLP,409193.4,409193.4,,unidad_educacion_sin_rbd_unico,municipal_2023_Sem1.7z:1100488OCCompraAgil.csv
2023,2769-200-SE23,municipal,Educación,08-08-2023 0:00:00,Reparación de techumbre de casino,"Reparación de techumbre, cielo falso y pintura del casino de los alumnos",Aceptada,Trato Directo,1,CLP,5923344.0,5923344.0,,unidad_educacion_sin_rbd_unico,municipal_2023_Sem2.7z:1100488OCTratoDirecto.csv
2023,2769-201-SE23,municipal,Educación,08-08-2023 0:00:00,Sellos verdes,Sellos verdes de los 8 establecimientos,Aceptada,Trato Directo,1,CLF,,,,unidad_educacion_sin_rbd_unico,municipal_2023_Sem2.7z:1100488OCTratoDirecto.csv
2023,2769-203-AG23,municipal,Educación,09-08-2023 0:00:00,materiales alumnos,pre-obligación 5/143 fondos SEP los productos deberán ser entregados en dependencias del Liceo Olof Palme ubicado en Julio Covarrubias 9370 de la comuna de La Cisterna,Aceptada,Compra Agil,0,CLP,1477682.5,1477682.5,9701,nombre_o_rbd_unico,municipal_2023_Sem2.7z:1100488OCCompraAgil.csv
2023,2769-204-AG23,municipal,Educación,09-08-2023 0:00:00,adquisición diccionarios real academia de la lengua,pre-obligación 5/525 ley sep los productos deberán ser entregados en dependencias del Liceo Olof Palme ubicado en Julio Covarrubias 9370 de la comuna de La Cisterna,Aceptada,Compra Agil,0,CLP,1487500.0,1487500.0,9701,nombre_o_rbd_unico,municipal_2023_Sem2.7z:1100488OCCompraAgil.csv
2023,2769-205-AG23,municipal,Educación,11-08-2023 0:00:00,COL.PALESTINO: COMPRA DE FUSOR BROTHER. compra ágil: 2769-230-COT23,"Colegio Palestino: Avenida El Parrón 498b, La Cisterna (entre calles Angamos y Santa María). Contacto: Andrés Rojas fono: 964659094 correo: sep@colegiopalestino.cl HORARIO: Lunes a jueves de 8:30 a 17:00 horas y viernes de 8:30 a 13:00 horas.  Orden de Compra código: 2769-205-AG23 dirigida a OLYMPIA SERVICE S A  ítem: 22.04.009 Cc:10.02.03 Sub.prog:4 Ley SEP",Aceptada,Compra Agil,0,CLP,215514.95,215514.95,9700,nombre_o_rbd_unico,municipal_2023_Sem2.7z:1100488OCCompraAgil.csv
2023,2769-206-AG23,municipal,Educación,11-08-2023 0:00:00,COL.PALESTINO: COMPRA 2 BIOMBOS compra ágil: 2769-228-COT23,"Colegio Palestino: Avenida El Parrón 498b, La Cisterna (entre calles Angamos y Santa María). Contacto: Andrés Rojas fono: 964659094 correo: sep@colegiopalestino.cl HORARIO: Lunes a jueves de 8:30 a 17:00 horas y viernes de 8:30 a 13:00 horas.  Orden de Compra codigo: 2769-206-AG23 dirigida a COMERCIAL ETHOS S A  Ítem: 215.2904 Cc: 10.02.03 Sub.prog: 4 Ley SEP",Aceptada,Compra Agil,0,CLP,512890.0,512890.0,9700,nombre_o_rbd_unico,municipal_2023_Sem2.7z:1100488OCCompraAgil.csv
2023,2769-207-AG23,municipal,Educación,10-08-2023 0:00:00,Orden de Compra generada por invitación a compra ágil: 2769-226-COT23,Orden de Compra codigo: 2769-207-AG23 dirigida a PROVEEDORES INTEGRALES PRISA S A,Aceptada,Compra Agil,0,CLP,1598743.58,1598743.58,9699,nombre_o_rbd_unico,municipal_2023_Sem2.7z:1100488OCCompraAgil.csv
2023,2769-208-AG23,municipal,Educación,10-08-2023 0:00:00,Adquisición de  smartv 70 pulgadas Escuela Oscar Encalada ,"Adquisición de tv smartv 70 pulgadas full Hd. para Escuela Oscar Encalada, Ubicada en Pedro Aguirre Cerda 0184,La Cisterna. Pre-obligación 5-529 fondos Ley sep C.C. 100206 SP 4  contacto Susana Fonseca  Fono 945221930     Orden de Compra codigo: 2769-208-AG23 dirigida a KDTEC SPA",Aceptada,Compra Agil,0,CLP,549989.44,549989.44,9706,nombre_o_rbd_unico,municipal_2023_Sem2.7z:1100488OCCompraAgil.csv
2023,2769-209-AG23,municipal,Educación,10-08-2023 0:00:00,Adquisición de kit IP 4 canales inalámbricos  Escuela Oscar Encalada ,"Adquisición de kit IP 4 canales inalámbricos, Escuela Oscar Encalada, Ubicada en Pedro Aguirre Cerda 0184,La Cisterna. Pre-obligación 5-528 fondos Ley sep C.C. 100206 SP 4  contacto Susana Fonseca  Fono 945221930    Orden de Compra codigo: 2769-209-AG23 dirigida a TECNOLOGÍAS B&C LIMITADA",Aceptada,Compra Agil,0,CLP,284130.35,284130.35,9706,nombre_o_rbd_unico,municipal_2023_Sem2.7z:1100488OCCompraAgil.csv
2023,2769-21-AG23,municipal,Educación,13-04-2023 0:00:00,Adquisición de papel para impresión carta y oficio Escuela Oscar Encalada ,"Se requiere adquirir papel para impresión tamaño carta y oficio para la Escuela Oscar Encalada , ubicada en pedro Aguirre C0184, La Cisterna.  pre-obligación 5-39, fondos ley Sep C.C. 100206 Sp 4. ",Aceptada,Compra Agil,0,CLP,796943.0,796943.0,9706,nombre_o_rbd_unico,municipal_2023_Sem1.7z:1100488OCCompraAgil.csv
2023,2769-210-AG23,municipal,Educación,10-08-2023 0:00:00,"Adquisición de bancas suecas, Liceo Ciencia y Tecnología. Orden de Compra generada por invitación a compra ágil: 2769-232-COT23",Pre obligación 5/91 c.c 100217. sp 4. Ley Sep. contacto Rafael Rojas 986640256. despachar en Av Goycolea 469 La Cisterna. Orden de Compra codigo: 2769-210-AG23 dirigida a R & A SOLUCIONES SPA,Solicitud de Cancelacion,Compra Agil,0,CLP,928128.6,,9693,nombre_o_rbd_unico,municipal_2023_Sem2.7z:1100488OCCompraAgil.csv
2023,2769-211-AG23,municipal,Educación,11-08-2023 0:00:00,Orden de Compra generada por invitación a compra ágil: 2769-234-COT23,Orden de Compra codigo: 2769-211-AG23 dirigida a AM MUEBLES SPA,Aceptada,Compra Agil,0,CLP,1531530.0,1531530.0,,unidad_educacion_sin_rbd_unico,municipal_2023_Sem2.7z:1100488OCCompraAgil.csv
2023,2769-212-AG23,municipal,Educación,15-08-2023 0:00:00,transporte de alumnos,Orden de Compra codigo: 2769-212-AG23 dirigida a TRANSPORTE  LISSETTE GONZALEZ LIZANA  E.I.R.L. pre-obligación 532 ley sep los alumnos deberán ser retirados desde las dependencias del liceo ubicado en Julio Covarrubias 9370 de la comuna de La Cisterna,Aceptada,Compra Agil,0,CLP,140000.0,140000.0,,unidad_educacion_sin_rbd_unico,municipal_2023_Sem2.7z:1100488OCCompraAgil.csv
2023,2769-213-AG23,municipal,Educación,16-08-2023 0:00:00,Orden de Compra generada por invitación a compra ágil: 2769-236-COT23,Orden de Compra codigo: 2769-213-AG23 dirigida a Arlekín SpA,Aceptada,Compra Agil,0,CLP,689771.6,689771.6,,unidad_educacion_sin_rbd_unico,municipal_2023_Sem2.7z:1100488OCCompraAgil.csv
2023,2769-214-AG23,municipal,Educación,16-08-2023 0:00:00,Orden de Compra generada por invitación a compra ágil: 2769-235-COT23,Orden de Compra codigo: 2769-214-AG23 dirigida a ÁLVARO JOSÉ DEL CAMPO SÁEZ,Aceptada,Compra Agil,0,CLP,992222.0,992222.0,,unidad_educacion_sin_rbd_unico,municipal_2023_Sem2.7z:1100488OCCompraAgil.csv
2023,2769-216-SE23,municipal,Educación,17-08-2023 0:00:00,mantenimiento puertas chapas,pre-obligación 5/524 mantenimiento la mantención se debe realizar a las puertas de las salas del Liceo Olof Palme ubicado en Julio Covarrubias 9370 de la comuna de La Cisterna,Aceptada,Trato Directo,1,CLP,1719999.82,1719999.82,9701,nombre_o_rbd_unico,municipal_2023_Sem2.7z:1100488OCTratoDirecto.csv
2023,2769-217-AG23,municipal,Educación,17-08-2023 0:00:00,Orden de Compra generada por invitación a compra ágil: 2769-205-COT23,Orden de Compra codigo: 2769-217-AG23 dirigida a ANA MARIA BRAVO SUAZO SERVICIO TECNICO INFORMATICO E.I.R.L.,Aceptada,Compra Agil,0,CLP,952000.0,952000.0,,unidad_educacion_sin_rbd_unico,municipal_2023_Sem2.7z:1100488OCCompraAgil.csv
2023,2769-218-AG23,municipal,Educación,17-08-2023 0:00:00,Orden de Compra generada por invitación a compra ágil: 2769-241-COT23,Orden de Compra codigo: 2769-218-AG23 dirigida a LOGÍSTICA INTEGRAL EXPRESS SPA,Aceptada,Compra Agil,0,CLP,285469.1,285469.1,,unidad_educacion_sin_rbd_unico,municipal_2023_Sem2.7z:1100488OCCompraAgil.csv
2023,2769-219-AG23,municipal,Educación,18-08-2023 0:00:00,Orden de Compra generada por invitación a compra ágil: 2769-222-COT23,Orden de Compra codigo: 2769-219-AG23 dirigida a PRODUCTOS NATURALES E INSUMOS MEDICOS LIMITADA,Aceptada,Compra Agil,0,CLP,903805.0,903805.0,,unidad_educacion_sin_rbd_unico,municipal_2023_Sem2.7z:1100488OCCompraAgil.csv
2023,2769-22-AG23,municipal,Educación,14-04-2023 0:00:00,C.PALESTINO: 3 Manguera - Unidad Mantenimiento compra ágil: 2769-46-COT23,"COLEGIO PALESTINO: Dirección Avenida El Parrón 498-b La Cisterna. Entre calle Angamos y Santa María.  Horario: Lunes a Jueves de 8:00 a 17:00 horas, y viernes de 8:00 a 13:00 horas.  contacto: Andrés Rojas   - Fono 964659094  Ítem: 2152204014 Cc: 10.09.05 Subprog: 6 Unidad  de mantenimiento. ",Aceptada,Compra Agil,0,CLP,178500.0,178500.0,9700,nombre_o_rbd_unico,municipal_2023_Sem1.7z:1100488OCCompraAgil.csv
2023,2769-220-AG23,municipal,Educación,18-08-2023 0:00:00,"Adquisición de equipos de redes, Liceo Ciencia y Tecnología. Orden de Compra generada por invitación a compra ágil: 2769-199-COT23",Pre obligación 5-160 c.c 100217 sp4. despachar en Av Goycolea 469 La Cisterna. contacto Rafael Rojas 986640256. Liceo Ciencia y Tecnología. Orden de Compra codigo: 2769-220-AG23 dirigida a SYSTELEC ELECTRONICA LTDA,Aceptada,Compra Agil,0,CLP,1888813.22,1888813.22,9693,nombre_o_rbd_unico,municipal_2023_Sem2.7z:1100488OCCompraAgil.csv
2023,2769-221-AG23,municipal,Educación,18-08-2023 0:00:00,"Adquicisón de material deportivo para taller, Liceo Ciencia y Tecnología. Orden de Compra generada por invitación a compra ágil: 2769-231-COT23",Pre obligación 5/507 c.c 100217 sp4. despacha en Av Goycolea 469 La Cisterna. Contacto Rafael Rojas 986640256. Liceo Ciencia y Tecnología. Orden de Compra codigo: 2769-221-AG23 dirigida a FC REDES SPA,Aceptada,Compra Agil,0,CLP,453661.32,453661.32,9693,nombre_o_rbd_unico,municipal_2023_Sem2.7z:1100488OCCompraAgil.csv
2023,2769-222-AG23,municipal,Educación,18-08-2023 0:00:00,"Mantención maquinas y equipos de oficina, Liceo Ciencia y Tecnología. Orden de Compra generada por invitación a compra ágil: 2769-203-COT23",Pre Obligación 5/ 542 c.c 100217 sp4. Dirección de despacho en Av. Goycolea 469 La Cisterna. contacto Rafael Rojas 986640256. Orden de Compra codigo: 2769-222-AG23 dirigida a SOC COMERCIAL TEKMA SPA,Aceptada,Compra Agil,0,CLP,1510824.0,1510824.0,9693,nombre_o_rbd_unico,municipal_2023_Sem2.7z:1100488OCCompraAgil.csv
2023,2769-223-SE23,municipal,Educación,18-08-2023 0:00:00,Capacitación PIE,Capacitación personal PIE,Aceptada,Trato Directo,1,CLP,5586000.0,5586000.0,,unidad_educacion_sin_rbd_unico,municipal_2023_Sem2.7z:1100488OCTratoDirecto.csv
2023,2769-224-AG23,municipal,Educación,21-08-2023 0:00:00,"Vestuario deportivo,Orden de Compra generada por invitación a compra ágil: 2769-240-COT23",Orden de Compra codigo: 2769-224-AG23 dirigida a CONFECCIONES KUMITE  SPA,Aceptada,Compra Agil,0,CLP,1225490.56,1225490.56,9703,nombre_o_rbd_unico,municipal_2023_Sem2.7z:1100488OCCompraAgil.csv
2023,2769-225-AG23,municipal,Educación,21-08-2023 0:00:00,"Transporte, Orden de Compra generada por invitación a compra ágil: 2769-239-COT23",Orden de Compra codigo: 2769-225-AG23 dirigida a TRANSPORTE  LISSETTE GONZALEZ LIZANA  E.I.R.L.,Aceptada,Compra Agil,0,CLP,610000.0,610000.0,9703,nombre_o_rbd_unico,municipal_2023_Sem2.7z:1100488OCCompraAgil.csv
2023,2769-226-AG23,municipal,Educación,21-08-2023 0:00:00,Orden de Compra generada por invitación a compra ágil: 2769-194-COT23,Orden de Compra codigo: 2769-226-AG23 dirigida a OFISILLAS CHILE SPA,Aceptada,Compra Agil,0,CLP,1748467.0,1748467.0,,unidad_educacion_sin_rbd_unico,municipal_2023_Sem2.7z:1100488OCCompraAgil.csv
2023,2769-227-SE23,municipal,Educación,22-08-2023 0:00:00,implementos deportivo ,implemetacion deportivas  camisetas de futbol basquetbol voeibol,Aceptada,Convenio Marco,0,CLP,2616714.8,2616714.8,,unidad_educacion_sin_rbd_unico,municipal_2023_Sem2.7z:1100488OCConvenioMarco.csv
2023,2769-228-SE23,municipal,Educación,22-08-2023 0:00:00,materiales de enseñanza ,material didactico ,Aceptada,Licitacion Privada,0,CLP,5039769.0,5039769.0,,unidad_educacion_sin_rbd_unico,municipal_2023_Sem2.7z:1100488OCLicitacion.csv
2023,2769-229-AG23,municipal,Educación,23-08-2023 0:00:00,ARTÍCULOS DE ASEO OLOF,PRE-OBLIGACIÓN 5/555 los productos deberán ser entregados en dependencias del Liceo Olof Palme ubicado en Julio Covarrubias 9370 de la comuna de La Cisterna,Aceptada,Compra Agil,0,CLP,601571.18,601571.18,9701,nombre_o_rbd_unico,municipal_2023_Sem2.7z:1100488OCCompraAgil.csv
2023,2769-23-AG23,municipal,Educación,14-04-2023 0:00:00,C.PALESTINO: 3 Discos duros compra ágil: 2769-47-COT23,"COLEGIO PALESTINO: Dirección Avenida El Parrón 498-b La Cisterna. Entre calle Angamos y Santa María. Horario: Lunes a Jueves de 8:00 a 17:00 horas, y viernes de 8:00 a 13:00 horas. contacto: Andrés Rojas - Fono 964659094  Ítem: 2152906001 Cc: 10.02.03 Subprog: 4 Ley SEP",Aceptada,Compra Agil,0,CLP,178916.5,178916.5,9700,nombre_o_rbd_unico,municipal_2023_Sem1.7z:1100488OCCompraAgil.csv
2023,2769-230-CM23,municipal,Educación,23-08-2023 0:00:00,Orden de Compra: 2769-230-CM23,Orden de Compra codigo: 2769-230-CM23 dirigida a PROVEEDORES INTEGRALES PRISA S A,Aceptada,Convenio Marco,0,CLP,5922570.5,5922570.5,,unidad_educacion_sin_rbd_unico,municipal_2023_Sem2.7z:1100488OCConvenioMarco.csv
2023,2769-231-CM23,municipal,Educación,23-08-2023 0:00:00,Orden de Compra: 2769-231-CM23,Orden de Compra codigo: 2769-231-CM23 dirigida a GB INVERSIONES Y COMERCIAL LIMITADA,Aceptada,Convenio Marco,0,CLP,5967017.0,5967017.0,,unidad_educacion_sin_rbd_unico,municipal_2023_Sem2.7z:1100488OCConvenioMarco.csv
2023,2769-232-CM23,municipal,Educación,23-08-2023 0:00:00,Orden de Compra: 2769-232-CM23,Orden de Compra codigo: 2769-232-CM23 dirigida a SCANNO SPA,Aceptada,Convenio Marco,0,CLP,2067030.0,2067030.0,,unidad_educacion_sin_rbd_unico,municipal_2023_Sem2.7z:1100488OCConvenioMarco.csv
2023,2769-233-CM23,municipal,Educación,23-08-2023 0:00:00,Orden de Compra: 2769-233-CM23,Orden de Compra codigo: 2769-233-CM23 dirigida a ROLAND VORWERK Y COMPANIA LIMITADA,Aceptada,Convenio Marco,0,CLP,2004090.9,2004090.9,,unidad_educacion_sin_rbd_unico,municipal_2023_Sem2.7z:1100488OCConvenioMarco.csv
2023,2769-234-SE23,municipal,Educación,24-08-2023 0:00:00,Techos Antu,"Reparación de los techos de las salas de Pre Básica, primero básico y comedor alumnos.",Aceptada,Trato Directo,1,CLP,549185.0,549185.0,9730,nombre_o_rbd_unico,municipal_2023_Sem2.7z:1100488OCTratoDirecto.csv
2023,2769-235-SE23,municipal,Educación,24-08-2023 0:00:00,Desarme Liceo Portal de La Cisterna,Desarme de comedor asistentes y reparación del cielo americano en salas y bodega,Aceptada,Trato Directo,1,CLP,5689866.0,5689866.0,9722,nombre_o_rbd_unico,municipal_2023_Sem2.7z:1100488OCTratoDirecto.csv
2023,2769-236-SE23,municipal,Educación,24-08-2023 0:00:00,Capacitación Fonoaudiólogos,Curso fonoaudiólogos PIE,Aceptada,Trato Directo,1,CLP,1600000.0,1600000.0,,unidad_educacion_sin_rbd_unico,municipal_2023_Sem2.7z:1100488OCTratoDirecto.csv
2023,2769-237-SE23,municipal,Educación,24-08-2023 0:00:00,Capcitación directivos,Curso orientado a directivos y equipo de gestión,Aceptada,Trato Directo,1,CLP,4200000.0,4200000.0,,unidad_educacion_sin_rbd_unico,municipal_2023_Sem2.7z:1100488OCTratoDirecto.csv
2023,2769-238-SE23,municipal,Educación,24-08-2023 0:00:00,Reparaciones Oscar Encalada,Reparaciones Colegio Oscar Encalada,Aceptada,Trato Directo,1,CLP,6195437.5,6195437.5,9706,nombre_o_rbd_unico,municipal_2023_Sem2.7z:1100488OCTratoDirecto.csv
2023,2769-239-SE23,municipal,Educación,24-08-2023 0:00:00,Capacitación TEA,Estrategias diagnósticas e intervención del Alumno TEA,Aceptada,Trato Directo,1,CLP,1600000.0,1600000.0,,unidad_educacion_sin_rbd_unico,municipal_2023_Sem2.7z:1100488OCTratoDirecto.csv
2023,2769-24-AG23,municipal,Educación,14-04-2023 0:00:00,Arriendo de bus por salidas Pedagógicas Liceo Ciencia y Tecnología. Orden de Compra generada por invitación a compra ágil: 2769-43-COT23,Orden de Compra codigo: 2769-24-AG23 dirigida a CRISTIAN ANDRES SANCHEZ GONZALEZ  Pre obligación presupuestaria 5/44 . LEY SEP. C.c 10.02.17 Sp-4. Dirección de despacho.  Av. Goycolea 469. La Cisterna. Contacto Rafael Rojas. (servicio debe Llegar 20 min antes.),Aceptada,Compra Agil,0,CLP,299980.0,299980.0,9693,nombre_o_rbd_unico,municipal_2023_Sem1.7z:1100488OCCompraAgil.csv
2023,2769-240-SE23,municipal,Educación,24-08-2023 0:00:00,Capacitación docentes,Capacitación docentes,Aceptada,Trato Directo,1,CLP,5300000.0,5300000.0,,unidad_educacion_sin_rbd_unico,municipal_2023_Sem2.7z:1100488OCTratoDirecto.csv
2023,2769-241-SE23,municipal,Educación,24-08-2023 0:00:00,Full College CIENCIAS,SOFTWARE FULL COLLEGE,Aceptada,Trato Directo,1,CLP,3146218.0,3146218.0,,unidad_educacion_sin_rbd_unico,municipal_2023_Sem2.7z:1100488OCTratoDirecto.csv
2023,2769-242-SE23,municipal,Educación,24-08-2023 0:00:00,adquisición de datas para salas de clases olof,pre-obligación 5/536 financiamiento LEY SEP los productos deberán ser entregados en dependencias del liceo Olof  Palme ubicado en Julio Covarrubias 9370 en la comuna de La Cisterna ,Aceptada,Trato Directo,1,CLP,4761109.08,4761109.08,,unidad_educacion_sin_rbd_unico,municipal_2023_Sem2.7z:1100488OCTratoDirecto.csv
2023,2769-244-SE23,municipal,Educación,24-08-2023 0:00:00,reparacion Portal La CIsterna,retiro malla y desarme estrucctura ,Aceptada,Trato Directo,1,CLP,4765236.0,4765236.0,,unidad_educacion_sin_rbd_unico,municipal_2023_Sem2.7z:1100488OCTratoDirecto.csv
2023,2769-245-SE23,municipal,Educación,24-08-2023 0:00:00,reparacion techo baños esperanza joven,reparacion techo baños prebasica,Aceptada,Trato Directo,1,CLP,5249613.6,5249613.6,9703,nombre_o_rbd_unico,municipal_2023_Sem2.7z:1100488OCTratoDirecto.csv
2023,2769-246-SE23,municipal,Educación,24-08-2023 0:00:00,reparacion cielo comerdor olof palme,reparar volcanitas del cielo comedor olof palme  ,Aceptada,Trato Directo,1,CLP,6195206.64,6195206.64,9701,nombre_o_rbd_unico,municipal_2023_Sem2.7z:1100488OCTratoDirecto.csv
2023,2769-247-SE23,municipal,Educación,24-08-2023 0:00:00,REPARACION E IMPERMEABILIZACION ,REPARACION E IMPERMEABILIZACION DE MUROS ,Aceptada,Trato Directo,1,CLP,5404480.2,5404480.2,,unidad_educacion_sin_rbd_unico,municipal_2023_Sem2.7z:1100488OCTratoDirecto.csv
2023,2769-248-AG23,municipal,Educación,28-08-2023 0:00:00,COL.PALESTINO: ARRIENDO DE BUSES - SALIDA  PEDAGÓGICA compra ágil: 2769-250-COT23,"Colegio Palestino: Avenida El Parrón 498b, La Cisterna (entre calles Angamos y Santa María). Contacto: Andrés Rojas fono: 964659094 correo: sep@colegiopalestino.cl HORARIO: Lunes a jueves de 8:30 a 17:00 horas y viernes de 8:30 a 13:00 horas.  Orden de Compra código: 2769-248-AG23 dirigida a TRANSPORTE Y LOGÍSTICA ECOVAN SPA  Ítem: 22.09.003 - Arriendo de vehículos. Cc: 10.02.03 Sub-prog: 4 Ley SEP",Aceptada,Compra Agil,0,CLP,360000.0,360000.0,9700,nombre_o_rbd_unico,municipal_2023_Sem2.7z:1100488OCCompraAgil.csv
2023,2769-249-AG23,municipal,Educación,25-08-2023 0:00:00,Orden de Compra generada por invitación a compra ágil: 2769-245-COT23,Orden de Compra codigo: 2769-249-AG23 dirigida a TORRES MM SPA,Aceptada,Compra Agil,0,CLP,430763.34,430763.34,9703,nombre_o_rbd_unico,municipal_2023_Sem2.7z:1100488OCCompraAgil.csv
2023,2769-251-AG23,municipal,Educación,25-08-2023 0:00:00,Adquisición  de resmas opalina Escuela Oscar Encalada ,"Adquisición de resmas opalina  para Escuela Oscar Encalada, Ubicada en Pedro Aguirre Cerda 0184,La Cisterna. Pre-obligación 5-560 fondos Ley sep C.C. 100206 SP 4  contacto Susana Fonseca  Fono 945221930  Orden de Compra codigo: 2769-251-AG23 dirigida a SERGIO SEGUNDO VERGARA JANA",Aceptada,Compra Agil,0,CLP,55930.0,55930.0,9706,nombre_o_rbd_unico,municipal_2023_Sem2.7z:1100488OCCompraAgil.csv
2023,2769-252-AG23,municipal,Educación,25-08-2023 0:00:00,Adquisición de Impresora Multifuncional Escuela Oscar Encalada ,"Adquisición de Impresora Multifuncional a color para Escuela Oscar Encalada, Ubicada en Pedro Aguirre Cerda 0184,La Cisterna. Pre-obligación 5-559 fondos Ley sep C.C. 100206 SP 4  contacto Susana Fonseca  Fono 945221930   Orden de Compra codigo: 2769-252-AG23 dirigida a DREAMTEC HOLDINGS SPA",Aceptada,Compra Agil,0,CLP,534989.49,534989.49,9706,nombre_o_rbd_unico,municipal_2023_Sem2.7z:1100488OCCompraAgil.csv
2023,2769-253-AG23,municipal,Educación,25-08-2023 0:00:00,Adquisición de material de enseñanza escuela Oscar Encalada ,"Adquisición de diversos materiales de enseñanza para Escuela Oscar Encalada, Ubicada en Pedro Aguirre Cerda 0184,La Cisterna. Pre-obligación 5-561 fondos Ley sep C.C. 100206 SP 4  contacto Susana Fonseca  Fono 945221930    Orden de Compra codigo: 2769-253-AG23 dirigida a COMERCIAL RED OFFICE LIMITADA",Aceptada,Compra Agil,0,CLP,459768.4,459768.4,9706,nombre_o_rbd_unico,municipal_2023_Sem2.7z:1100488OCCompraAgil.csv
2023,2769-254-AG23,municipal,Educación,26-08-2023 0:00:00,COLACIONES SALIDAS PEDAGÓGICAS,Orden de Compra codigo: 2769-254-AG23 dirigida a MERCADOBOY SPA pre-obligación 5/534 ley sep los productos deberán ser entregados en dependencias del Liceo Olof Palme ubicado en Julio Covarrubias 9370 de la comuna de la cisterna el día lunes 28/8/23 hasta las 18:00,Aceptada,Compra Agil,0,CLP,269945.55,269945.55,9701,nombre_o_rbd_unico,municipal_2023_Sem2.7z:1100488OCCompraAgil.csv
2023,2769-255-AG23,municipal,Educación,26-08-2023 0:00:00,SALIDA PEDAGÓGICA GRANJA LONQUEN,Orden de Compra codigo: 2769-255-AG23 dirigida a SALIDAS EDUCATIVAS SPA PRE-OBLIGACIÓN 5/532 LEY SEP el servicio debe retirará los alumnos del Liceo Olof Palme ubicado en Julio Covarrubias 9370 de la comuna de la Cisterna el día martes 29 de agosto a las 9:00hr,Aceptada,Compra Agil,0,CLP,557700.0,557700.0,9701,nombre_o_rbd_unico,municipal_2023_Sem2.7z:1100488OCCompraAgil.csv
2023,2769-256-AG23,municipal,Educación,26-08-2023 0:00:00,colaciones 6°básico y 2° medio olof,Orden de Compra codigo: 2769-256-AG23 dirigida a COMERCIALIZADORA URSULA ANDREA JELVES TORRES E.I.R.L. pre-obligación 2769-534-ag23 ley sep los productos deberán ser entregadas en dependencias del Liceo Olof Palme ubicado en Julio Covarrubias 9370 de la comuna de La Cisterna el día miercoles 30 hasta las 17:00 hr,Aceptada,Compra Agil,0,CLP,864953.88,864953.88,9701,nombre_o_rbd_unico,municipal_2023_Sem2.7z:1100488OCCompraAgil.csv
2023,2769-257-AG23,municipal,Educación,28-08-2023 0:00:00,Orden de Compra generada por invitación a compra ágil: 2769-247-COT23,Orden de Compra codigo: 2769-257-AG23 dirigida a R & A SOLUCIONES SPA,Aceptada,Compra Agil,0,CLP,426020.0,426020.0,,unidad_educacion_sin_rbd_unico,municipal_2023_Sem2.7z:1100488OCCompraAgil.csv
2023,2769-258-AG23,municipal,Educación,29-08-2023 0:00:00,COL.PALESTINO: MATERIALES compra ágil: 2769-258-COT23,"Colegio Palestino: Avenida El Parrón 498b, La Cisterna (entre calles Angamos y Santa María). Contacto: Andrés Rojas fono: 964659094 correo: sep@colegiopalestino.cl HORARIO: Lunes a jueves de 8:30 a 17:00 horas y viernes de 8:30 a 13:00 horas.  Orden de Compra codigo: 2769-258-AG23 dirigida a SOCIEDAD COMERCIAL DISTRIBUCION GLOBAL LIMITADA  Ítem: 22.04.002 cc:10.02.03 Sub.prog: 4 Ley SEP.",Aceptada,Compra Agil,0,CLP,355524.4,355524.4,9700,nombre_o_rbd_unico,municipal_2023_Sem2.7z:1100488OCCompraAgil.csv
2023,2769-259-AG23,municipal,Educación,29-08-2023 0:00:00,COLEGIO PALESTINO: MATERIALES PARA REPARACIONES.a compra ágil: 2769-251-COT23,"Colegio Palestino: Avenida El Parrón 498b, La Cisterna (entre calles Angamos y Santa María). Contacto: Andrés Rojas fono: 964659094 correo: sep@colegiopalestino.cl HORARIO: Lunes a jueves de 8:30 a 17:00 horas y viernes de 8:30 a 13:00 horas.  Orden de Compra codigo: 2769-259-AG23 dirigida a COMERCIALIZADORA JUAN JOSE ULLOA FUENZALIDA E.I.R.L.  Ítem: 22.04.010 Cc: 10.09.05 Sub.prog: 6 Unidad de Mantenimiento.",Aceptada,Compra Agil,0,CLP,569221.03,569221.03,9700,nombre_o_rbd_unico,municipal_2023_Sem2.7z:1100488OCCompraAgil.csv
2023,2769-26-SE23,municipal,Educación,17-04-2023 0:00:00,equipos computacionales ,proyectores ,Aceptada,Trato Directo,1,CLP,3311175.0,3311175.0,,unidad_educacion_sin_rbd_unico,municipal_2023_Sem1.7z:1100488OCTratoDirecto.csv
2023,2769-260-AG23,municipal,Educación,31-08-2023 0:00:00,COLEGIO PALESTINO: SISTEMA DE AUDIO  compra ágil: 2769-259-COT23,"Colegio Palestino: Avenida El Parrón 498b, La Cisterna (entre calles Angamos y Santa María). Contacto: Andrés Rojas fono: 964659094 correo: sep@colegiopalestino.cl HORARIO: Lunes a jueves de 8:30 a 17:00 horas y viernes de 8:30 a 13:00 horas.  Orden de Compra código: 2769-260-AG23 dirigida a SOCIEDAD COMERCIAL URIBE E HIJO LIMITADA  Ítem: 29.05.001, 22.04.999 y 2152904 Cc: 10.02.03 Sub.prog: 4 Ley SEP",Aceptada,Compra Agil,0,CLP,681786.7,681786.7,9700,nombre_o_rbd_unico,municipal_2023_Sem2.7z:1100488OCCompraAgil.csv
2023,2769-262-AG23,municipal,Educación,31-08-2023 0:00:00,articulos npara aseo olof,Orden de Compra codigo: 2769-262-AG23 dirigida a MEGA MERCADO SPA pre-obligación 5/555 ley sep los productos deberán ser entregados en dependencias del Liceo Olof Palme ubicado en la comuna de La Cisterna,Aceptada,Compra Agil,0,CLP,1095602.06,1095602.06,9701,nombre_o_rbd_unico,municipal_2023_Sem2.7z:1100488OCCompraAgil.csv
2023,2769-263-AG23,municipal,Educación,31-08-2023 0:00:00,salida pedagógica 3° Medio liceo Olof,pre-obligación 5/532 ley sep los alumnos deberán ser retirados desde las dependencias del Liceo Olof Palme de la comuna de La Cisterna el 6 de septiembre a las 8:00 hr,Aceptada,Compra Agil,0,CLP,320000.0,320000.0,9701,nombre_o_rbd_unico,municipal_2023_Sem2.7z:1100488OCCompraAgil.csv
2023,2769-264-AG23,municipal,Educación,31-08-2023 0:00:00,Orden de Compra generada por invitación a compra ágil: 2769-266-COT23,Orden de Compra codigo: 2769-264-AG23 dirigida a SOCIEDAD COMERCIAL VERCON SOCIEDAD POR ACCIONES SPA,Aceptada,Compra Agil,0,CLP,1438829.0,1438829.0,9699,nombre_o_rbd_unico,municipal_2023_Sem2.7z:1100488OCCompraAgil.csv
2023,2769-265-AG23,municipal,Educación,31-08-2023 0:00:00,COLEGIO PALESTINO: CONSOLA DE AUDIO compra ágil: 2769-257-COT23,"Colegio Palestino: Avenida El Parrón 498b, La Cisterna (entre calles Angamos y Santa María). Contacto: Andrés Rojas fono: 964659094 correo: sep@colegiopalestino.cl HORARIO: Lunes a jueves de 8:30 a 17:00 horas y viernes de 8:30 a 13:00 horas.   Orden de Compra código: 2769-265-AG23 dirigida a BIOMUSIC SPA  Ítem: 29.05.001 Cc:10.02.03 Sub-prog: 4 Ley SEP",Aceptada,Compra Agil,0,CLP,420899.43,420899.43,9700,nombre_o_rbd_unico,municipal_2023_Sem2.7z:1100488OCCompraAgil.csv
2023,2769-266-AG23,municipal,Educación,31-08-2023 0:00:00,"Materiales de aseo y desinfección, Liceo Ciencia y TEcnología. Orden de Compra generada por invitación a compra ágil: 2769-270-COT23",Pre obligación 5/544. c.c 100217 sp4. Despachar en Av. Goycolea 469 La Cisterna. contacto Rafael Rojas 986640256. Orden de Compra codigo: 2769-266-AG23 dirigida a DELTA GENERACION SPA,Aceptada,Compra Agil,0,CLP,1499795.08,1499795.08,9693,nombre_o_rbd_unico,municipal_2023_Sem2.7z:1100488OCCompraAgil.csv
2023,2769-267-AG23,municipal,Educación,01-09-2023 0:00:00,salida pedagógica parqué en el aire 3° medio olof,pre-obligación 5/533 financiamiento LEY SEP los alumnos deberán ser recibidos en el parque el día 06 de septiembre de 2023,Aceptada,Compra Agil,0,CLP,1439999.96,1439999.96,,unidad_educacion_sin_rbd_unico,municipal_2023_Sem2.7z:1100488OCCompraAgil.csv
2023,2769-268-SE23,municipal,Educación,01-09-2023 0:00:00,Contratación Academia Bafochi,"Pre- Obligación N°5/570  Fondos Sep Evento se realizará en dependencias del colegio Antu ubicado en Av. Trinidad Ramirez 0750, La Cisterna para el dia 02 de Septiembre 2023",Aceptada,Trato Directo,1,CLP,2250000.0,2250000.0,9730,nombre_o_rbd_unico,municipal_2023_Sem2.7z:1100488OCTratoDirecto.csv
2023,2769-269-SE23,municipal,Educación,01-09-2023 0:00:00,Adquisición de Impresora Multifuncional ,"Pre- obligación N°5/558 Ley Sep Los productos deberán ser entregados en dependencias del Colegio Antu, ubicado en: Av. Trinidad Ramirez 0750, La Cisterna.",Aceptada,Trato Directo,1,CLP,2249100.0,2249100.0,9730,nombre_o_rbd_unico,municipal_2023_Sem2.7z:1100488OCTratoDirecto.csv
2023,2769-27-AG23,municipal,Educación,18-04-2023 0:00:00,Orden de Compra generada por invitación a compra ágil: 2769-49-COT23,Orden de Compra codigo: 2769-27-AG23 dirigida a AMPERA SPA,Aceptada,Compra Agil,0,CLP,483140.0,483140.0,,unidad_educacion_sin_rbd_unico,municipal_2023_Sem1.7z:1100488OCCompraAgil.csv
2023,2769-270-AG23,municipal,Educación,04-09-2023 0:00:00,Tintas y toners liceo Portal,Orden de Compra codigo: 2769-270-AG23 dirigida a IMPORTADORA Y EXPORTADORA LASER IMAGING CHILE SPA.,Aceptada,Compra Agil,0,CLP,835380.0,835380.0,,unidad_educacion_sin_rbd_unico,municipal_2023_Sem2.7z:1100488OCCompraAgil.csv
2023,2769-271-AG23,municipal,Educación,04-09-2023 0:00:00,RESMAS Y PAPEL compra ágil: 2769-271-COT23,Orden de Compra codigo: 2769-271-AG23 dirigida a ALCE DOBLE CERO LIMITADA,Aceptada,Compra Agil,0,CLP,1658860.0,1658860.0,,unidad_educacion_sin_rbd_unico,municipal_2023_Sem2.7z:1100488OCCompraAgil.csv
2023,2769-272-AG23,municipal,Educación,04-09-2023 0:00:00,Orden de Compra generada por invitación a compra ágil: 2769-274-COT23,Orden de Compra codigo: 2769-272-AG23 dirigida a HM SERVICE SPA,Aceptada,Compra Agil,0,CLP,956482.73,956482.73,,unidad_educacion_sin_rbd_unico,municipal_2023_Sem2.7z:1100488OCCompraAgil.csv
2023,2769-273-AG23,municipal,Educación,04-09-2023 0:00:00,"marerial enseñanza , deportivo -  compra ágil: 2769-273-COT23",Orden de Compra codigo: 2769-273-AG23 dirigida a VENTAS Y SERVICIOS  MARCELO OPAZO SPA,Recepcion Conforme,Compra Agil,0,CLP,1177505.0,1177505.0,,unidad_educacion_sin_rbd_unico,municipal_2023_Sem2.7z:1100488OCCompraAgil.csv
2023,2769-274-AG23,municipal,Educación,04-09-2023 0:00:00,"Adquisición de tintas y tóner, Liceo Ciencia y Tecnología. Orden de Compra generada por invitación a compra ágil: 2769-246-COT23","Pre obligación 5/46. C:C 100217. sp4. Despachar en Av. Goycolea 469 La Cisterna, Contacto Rafael Rojas 986640256. Liceo Ciencia y Tecnología. Orden de Compra codigo: 2769-274-AG23 dirigida a ALVARO JOSE DEL CAMPO SAEZ",Aceptada,Compra Agil,0,CLP,996625.0,996625.0,9693,nombre_o_rbd_unico,municipal_2023_Sem2.7z:1100488OCCompraAgil.csv
2023,2769-275-AG23,municipal,Educación,05-09-2023 0:00:00,Adquición de libros de lectura Escuela Oscar Encalada," Adquisición de libros de lectura complementaria 2° ciclo para la Escuela Oscar Encalada, Ubicada en Pedro Aguirre Cerda 0184,La Cisterna. Pre-obligación 5-575 fondos Ley sep C.C. 100206 SP 4  contacto Susana Fonseca  Fono 945221930   Orden de Compra codigo: 2769-275-AG23 dirigida a LIBRERIA EDUARDO ALBERS LTDA",Aceptada,Compra Agil,0,CLP,1381828.0,1381828.0,9706,nombre_o_rbd_unico,municipal_2023_Sem2.7z:1100488OCCompraAgil.csv
2023,2769-277-AG23,municipal,Educación,08-09-2023 0:00:00,entradas a parque en el aire olof,pre-obligación 5/533 financiamiento ley sep las 41 entrada serán dirigidas a los y las alumnas del Liceo Olof Palme,Aceptada,Compra Agil,0,CLP,1434999.58,1434999.58,9701,nombre_o_rbd_unico,municipal_2023_Sem2.7z:1100488OCCompraAgil.csv
2023,2769-278-AG23,municipal,Educación,08-09-2023 0:00:00,TRASLADO ALUMNOS 1° MEDIO OLOF,PRE-OBLIGACIÓN 5/532 financiamiento LEY SEP los alumnos deberán ser retirados del Liceo Olof Palme ubicado en Julio Covarrubias 9370 en la comuna de La Cisterna el dia 12 de septiembre a las 08:00 y regresarlos a las 18:30 hr ,Aceptada,Compra Agil,0,CLP,280000.0,280000.0,9701,nombre_o_rbd_unico,municipal_2023_Sem2.7z:1100488OCCompraAgil.csv
2023,2769-279-AG23,municipal,Educación,11-09-2023 0:00:00,Orden de Compra generada por invitación a compra ágil: 2769-282-COT23,Orden de Compra codigo: 2769-279-AG23 dirigida a COMERCIAL MACME LTDA,Aceptada,Compra Agil,0,CLP,1545257.84,1545257.84,,unidad_educacion_sin_rbd_unico,municipal_2023_Sem2.7z:1100488OCCompraAgil.csv
2023,2769-280-AG23,municipal,Educación,21-09-2023 0:00:00,Orden de Compra generada por invitación a compra ágil: 2769-289-COT23,Orden de Compra codigo: 2769-280-AG23 dirigida a DCV COMPUTACION LTDA,Aceptada,Compra Agil,0,CLP,329868.0,329868.0,,unidad_educacion_sin_rbd_unico,municipal_2023_Sem2.7z:1100488OCCompraAgil.csv
2023,2769-281-AG23,municipal,Educación,21-09-2023 0:00:00,Orden de Compra generada por invitación a compra ágil: 2769-290-COT23,Orden de Compra codigo: 2769-281-AG23 dirigida a Comercializadora de artículos ferreteros Osorio ,Aceptada,Compra Agil,0,CLP,344981.0,344981.0,,unidad_educacion_sin_rbd_unico,municipal_2023_Sem2.7z:1100488OCCompraAgil.csv
2023,2769-282-AG23,municipal,Educación,22-09-2023 0:00:00,adquisición de colaciones salida pedagógica,pre-obligación 5/534 financiamiento LEY SEP los productos deberán ser entregados en dependencias del Liceo Olof Palme ubicado en Julio Covarrubias 9370 en la comuna de La Cisterna a más tardar mañana sábado se deberán entregar 10 sandwich y 14 colaciones el saldo se deberá entregar el miercoles 27 de septiembre,Aceptada,Compra Agil,0,CLP,527253.3,527253.3,9701,nombre_o_rbd_unico,municipal_2023_Sem2.7z:1100488OCCompraAgil.csv
2023,2769-283-AG23,municipal,Educación,22-09-2023 0:00:00,salida pedagógica 8° basico olof,pre-obligación 5/532 financiamiento SEP los alumnos deberán ser retirados desde Liceo Olof Palme ubicado en Julio Covarrubias 9370 en la Cisterna el lunes 25 de septiembre a las 08:15,Aceptada,Compra Agil,0,CLP,1096200.0,1096200.0,9701,nombre_o_rbd_unico,municipal_2023_Sem2.7z:1100488OCCompraAgil.csv
2023,2769-284-AG23,municipal,Educación,22-09-2023 0:00:00,Orden de Compra generada por invitación a compra ágil: 2769-294-COT23,Orden de Compra codigo: 2769-284-AG23 dirigida a AURATEC SPA,Aceptada,Compra Agil,0,CLP,154938.0,154938.0,,unidad_educacion_sin_rbd_unico,municipal_2023_Sem2.7z:1100488OCCompraAgil.csv
2023,2769-285-AG23,municipal,Educación,25-09-2023 0:00:00,Orden de Compra generada por invitación a compra ágil: 2769-281-COT23,Orden de Compra codigo: 2769-285-AG23 dirigida a ALVARO JOSE DEL CAMPO SAEZ,Aceptada,Compra Agil,0,CLP,60690.0,60690.0,,unidad_educacion_sin_rbd_unico,municipal_2023_Sem2.7z:1100488OCCompraAgil.csv
2023,2769-286-AG23,municipal,Educación,26-09-2023 0:00:00,Orden de Compra generada por invitación a compra ágil: 2769-293-COT23,"Orden de Compra codigo: 2769-286-AG23 dirigida a CLAUDIO ALBERTO SANHUEZA GONZALEZ OBRAS EN INGENIERIA, PROYECTOS SERVI",Solicitud de Cancelacion,Compra Agil,0,CLP,952000.0,,,unidad_educacion_sin_rbd_unico,municipal_2023_Sem2.7z:1100488OCCompraAgil.csv
2023,2769-288-AG23,municipal,Educación,26-09-2023 0:00:00,Orden de Compra generada por invitación a compra ágil: 2769-287-COT23,Orden de Compra codigo: 2769-288-AG23 dirigida a EMPRESA CHILENA DE FERRETERIAS SPA,Aceptada,Compra Agil,0,CLP,496384.7,496384.7,9730,nombre_o_rbd_unico,municipal_2023_Sem2.7z:1100488OCCompraAgil.csv
2023,2769-289-AG23,municipal,Educación,26-09-2023 0:00:00,Mantención y reparación Casino E. Joven compra ágil: 2769-275-COT23,Orden de Compra codigo: 2769-289-AG23 dirigida a OPT SpA,Aceptada,Compra Agil,0,CLP,1053150.0,1053150.0,,unidad_educacion_sin_rbd_unico,municipal_2023_Sem2.7z:1100488OCCompraAgil.csv
2023,2769-29-SE23,municipal,Educación,19-04-2023 0:00:00,textos ,resolucion  1 item22.04.002 c.c 100202 pre obligacion 5/36,Aceptada,Trato Directo,1,CLP,1777869.52,1777869.52,,unidad_educacion_sin_rbd_unico,municipal_2023_Sem1.7z:1100488OCTratoDirecto.csv
2023,2769-290-AG23,municipal,Educación,26-09-2023 0:00:00,Adquisición de Cuadernos Caligrafix Escuela Oscar Encalada ,"Adquisición de Cuadernos Caligrafix de 2°a 6°Básico  para la  Escuela Oscar Encalada, Ubicada en Pedro Aguirre Cerda 0184,La Cisterna. Pre-obligación 5-580 fondos Ley sep C.C. 100206 SP 4  contacto Susana Fonseca  Fono 945221930     Orden de Compra codigo: 2769-290-AG23 dirigida a PAOLA DE LAS MERCEDES GONZALEZ BECERRA",Aceptada,Compra Agil,0,CLP,823480.0,823480.0,9706,nombre_o_rbd_unico,municipal_2023_Sem2.7z:1100488OCCompraAgil.csv
2023,2769-291-AG23,municipal,Educación,26-09-2023 0:00:00,Orden de Compra generada por invitación a compra ágil: 2769-285-COT23,Orden de Compra codigo: 2769-291-AG23 dirigida a COMERCIAL RED OFFICE LIMITADA,Aceptada,Compra Agil,0,CLP,1570228.8,1570228.8,9730,nombre_o_rbd_unico,municipal_2023_Sem2.7z:1100488OCCompraAgil.csv
2023,2769-295-SE23,municipal,Educación,26-09-2023 0:00:00,Adquisición de Pantalla interactiva Liceo Ciencia y Tecnología.,Pre obligación 5/138 c.c 100217. sp4. Despachar en Av. Goycolea 469 La Cisterna. Contacto Rafael Rojas 986640256. ,Aceptada,Trato Directo,1,CLP,5343100.0,5343100.0,9693,nombre_o_rbd_unico,municipal_2023_Sem2.7z:1100488OCTratoDirecto.csv
2023,2769-296-SE23,municipal,Educación,26-09-2023 0:00:00,Vestuario Escuela Oscar Encalada ,"Adquisición de Vestuario Institucional para alumnos y alumnas de la  Escuela Oscar Encalada, Ubicada en Pedro Aguirre Cerda 0184,La Cisterna. Pre-obligación 5-576 fondos Pro-retención  C.C. 100708  contacto Susana Fonseca  Fono 945221930  ",Aceptada,Trato Directo,1,CLP,4238565.8,4238565.8,9706,nombre_o_rbd_unico,municipal_2023_Sem2.7z:1100488OCTratoDirecto.csv
2023,2769-297-AG23,municipal,Educación,26-09-2023 0:00:00,Orden de Compra generada por invitación a compra ágil: 2769-284-COT23,Orden de Compra codigo: 2769-297-AG23 dirigida a COMERCIALIZADORA FÉNIX LIMITADA,Aceptada,Compra Agil,0,CLP,1785000.0,1785000.0,9730,nombre_o_rbd_unico,municipal_2023_Sem2.7z:1100488OCCompraAgil.csv
2023,2769-3-AG23,municipal,Educación,01-03-2023 0:00:00,Orden de Compra generada por invitación a compra ágil: 2769-4-COT23,Orden de Compra codigo: 2769-3-AG23 dirigida a COMERCIAL SANTOS SPA,Aceptada,Compra Agil,0,CLP,260669.5,260669.5,,unidad_educacion_sin_rbd_unico,municipal_2023_Sem1.7z:1100488OCCompraAgil.csv
2023,2769-30-AG23,municipal,Educación,19-04-2023 0:00:00,Papel carta y oficio. Liceo Ciencia y Tecnología. Orden de Compra generada por invitación a compra ágil: 2769-44-COT23,Pre obligación presupuestaria 5/46 . LEY SEP. C.c 10.02.17 Sp-4. Dirección de despacho. Av. Goycolea 469. La Cisterna. Contacto Rafael Rojas. 986640256.  horario de despacho de lunes a viernes de 08:00 a 13:00 y de 15:00 a 16:00. Orden de Compra codigo: 2769-30-AG23 dirigida a DISTRIBUIDORA PAPELES INDUSTRIALES SPA,Aceptada,Compra Agil,0,CLP,1765138.9,1765138.9,9693,nombre_o_rbd_unico,municipal_2023_Sem1.7z:1100488OCCompraAgil.csv
2023,2769-304-AG23,municipal,Educación,27-09-2023 0:00:00,salida pedagógica 6°básico,pre-obligación 5/532 financiamiento sep los alumnos deberán ser retirados de las dependencias del liceo olof palme ubicado en Julio Covarrubias 9370 de La Cisterna a las 08:00 y el regreso 18:30. si ocurre cualquier inconveniente se suspende automáticamente y se reprogamara a otra fecha,Aceptada,Compra Agil,0,CLP,1056900.0,1056900.0,9701,nombre_o_rbd_unico,municipal_2023_Sem2.7z:1100488OCCompraAgil.csv
2023,2769-305-AG23,municipal,Educación,27-09-2023 0:00:00,salida pedagógica 2° medio olof,pre-obligación 5/532 financiamiento sep los alumnos deberán ser retirados desde las dependencias del liceo olof palme a las 08:00 hras y su regreso a las 18:30. en caso de algún imprevisto la salida quedará automáticamente suspendida y se agendará para otro día,Aceptada,Compra Agil,0,CLP,996200.0,996200.0,9701,nombre_o_rbd_unico,municipal_2023_Sem2.7z:1100488OCCompraAgil.csv
2023,2769-306-AG23,municipal,Educación,28-09-2023 0:00:00,Adquisición de Tóner escuela Oscar Encalada ,"Adquisición de Tóner para la  Escuela Oscar Encalada, Ubicada en Pedro Aguirre Cerda 0184,La Cisterna. Pre-obligación 5-592 fondos Ley sep C.C. 100206 SP 4  contacto Susana Fonseca  Fono 945221930     Orden de Compra codigo: 2769-306-AG23 dirigida a COMERCIALIZADORA JOSE OMAR OBREQUE OBREGON E.I.R.L.",Aceptada,Compra Agil,0,CLP,392700.0,392700.0,9706,nombre_o_rbd_unico,municipal_2023_Sem2.7z:1100488OCCompraAgil.csv
2023,2769-307-AG23,municipal,Educación,29-09-2023 0:00:00,Orden de Compra generada por invitación a compra ágil: 2769-305-COT23,Orden de Compra codigo: 2769-307-AG23 dirigida a SOCIEDAD COMERCIAL DISTRIBUCION GLOBAL LIMITADA,Aceptada,Compra Agil,0,CLP,456722.0,456722.0,,unidad_educacion_sin_rbd_unico,municipal_2023_Sem2.7z:1100488OCCompraAgil.csv
2023,2769-308-AG23,municipal,Educación,29-09-2023 0:00:00,Orden de Compra generada por invitación a compra ágil: 2769-306-COT23,Orden de Compra codigo: 2769-308-AG23 dirigida a quantech ciencia y tecnología Spa,Aceptada,Compra Agil,0,CLP,958204.66,958204.66,,unidad_educacion_sin_rbd_unico,municipal_2023_Sem2.7z:1100488OCCompraAgil.csv
2023,2769-309-AG23,municipal,Educación,02-10-2023 0:00:00,Arriendo buses ESPERANZA JOVEN por compra ágil: 2769-298-COT23,Arriendo de buses colegio Esperanza joven 2769-309-AG23 dirigida a TRANSPORTE  LISSETTE GONZALEZ LIZANA  E.I.R.L.,Aceptada,Compra Agil,0,CLP,300000.0,300000.0,9703,nombre_o_rbd_unico,municipal_2023_Sem2.7z:1100488OCCompraAgil.csv
2023,2769-31-AG23,municipal,Educación,20-04-2023 0:00:00,"Impresoras de tinta, Liceo Ciencia y tecnología.  Orden de Compra generada por invitación a compra ágil: 2769-45-COT23",Pre obligación presupuestaria 5/45 . LEY SEP. C.c 10.02.17 Sp-4. Dirección de despacho. Av. Goycolea 469. La Cisterna. Numero de Contacto  986640256. horario de despacho de lunes a viernes de 08:00 a 13:00 y de 15:00 a 16:00. Orden de Compra codigo: 2769-31-AG23 dirigida a DREAMTEC HOLDINGS SPA,Aceptada,Compra Agil,0,CLP,1149944.6,1149944.6,9693,nombre_o_rbd_unico,municipal_2023_Sem1.7z:1100488OCCompraAgil.csv
2023,2769-314-SE23,municipal,Educación,11-10-2023 0:00:00,Material Deportivo Escuela Óscar Encala ,"Adquisición de diversos Materiales Deportivos para la  Escuela Oscar Encalada, Ubicada en Pedro Aguirre Cerda 0184,La Cisterna. Pre-obligación 5-510 fondos Ley sep C.C. 100206 SP 4  contacto Susana Fonseca  Fono 945221930  ",Aceptada,Trato Directo,1,CLP,3713660.37,3713660.37,9706,nombre_o_rbd_unico,municipal_2023_Sem2.7z:1100488OCTratoDirecto.csv
2023,2769-32-SE23,municipal,Educación,20-04-2023 0:00:00,reparacion de barandas Portal ,reparacion de baranda dañada y puertas de baños ,Aceptada,Trato Directo,1,CLP,733516.0,733516.0,,unidad_educacion_sin_rbd_unico,municipal_2023_Sem1.7z:1100488OCTratoDirecto.csv
2023,2769-321-AG23,municipal,Educación,04-10-2023 0:00:00,Material de enseñanza a compra ágil: 2769-308-COT23,Adquisición material enseñanza y textos . 2769-321-AG23 dirigida a COMERCIAL 3-ARIES LIMITADA,Aceptada,Compra Agil,0,CLP,1438757.6,1438757.6,,unidad_educacion_sin_rbd_unico,municipal_2023_Sem2.7z:1100488OCCompraAgil.csv
2023,2769-322-AG23,municipal,Educación,04-10-2023 0:00:00,material de enseñanza LICEO PORTAL por compra ágil: 2769-307-COT23,Adquisición de material diverso de enseñanza - Orden de Compra codigo: 2769-322-AG23 dirigida a COMERCIAL RED OFFICE LIMITADA,Aceptada,Compra Agil,0,CLP,1824865.0,1824865.0,,unidad_educacion_sin_rbd_unico,municipal_2023_Sem2.7z:1100488OCCompraAgil.csv
2023,2769-324-SE23,municipal,Educación,04-10-2023 0:00:00,vestuario  ,vestuario,Aceptada,Trato Directo,1,CLP,1606284.61,1606284.61,,unidad_educacion_sin_rbd_unico,municipal_2023_Sem2.7z:1100488OCTratoDirecto.csv
2023,2769-325-AG23,municipal,Educación,04-10-2023 0:00:00,Maquinasy herramientas Liceo Ciencia y TecnologíaOrden de Compra generada por invitación a compra ágil: 2769-302-COT23,"Pre obligacion presupuestaria 5/545 c.c. 100903 sp6. Despachar en Av Goy cola 469 La Cisterna en Liceo Ciencia y Tecnología, Contacto Rafael Rojas 986640256. horarioa de despachode 08:00 a 16:00 de lunes a jueves y viernes de 08:00 a 15:00  Orden de Compra codigo: 2769-325-AG23 dirigida a COMERCIALIZADORA TOOL MACHINE SPA",Aceptada,Compra Agil,0,CLP,595944.86,595944.86,9693,nombre_o_rbd_unico,municipal_2023_Sem2.7z:1100488OCCompraAgil.csv
2023,2769-326-AG23,municipal,Educación,06-10-2023 0:00:00,adquisición de colaciones salida pedagógica alumnos kinder,pre-obligación 5/534 financiamiento SEP los productos deberán ser entregados nen dependencias de kidzania,Aceptada,Compra Agil,0,CLP,128727.06,128727.06,,unidad_educacion_sin_rbd_unico,municipal_2023_Sem2.7z:1100488OCCompraAgil.csv
2023,2769-327-AG23,municipal,Educación,04-10-2023 0:00:00,ARRIENDO DE CORTINAS MUESTRA FOLCLORICA,pre-obligación 5/593 financiamiento SEP el producto deberá ser instalado dia jueves 05/10/2023 en dependencias del Liceo ubicado en Julio Covarrubias 9370 de la comuna de La Cisterna,Aceptada,Compra Agil,0,CLP,464102.38,464102.38,,unidad_educacion_sin_rbd_unico,municipal_2023_Sem2.7z:1100488OCCompraAgil.csv
2023,2769-328-AG23,municipal,Educación,04-10-2023 0:00:00,colaciones salidas pedagógicas alumnos olof palme,pre-obligación 5/534 financiamiento SEP los productos deberán venir embolsados como colación en bolsas kraf y entregados el día viernes 6/10/23 a las 15:00 en dependencias del Liceo Olof Palme ubicado en la comuna de La Cisterna,Aceptada,Compra Agil,0,CLP,981904.7,981904.7,9701,nombre_o_rbd_unico,municipal_2023_Sem2.7z:1100488OCCompraAgil.csv
2023,2769-329-AG23,municipal,Educación,06-10-2023 0:00:00,adquisición de colaciones alumnos 3° básico,pre-obligación 5/534 financiamiento SEP los productos deberán ser entregados dentro de las dependencias del buin zooo,Aceptada,Compra Agil,0,CLP,306627.3,306627.3,,unidad_educacion_sin_rbd_unico,municipal_2023_Sem2.7z:1100488OCCompraAgil.csv
2023,2769-33-SE23,municipal,Educación,20-04-2023 0:00:00,porton automoviles col palestino ,cambio y reparacion de porton vehicular colegio palestino ,Aceptada,Trato Directo,1,CLP,650037.5,650037.5,9700,nombre_o_rbd_unico,municipal_2023_Sem1.7z:1100488OCTratoDirecto.csv
2023,2769-330-AG23,municipal,Educación,06-10-2023 0:00:00,adquisición de entradas obra de teatro lenteja una coneja diferente alumnos 1°-2°-4° básico,pre-obligación 5/597 financiamiento SEP los alumnos tendrán el derecho al ingreso de la obra lenteja una coneja diferente el día 12/10/23,Aceptada,Compra Agil,0,CLP,904995.0,904995.0,,unidad_educacion_sin_rbd_unico,municipal_2023_Sem2.7z:1100488OCCompraAgil.csv
2023,2769-331-AG23,municipal,Educación,05-10-2023 0:00:00,VESTUARIO DEPORTIVO Colegio E. Joven - compra ágil: 2769-322-COT23,"Adquisición de indumentaria deportiva , eventos deportivos en representación del establecimiento - 2769-331-AG23 dirigida a JCK MUSIC SPA",Aceptada,Compra Agil,0,CLP,1169175.0,1169175.0,9703,nombre_o_rbd_unico,municipal_2023_Sem2.7z:1100488OCCompraAgil.csv
2023,2769-332-AG23,municipal,Educación,10-10-2023 0:00:00,Arriendo de transporte bus para salida pedagógica Liceo Ciencia y Tecnología. Orden de Compra generada por invitación a compra ágil: 2769-321-COT23,"PRE OBLIGACIÓN 5/599 C.C 100217 SP4. Despachar en Av. Goycolea 469 La Cisterna. liceo Ciencia y Tecnología. (Nota: se requiere considerar que por fuerza mayor o por mal tiempo, falta de estudiantes, enfermedad de los encargados de la salida u otras, reagendar o reprogramar la salida pedagógica para otro día.) Orden de Compra código: 2769-332-AG23 dirigida a TRANSPORTES TRANSIBERICA LIMITADA",Aceptada,Compra Agil,0,CLP,395000.0,395000.0,9693,nombre_o_rbd_unico,municipal_2023_Sem2.7z:1100488OCCompraAgil.csv
2023,2769-333-AG23,municipal,Educación,06-10-2023 0:00:00,arriendo de buses salidas pedagógicas,pre-obligación 5/594 financiamiento SEP los alumnos deberán ser retirados de las dependencias del Liceo ubicado en Julio Covarrubias 9370 en la comuna de La Cisterna. en caso de suspensión de las salidas por causas fortuitas se deberá ser reagendada automaticamente,Aceptada,Compra Agil,0,CLP,1150000.0,1150000.0,,unidad_educacion_sin_rbd_unico,municipal_2023_Sem2.7z:1100488OCCompraAgil.csv
2023,2769-334-SE23,municipal,Educación,06-10-2023 0:00:00,Techo NACIONES UNIDAS,La Reparación de cielos en las salas de clase de los alumnos,Aceptada,Trato Directo,1,CLP,4983720.0,4983720.0,9699,nombre_o_rbd_unico,municipal_2023_Sem2.7z:1100488OCTratoDirecto.csv
2023,2769-335-AG23,municipal,Educación,06-10-2023 0:00:00,Material enseñanza a compra ágil: 2769-328-COT23,Adquisición de plumones Liceo PORTAL: 2769-335-AG23 dirigida a COMERCIAL 3-ARIES LIMITADA,Aceptada,Compra Agil,0,CLP,301308.0,301308.0,,unidad_educacion_sin_rbd_unico,municipal_2023_Sem2.7z:1100488OCCompraAgil.csv
2023,2769-336-AG23,municipal,Educación,06-10-2023 0:00:00,Orden de Compra generada por invitación a compra ágil: 2769-309-COT23,Orden de Compra codigo: 2769-336-AG23 dirigida a ENTIDAD DE GESTION INMOBILIARIA SOCIAL Y PRESTADORA DE SERVICIOS DE ASISTENCIA TECNICA Y DE GESTION ACROPOLIS SPA,Aceptada,Compra Agil,0,CLP,1391764.5,1391764.5,9706,nombre_o_rbd_unico,municipal_2023_Sem2.7z:1100488OCCompraAgil.csv
2023,2769-337-AG23,municipal,Educación,06-10-2023 0:00:00,adquisición de entradas a kidzania  para kinder,pre-obligación 5/597 financiamiento SEP los alumnos tendrán el ingreso a las dependencias del parque el 10/10/2023,Aceptada,Compra Agil,0,CLP,331850.0,331850.0,,unidad_educacion_sin_rbd_unico,municipal_2023_Sem2.7z:1100488OCCompraAgil.csv
2023,2769-338-AG23,municipal,Educación,06-10-2023 0:00:00,adquisición de entradas parque safari 5° básico,pre-obligación 5/597 financiamiento SEP los alumnos tendrán derecho a entradas al recinto de parque safari el día 12/10/2023,Aceptada,Compra Agil,0,CLP,400030.4,400030.4,,unidad_educacion_sin_rbd_unico,municipal_2023_Sem2.7z:1100488OCCompraAgil.csv
2023,2769-339-AG23,municipal,Educación,06-10-2023 0:00:00,adquisición de colaciones 5°basico,pre-obligación 5/534 financiamiento SEP las colaciones deberan ser entregadas en dependencias del parque safari,Aceptada,Compra Agil,0,CLP,680013.6,680013.6,,unidad_educacion_sin_rbd_unico,municipal_2023_Sem2.7z:1100488OCCompraAgil.csv
2023,2769-34-AG23,municipal,Educación,21-04-2023 0:00:00,adquisición de tóner,Orden de Compra codigo: 2769-34-AG23 dirigida a COMERCIALIZADORA TODOTABLET SPA pre-obligación 5/43 los productos deberán ser entregados en liceo olof palme ubicado en julio Covarrubias 9370 en la comuna de la cisterna,Aceptada,Compra Agil,0,CLP,1198675.1,1198675.1,9701,nombre_o_rbd_unico,municipal_2023_Sem1.7z:1100488OCCompraAgil.csv
2023,2769-340-AG23,municipal,Educación,06-10-2023 0:00:00,adquisición de entradas buin zoo 3° básico,pre-obligación 5/597 financiamiento SEP los alumnos tendrán derecho al ingreso de buin zoo el día 12/10/2023 / ,Aceptada,Compra Agil,0,CLP,258720.0,258720.0,,unidad_educacion_sin_rbd_unico,municipal_2023_Sem2.7z:1100488OCCompraAgil.csv
2023,2769-341-AG23,municipal,Educación,10-10-2023 0:00:00,Arriendo de graderias Liceo Ciencia y Tecnología. Orden de Compra generada por invitación a compra ágil: 2769-323-COT23,Pre obligación 5/590 c.c 100217 sp4. despachar en Goycolea 469 La Cisterna. Liceo Cienia y Tecnología. Contacto Rafael Rojas. 986640256. Orden de Compra codigo: 2769-341-AG23 dirigida a MIGUEL MANUEL CÁRDENAS FLORES,Aceptada,Compra Agil,0,CLP,1820701.19,1820701.19,9693,nombre_o_rbd_unico,municipal_2023_Sem2.7z:1100488OCCompraAgil.csv
2023,2769-342-AG23,municipal,Educación,11-10-2023 0:00:00,Adquisición de Papel Carta y Oficio Escuela Oscar Encalada ,"Adquisición de papel para impresión carta y oficio  para la  Escuela Oscar Encalada, Ubicada en Pedro Aguirre Cerda 0184,La Cisterna. Pre-obligación 5-603 fondos Ley sep C.C. 100206 SP 4  contacto Susana Fonseca  Fono 945221930   Orden de Compra codigo: 2769-342-AG23 dirigida a DISTRIBUIDORA PAPELES INDUSTRIALES SPA",Aceptada,Compra Agil,0,CLP,1395632.0,1395632.0,9706,nombre_o_rbd_unico,municipal_2023_Sem2.7z:1100488OCCompraAgil.csv
2023,2769-343-AG23,municipal,Educación,11-10-2023 0:00:00,Adquisición de PC All In One  Escuela Oscar Encalada ,"Adquisición de PC All In One para la  Escuela Oscar Encalada, Ubicada en Pedro Aguirre Cerda 0184,La Cisterna. Pre-obligación 5-602 fondos Ley sep C.C. 100206 SP 4  contacto Susana Fonseca  Fono 945221930   Orden de Compra codigo: 2769-343-AG23 dirigida a SOC TECNOLOGICA Y SERVICIOS EXPRESS LIMITADA",Aceptada,Compra Agil,0,CLP,1760000.48,1760000.48,9706,nombre_o_rbd_unico,municipal_2023_Sem2.7z:1100488OCCompraAgil.csv
2023,2769-344-AG23,municipal,Educación,11-10-2023 0:00:00,Adquisición Útiles Escolares Escuela Oscar Encalada  ,"Adquisición de Cartulinas,lapices y otros  para la  Escuela Oscar Encalada, Ubicada en Pedro Aguirre Cerda 0184,La Cisterna. Pre-obligación 5-605 fondos Ley sep C.C. 100206 SP 4  contacto Susana Fonseca  Fono 945221930   Orden de Compra codigo: 2769-344-AG23 dirigida a CARLOS ALBERTO VARGAS CASTILLO",Aceptada,Compra Agil,0,CLP,593512.5,593512.5,9706,nombre_o_rbd_unico,municipal_2023_Sem2.7z:1100488OCCompraAgil.csv
2023,2769-345-AG23,municipal,Educación,11-10-2023 0:00:00,Adquisición Luminaria led Escuela Oscar Encalada ,"Adquisición de luminaria led  para la  Escuela Oscar Encalada, Ubicada en Pedro Aguirre Cerda 0184,La Cisterna. Pre-obligación 5-604  fondos U. mantenimiento C.C. 100906   contacto Susana Fonseca  Fono 945221930 HORARIO LUNES A JUEVES 9 A 16:00 VIERNES DE 9 A 13:30   Orden de Compra codigo: 2769-345-AG23 dirigida a SOCIEDAD COMERCIAL M&T SPA",Aceptada,Compra Agil,0,CLP,607328.4,607328.4,9706,nombre_o_rbd_unico,municipal_2023_Sem2.7z:1100488OCCompraAgil.csv
2023,2769-346-AG23,municipal,Educación,11-10-2023 0:00:00,Orden de Compra generada por invitación a compra ágil: 2769-299-COT23,Orden de Compra codigo: 2769-346-AG23 dirigida a METALURGICA SILCOSIL SPA,Aceptada,Compra Agil,0,CLP,1085280.0,1085280.0,9730,nombre_o_rbd_unico,municipal_2023_Sem2.7z:1100488OCCompraAgil.csv
2023,2769-348-SE23,municipal,Educación,11-10-2023 0:00:00,REPARACIÓN Y MANTENIMIENTO COMEDOR ANTU,"Pre-Obligación N°5/582 Fondos de Mantenimiento Reparacion se debe llevar a cabo en Dependencias (Comedor) del colegio Antu, ubicado en Avenida Trinidad 0750, La Cisterna.",Aceptada,Trato Directo,1,CLP,535500.0,535500.0,9730,nombre_o_rbd_unico,municipal_2023_Sem2.7z:1100488OCTratoDirecto.csv
2023,2769-349-AG23,municipal,Educación,12-10-2023 0:00:00,Orden de Compra generada por invitación a compra ágil: 2769-332-COT23,item 29.04 c.c 100202 pre obligacion 5/598,Aceptada,Compra Agil,0,CLP,1461320.0,1461320.0,,unidad_educacion_sin_rbd_unico,municipal_2023_Sem2.7z:1100488OCCompraAgil.csv
2023,2769-35-SE23,municipal,Educación,21-04-2023 0:00:00,textos colegio antu,pre-obligación 5/22 los productos deberán ser entregados en dependencias del colegio antu ubicado en trinidad ramirez 0750 en la comuna de La Cisterna,Aceptada,Trato Directo,1,CLP,2700507.46,2700507.46,9730,nombre_o_rbd_unico,municipal_2023_Sem1.7z:1100488OCTratoDirecto.csv
2023,2769-350-AG23,municipal,Educación,12-10-2023 0:00:00,Adquisición de Materiales para mantenimientos de baños de estudiantes. Orden de Compra generada por invitación a compra ágil: 2769-186-COT23,pre obligación 5/170 c.c 100903. Despachar en Av. Goycolea469 La Cisterna. contacto Rafael Rojas 986640256. Liceo Ciencia y Tecnología. Orden de Compra codigo: 2769-350-AG23 dirigida a COMERCIAL BUSTOS Y PEREZ LIMITADA,Aceptada,Compra Agil,0,CLP,798520.94,798520.94,9693,nombre_o_rbd_unico,municipal_2023_Sem2.7z:1100488OCCompraAgil.csv
2023,2769-351-AG23,municipal,Educación,13-10-2023 0:00:00,"Herramientas y útiles diversos, Liceo Ciencia y Tecnología. Orden de Compra generada por invitación a compra ágil: 2769-330-COT23","Pre obligación 5/545 c.c 100903, despacha en Av. Goycolea 469 La Cisterna. Contacto Rafael Rojas 986640256. Horario de despacho de 08:00 a 14:00 y 15:00 a 17:00 horas. Orden de Compra codigo: 2769-351-AG23 dirigida a COMERCIAL ENERGIK SPA",Aceptada,Compra Agil,0,CLP,194313.91,194313.91,9693,nombre_o_rbd_unico,municipal_2023_Sem2.7z:1100488OCCompraAgil.csv
2023,2769-352-AG23,municipal,Educación,13-10-2023 0:00:00,traslado salida pedagógica 4° medio olof,pre-obligación 5/594 financiamiento LEY SEP los alumnos tendrán que ser retirados desde las dependencias del liceo Olof Palme ubicado en Julio Covarrubias 9370 en la comuna de La Cisterna el dia 17 de octubre alas 08:00 cualquier inconveniente que suceda esta será reprogramada para otra fecha,Aceptada,Compra Agil,0,CLP,990000.0,990000.0,9701,nombre_o_rbd_unico,municipal_2023_Sem2.7z:1100488OCCompraAgil.csv
2023,2769-353-AG23,municipal,Educación,13-10-2023 0:00:00,Orden de Compra generada por invitación a compra ágil: 2769-344-COT23,Orden de Compra codigo: 2769-353-AG23 dirigida a TRANSPORTES TRANSIBERICA LIMITADA,Aceptada,Compra Agil,0,CLP,180000.0,180000.0,9730,nombre_o_rbd_unico,municipal_2023_Sem2.7z:1100488OCCompraAgil.csv
2023,2769-354-AG23,municipal,Educación,13-10-2023 0:00:00,traslado salida pedagógica 7° básico olof,pre-obligación 5/594 financiamiento SEP los alumnos deberán ser retirados desde el Liceo Olof Palme ubicado en Julio Covarrubias 9370 en la comuna de La Cisterna el día 17 del presente mes. cualquier inconveniente que se presente el día de la salida esta se reprogramara para otra fecha a informar,Aceptada,Compra Agil,0,CLP,1104600.0,1104600.0,9701,nombre_o_rbd_unico,municipal_2023_Sem2.7z:1100488OCCompraAgil.csv
2023,2769-355-AG23,municipal,Educación,13-10-2023 0:00:00,Orden de Compra generada por invitación a compra ágil: 2769-343-COT23,Orden de Compra codigo: 2769-355-AG23 dirigida a TRANSPORTES TRANSIBERICA LIMITADA,Aceptada,Compra Agil,0,CLP,180000.0,180000.0,9730,nombre_o_rbd_unico,municipal_2023_Sem2.7z:1100488OCCompraAgil.csv
2023,2769-356-AG23,municipal,Educación,17-10-2023 0:00:00," MATERIAL DE ENSEÑANZA, TEXTOS. compra ágil: 2769-347-COT23","Adquisición de  libros y textos, OC: 2769-356-AG23 dirigida a PAOLA DE LAS MERCEDES GONZALEZ BECERRA",Aceptada,Compra Agil,0,CLP,1342320.0,1342320.0,,unidad_educacion_sin_rbd_unico,municipal_2023_Sem2.7z:1100488OCCompraAgil.csv
2023,2769-357-AG23,municipal,Educación,17-10-2023 0:00:00,COL.PALESTINO: MATERIALES PARA REPARACIÓN ompra ágil: 2769-339-COT23,Despacho a: Colegio Palestino ubicado en Avenida El Parrón 498B La Cisterna.(Entre calles Angamos y Santa Maria)  Contacto: Andrés Rojas  Fono: 926365904 - sep@colegiopalestino.cl  Ítem: 215.2204010 Cc: 10.09.05 Subprog: 6 Unidad de Mantenimiento,Aceptada,Compra Agil,0,CLP,1168651.4,1168651.4,9700,nombre_o_rbd_unico,municipal_2023_Sem2.7z:1100488OCCompraAgil.csv
2023,2769-358-SE23,municipal,Educación,18-10-2023 0:00:00,Mantención Esperanza Joven,"Arreglos a causa de las lluvias y del desgaste de la construcción en varios sectores del colegio: trecho baño kínder, techo gimnasio, plancha de policarbonato, mallas de alambre del cierre del gimnasio y puertas de baño de estudiantes",Aceptada,Trato Directo,1,CLP,3384360.0,3384360.0,9703,nombre_o_rbd_unico,municipal_2023_Sem2.7z:1100488OCTratoDirecto.csv
2023,2769-359-AG23,municipal,Educación,18-10-2023 0:00:00,Orden de Compra generada por invitación a compra ágil: 2769-361-COT23,Orden de Compra codigo: 2769-359-AG23 dirigida a COMERCIALIZADORA JOSE OMAR OBREQUE OBREGON E.I.R.L.,Aceptada,Compra Agil,0,CLP,166576.2,166576.2,,unidad_educacion_sin_rbd_unico,municipal_2023_Sem2.7z:1100488OCCompraAgil.csv
2023,2769-36-AG23,municipal,Educación,21-04-2023 0:00:00,Arriendo de transporte por salida pedagógica Liceo Ciencia y Tecnología. Orden de Compra generada por invitación a compra ágil: 2769-63-COT23,Pre obligación presupuestaria 5/44 . LEY SEP. C.c 10.02.17 Sp-4. Dirección de despacho. Av. Goycolea 469. La Cisterna. Contacto Rafael Rojas. 986640256. Orden de Compra código: 2769-36-AG23 dirigida a TRANSPORTES VIVA EXPRESS SPA,Aceptada,Compra Agil,0,CLP,140000.0,140000.0,9693,nombre_o_rbd_unico,municipal_2023_Sem1.7z:1100488OCCompraAgil.csv
2023,2769-360-SE23,municipal,Educación,18-10-2023 0:00:00,COLEGIO PALESTINO: ENTRADAS A PLANETARIO ,Adquisición de 40 entradas para Estudiantes de Colegio Palestino de la Cisterna para función de Planetario USACH.  Contacto: Andrés Rojas Fono: 964659094 Correo: sep@colegiopalestino.cl  Ítem: 2204999 Cc: 10.02.03 Subprog: 4 Ley SEP.,Aceptada,Trato Directo,1,CLP,100000.0,100000.0,9700,nombre_o_rbd_unico,municipal_2023_Sem2.7z:1100488OCTratoDirecto.csv
2023,2769-361-AG23,municipal,Educación,19-10-2023 0:00:00,Orden de Compra generada por invitación a compra ágil: 2769-357-COT23,Orden de Compra codigo: 2769-361-AG23 dirigida a VIVERO ELLIS LIMITADA item 22.04.002 c.c 100202 pre obligacion 5/596,Aceptada,Compra Agil,0,CLP,600950.0,600950.0,,unidad_educacion_sin_rbd_unico,municipal_2023_Sem2.7z:1100488OCCompraAgil.csv
2023,2769-362-SE23,municipal,Educación,23-10-2023 0:00:00,Vestuario institucional Liceo Portal,"Adquisición de poleras Piqué con logos estampados, según la muestra que se hizo llegar en el proceso de adjudicación. detallados por talla según solicitud. de 1° básico a 4° medio",Aceptada,Trato Directo,1,CLP,6328395.01,6328395.01,,unidad_educacion_sin_rbd_unico,municipal_2023_Sem2.7z:1100488OCTratoDirecto.csv
2023,2769-363-AG23,municipal,Educación,23-10-2023 0:00:00,Orden de Compra generada por invitación a compra ágil: 2769-368-COT23,Orden de Compra codigo: 2769-363-AG23 dirigida a COMERCIALIZADORA DISTRIBUCION TOTAL EXPRESS LIMITADA,Aceptada,Compra Agil,0,CLP,1168758.5,1168758.5,,unidad_educacion_sin_rbd_unico,municipal_2023_Sem2.7z:1100488OCCompraAgil.csv
2023,2769-364-AG23,municipal,Educación,23-10-2023 0:00:00,Orden de Compra generada por invitación a compra ágil: 2769-366-COT23,Orden de Compra codigo: 2769-364-AG23 dirigida a SOCIEDAD COMERCIAL VERCON SOCIEDAD POR ACCIONES SPA,Aceptada,Compra Agil,0,CLP,380800.0,380800.0,,unidad_educacion_sin_rbd_unico,municipal_2023_Sem2.7z:1100488OCCompraAgil.csv
2023,2769-366-AG23,municipal,Educación,23-10-2023 0:00:00,Orden de Compra generada por invitación a compra ágil: 2769-367-COT23,Orden de Compra codigo: 2769-366-AG23 dirigida a V&S SUPPLIER SPA,Aceptada,Compra Agil,0,CLP,695293.2,695293.2,,unidad_educacion_sin_rbd_unico,municipal_2023_Sem2.7z:1100488OCCompraAgil.csv
2023,2769-367-AG23,municipal,Educación,23-10-2023 0:00:00,"RESMAS E INSUMOS , Colegio Esperanza J. ,compra ágil: 2769-358-COT23",Adquisición de Resmas para guias y fotocopias  para estudiantes .Orden de Compra codigo: 2769-367-AG23 dirigida a COMERCIALIZADORA LPC CHILE SPA,Aceptada,Compra Agil,0,CLP,370090.0,370090.0,9703,nombre_o_rbd_unico,municipal_2023_Sem2.7z:1100488OCCompraAgil.csv
2023,2769-368-AG23,municipal,Educación,23-10-2023 0:00:00,salida pedagógica 4° medio,pre-obligación 5/597 financiamiento SEP los alumnos ingresarán al parque en el aire de Rancagua el 26 de octubre,Aceptada,Compra Agil,0,CLP,1275000.51,1275000.51,,unidad_educacion_sin_rbd_unico,municipal_2023_Sem2.7z:1100488OCCompraAgil.csv
2023,2769-369-AG23,municipal,Educación,23-10-2023 0:00:00,COL.PALESTINO: compra ágil: 2769-341-COT23,"Arriendo de 1 bus con capacidad de 45 personas, para salida pedagógica para el día 7 de noviembre 2023.   Dirección: Colegio Palestino Ubicado en Av. El Parrón 498b, La Cisterna entre calles Angamos y Santa Maria.  Destino: Planetario Av. Libertador Bernardo OHiggins 3349, Estación Central  Contacto: Andrés Eduardo Rojas - Fono: 964659094  *Importante: Se solicita flexibilidad por parte del proveedor en caso que por motivo de fuerza mayor se cambie el día de la actividad.  Ítem: 215.22.09.003 Cc: 10.02.03 Subprog: 4 Ley SEP.",Aceptada,Compra Agil,0,CLP,130000.0,130000.0,9700,nombre_o_rbd_unico,municipal_2023_Sem2.7z:1100488OCCompraAgil.csv
2023,2769-37-AG23,municipal,Educación,21-04-2023 0:00:00,Balones deportivos Liceo Ciencia y Tecnología. Orden de Compra generada por invitación a compra ágil: 2769-54-COT23,Pre obligación presupuestaria 5/2 . LEY SEP. C.c 10.02.17 Sp-4. Dirección de despacho. Av. Goycolea 469. La Cisterna. Contacto Rafael Rojas. 986640256.  horario de despacho de lunes a viernes de 08:00 a 13:00 y de 15:00 a 16:00.  Orden de Compra código: 2769-37-AG23 dirigida a COMERCIALIZADORA DEPORTES PULSAR SPA. (Liceo no realiza retiro en bodegas) ,Aceptada,Compra Agil,0,CLP,1418004.0,1418004.0,9693,nombre_o_rbd_unico,municipal_2023_Sem1.7z:1100488OCCompraAgil.csv
2023,2769-370-SE23,municipal,Educación,24-10-2023 0:00:00,Trabajos en pasillo central y casa residente. Liceo Ciencia y Tecnología.,"Pre obligación 5/171 c.c 100903 sp6. lugar de despacho Av. Goycolea 469 La Cisterna, Contactos Rodrigo Solís, Rafael Rojas. ",Aceptada,Trato Directo,1,CLP,4998000.0,4998000.0,9693,nombre_o_rbd_unico,municipal_2023_Sem2.7z:1100488OCTratoDirecto.csv
2023,2769-371-AG23,municipal,Educación,24-10-2023 0:00:00,transporte salida pedagógica 4° medio parque en el aire,pre-obligación 5/594 financiamiento sep los alumnos deberán ser retirados desde las dependencias del liceo el día 26 de octubre a las 08:15 si por algún inconveniente que sucediera el día señalado este deberá reprogramarse automaticamente a otra fecha a informar,Aceptada,Compra Agil,0,CLP,450000.0,450000.0,,unidad_educacion_sin_rbd_unico,municipal_2023_Sem2.7z:1100488OCCompraAgil.csv
2023,2769-372-AG23,municipal,Educación,24-10-2023 0:00:00,utiles quirúrgico olof palme,pre-obligación  5/578 financiamiento SEP los productos deberán ser entregados en dependencias del liceo ubicado en Julio Covarrubias 9370 en la comuna de La Cisterna,Aceptada,Compra Agil,0,CLP,871627.4,871627.4,9701,nombre_o_rbd_unico,municipal_2023_Sem2.7z:1100488OCCompraAgil.csv
2023,2769-373-SE23,municipal,Educación,24-10-2023 0:00:00,COLEGIO PALESTINO: CONSUMIBLES ORIGINALES BROTHER.,"DIRECCIÓN: Avenida El Parrón 498-B, La Cisterna. (entre calles Angamos y Santa María) CONTACTO: EDGARDO DONOSO 940360935  EDONOSO@COLEGIOPALESTINO.CL  HORARIO: Lunes a jueves: 8:00 a 17:00 horas, Viernes 8:00 a 13:00 horas.  Ítem: 215.2204009 Cc:10.02.03 Subprog: 4 Ley SEP.",Aceptada,Trato Directo,1,CLP,5964875.0,5964875.0,9700,nombre_o_rbd_unico,municipal_2023_Sem2.7z:1100488OCTratoDirecto.csv
2023,2769-374-AG23,municipal,Educación,24-10-2023 0:00:00,Materiales de Mantención Escuela Oscar Encalada ,"Adquisición de dispensador de jabón, porta papel higiénico, porta toalla de papel y kit de fitting etc... para la  Escuela Oscar Encalada, Ubicada en Pedro Aguirre Cerda 0184,La Cisterna. Pre-obligación 5-613 y 5-628  fondos U. Mantenimiento C.C. 100906   contacto Susana Fonseca  Fono 945221930    Orden de Compra codigo: 2769-374-AG23 dirigida a LESMAR SPA",Aceptada,Compra Agil,0,CLP,550375.0,550375.0,9706,nombre_o_rbd_unico,municipal_2023_Sem2.7z:1100488OCCompraAgil.csv
2023,2769-375-AG23,municipal,Educación,24-10-2023 0:00:00,Orden de Compra generada por invitación a compra ágil: 2769-356-COT23,Orden de Compra codigo: 2769-375-AG23 dirigida a METALURGICA SILCOSIL SPA,Aceptada,Compra Agil,0,CLP,962234.0,962234.0,9730,nombre_o_rbd_unico,municipal_2023_Sem2.7z:1100488OCCompraAgil.csv
2023,2769-376-AG23,municipal,Educación,25-10-2023 0:00:00,Orden de Compra generada por invitación a compra ágil: 2769-375-COT23,Orden de Compra codigo: 2769-376-AG23 dirigida a GRUPO DK SERVICIOS LIMITADA,Aceptada,Compra Agil,0,CLP,1233211.28,1233211.28,,unidad_educacion_sin_rbd_unico,municipal_2023_Sem2.7z:1100488OCCompraAgil.csv
2023,2769-377-AG23,municipal,Educación,26-10-2023 0:00:00,"Papel Resma carta y oficio, Liceo Ciencia y Tecnología. Orden de Compra generada por invitación a compra ágil: 2769-373-COT23","Pre obligación 5 /46 c.c 100217 sp4. despachar en Av. Goycolea 469,  La Cisterna, contacto Rafael Rojas 986640256. Orden de Compra codigo: 2769-377-AG23 dirigida a DISTRIBUIDORA PAPELES INDUSTRIALES SPA",Aceptada,Compra Agil,0,CLP,1196545.0,1196545.0,9693,nombre_o_rbd_unico,municipal_2023_Sem2.7z:1100488OCCompraAgil.csv
2023,2769-378-AG23,municipal,Educación,25-10-2023 0:00:00,Orden de Compra generada por invitación a compra ágil: 2769-391-COT23,Orden de Compra codigo: 2769-378-AG23 dirigida a TRANSPORTES TRANSIBERICA LIMITADA,Aceptada,Compra Agil,0,CLP,180000.0,180000.0,9730,nombre_o_rbd_unico,municipal_2023_Sem2.7z:1100488OCCompraAgil.csv
2023,2769-379-AG23,municipal,Educación,26-10-2023 0:00:00,Orden de Compra generada por invitación a compra ágil: 2769-297-COT23,Orden de Compra codigo: 2769-379-AG23 dirigida a INTELPRINT CHILE SPA,Aceptada,Compra Agil,0,CLP,1437972.2,1437972.2,,unidad_educacion_sin_rbd_unico,municipal_2023_Sem2.7z:1100488OCCompraAgil.csv
2023,2769-38-AG23,municipal,Educación,25-04-2023 0:00:00,adquisición de tópner hp,Orden de Compra código: 2769-38-AG23 dirigida a COMERCIALIZADORA DE INSUMOS COMPUTACIONALES SERGIO ESPINA VALENZUELA E pre-obligación 5/43 los productos deberán ser entregados en dependencias del Liceo Olof Palme ubicado en Julio Covarrubias 9370 en la comuna de La Cisterna,Aceptada,Compra Agil,0,CLP,342612.9,342612.9,9701,nombre_o_rbd_unico,municipal_2023_Sem1.7z:1100488OCCompraAgil.csv
2023,2769-380-AG23,municipal,Educación,26-10-2023 0:00:00,Orden de Compra generada por invitación a compra ágil: 2769-397-COT23,Orden de Compra codigo: 2769-380-AG23 dirigida a SOCIEDAD DE APRENDIZAJE Y ENTRETENCION HIFIVE LIMITADA,Aceptada,Compra Agil,0,CLP,290740.8,290740.8,,unidad_educacion_sin_rbd_unico,municipal_2023_Sem2.7z:1100488OCCompraAgil.csv
2023,2769-381-AG23,municipal,Educación,30-10-2023 0:00:00,Orden de Compra generada por invitación a compra ágil: 2769-399-COT23,Orden de Compra codigo: 2769-381-AG23 dirigida a ENTIDAD DE GESTION INMOBILIARIA SOCIAL Y PRESTADORA DE SERVICIOS DE ASISTENCIA TECNICA Y DE GESTION ESPACIO VERDE SPA,Aceptada,Compra Agil,0,CLP,1525500.27,1525500.27,,unidad_educacion_sin_rbd_unico,municipal_2023_Sem2.7z:1100488OCCompraAgil.csv
2023,2769-382-AG23,municipal,Educación,30-10-2023 0:00:00,Orden de Compra generada por invitación a compra ágil: 2769-401-COT23,Orden de Compra codigo: 2769-382-AG23 dirigida a ENTIDAD DE GESTION INMOBILIARIA SOCIAL Y PRESTADORA DE SERVICIOS DE ASISTENCIA TECNICA Y DE GESTION ESPACIO VERDE SPA,Aceptada,Compra Agil,0,CLP,1482699.54,1482699.54,,unidad_educacion_sin_rbd_unico,municipal_2023_Sem2.7z:1100488OCCompraAgil.csv
2023,2769-383-AG23,municipal,Educación,30-10-2023 0:00:00,Orden de Compra generada por invitación a compra ágil: 2769-402-COT23,Orden de Compra codigo: 2769-383-AG23 dirigida a ENTIDAD DE GESTION INMOBILIARIA SOCIAL Y PRESTADORA DE SERVICIOS DE ASISTENCIA TECNICA Y DE GESTION ESPACIO VERDE SPA,Aceptada,Compra Agil,0,CLP,1535199.96,1535199.96,,unidad_educacion_sin_rbd_unico,municipal_2023_Sem2.7z:1100488OCCompraAgil.csv
2023,2769-384-AG23,municipal,Educación,30-10-2023 0:00:00,Orden de Compra generada por invitación a compra ágil: 2769-394-COT23,Orden de Compra codigo: 2769-384-AG23 dirigida a VENTAS Y SERVICIOS  MARCELO OPAZO SPA,Aceptada,Compra Agil,0,CLP,116453.4,116453.4,,unidad_educacion_sin_rbd_unico,municipal_2023_Sem2.7z:1100488OCCompraAgil.csv
2023,2769-385-AG23,municipal,Educación,30-10-2023 0:00:00,COLEGIO PALESTINO: Arriendo 1 Bus - compra ágil: 2769-378-COT23,"COLEGIO PALESTINO: Avenida El Parrón 498b, La Cisterna (entre calles Angamos y Santa María) Contacto: Andrés Eduardo Rojas - Fono: 964659094 - Correo: SEP@colegiopalesitno.cl Arriendo de bus día 15 de noviembre 2023, de 09:00 a 14:00 horas.   Ítem:215.2209003 Cc:10.02.03 Subprog: 4-SEP ",Aceptada,Compra Agil,0,CLP,140000.0,140000.0,9700,nombre_o_rbd_unico,municipal_2023_Sem2.7z:1100488OCCompraAgil.csv
2023,2769-386-AG23,municipal,Educación,30-10-2023 0:00:00,Orden de Compra generada por invitación a compra ágil: 2769-392-COT23,Orden de Compra codigo: 2769-386-AG23 dirigida a SOC COMERCIAL TEKMA SPA,Aceptada,Compra Agil,0,CLP,1361902.64,1361902.64,9730,nombre_o_rbd_unico,municipal_2023_Sem2.7z:1100488OCCompraAgil.csv
2023,2769-387-AG23,municipal,Educación,30-10-2023 0:00:00,Orden de Compra generada por invitación a compra ágil: 2769-393-COT23,Orden de Compra codigo: 2769-387-AG23 dirigida a JRA PINTURAS Y CONSTRUCCION SPA,Aceptada,Compra Agil,0,CLP,1180991.7,1180991.7,9730,nombre_o_rbd_unico,municipal_2023_Sem2.7z:1100488OCCompraAgil.csv
2023,2769-388-SE23,municipal,Educación,30-10-2023 0:00:00,textos y otros materiales de enseñanza ,resulucion 15  item 22.04.002 c.c 100202 pre obligacion 5/638,Aceptada,Trato Directo,1,CLP,2950000.48,2950000.48,,unidad_educacion_sin_rbd_unico,municipal_2023_Sem2.7z:1100488OCTratoDirecto.csv
2023,2769-389-AG23,municipal,Educación,30-10-2023 0:00:00,Arriendo buses salida pedagógica L. PORTAL a compra ágil: 2769-396-COT23,"Adquisición , arriendo de buses,Orden de Compra codigo: 2769-389-AG23 dirigida a TRANSPORTES GALVEZ LIMITADA",Aceptada,Compra Agil,0,CLP,460000.0,460000.0,,unidad_educacion_sin_rbd_unico,municipal_2023_Sem2.7z:1100488OCCompraAgil.csv
2023,2769-39-AG23,municipal,Educación,27-04-2023 0:00:00,Tóner Antu,Orden de Compra código: 2769-39-AG23 dirigida a SOLUCIONES ALFA LIMITADA Pre-obligación  5/21 Los productos deben ser entregados en dependencias del colegio Antu ubicado: Av. Trinidad Ramirez 0750 Comuna La Cisterna.,Aceptada,Compra Agil,0,CLP,1642200.0,1642200.0,9730,nombre_o_rbd_unico,municipal_2023_Sem1.7z:1100488OCCompraAgil.csv
2023,2769-391-AG23,municipal,Educación,30-10-2023 0:00:00,"Material de enseñanaza E. JOEVEN , compra ágil: 2769-390-COT23",Adquisición de material de enseñanza: 2769-391-AG23 dirigida a TANIA DANIELA PEREIRA NÚÑEZ,Aceptada,Compra Agil,0,CLP,1296568.07,1296568.07,,unidad_educacion_sin_rbd_unico,municipal_2023_Sem2.7z:1100488OCCompraAgil.csv
2023,2769-392-AG23,municipal,Educación,30-10-2023 0:00:00,adquisición de materiales educativo,pre-obligación 5/640 financiamiento SEP los productos deberán ser entregados en dependencias del Liceo Olof Palme ubicado en Julio Covarrubias 9370 de La Cisterna,Aceptada,Compra Agil,0,CLP,987932.05,987932.05,9701,nombre_o_rbd_unico,municipal_2023_Sem2.7z:1100488OCCompraAgil.csv
2023,2769-393-AG23,municipal,Educación,30-10-2023 0:00:00,Adquisición de Libros 365 actividades entretenidas Escuela Oscar Encalada,"Adquisición de libro 365 actividades entretenidas para la  Escuela Oscar Encalada, Ubicada en Pedro Aguirre Cerda 0184,La Cisterna. Pre-obligación 5-637 fondos Ley sep C.C. 100206 SP 4  contacto Susana Fonseca  Fono 945221930  Orden de Compra codigo: 2769-393-AG23 dirigida a PAOLA DE LAS MERCEDES GONZALEZ BECERRA",Aceptada,Compra Agil,0,CLP,1832600.0,1832600.0,9706,nombre_o_rbd_unico,municipal_2023_Sem2.7z:1100488OCCompraAgil.csv
2023,2769-394-AG23,municipal,Educación,30-10-2023 0:00:00,Adquisición de Diccionarios Escuela Oscar Encalada ,"Adquisición de diccionarios mini español, sinónimos,antónimos y  Aristos inglés  para la  Escuela Oscar Encalada, Ubicada en Pedro Aguirre Cerda 0184,La Cisterna. Pre-obligación 5-637 fondos Ley sep C.C. 100206 SP 4  contacto Susana Fonseca  Fono 945221930  Orden de Compra codigo: 2769-394-AG23 dirigida a LIBRERIA EDUARDO ALBERS LTDA",Aceptada,Compra Agil,0,CLP,1263780.0,1263780.0,9706,nombre_o_rbd_unico,municipal_2023_Sem2.7z:1100488OCCompraAgil.csv
2023,2769-395-AG23,municipal,Educación,30-10-2023 0:00:00,Adquisición de Balones soft Escuela Oscar Encalada ,"Adquisición de balones soft para la Escuela Oscar Encalada, Ubicada en Pedro Aguirre Cerda 0184,La Cisterna. Pre-obligación 5-637 fondos Ley sep C.C. 100206 SP 4  contacto Susana Fonseca  Fono 945221930  Orden de Compra codigo: 2769-395-AG23 dirigida a VENTAS Y SERVICIOS  MARCELO OPAZO SPA",Recepcion Conforme,Compra Agil,0,CLP,237762.0,237762.0,9706,nombre_o_rbd_unico,municipal_2023_Sem2.7z:1100488OCCompraAgil.csv
2023,2769-396-AG23,municipal,Educación,31-10-2023 0:00:00,"Materiales e insumos para laboratorio de Electrónica, Liceo Ciencia y Tecnología. Orden de Compra generada por invitación a compra ágil: 2769-381-COT23","Pre Obligación Presupuestaria 5/600 c.c 100217 sp4. Ley Sep. Despachar en Av. Goycolea 469 La Cisterna, Contacto Rafael Rojas 986640256. Orden de Compra codigo: 2769-396-AG23 dirigida a SYSTELEC ELECTRONICA LTDA",Aceptada,Compra Agil,0,CLP,498633.8,498633.8,9693,nombre_o_rbd_unico,municipal_2023_Sem2.7z:1100488OCCompraAgil.csv
2023,2769-397-AG23,municipal,Educación,31-10-2023 0:00:00,"Entradas PLANETARIO, SALIDA EDUCATIVA Colegio E. Joven. a compra ágil: 2769-374-COT23",Adquisición entradas salida educativa: 2769-397-AG23 dirigida a FUND PARA EL FUNCIONAM DESARROLLO Y PROM,Aceptada,Compra Agil,0,CLP,252500.0,252500.0,9703,nombre_o_rbd_unico,municipal_2023_Sem2.7z:1100488OCCompraAgil.csv
2023,2769-398-AG23,municipal,Educación,31-10-2023 0:00:00,Orden de Compra generada por invitación a compra ágil: 2769-403-COT23,Orden de Compra codigo: 2769-398-AG23 dirigida a INGENIERÍA Y GESTIÓN DE COMPRAS GESCOM LIMITADA,Aceptada,Compra Agil,0,CLP,1299480.0,1299480.0,,unidad_educacion_sin_rbd_unico,municipal_2023_Sem2.7z:1100488OCCompraAgil.csv
2023,2769-399-AG23,municipal,Educación,02-11-2023 0:00:00,transporte 3° medio al UMCE olof,pre.obligación 5/594 financiamiento SEP los alumnos deberán ser retirados desde las dependencias de Liceo Olof Palme ubicado en Julio Covarrubias 9370 en La Cisterna el día 03 de noviembre 9:00 horas,Aceptada,Compra Agil,0,CLP,370000.0,370000.0,9701,nombre_o_rbd_unico,municipal_2023_Sem2.7z:1100488OCCompraAgil.csv
2023,2769-4-AG23,municipal,Educación,10-03-2023 0:00:00,Orden de Compra generada por invitación a compra ágil: 2769-10-COT23,preobligación 5-9 cc 100202 item 2204009,Aceptada,Compra Agil,0,CLP,1133832.0,1133832.0,9699,nombre_o_rbd_unico,municipal_2023_Sem1.7z:1100488OCCompraAgil.csv
2023,2769-40-AG23,municipal,Educación,28-04-2023 0:00:00,salida valparaisao pedagógica Liceo Ciencia y Tecnología. Orden de Compra generada por invitación a compra ágil: 2769-69-COT23,"Salida pedagógica a Valparaíso, Plaza Sotomayor. miércoles 03 de mayo de 8:30 a 17:00 hrs. Pre Obligación 5/44 c.c 100217 sp4. Contacto Rafael Rojas. 986640256. Orden de Compra código: 2769-40-AG23 dirigida a TRANSPORTE Y LOGÍSTICA ECOVAN SPA. el Servicio debe estar 20 min antes de la salida, en Av. Goycolea 469 La Cisterna.",Aceptada,Compra Agil,0,CLP,340000.0,340000.0,9693,nombre_o_rbd_unico,municipal_2023_Sem1.7z:1100488OCCompraAgil.csv
2023,2769-400-AG23,municipal,Educación,02-11-2023 0:00:00,Orden de Compra generada por invitación a compra ágil: 2769-404-COT23,Orden de Compra codigo: 2769-400-AG23 dirigida a GRAFIKA NAHUEL S.A.,Aceptada,Compra Agil,0,CLP,232645.0,232645.0,,unidad_educacion_sin_rbd_unico,municipal_2023_Sem2.7z:1100488OCCompraAgil.csv
2023,2769-401-AG23,municipal,Educación,02-11-2023 0:00:00,"Adquisición de Fuente de alimentación eléctrica para laboratorio de electrónica, Liceo ciencia y Tecnología. Orden de Compra generada por invitación a compra ágil: 2769-388-COT23",Pre obligación 5/601 C.C 100217 LEY SEP sp4. Despachar en Av. Goycolea 469. La Cisterna. Contacto Rafael Rojas 986640256. Liceo Ciencia y Tecnología. Orden de Compra codigo: 2769-401-AG23 dirigida a SYSTELEC ELECTRONICA LTDA,Aceptada,Compra Agil,0,CLP,583909.2,583909.2,9693,nombre_o_rbd_unico,municipal_2023_Sem2.7z:1100488OCCompraAgil.csv
2023,2769-402-AG23,municipal,Educación,02-11-2023 0:00:00,"Adquisición de Temporizadores electrónicos para especialidad de electrónica, Liceo ciencia y Tecnología. Orden de Compra generada por invitación a compra ágil: 2769-386-COT23",Pre obligación 5/601 C.C 100217 LEY SEP sp4. Despachar en Av. Goy Colea 469 La Cisterna. Contacto Rafael Rojas 986640256. Liceo Ciencia y Tecnología. Orden de Compra codigo: 2769-402-AG23 dirigida a COMERCIALIZADORA FERRETIENDA LIMITADA,Aceptada,Compra Agil,0,CLP,1816830.12,1816830.12,9693,nombre_o_rbd_unico,municipal_2023_Sem2.7z:1100488OCCompraAgil.csv
2023,2769-403-AG23,municipal,Educación,02-11-2023 0:00:00,mantención y reparación fotocopiadora IM 2500 olof,pre-obligación 5/641 financiamiento SEP la máquina deberá ser reparada en las dependencias del Liceo ubicado en Julio Covarrubias 9370 de La Cisterna,Aceptada,Compra Agil,0,CLP,1190000.0,1190000.0,,unidad_educacion_sin_rbd_unico,municipal_2023_Sem2.7z:1100488OCCompraAgil.csv
2023,2769-404-AG23,municipal,Educación,02-11-2023 0:00:00,"Adquisición de Relé Térmico y Contactor equipos para laboratorio de electrónica, Liceo ciencia y Tecnología.  Orden de Compra generada por invitación a compra ágil: 2769-389-COT23",Pre obligación 5/601 C.C 100217 LEY SEP sp4. Despachar en Av. Goy Colea 469 La Cisterna. Contacto Rafael Rojas 986640256. Liceo Ciencia y Tecnología. Orden de Compra codigo: 2769-404-AG23 dirigida a SYSTELEC ELECTRONICA LTDA,Aceptada,Compra Agil,0,CLP,1399261.5,1399261.5,9693,nombre_o_rbd_unico,municipal_2023_Sem2.7z:1100488OCCompraAgil.csv
2023,2769-405-AG23,municipal,Educación,02-11-2023 0:00:00,mantención y reparación de fotocopiadora MP C 2504 olof,pre-obligación 5/641 financiamiento SEP la reparación se deberá efectuar en dependencias del Liceo Olof Palme ubicado en Julio Covarrubias 9370 de La Cisterna,Aceptada,Compra Agil,0,CLP,1796900.0,1796900.0,9701,nombre_o_rbd_unico,municipal_2023_Sem2.7z:1100488OCCompraAgil.csv
2023,2769-406-AG23,municipal,Educación,02-11-2023 0:00:00,"Adquisición de Contacto Auxiliar, Variador de Frecuencia, Rotuladora equipos para laboratorio de electrónica, Liceo ciencia y Tecnología. Orden de Compra generada por invitación a compra ágil: 2769-385-COT23",Pre obligación 5/601 C.C 100217 LEY SEP sp4. Despachar en Av. Goy Colea 469 La Cisterna. Contacto Rafael Rojas 986640256. Liceo Ciencia y Tecnología. Orden de Compra codigo: 2769-406-AG23 dirigida a SYSTELEC ELECTRONICA LTDA,Aceptada,Compra Agil,0,CLP,1494997.0,1494997.0,9693,nombre_o_rbd_unico,municipal_2023_Sem2.7z:1100488OCCompraAgil.csv
2023,2769-407-AG23,municipal,Educación,02-11-2023 0:00:00,Arriendo buses colegio E. Joven a compra ágil: 2769-411-COT23,Arriendo de buses salidas pedagógicas 2769-407-AG23 dirigida a CRISTIAN ANDRES SANCHEZ GONZALEZ,Aceptada,Compra Agil,0,CLP,600000.0,600000.0,,unidad_educacion_sin_rbd_unico,municipal_2023_Sem2.7z:1100488OCCompraAgil.csv
2023,2769-408-AG23,municipal,Educación,02-11-2023 0:00:00,"Trabajos en baños de Estuantes, Liceo Ciencia y Tecnología. Orden de Compra generada por invitación a compra ágil: 2769-377-COT23","Trabajos en baños de Estudiantes, Pre obligación 5/636 C.C 100217 LEY SEP sp4. Despachar en Av. Goycolea 469 La Cisterna. Contacto Rafael Rojas 986640256. Liceo Ciencia y Tecnología. Orden de Compra codigo: 2769-408-AG23 dirigida a FLORIPA CONSTRUCCIONES E INSTALACIONES TERESA BAHAMONDES LORCA E.I.R.L.",Aceptada,Compra Agil,0,CLP,833000.0,833000.0,9693,nombre_o_rbd_unico,municipal_2023_Sem2.7z:1100488OCCompraAgil.csv
2023,2769-409-AG23,municipal,Educación,02-11-2023 0:00:00,Orden de Compra generada por invitación a compra ágil: 2769-400-COT23,Orden de Compra codigo: 2769-409-AG23 dirigida a ENTIDAD DE GESTION INMOBILIARIA SOCIAL Y PRESTADORA DE SERVICIOS DE ASISTENCIA TECNICA Y DE GESTION ESPACIO VERDE SPA,Aceptada,Compra Agil,0,CLP,1475100.2,1475100.2,,unidad_educacion_sin_rbd_unico,municipal_2023_Sem2.7z:1100488OCCompraAgil.csv
2023,2769-411-AG23,municipal,Educación,03-11-2023 0:00:00,COLEGIO PALESTINO: INSUMOS IMPRESIÓN compra ágil: 2769-410-COT23,"Colegio Palestino: Avenida El Parrón 498b, La Cisterna (entre calles Angamos y Santa María). Contacto: Andrés Rojas fono: 964659094 correo: sep@colegiopalestino.cl  HORARIO: Lunes a jueves de 8:30 a 17:00 horas y viernes de 8:30 a 13:00 horas.  Orden de Compra codigo: 2769-411-AG23 dirigida a COMERCIAL BUSTOS Y BUSTOS SPA  ÍTEM: 2152204009 CC: 10.02.03 SUBPROG: 4 LEY SEP",Aceptada,Compra Agil,0,CLP,1407555.8,1407555.8,9700,nombre_o_rbd_unico,municipal_2023_Sem2.7z:1100488OCCompraAgil.csv
2023,2769-412-AG23,municipal,Educación,03-11-2023 0:00:00,"Arriendo bus salida pedagógica,compra ágil: 2769-412-COT23",Arriendo bus  salida pedagógica deportiva.: 2769-412-AG23 dirigida a OPERADOR TURÍSTICO LUIS VARGAS SPA,Aceptada,Compra Agil,0,CLP,250000.0,250000.0,,unidad_educacion_sin_rbd_unico,municipal_2023_Sem2.7z:1100488OCCompraAgil.csv
2023,2769-413-AG23,municipal,Educación,06-11-2023 0:00:00,Orden de Compra generada por invitación a compra ágil: 2769-415-COT23,Orden de Compra codigo: 2769-413-AG23 dirigida a LEFI SPA,Aceptada,Compra Agil,0,CLP,446703.39,446703.39,9730,nombre_o_rbd_unico,municipal_2023_Sem2.7z:1100488OCCompraAgil.csv
2023,2769-415-AG23,municipal,Educación,07-11-2023 0:00:00,formación sexualidad y género olof,pre-obligación 5/64  financiamiento SEP los cursos deberán ser dictados en dependencias del Liceo ubicado en Julio Covarrubias 9370 en la comuna de La Cisterna,Aceptada,Compra Agil,0,CLP,840000.0,840000.0,,unidad_educacion_sin_rbd_unico,municipal_2023_Sem2.7z:1100488OCCompraAgil.csv
2023,2769-416-SE23,municipal,Educación,07-11-2023 0:00:00,arriendo de vehículo  salida pedagógica ,resolución n11 pre obligación 5/646 item 22.09.003 c.c 100202  ,Aceptada,Trato Directo,1,CLP,1220000.0,1220000.0,,unidad_educacion_sin_rbd_unico,municipal_2023_Sem2.7z:1100488OCTratoDirecto.csv
2023,2769-418-AG23,municipal,Educación,08-11-2023 0:00:00,Colegio Palestino: Hosting WEB compra ágil: 2769-408-COT23,"Colegio Palestino: Avenida El Parrón 498b, La Cisterna (entre calles Angamos y Santa María). Contacto: Edgardo Donoso fono: +56940360935 correo: edonoso@colegiopalestino.cl HORARIO: Lunes a jueves de 8:30 a 17:00 horas y viernes de 8:30 a 13:00 horas.  Orden de Compra codigo: 2769-418-AG23 dirigida a POSCALI SPA  ÍTEM: 2152211003 CC:100203 SUBPROG: 4 LEY SEP ",Aceptada,Compra Agil,0,CLP,206360.28,206360.28,9700,nombre_o_rbd_unico,municipal_2023_Sem2.7z:1100488OCCompraAgil.csv
2023,2769-42-AG23,municipal,Educación,02-05-2023 0:00:00,Orden de Compra generada por invitación a compra ágil: 2769-68-COT23,Orden de Compra codigo: 2769-42-AG23 dirigida a LMV SPA,Aceptada,Compra Agil,0,CLP,305306.4,305306.4,9730,nombre_o_rbd_unico,municipal_2023_Sem1.7z:1100488OCCompraAgil.csv
2023,2769-421-SE23,municipal,Educación,08-11-2023 0:00:00,REPARACIÓN Y MANTENIMIENTO COMEDOR ANTU,"PRE-OBLIGACIÓN N°5/612 LEY DE MANTENIMIENTO REPARACIONES SE REALIZARAN EN LAS DEPENDENCIAS DEL COLEGIO ANTU, UBICADO EN AV. TRINIDAD RAMÍREZ 0750, LA CISTERNA.",Aceptada,Trato Directo,1,CLP,2564450.0,2564450.0,9730,nombre_o_rbd_unico,municipal_2023_Sem2.7z:1100488OCTratoDirecto.csv
2023,2769-422-AG23,municipal,Educación,10-11-2023 0:00:00,Orden de Compra generada por invitación a compra ágil: 2769-413-COT23,Orden de Compra codigo: 2769-422-AG23 dirigida a ENTIDAD DE GESTION INMOBILIARIA SOCIAL Y PRESTADORA DE SERVICIOS DE ASISTENCIA TECNICA Y DE GESTION ESPACIO VERDE SPA,Aceptada,Compra Agil,0,CLP,1523200.0,1523200.0,,unidad_educacion_sin_rbd_unico,municipal_2023_Sem2.7z:1100488OCCompraAgil.csv
2023,2769-423-AG23,municipal,Educación,10-11-2023 0:00:00,Orden de Compra generada por invitación a compra ágil: 2769-423-COT23,Orden de Compra codigo: 2769-423-AG23 dirigida a IMPORTADORA Y EXPORTADORA LASER IMAGING CHILE SPA.,Aceptada,Compra Agil,0,CLP,433160.0,433160.0,9703,nombre_o_rbd_unico,municipal_2023_Sem2.7z:1100488OCCompraAgil.csv
2023,2769-424-AG23,municipal,Educación,13-11-2023 0:00:00,Orden de Compra generada por invitación a compra ágil: 2769-419-COT23,Orden de Compra codigo: 2769-424-AG23 dirigida a COMERCIALIZADORA REICOL SPA,Aceptada,Compra Agil,0,CLP,816042.5,816042.5,9706,nombre_o_rbd_unico,municipal_2023_Sem2.7z:1100488OCCompraAgil.csv
2023,2769-425-AG23,municipal,Educación,13-11-2023 0:00:00,Orden de Compra generada por invitación a compra ágil: 2769-422-COT23,Orden de Compra codigo: 2769-425-AG23 dirigida a COMERCIALIZADORA REICOL SPA,Aceptada,Compra Agil,0,CLP,737378.74,737378.74,9699,nombre_o_rbd_unico,municipal_2023_Sem2.7z:1100488OCCompraAgil.csv
2023,2769-426-AG23,municipal,Educación,13-11-2023 0:00:00,Orden de Compra generada por invitación a compra ágil: 2769-421-COT23,Orden de Compra codigo: 2769-426-AG23 dirigida a BICHOTO SPA,Aceptada,Compra Agil,0,CLP,706770.75,706770.75,,unidad_educacion_sin_rbd_unico,municipal_2023_Sem2.7z:1100488OCCompraAgil.csv
2023,2769-427-SE23,municipal,Educación,13-11-2023 0:00:00,reparación y seguridad en ductos de gas olof,pre-obligación 5/631 financiamiento mantenimiento 2023 los trabajos se deberán realizar en las dependencias del Liceo ubicado en Julio Covarrubias 9370 de la comuna de La Cisterna,Aceptada,Trato Directo,1,CLP,856800.0,856800.0,,unidad_educacion_sin_rbd_unico,municipal_2023_Sem2.7z:1100488OCTratoDirecto.csv
2023,2769-428-AG23,municipal,Educación,13-11-2023 0:00:00,Adquisición de Transporte Escuela Óscar Encalada ,"AdquisiciónTransporte salida pedagógica bus full equipo. Fecha salida 15 de noviembre, 5° y 4° básicos 85 pasajeros. Destino feria internacional del libro de Santiago, Centro cultural Estación Mapocho.  Lugar de salida Av. Pedro Aguirre Cerda 0184. Comuna de La Cisterna Escuela Oscar Encalada, salida 10:30 horas. Regreso 13:30 horas. Se requiere documentación al día de los buses y seguros comprometidos, información de chofer asignado y certificado de habilidad para trabajar con menores.   Escuela Oscar Encalada, Ubicada en Pedro Aguirre Cerda 0184,La Cisterna. Pre-obligación 5-665 fondos Ley sep C.C. 100206 SP 4  contacto Susana Fonseca  Fono 945221930  Orden de Compra codigo: 2769-428-AG23 dirigida a CRISTIAN ANDRES SANCHEZ GONZALEZ",Aceptada,Compra Agil,0,CLP,500000.0,500000.0,9706,nombre_o_rbd_unico,municipal_2023_Sem2.7z:1100488OCCompraAgil.csv
2023,2769-429-AG23,municipal,Educación,13-11-2023 0:00:00,Adquisición impresora 3D Escuela Óscar Encalada ,"Impresora 3D ( ideal creality modelo 3dcp-01) tres funciones : Grabado laser Impresión 3D Grabado de corte Además, con isumos correspondiente al modelo rollos de 100mt 6 colores cada uno blanco, negro, rojo,azul y amarillo  Escuela Oscar Encalada, Ubicada en Pedro Aguirre Cerda 0184,La Cisterna. Pre-obligación 5-662 fondos Ley sep C.C. 100206 SP 4  contacto Susana Fonseca  Fono 945221930  Orden de Compra codigo: 2769-429-AG23 dirigida a R & A SOLUCIONES SPA",Aceptada,Compra Agil,0,CLP,1237600.0,1237600.0,9706,nombre_o_rbd_unico,municipal_2023_Sem2.7z:1100488OCCompraAgil.csv
2023,2769-43-AG23,municipal,Educación,03-05-2023 0:00:00,Orden de Compra generada por invitación a compra ágil: 2769-74-COT23,Orden de Compra codigo: 2769-43-AG23 dirigida a ENTIDAD DE GESTION INMOBILIARIA SOCIAL Y PRESTADORA DE SERVICIOS DE ASISTENCIA TECNICA Y DE GESTION ACROPOLIS SPA,Aceptada,Compra Agil,0,CLP,1632680.0,1632680.0,,unidad_educacion_sin_rbd_unico,municipal_2023_Sem1.7z:1100488OCCompraAgil.csv
2023,2769-430-AG23,municipal,Educación,13-11-2023 0:00:00,Adquisición de Monitor PC 27 Escuela Óscar Encalada ,"Adquisición de Monitor PC full HD 27,240HZ para la  Escuela Oscar Encalada, Ubicada en Pedro Aguirre Cerda 0184,La Cisterna. Pre-obligación 5-662 fondos Ley sep C.C. 100206 SP 4  contacto Susana Fonseca  Fono 945221930  Orden de Compra codigo: 2769-430-AG23 dirigida a DREAMTEC HOLDINGS SPA",Aceptada,Compra Agil,0,CLP,534260.02,534260.02,9706,nombre_o_rbd_unico,municipal_2023_Sem2.7z:1100488OCCompraAgil.csv
2023,2769-431-AG23,municipal,Educación,14-11-2023 0:00:00,Colegio Palestino: Materiales para reparaciones compra ágil: 2769-426-COT23,"COLEGIO PALESTINO Dirección: Avenida El Parrón 498b, La Cisterna (entre calles Angamos y Santa María). Contacto: Andrés Rojas fono: 964659094 correo: sep@colegiopalestino.cl HORARIO: Lunes a jueves de 8:30 a 17:00 horas y viernes de 8:30 a 13:00 horas.  Orden de Compra codigo: 2769-431-AG23 dirigida a CORVALAN VILLARROEL LIMITADA  ítem: 22.04.010  cc:100905 subprog: 6.",Aceptada,Compra Agil,0,CLP,71400.0,71400.0,9700,nombre_o_rbd_unico,municipal_2023_Sem2.7z:1100488OCCompraAgil.csv
2023,2769-432-AG23,municipal,Educación,14-11-2023 0:00:00,COLEGIO PALESTINO: FLUXÓMETRO compra ágil: 2769-425-COT23,"COLEGIO PALESTINO: Avenida El Parrón 498b, La Cisterna (entre calles Angamos y Santa María). Contacto: Andrés Rojas fono: 964659094 correo: sep@colegiopalestino.cl HORARIO: Lunes a jueves de 8:30 a 17:00 horas y viernes de 8:30 a 13:00 horas.  Orden de Compra codigo: 2769-432-AG23 dirigida a AYSBER LIMITADA  Ítem: 2204010 cc:100905 Subprog: 6 unidad de mantenimiento ",Aceptada,Compra Agil,0,CLP,299880.0,299880.0,9700,nombre_o_rbd_unico,municipal_2023_Sem2.7z:1100488OCCompraAgil.csv
2023,2769-433-AG23,municipal,Educación,14-11-2023 0:00:00,Orden de Compra generada por invitación a compra ágil: 2769-429-COT23,"COLEGIO PALESTINO: Avenida El Parrón 498b, La Cisterna (entre calles Angamos y Santa María).  Contacto: Andrés Rojas fono: 964659094 correo: sep@colegiopalestino.cl HORARIO: Lunes a jueves de 8:30 a 17:00 horas y viernes de 8:30 a 13:00 horas.  Orden de Compra código: 2769-433-AG23 dirigida a ELECTRO FAST SPA  Ítem: 215.22.06.001 Cc:10.09.05 Subprog: 6",Recepcion Conforme,Compra Agil,0,CLP,892500.0,892500.0,9700,nombre_o_rbd_unico,municipal_2023_Sem2.7z:1100488OCCompraAgil.csv
2023,2769-434-SE23,municipal,Educación,15-11-2023 0:00:00,material de enseñanza ,resolucion n 16 item 22.04.002 c.c 100202 pre obligacion 5/656 textos de ingles ,Aceptada,Trato Directo,1,CLP,4952304.0,4952304.0,,unidad_educacion_sin_rbd_unico,municipal_2023_Sem2.7z:1100488OCTratoDirecto.csv
2023,2769-437-AG23,municipal,Educación,15-11-2023 0:00:00,COLEGIO PALESTINO: SERVICIOS DE HIGIENIZACIÓN Y MANTENCIÓN PÚAS ANTI-PALOMAS compra ágil: 2769-431-COT23,"Colegio Palestino: Avenida El Parrón 498b, La Cisterna (entre calles Angamos y Santa María). Contacto: Inspector General Sr. Felipe Salazar fono: +56971863677 correo: fsalazar@colegiopalestino.cl  HORARIO: a Convenir con Inspector General.  Orden de Compra codigo: 2769-437-AG23 dirigida a SERVICIOS DE HIGIENIZACIÓN Y MANTENCIÓN FRANCISCA SOFÍA ORTÚZAR PRIETO  Ítem: 22.06.001 Cc:100905 Subprog: 6 unidad de mantenimiento.",Aceptada,Compra Agil,0,CLP,1120920.5,1120920.5,9700,nombre_o_rbd_unico,municipal_2023_Sem2.7z:1100488OCCompraAgil.csv
2023,2769-438-SE23,municipal,Educación,16-11-2023 0:00:00,entradas obra de teatro alumnos 1°-2! y 4° básico,pre-obligación 5/597 financiamiento sep los alumnos tendrán el derecho al ingreso de la obra lenteja una coneja diferente el día 12/10/23,Aceptada,Convenio Marco,0,CLP,904995.0,904995.0,,unidad_educacion_sin_rbd_unico,municipal_2023_Sem2.7z:1100488OCConvenioMarco.csv
2023,2769-439-AG23,municipal,Educación,16-11-2023 0:00:00,adquisición de papel fotográfico olof,pre-obligación 5/640 financiamiento sep los productos deberán ser entregados en dependencias del Liceo ubicado en Julio Covarrubias 9370 de La Cisterna,Aceptada,Compra Agil,0,CLP,119943.67,119943.67,,unidad_educacion_sin_rbd_unico,municipal_2023_Sem2.7z:1100488OCCompraAgil.csv
2023,2769-44-AG23,municipal,Educación,03-05-2023 0:00:00,adquisición de cuadernos caligrafix olof,Orden de Compra codigo: 2769-44-AG23 dirigida a ROSA XIMENA SOTOMAYOR CONTRERAS pre-obligación 5/59 los productos deberán ser entregados en dependencias del Liceo Olof Palme ubicado en Julio Covarrubias 9370 de la comuna de La Cisterna,Aceptada,Compra Agil,0,CLP,1283058.0,1283058.0,9701,nombre_o_rbd_unico,municipal_2023_Sem1.7z:1100488OCCompraAgil.csv
2023,2769-440-AG23,municipal,Educación,16-11-2023 0:00:00,Orden de Compra generada por invitación a compra ágil: 2769-435-COT23,Orden de Compra codigo: 2769-440-AG23 dirigida a TRANSPORTES TRANSIBERICA LIMITADA,Aceptada,Compra Agil,0,CLP,1440000.0,1440000.0,9730,nombre_o_rbd_unico,municipal_2023_Sem2.7z:1100488OCCompraAgil.csv
2023,2769-441-AG23,municipal,Educación,16-11-2023 0:00:00,Orden de Compra generada por invitación a compra ágil: 2769-434-COT23,Orden de Compra codigo: 2769-441-AG23 dirigida a YASMIN GENERAL PLACENCIA PRODUCCIONES E.I.R.L.,Aceptada,Compra Agil,0,CLP,936000.0,936000.0,9730,nombre_o_rbd_unico,municipal_2023_Sem2.7z:1100488OCCompraAgil.csv
2023,2769-442-AG23,municipal,Educación,16-11-2023 0:00:00,Orden de Compra generada por invitación a compra ágil: 2769-433-COT23,Orden de Compra codigo: 2769-442-AG23 dirigida a YASMIN GENERAL PLACENCIA PRODUCCIONES E.I.R.L.,Aceptada,Compra Agil,0,CLP,877500.0,877500.0,,unidad_educacion_sin_rbd_unico,municipal_2023_Sem2.7z:1100488OCCompraAgil.csv
2023,2769-443-AG23,municipal,Educación,16-11-2023 0:00:00,Orden de Compra generada por invitación a compra ágil: 2769-437-COT23,Orden de Compra codigo: 2769-443-AG23 dirigida a FABRICACION DE DISTINTIVOS Y CONFECCIONES MARIO LEON CASTILLO E.I.R.L.,Aceptada,Compra Agil,0,CLP,643433.0,643433.0,9730,nombre_o_rbd_unico,municipal_2023_Sem2.7z:1100488OCCompraAgil.csv
2023,2769-444-AG23,municipal,Educación,17-11-2023 0:00:00,Orden de Compra generada por invitación a compra ágil: 2769-432-COT23,Orden de Compra codigo: 2769-444-AG23 dirigida a SOLUCIONES ARRAYÁN LIMITADA,Aceptada,Compra Agil,0,CLP,1002991.5,1002991.5,,unidad_educacion_sin_rbd_unico,municipal_2023_Sem2.7z:1100488OCCompraAgil.csv
2023,2769-445-AG23,municipal,Educación,17-11-2023 0:00:00,adquisición de colaciones 4° básico y 4° medio,pre-obligación 5/534 financiamiento SEP los productos deberán ser entregados en dependencias del Liceo ubicado en Julio Covarrubias 9370 de La Cisterna,Aceptada,Compra Agil,0,CLP,324727.2,324727.2,,unidad_educacion_sin_rbd_unico,municipal_2023_Sem2.7z:1100488OCCompraAgil.csv
2023,2769-446-AG23,municipal,Educación,17-11-2023 0:00:00,Orden de Compra generada por invitación a compra ágil: 2769-443-COT23,Orden de Compra codigo: 2769-446-AG23 dirigida a ENTIDAD DE GESTION INMOBILIARIA SOCIAL Y PRESTADORA DE SERVICIOS DE ASISTENCIA TECNICA Y DE GESTION ACROPOLIS SPA,Aceptada,Compra Agil,0,CLP,1487500.0,1487500.0,9703,nombre_o_rbd_unico,municipal_2023_Sem2.7z:1100488OCCompraAgil.csv
2023,2769-447-AG23,municipal,Educación,17-11-2023 0:00:00,COLEGIO PALESTINO: ARRIENDO BUS 20/11/2023 compra ágil: 2769-445-COT23,"Colegio Palestino: Avenida El Parrón 498b, La Cisterna (entre calles Angamos y Santa María). Contacto: Andrés Rojas fono: 964659094 correo: sep@colegiopalestino.cl  Orden de Compra codigo: 2769-447-AG23 dirigida a Juan Carlos Aguilera Alvarez EIRL  Ítem: 2209003 Cc: 100203 Subprog: 4 Ley SEP",Aceptada,Compra Agil,0,CLP,220000.0,220000.0,9700,nombre_o_rbd_unico,municipal_2023_Sem2.7z:1100488OCCompraAgil.csv
2023,2769-448-AG23,municipal,Educación,17-11-2023 0:00:00,salida pedagógica 4° medio ruta de los poetas olof,pre-obligación 674 financiamiento sep los alumnos deberán ser retirados desde el Liceo ubicado en Julio Covarrubias 9370 de La Cisterna,Aceptada,Compra Agil,0,CLP,1288200.0,1288200.0,,unidad_educacion_sin_rbd_unico,municipal_2023_Sem2.7z:1100488OCCompraAgil.csv
2023,2769-449-SE23,municipal,Educación,17-11-2023 0:00:00,adquisició   textos ziemax olof,pre-obligación 626 financiamiento pro-retención los productos deberán ser entregados en dependencias del liceo ubicado en la comuna de La Cisterna,Aceptada,Trato Directo,1,CLP,2931993.4,2931993.4,,unidad_educacion_sin_rbd_unico,municipal_2023_Sem2.7z:1100488OCTratoDirecto.csv
2023,2769-45-AG23,municipal,Educación,03-05-2023 0:00:00,Orden de Compra generada por invitación a compra ágil: 2769-70-COT23,Orden de Compra codigo: 2769-45-AG23 dirigida a LIBRERIA LOS GONZALEZ SPA,Aceptada,Compra Agil,0,CLP,1492022.0,1492022.0,,unidad_educacion_sin_rbd_unico,municipal_2023_Sem1.7z:1100488OCCompraAgil.csv
2023,2769-450-AG23,municipal,Educación,20-11-2023 0:00:00,"Arriendo buses salida pedagógica ESPERANZA JOEVEN ,compra ágil: 2769-442-COT23",Arriendo 2 buses para salidas pedagógicas dia 22 y 23 de noviembre.,Aceptada,Compra Agil,0,CLP,440000.0,440000.0,9703,nombre_o_rbd_unico,municipal_2023_Sem2.7z:1100488OCCompraAgil.csv
2023,2769-451-AG23,municipal,Educación,20-11-2023 0:00:00,"Adquisición de vestimenta institucional LICEO PORTAL, a compra ágil: 2769-446-COT23",Adquisición de polerones y jockey .2769-451-AG23 dirigida a CAROLINA ANDREA HEVIA QUEVEDO,Aceptada,Compra Agil,0,CLP,1630776.0,1630776.0,,unidad_educacion_sin_rbd_unico,municipal_2023_Sem2.7z:1100488OCCompraAgil.csv
2023,2769-452-AG23,municipal,Educación,20-11-2023 0:00:00,COLEGIO PALESTINO: COMPRA DE LONAS Y CAJAS PLÁSTICAS compra ágil: 2769-441-COT23,"Colegio Palestino: Avenida El Parrón 498b, La Cisterna (entre calles Angamos y Santa María). Contacto: Andrés Rojas fono: 964659094 correo: sep@colegiopalestino.cl HORARIO: Lunes a jueves de 8:30 a 17:00 horas y viernes de 8:30 a 13:00 horas.  Orden de Compra código: 2769-452-AG23 dirigida a SOCIEDAD IMPORTADORA Y COMERCIALIZADORA MEBAC LIMITADA.  Ítem: 215.2204014 Cc: 100203 Subprog: 4 Ley SEP ",Aceptada,Compra Agil,0,CLP,297696.35,297696.35,9700,nombre_o_rbd_unico,municipal_2023_Sem2.7z:1100488OCCompraAgil.csv
2023,2769-453-SE23,municipal,Educación,20-11-2023 0:00:00,contratación de libros  ados 2 olof,pre-obligación 5/626 financiamiento SEP los productos deberán ser entregados en dependencias del liceo ubicado en Julio Covarrubias 9370 de la comuna de La Cisterna,Aceptada,Trato Directo,1,CLP,6031538.8,6031538.8,,unidad_educacion_sin_rbd_unico,municipal_2023_Sem2.7z:1100488OCTratoDirecto.csv
2023,2769-454-AG23,municipal,Educación,21-11-2023 0:00:00,Orden de Compra generada por invitación a compra ágil: 2769-436-COT23,Orden de Compra codigo: 2769-454-AG23 dirigida a PROVEEDORES INTEGRALES PRISA S A,Aceptada,Compra Agil,0,CLP,1570525.11,1570525.11,,unidad_educacion_sin_rbd_unico,municipal_2023_Sem2.7z:1100488OCCompraAgil.csv
2023,2769-455-AG23,municipal,Educación,21-11-2023 0:00:00,Orden de Compra generada por invitación a compra ágil: 2769-450-COT23,Orden de Compra codigo: 2769-455-AG23 dirigida a ENTIDAD DE GESTION INMOBILIARIA SOCIAL Y PRESTADORA DE SERVICIOS DE ASISTENCIA TECNICA Y DE GESTION ACROPOLIS SPA,Aceptada,Compra Agil,0,CLP,1278060.0,1278060.0,9703,nombre_o_rbd_unico,municipal_2023_Sem2.7z:1100488OCCompraAgil.csv
2023,2769-456-SE23,municipal,Educación,21-11-2023 0:00:00,arriendo de carpa y tarima graduación 4° medio,pre-obligación 5/675 financiamiento sep tarima y arriendo de carpa tendrán que ser instalado en dependencias del liceo ubicado en Julio Covarrubias 9370 de La Cisterna,Aceptada,Trato Directo,1,CLP,2320500.0,2320500.0,,unidad_educacion_sin_rbd_unico,municipal_2023_Sem2.7z:1100488OCTratoDirecto.csv
2023,2769-457-AG23,municipal,Educación,22-11-2023 0:00:00,Orden de Compra generada por invitación a compra ágil: 2769-447-COT23,Orden de Compra codigo: 2769-457-AG23 dirigida a SOCIEDAD COMERCIAL DISTRIBUCION GLOBAL LIMITADA,Aceptada,Compra Agil,0,CLP,1709518.3,1709518.3,9730,nombre_o_rbd_unico,municipal_2023_Sem2.7z:1100488OCCompraAgil.csv
2023,2769-458-AG23,municipal,Educación,22-11-2023 0:00:00,Orden de Compra generada por invitación a compra ágil: 2769-463-COT23,Orden de Compra codigo: 2769-458-AG23 dirigida a EDUENTRETENCION S.A.,Aceptada,Compra Agil,0,CLP,81200.84,81200.84,9730,nombre_o_rbd_unico,municipal_2023_Sem2.7z:1100488OCCompraAgil.csv
2023,2769-459-AG23,municipal,Educación,22-11-2023 0:00:00,Orden de Compra generada por invitación a compra ágil: 2769-464-COT23,Orden de Compra codigo: 2769-459-AG23 dirigida a PARQUE ZOOLOGICO BUIN ZOO S A,Aceptada,Compra Agil,0,CLP,140402.0,140402.0,9730,nombre_o_rbd_unico,municipal_2023_Sem2.7z:1100488OCCompraAgil.csv
2023,2769-46-AG23,municipal,Educación,03-05-2023 0:00:00,Adquisición de material de enseñanza Escuela Oscar Encalada ,"Se requiere Adquirir Material de Enseñanza para la Escuela Oscar Encalada, ubicada en Pedro Aguirre Cerda 0184, La Cisterna. Pre-obligacion 5-63, Fondos LEY SEP C.C.100206SP 4.  Contacto Susana Fonseca  Fono 945221930 ",Aceptada,Compra Agil,0,CLP,1757660.94,1757660.94,9706,nombre_o_rbd_unico,municipal_2023_Sem1.7z:1100488OCCompraAgil.csv
2023,2769-460-AG23,municipal,Educación,23-11-2023 0:00:00,Orden de Compra generada por invitación a compra ágil: 2769-465-COT23,Orden de Compra codigo: 2769-460-AG23 dirigida a COMERCIALIZADORA ZOOVENIR LIMITADA,Aceptada,Compra Agil,0,CLP,99000.86,99000.86,9730,nombre_o_rbd_unico,municipal_2023_Sem2.7z:1100488OCCompraAgil.csv
2023,2769-461-AG23,municipal,Educación,23-11-2023 0:00:00,Orden de Compra generada por invitación a compra ágil: 2769-466-COT23,Orden de Compra codigo: 2769-461-AG23 dirigida a DIMACOFI S A,Aceptada,Compra Agil,0,CLP,1575000.7,1575000.7,9730,nombre_o_rbd_unico,municipal_2023_Sem2.7z:1100488OCCompraAgil.csv
2023,2769-463-SE23,municipal,Educación,23-11-2023 0:00:00,COLEGIO PALESTINO: 350 POLERAS INSTITUCIONALES.,"COLEGIO PALESTINO: Avenida El Parrón 498b, La Cisterna (entre calles Angamos y Santa María).  HORARIO: Lunes a jueves de 8:30 a 17:00 horas y viernes de 8:30 a 13:00 horas.  Ítem: 2152202002 Subprog: 4 Ley SEP Cc:100203 ",Aceptada,Trato Directo,1,CLP,5092010.0,5092010.0,9700,nombre_o_rbd_unico,municipal_2023_Sem2.7z:1100488OCTratoDirecto.csv
2023,2769-464-AG23,municipal,Educación,23-11-2023 0:00:00,Orden de Compra generada por invitación a compra ágil: 2769-467-COT23,Orden de Compra codigo: 2769-464-AG23 dirigida a COMERCIALIZADORA DE INSUMOS COMPUTACIONALES SERGIO ESPINA VALENZUELA E,Aceptada,Compra Agil,0,CLP,1356600.0,1356600.0,9730,nombre_o_rbd_unico,municipal_2023_Sem2.7z:1100488OCCompraAgil.csv
2023,2769-465-AG23,municipal,Educación,23-11-2023 0:00:00,Adquisición Entradas Planetario Escuela Óscar Encalada ,"Se requiere adquirir 219 entrada valor estudiante para Establecimiento Planetario Chile, Programa audio visual  La tierra y su entorno el día 29 de noviembre, a las 15:00hrs. . para la  Escuela Oscar Encalada, Ubicada en Pedro Aguirre Cerda 0184,La Cisterna. Pre-obligación 5-686 fondos Ley sep C.C. 100206 SP 4  contacto Susana Fonseca  Fono 945221930   Orden de Compra codigo: 2769-465-AG23 dirigida a FUND PARA EL FUNCIONAM DESARROLLO Y PROM",Aceptada,Compra Agil,0,CLP,547500.0,547500.0,9706,nombre_o_rbd_unico,municipal_2023_Sem2.7z:1100488OCCompraAgil.csv
2023,2769-466-AG23,municipal,Educación,23-11-2023 0:00:00,COLEGIO PALESTINO: MANTENCIÓN BOMBA DE ALCANTARILLADO compra ágil: 2769-468-COT23,"Colegio Palestino: Avenida El Parrón 498b, La Cisterna (entre calles Angamos y Santa María). Contacto: Andrés Rojas correo: sep@colegiopalestino.cl HORARIO: Lunes a jueves de 8:30 a 17:00 horas y viernes de 8:30 a 13:00 horas.  Orden de Compra codigo: 2769-466-AG23 dirigida a ELECTRO FAST SPA  Ítem 2152206001 Subprog: 6 U Mantenimiento Cc: 100905",Recepcion Conforme,Compra Agil,0,CLP,899997.0,899997.0,9700,nombre_o_rbd_unico,municipal_2023_Sem2.7z:1100488OCCompraAgil.csv
2023,2769-468-AG23,municipal,Educación,24-11-2023 0:00:00,Orden de Compra generada por invitación a compra ágil: 2769-458-COT23,Orden de Compra codigo: 2769-468-AG23 dirigida a quantech ciencia y tecnología Spa,Aceptada,Compra Agil,0,CLP,1168871.55,1168871.55,9701,nombre_o_rbd_unico,municipal_2023_Sem2.7z:1100488OCCompraAgil.csv
2023,2769-469-AG23,municipal,Educación,24-11-2023 0:00:00,Orden de Compra generada por invitación a compra ágil: 2769-474-COT23,Orden de Compra codigo: 2769-469-AG23 dirigida a EDUENTRETENCION DOS S.A.,Aceptada,Compra Agil,0,CLP,276848.0,276848.0,9730,nombre_o_rbd_unico,municipal_2023_Sem2.7z:1100488OCCompraAgil.csv
2023,2769-47-AG23,municipal,Educación,03-05-2023 0:00:00,Adquisición de cuadernos caligrafix Escuela Oscar Encalada ,"Se requiere Adquirir Cuadernos Caligrafix Para Escuela Oscar Encalada, ubicada en Pedro Aguirre Cerda 0184, La Cisterna. pre-obligación 5-64, fondos LEY SEP C.C. SP 4  contacto Susana Fonseca  fono 945221930",Aceptada,Compra Agil,0,CLP,1185240.0,1185240.0,9706,nombre_o_rbd_unico,municipal_2023_Sem1.7z:1100488OCCompraAgil.csv
2023,2769-470-AG23,municipal,Educación,24-11-2023 0:00:00,Orden de Compra generada por invitación a compra ágil: 2769-473-COT23,Orden de Compra codigo: 2769-470-AG23 dirigida a TRANSPORTES TRANSIBERICA LIMITADA,Aceptada,Compra Agil,0,CLP,1150000.0,1150000.0,9730,nombre_o_rbd_unico,municipal_2023_Sem2.7z:1100488OCCompraAgil.csv
2023,2769-471-AG23,municipal,Educación,24-11-2023 0:00:00,"Adquisición  de transporte salida pedagógica bus full equipo, Oscar Encalada."," Adquisición transporte salida pedagógica bus full equipo. para la Escuela Oscar Encalada,   Ubicada en Pedro Aguirre Cerda 0184,La Cisterna. Pre-obligación 5-665 fondos Ley sep C.C. 100206 SP 4  contacto Susana Fonseca  Fono 945221930  Orden de Compra codigo: 2769-471-AG23 dirigida a TRANSPORTE Y LOGÍSTICA ECOVAN SPA",Aceptada,Compra Agil,0,CLP,960000.0,960000.0,9706,nombre_o_rbd_unico,municipal_2023_Sem2.7z:1100488OCCompraAgil.csv
2023,2769-472-AG23,municipal,Educación,24-11-2023 0:00:00,Orden de Compra generada por invitación a compra ágil: 2769-459-COT23,Orden de Compra codigo: 2769-472-AG23 dirigida a quantech ciencia y tecnología Spa,Aceptada,Compra Agil,0,CLP,946992.48,946992.48,9699,nombre_o_rbd_unico,municipal_2023_Sem2.7z:1100488OCCompraAgil.csv
2023,2769-473-SE23,municipal,Educación,24-11-2023 0:00:00,Contratación Capacitación Colegio Esperanza Joven,"Capacitación Fortalecimiento de los procesos pedagógicos a través de la reflexión de las prácticas docentes duración 17, 5 horas. dirigida a profesores , asistentes y profesionales del establecimiento.",Aceptada,Trato Directo,1,CLP,4400000.0,4400000.0,9703,nombre_o_rbd_unico,municipal_2023_Sem2.7z:1100488OCTratoDirecto.csv
2023,2769-474-AG23,municipal,Educación,24-11-2023 0:00:00,Orden de Compra generada por invitación a compra ágil: 2769-457-COT23,Orden de Compra codigo: 2769-474-AG23 dirigida a PLASTIMAR LIMITADA,Aceptada,Compra Agil,0,CLP,951100.36,951100.36,,unidad_educacion_sin_rbd_unico,municipal_2023_Sem2.7z:1100488OCCompraAgil.csv
2023,2769-475-AG23,municipal,Educación,27-11-2023 0:00:00,Orden de Compra generada por invitación a compra ágil: 2769-476-COT23,Orden de Compra codigo: 2769-475-AG23 dirigida a PGA GESTIONES SPA,Aceptada,Compra Agil,0,CLP,509070.1,509070.1,,unidad_educacion_sin_rbd_unico,municipal_2023_Sem2.7z:1100488OCCompraAgil.csv
2023,2769-476-AG23,municipal,Educación,27-11-2023 0:00:00,Orden de Compra generada por invitación a compra ágil: 2769-475-COT23,Orden de Compra codigo: 2769-476-AG23 dirigida a quantech ciencia y tecnología Spa,Aceptada,Compra Agil,0,CLP,952083.3,952083.3,,unidad_educacion_sin_rbd_unico,municipal_2023_Sem2.7z:1100488OCCompraAgil.csv
2023,2769-477-AG23,municipal,Educación,27-11-2023 0:00:00,"Adquisición entradas CLUB RECREAR , Colegio Esperanza Joven compra ágil: 2769-478-COT23","Adquisición entradas piscina Recrear, 7 de diciembre: 2769-477-AG23 dirigida a RECREAR S A",Aceptada,Compra Agil,0,CLP,404838.0,404838.0,9703,nombre_o_rbd_unico,municipal_2023_Sem2.7z:1100488OCCompraAgil.csv
2023,2769-478-AG23,municipal,Educación,27-11-2023 0:00:00,Orden de Compra generada por invitación a compra ágil: 2769-448-COT23,Orden de Compra codigo: 2769-478-AG23 dirigida a COMERCIALIZADORA DISTRIBUCION TOTAL EXPRESS LIMITADA,Aceptada,Compra Agil,0,CLP,1368143.0,1368143.0,9701,nombre_o_rbd_unico,municipal_2023_Sem2.7z:1100488OCCompraAgil.csv
2023,2769-479-AG23,municipal,Educación,27-11-2023 0:00:00,Orden de Compra generada por invitación a compra ágil: 2769-452-COT23,Orden de Compra codigo: 2769-479-AG23 dirigida a SOCIEDAD COMERCIALIZADORA DEL MAIPO LIMITADA,Aceptada,Compra Agil,0,CLP,1420848.1,1420848.1,9703,nombre_o_rbd_unico,municipal_2023_Sem2.7z:1100488OCCompraAgil.csv
2023,2769-48-AG23,municipal,Educación,03-05-2023 0:00:00,Adquisición de alargadores Escuela Oscar Encalada,"Se requiere Adquirir alargadores múltiple 6 tomas c/led 5mtrs, certificados para La Escuela Oscar Encalada, ubicada en Pedro Aguirre Cerda 0184, La Cisterna. pre-obligación 5-65, fondos LEY SEP C.C. 100206 SP 4  contacto Susana Fonseca  fono 945221930   Orden de Compra codigo: 2769-48-AG23 dirigida a COMERCIALIZADORA DALYJU SPA",Aceptada,Compra Agil,0,CLP,216853.7,216853.7,9706,nombre_o_rbd_unico,municipal_2023_Sem1.7z:1100488OCCompraAgil.csv
2023,2769-480-AG23,municipal,Educación,27-11-2023 0:00:00,Orden de Compra generada por invitación a compra ágil: 2769-454-COT23,Orden de Compra codigo: 2769-480-AG23 dirigida a AULA EDITORES S.A,Aceptada,Compra Agil,0,CLP,1171883.44,1171883.44,,unidad_educacion_sin_rbd_unico,municipal_2023_Sem2.7z:1100488OCCompraAgil.csv
2023,2769-481-AG23,municipal,Educación,27-11-2023 0:00:00,Orden de Compra generada por invitación a compra ágil: 2769-471-COT23,Orden de Compra codigo: 2769-481-AG23 dirigida a PM STUDIO SPA,Aceptada,Compra Agil,0,CLP,1810882.5,1810882.5,9730,nombre_o_rbd_unico,municipal_2023_Sem2.7z:1100488OCCompraAgil.csv
2023,2769-482-AG23,municipal,Educación,27-11-2023 0:00:00,Orden de Compra generada por invitación a compra ágil: 2769-453-COT23,Orden de Compra codigo: 2769-482-AG23 dirigida a SOLUCIONES DIDACTICAS SPA,Aceptada,Compra Agil,0,CLP,1379091.0,1379091.0,9730,nombre_o_rbd_unico,municipal_2023_Sem2.7z:1100488OCCompraAgil.csv
2023,2769-483-SE23,municipal,Educación,29-11-2023 0:00:00,REPARACIÓN  DE GASFIERIA ,PRE OBLIGACION 5/657 ITEM 22.04.010 CC100901,Aceptada,Trato Directo,1,CLP,1126000.61,1126000.61,,unidad_educacion_sin_rbd_unico,municipal_2023_Sem2.7z:1100488OCTratoDirecto.csv
2023,2769-484-AG23,municipal,Educación,27-11-2023 0:00:00,Orden de Compra generada por invitación a compra ágil: 2769-451-COT23,Orden de Compra codigo: 2769-484-AG23 dirigida a COMERCIAL 3-ARIES LIMITADA,Aceptada,Compra Agil,0,CLP,1018134.25,1018134.25,9730,nombre_o_rbd_unico,municipal_2023_Sem2.7z:1100488OCCompraAgil.csv
2023,2769-487-SE23,municipal,Educación,28-11-2023 0:00:00,Internet ,internet para los 8 colegios  ,Aceptada,Trato Directo,1,CLF,,,,unidad_educacion_sin_rbd_unico,municipal_2023_Sem2.7z:1100488OCTratoDirecto.csv
2023,2769-488-AG23,municipal,Educación,29-11-2023 0:00:00,"Materiales productos plásticos para la enseñanza, especialidad de Administración Logística, Liceo Ciencia y tecnología. Orden de Compra generada por invitación a compra ágil: 2769-461-COT23","Pre obligación presupuestaria 5/694 c.c 100217 sp4. ley sep. despachar en Av. Goycolea 469, La Cisterna. contacto Rafael Rojas 986640256. de lunes a jueves de 08:00 a13:00 y 15:00 a 17:00 viernes de 08:00 a 13:00.  Orden de Compra codigo: 2769-488-AG23 dirigida a COMERCIAL Y SERVICIOS IBIZA SUMINISTROS SPA",Aceptada,Compra Agil,0,CLP,499800.0,499800.0,9693,nombre_o_rbd_unico,municipal_2023_Sem2.7z:1100488OCCompraAgil.csv
2023,2769-489-AG23,municipal,Educación,29-11-2023 0:00:00,arriendo buses 2 salidas pedagógicas.LICEO PORTAL.. compra ágil: 2769-481-COT23,Arriendo 2 bus 44 personas miércoles 29 nov.y 13 de diciembre: 2769-489-AG23 dirigida a HERNÁN FELIPE GÁLVEZ SALAS,Aceptada,Compra Agil,0,CLP,320000.0,320000.0,9730,nombre_o_rbd_unico,municipal_2023_Sem2.7z:1100488OCCompraAgil.csv
2023,2769-49-AG23,municipal,Educación,03-05-2023 0:00:00,Adquisición de luz UV y focos par led Escuela Oscar Encalada ,"Adquisición de Luz UV y focos par led para la Escuela Oscar Encalada, ubicada en pedro Aguirre Cerda 0184, La Cisterna. pre-obligación 5-67, fondos LEY SEP C.C.100206 SP 4.  contacto Susana Fonseca  fono 945221930  Orden de Compra codigo: 2769-49-AG23 dirigida a COMERCIAL IBF SPA",Aceptada,Compra Agil,0,CLP,310390.08,310390.08,9706,nombre_o_rbd_unico,municipal_2023_Sem1.7z:1100488OCCompraAgil.csv
2023,2769-490-AG23,municipal,Educación,30-11-2023 0:00:00,Orden de Compra generada por invitación a compra ágil: 2769-482-COT23,Orden de Compra codigo: 2769-490-AG23 dirigida a quantech ciencia y tecnología Spa,Aceptada,Compra Agil,0,CLP,867986.0,867986.0,9703,nombre_o_rbd_unico,municipal_2023_Sem2.7z:1100488OCCompraAgil.csv
2023,2769-491-AG23,municipal,Educación,30-11-2023 0:00:00,Orden de Compra generada por invitación a compra ágil: 2769-480-COT23,Orden de Compra codigo: 2769-491-AG23 dirigida a quantech ciencia y tecnología Spa,Aceptada,Compra Agil,0,CLP,759745.98,759745.98,,unidad_educacion_sin_rbd_unico,municipal_2023_Sem2.7z:1100488OCCompraAgil.csv
2023,2769-492-AG23,municipal,Educación,30-11-2023 0:00:00,Orden de Compra generada por invitación a compra ágil: 2769-479-COT23,Orden de Compra codigo: 2769-492-AG23 dirigida a IMPORTADORA Y COMERCIALIZADORA HL COMPUTACION LIMITADA,Aceptada,Compra Agil,0,CLP,394604.0,394604.0,,unidad_educacion_sin_rbd_unico,municipal_2023_Sem2.7z:1100488OCCompraAgil.csv
2023,2769-494-AG23,municipal,Educación,01-12-2023 0:00:00,Orden de Compra generada por invitación a compra ágil: 2769-490-COT23,Orden de Compra codigo: 2769-494-AG23 dirigida a AULA EDITORES S.A,Aceptada,Compra Agil,0,CLP,713077.75,713077.75,,unidad_educacion_sin_rbd_unico,municipal_2023_Sem2.7z:1100488OCCompraAgil.csv
2023,2769-495-AG23,municipal,Educación,04-12-2023 0:00:00,"Material de enseñanza, LICEO PORTAL por compra ágil: 2769-499-COT23",Adquisición de material diverso de enseñanza y didáctico. 2769-495-AG23 dirigida a GROUP BALMACEDA SPA,Aceptada,Compra Agil,0,CLP,1843632.49,1843632.49,,unidad_educacion_sin_rbd_unico,municipal_2023_Sem2.7z:1100488OCCompraAgil.csv
2023,2769-496-AG23,municipal,Educación,05-12-2023 0:00:00,"material didactico PIE Esperanza Joven, compra ágil: 2769-497-COT23",Adquisición material Didáctico para Programa Integración Escolar.Orden de Compra codigo: 2769-496-AG23 dirigida a GROUP BALMACEDA SPA,Aceptada,Compra Agil,0,CLP,1034647.88,1034647.88,9703,nombre_o_rbd_unico,municipal_2023_Sem2.7z:1100488OCCompraAgil.csv
2023,2769-497-AG23,municipal,Educación,05-12-2023 0:00:00,Orden de Compra generada por invitación a compra ágil: 2769-494-COT23,Orden de Compra codigo: 2769-497-AG23 dirigida a quantech ciencia y tecnología Spa,Aceptada,Compra Agil,0,CLP,1017517.83,1017517.83,9706,nombre_o_rbd_unico,municipal_2023_Sem2.7z:1100488OCCompraAgil.csv
2023,2769-5-AG23,municipal,Educación,15-03-2023 0:00:00,Orden de Compra generada por invitación a compra ágil: 2769-11-COT23,Caligrafix preobligacion 5/10 cc 100202 2204002 ,Aceptada,Compra Agil,0,CLP,719950.0,719950.0,,unidad_educacion_sin_rbd_unico,municipal_2023_Sem1.7z:1100488OCCompraAgil.csv
2023,2769-50-AG23,municipal,Educación,04-05-2023 0:00:00,Adquisición de Barras de Sonido Escuela Oscar Encalada,"Se requiere Adquirir Barras de sonido para La Escuela Oscar Encalada, Ubicada en Pedro Aguirre Cerda 0184, La Cisterna. pre-oblicación 5-53, fondos LEY SEP C.C. 100206 SP 4.  Contacto Susana Fonseca  fono 945221930  Orden de Compra codigo: 2769-50-AG23 dirigida a ERIKA DE LAS MERCEDES MARAMBIO VILLEGAS",Aceptada,Compra Agil,0,CLP,1494937.5,1494937.5,9706,nombre_o_rbd_unico,municipal_2023_Sem1.7z:1100488OCCompraAgil.csv
2023,2769-503-AG23,municipal,Educación,06-12-2023 0:00:00,Insumos para la enseñanza de la especialidad de Electrónica. Orden de Compra generada por invitación a compra ágil: 2769-491-COT23,"Insumos para la enseñanza de la especialidad de Electrónica. PRE OBLIGACIÓN 5/704 SEP. C.C 100217 SP4. DESPACHA EN AV. GOYCOLEA 469, LA CISTERNA, CONTACTO RAFAEL ROJAS 986640256, HORARIO DE LUNES A JUEVES 08:00 A 14:00 Y DE 15:00 17:00. VIERNES 08:00 A 14:00. Orden de Compra codigo: 2769-503-AG23 dirigida a SYSTELEC ELECTRONICA LTDA",Aceptada,Compra Agil,0,CLP,1882941.76,1882941.76,,unidad_educacion_sin_rbd_unico,municipal_2023_Sem2.7z:1100488OCCompraAgil.csv
2023,2769-504-AG23,municipal,Educación,06-12-2023 0:00:00,"Productos químicos para la enseñanza especialidad de Química, Liceo Ciencia y Tecnología. Orden de Compra generada por invitación a compra ágil: 2769-486-COT23","PRE OBLIGACIÓN 5/691 SEP. C.C 100217 DESPACHAR EN AV. GOYCOLEA 469, LA CISTERNA, CONTACTO RAFAEL ROJAS 986640256, HORARIO DE LUNES A JUEVES 08:00 A 14:00 Y DE 15:00 17:00. VIERNES 08:00 A 14:00. Orden de Compra codigo: 2769-504-AG23 dirigida a CET CHILE SPA",Aceptada,Compra Agil,0,CLP,1899998.03,1899998.03,9693,nombre_o_rbd_unico,municipal_2023_Sem2.7z:1100488OCCompraAgil.csv
2023,2769-505-AG23,municipal,Educación,07-12-2023 0:00:00,Implemento para Laboratorio de biologia para la enseñanza Liceo Ciencia y Tecnología. Orden de Compra generada por invitación a compra ágil: 2769-484-COT23,"PRE OBLIGACIÓN 5/692 PRO RETENCIÓN C.C 100707. DESPACHAR EN AV. GOYCOLEA 469, LA CISTERNA, CONTACTO RAFAEL ROJAS 986640256, HORARIO DE LUNES A JUEVES 08:00 A 14:00 Y DE 15:00 17:00. VIERNES 08:00 A 14:00. Orden de Compra codigo: 2769-505-AG23 dirigida a COMERCIALIZADORA DE PRODUCTOS DE LABORATORIO PRODELAB LIMITADA",Aceptada,Compra Agil,0,CLP,1246034.72,1246034.72,9693,nombre_o_rbd_unico,municipal_2023_Sem2.7z:1100488OCCompraAgil.csv
2023,2769-506-SE23,municipal,Educación,11-12-2023 0:00:00,Adquisición de Uniformes Escolares Liceo Ciencia y Tecnología,"Pre obligación 5/695 c.c 100707 Pro retención. Despachar en Av. Goycolea 469 la Cisterna, contacto Rafael Rojas 986640256. HORARIO DE LUNES A JUEVES 08:00 A 14:00 Y DE 15:00 17:00. VIERNES 08:00 A 14:00. ",Aceptada,Trato Directo,1,CLP,5699862.0,5699862.0,9693,nombre_o_rbd_unico,municipal_2023_Sem2.7z:1100488OCTratoDirecto.csv
2023,2769-507-AG23,municipal,Educación,11-12-2023 0:00:00,"Arriendo buses  Salidas pedagógicas Esperanza Joven, compra ágil: 2769-502-COT23",Arriendo buses salidas pedagógicas 2769-507-AG23 dirigida a HERNÁN FELIPE GÁLVEZ SALAS,Aceptada,Compra Agil,0,CLP,400000.0,400000.0,9703,nombre_o_rbd_unico,municipal_2023_Sem2.7z:1100488OCCompraAgil.csv
2023,2769-508-AG23,municipal,Educación,12-12-2023 0:00:00,"Implementos de Laboratorio de Química, Liceo Ciencia y Tecnología. Orden de Compra generada por invitación a compra ágil: 2769-485-COT23","PRE OBLIGACIÓN 5/693  PRO-RETENCIÓN 100707.  DESPACHAR EN AV. GOYCOLEA 469, LA CISTERNA, CONTACTO RAFAEL ROJAS 986640256, HORARIO DE LUNES A JUEVES 08:00 A 14:00 Y DE 15:00 17:00. VIERNES 08:00 A 14:00. Orden de Compra codigo: 2769-508-AG23 dirigida a CET CHILE SPA",Aceptada,Compra Agil,0,CLP,1899998.03,1899998.03,9693,nombre_o_rbd_unico,municipal_2023_Sem2.7z:1100488OCCompraAgil.csv
2023,2769-509-AG23,municipal,Educación,12-12-2023 0:00:00,Regularización de instalaciones de Gas Liceo Ciencia y Tecnología. Orden de Compra generada por invitación a compra ágil: 2769-503-COT23,"PRE OBLIGACIÓN 5/690 MANTENIMIENTO C.C 100903 SP6. DESPACHAR EN AV. GOYCOLEA 469, LA CISTERNA, CONTACTO RAFAEL ROJAS 986640256, HORARIO DE LUNES A JUEVES 08:00 A 14:00 Y DE 15:00 17:00. VIERNES 08:00 A 14:00. Orden de Compra código: 2769-509-AG23 dirigida a COMERCIALIZADORA Y SERVICIOS INTEGRALES MAVAL LIMITADA",Aceptada,Compra Agil,0,CLP,1684328.38,1684328.38,9693,nombre_o_rbd_unico,municipal_2023_Sem2.7z:1100488OCCompraAgil.csv
2023,2769-51-AG23,municipal,Educación,04-05-2023 0:00:00,Adquisición de Lector Códigos de Barra led  Escuela Oscar Encalada,"Adquisición de Lector códigos de Barra led para la Escuela Oscar Encalada, ubicada en Pedro Aguirre Cerda 0184, La Cisterna. pre-obligación 5-52, fondos LEY SEP C.C. 100206 SP 4.  contacto Susana Fonseca  fono 945221930  Orden de Compra codigo: 2769-51-AG23 dirigida a AMPERA SPA",Aceptada,Compra Agil,0,CLP,42811.44,42811.44,9706,nombre_o_rbd_unico,municipal_2023_Sem1.7z:1100488OCCompraAgil.csv
2023,2769-510-AG23,municipal,Educación,14-12-2023 0:00:00,Orden de Compra generada por invitación a compra ágil: 2769-505-COT23,Orden de Compra codigo: 2769-510-AG23 dirigida a ENTIDAD DE GESTION INMOBILIARIA SOCIAL Y PRESTADORA DE SERVICIOS DE ASISTENCIA TECNICA Y DE GESTION ESPACIO VERDE SPA,Aceptada,Compra Agil,0,CLP,1713600.0,1713600.0,,unidad_educacion_sin_rbd_unico,municipal_2023_Sem2.7z:1100488OCCompraAgil.csv
2023,2769-52-AG23,municipal,Educación,09-05-2023 0:00:00,Col.Palestino: Material Taller compra ágil: 2769-73-COT23,"Colegio Palestino: Avenida El Parrón 498b, La Cisterna (entre calles Angamos y Santa María). Contacto: Andrés Rojas fono: 964659094 correo: palestinosep@gmail.com HORARIO: Lunes a jueves de 8:30 a 17:00 horas y viernes de 8:30 a 13:00 horas.  Ítem: 2204002",Aceptada,Compra Agil,0,CLP,267928.5,267928.5,9700,nombre_o_rbd_unico,municipal_2023_Sem1.7z:1100488OCCompraAgil.csv
2023,2769-53-AG23,municipal,Educación,09-05-2023 0:00:00,Col.Palestino: Cámara de vídeo compra ágil: 2769-72-COT23,"Colegio Palestino: Avenida El Parrón 498b, La Cisterna (entre calles Angamos y Santa María). Contacto: Edgardo Donoso fono: 940360935 correo: contactopalestino@gmail.com HORARIO: Lunes a jueves de 8:30 a 17:00 horas y viernes de 8:30 a 13:00 horas.  Ítem: 2905001 Cc:10.02.03 4 Ley SEP.  ",Aceptada,Compra Agil,0,CLP,899970.82,899970.82,9700,nombre_o_rbd_unico,municipal_2023_Sem1.7z:1100488OCCompraAgil.csv
2023,2769-54-AG23,municipal,Educación,09-05-2023 0:00:00,Orden de Compra generada por invitación a compra ágil: 2769-75-COT23,Orden de Compra codigo: 2769-54-AG23 dirigida a AM MUEBLES SPA,Aceptada,Compra Agil,0,CLP,824670.0,824670.0,,unidad_educacion_sin_rbd_unico,municipal_2023_Sem1.7z:1100488OCCompraAgil.csv
2023,2769-55-SE23,municipal,Educación,17-05-2023 0:00:00,alcantarillado ,destape de alcantarillado de colegio esperanza joven ,Aceptada,Trato Directo,1,CLP,779152.5,779152.5,9703,nombre_o_rbd_unico,municipal_2023_Sem1.7z:1100488OCTratoDirecto.csv
2023,2769-56-AG23,municipal,Educación,15-05-2023 0:00:00,Colegio Palestino: Materiales compra ágil: 2769-83-COT23,"Colegio Palestino: Avenida El Parrón 498b, La Cisterna (entre calles Angamos y Santa María). Contacto: Andrés Rojas fono: 964659094 correo: palestinosep@gmail.com HORARIO: Lunes a jueves de 8:30 a 17:00 horas y viernes de 8:30 a 13:00 horas.  Ítem: 215.22.04.002 Cc: 10.02.03 Sub.prog: 4 Ley SEP ",Aceptada,Compra Agil,0,CLP,1369354.42,1369354.42,9700,nombre_o_rbd_unico,municipal_2023_Sem1.7z:1100488OCCompraAgil.csv
2023,2769-57-AG23,municipal,Educación,23-05-2023 0:00:00,Orden de Compra generada por invitación a compra ágil: 2769-78-COT23,Orden de Compra codigo: 2769-57-AG23 dirigida a E-PROVEE SPA,Aceptada,Compra Agil,0,CLP,1318912.7,1318912.7,,unidad_educacion_sin_rbd_unico,municipal_2023_Sem1.7z:1100488OCCompraAgil.csv
2023,2769-58-AG23,municipal,Educación,17-05-2023 0:00:00,Productos Químicos Especialidad de Química Liceo Ciencia y Tecnología.  Orden de Compra generada por invitación a compra ágil: 2769-77-COT23,Pre obligación presupuestaria 5/82 . LEY SEP. C.c 10.02.17 Sp-4. Dirección de despacho. Av. Goycolea 469. La Cisterna. Contacto Rafael Rojas. 986640256.  horario de despacho de lunes a viernes de 08:00 a 13:00 y de 15:00 a 16:00.  Orden de Compra codigo: 2769-58-AG23 dirigida a COMERCIALIZADORA DE PRODUCTOS DE LABORATORIO PRODELAB LIMITADA.,Aceptada,Compra Agil,0,CLP,750449.7,750449.7,9693,nombre_o_rbd_unico,municipal_2023_Sem1.7z:1100488OCCompraAgil.csv
2023,2769-59-AG23,municipal,Educación,16-05-2023 0:00:00,Orden de Compra generada por invitación a compra ágil: 2769-79-COT23,Orden de Compra codigo: 2769-59-AG23 dirigida a TRANSPORTES TRANSIBERICA LIMITADA,Aceptada,Compra Agil,0,CLP,450000.0,450000.0,9730,nombre_o_rbd_unico,municipal_2023_Sem1.7z:1100488OCCompraAgil.csv
2023,2769-6-AG23,municipal,Educación,16-03-2023 0:00:00,Orden de Compra generada por invitación a compra ágil: 2769-12-COT23,Orden de Compra codigo: 2769-6-AG23 dirigida a SOCIEDAD COMERCIAL DISTRIBUCION GLOBAL LIMITADA,Aceptada,Compra Agil,0,CLP,1022221.9,1022221.9,,unidad_educacion_sin_rbd_unico,municipal_2023_Sem1.7z:1100488OCCompraAgil.csv
2023,2769-60-AG23,municipal,Educación,16-05-2023 0:00:00,Orden de Compra generada por invitación a compra ágil: 2769-81-COT23,Orden de Compra codigo: 2769-60-AG23 dirigida a DIMERC S A,Aceptada,Compra Agil,0,CLP,1087779.0,1087779.0,9730,nombre_o_rbd_unico,municipal_2023_Sem1.7z:1100488OCCompraAgil.csv
2023,2769-62-SE23,municipal,Educación,17-05-2023 0:00:00,Limpieza sistema de evacuación baños,Limpieza del sistema de evacuación de los baños de estudiantes y funcionarios del estableicmiento,Aceptada,Trato Directo,1,CLP,578340.0,578340.0,,unidad_educacion_sin_rbd_unico,municipal_2023_Sem1.7z:1100488OCTratoDirecto.csv
2023,2769-63-SE23,municipal,Educación,17-05-2023 0:00:00,separacion sala pie ,tabique de separacion de bibloioteca con sala pie  ,Aceptada,Trato Directo,1,CLP,975935.66,975935.66,,unidad_educacion_sin_rbd_unico,municipal_2023_Sem1.7z:1100488OCTratoDirecto.csv
2023,2769-64-AG23,municipal,Educación,17-05-2023 0:00:00,Arriendo de Graderias y encarpado de cierre. Liceo Ciencia y Tecnología. Orden de Compra generada por invitación a compra ágil: 2769-89-COT23,Pre obligación presupuestaria 5/84 . LEY SEP. C.c 10.02.17 Sp-4. Dirección de despacho. Av. Goycolea 469. La Cisterna. Contacto Rafael Rojas. 986640256. horario de despacho de lunes a viernes de 08:00 a 13:00 y de 15:00 a 16:00.  Orden de Compra codigo: 2769-64-AG23 dirigida a MIGUEL MANUEL CÁRDENAS FLORES,Aceptada,Compra Agil,0,CLP,1874250.0,1874250.0,9693,nombre_o_rbd_unico,municipal_2023_Sem1.7z:1100488OCCompraAgil.csv
2023,2769-65-AG23,municipal,Educación,18-05-2023 0:00:00,mantención y reparación fotocopidora,Orden de Compra codigo: 2769-65-AG23 dirigida a SOC COMERCIAL TEKMA LIMITADA pre-obligación 5/88 la mantención se debe realizar en dependencias del liceo Olof Palme ubicado en Julio Covarrubias9370 en la comuna de La Cisterna,Aceptada,Compra Agil,0,CLP,810544.7,810544.7,9701,nombre_o_rbd_unico,municipal_2023_Sem1.7z:1100488OCCompraAgil.csv
2023,2769-66-AG23,municipal,Educación,18-05-2023 0:00:00,Adquisición de Tintas y Tóner Escuela Oscar Encalada ,"Se requiere Adquirir Tintas y Tóner para la Escuela Oscar Encalada, Ubicada en Pedro Aguirre Cerda 0184, La Cisterna. pre -obligación 5-94 fondos LEY SEP C.C.100206 SP 4.  contacto Susana Fonseca  fono 945221930   Orden de Compra codigo: 2769-66-AG23 dirigida a COMERCIAL INK SPA",Aceptada,Compra Agil,0,CLP,931734.3,931734.3,9706,nombre_o_rbd_unico,municipal_2023_Sem1.7z:1100488OCCompraAgil.csv
2023,2769-68-AG23,municipal,Educación,18-05-2023 0:00:00,Adquisición de Mouse y Audífonos Escuela Oscar Encalada ,"Adquisición de Mouse y audífonos para la Escuela Oscar Encalada, Ubicada en Pedro Aguirre Cerda 0184, La Cisterna, pre-obligación 5-93 fondos LEY SEP C.C 100206 SP 4   contacto Susana Fonseca  fono 945221930  Orden de Compra codigo: 2769-68-AG23 dirigida a COMPUTACION INTEGRAL S A",Aceptada,Compra Agil,0,CLP,1432046.0,1432046.0,9706,nombre_o_rbd_unico,municipal_2023_Sem1.7z:1100488OCCompraAgil.csv
2023,2769-69-AG23,municipal,Educación,18-05-2023 0:00:00,Orden de Compra generada por invitación a compra ágil: 2769-97-COT23,Orden de Compra codigo: 2769-69-AG23 dirigida a FUND PARA EL FUNCIONAM DESARROLLO Y PROM,Aceptada,Compra Agil,0,CLP,85000.0,85000.0,9730,nombre_o_rbd_unico,municipal_2023_Sem1.7z:1100488OCCompraAgil.csv
2023,2769-7-AG23,municipal,Educación,17-03-2023 0:00:00,Implementacion de seguridad para especialidades Liceo Ciencia y Tecnología. Orden de Compra generada por invitación a compra ágil: 2769-8-COT23,Orden de Compra codigo: 2769-7-AG23 dirigida a COMERCIAL MSM LIMITADA. Pre obligación presupuestaria 5/4. LEY SEP. C.c 100217 Sp-4. Dirección de despacho. Av. Goycolea 469. La Cisterna. Contacto Rafael Rojas. 986640256. fecha limite de despacho viernes 24 de marzo. horario 08:00 a 13:00 y de 14:00 a 16:00 hras.,Aceptada,Compra Agil,0,CLP,1454537.0,1454537.0,9693,nombre_o_rbd_unico,municipal_2023_Sem1.7z:1100488OCCompraAgil.csv
2023,2769-70-SE23,municipal,Educación,18-05-2023 0:00:00,Reparaciones y mantenimiento Liceo Ciencia y Tecnología. ,Pre obligación 5/61 c.c 100903 DE MANTENIMIENTO SP6. Reparaciones Liceo Ciencia y Tecnología. contacto Rafael Rojas 98660426.,Aceptada,Trato Directo,1,CLP,3094399.84,3094399.84,9693,nombre_o_rbd_unico,municipal_2023_Sem1.7z:1100488OCTratoDirecto.csv
2023,2769-71-AG23,municipal,Educación,19-05-2023 0:00:00,Orden de Compra generada por invitación a compra ágil: 2769-91-COT23,Orden de Compra codigo: 2769-71-AG23 dirigida a COMERCIAL CHILEACTIVO SPA,Aceptada,Compra Agil,0,CLP,706425.65,706425.65,,unidad_educacion_sin_rbd_unico,municipal_2023_Sem1.7z:1100488OCCompraAgil.csv
2023,2769-77-AG23,municipal,Educación,19-05-2023 0:00:00,"Arriendo de transporte, salida pedagógica Empresa Carozzi Liceo Ciencia y Tecnología. Orden de Compra generada por invitación a compra ágil: 2769-90-COT23","Pre obligación 5/44 C.c 100217 sp 4. LEY SEP.  contacto Rafael Rojas, 986640256. Arriendo de transporte, salida pedagógica a Empresa Carozzi para el día 26 de mayo, salida desde Av. Goycolea 469 La Cisterna, horario de salida 14:00 horas regreso 17:00. hrs . (El servicio debe de estar 20 minutos antes de la salida) debe contar con cinturones de seguridad, aire acondicionado ful equipo, documentación y permisos al día. Liceo Ciencia y Tecnología. Orden de Compra código: 2769-77-AG23 dirigida a CRISTIAN ANDRES SANCHEZ GONZALEZ",Aceptada,Compra Agil,0,CLP,150000.0,150000.0,9693,nombre_o_rbd_unico,municipal_2023_Sem1.7z:1100488OCCompraAgil.csv
2023,2769-78-SE23,municipal,Educación,19-05-2023 0:00:00,Reparaciones y mantenimiento por observaciones de la superintendencia de educación Liceo Ciencia y Tecnología. ,Pre obligación 5/61 C.C 100903 S.p 6 de Mantenimiento. Contacto Rafael Rojas 986640256. Liceo Ciencia y Tecnología.,En Proceso,Trato Directo,1,CLP,4729655.0,,9693,nombre_o_rbd_unico,municipal_2023_Sem1.7z:1100488OCTratoDirecto.csv
2023,2769-79-SE23,municipal,Educación,19-05-2023 0:00:00,"Materiales e Insumos, herramientas para la enseñanza Liceo Ciencia y Tecnología. ",Pre obligación 5/83 C.c 100217 S.p4. Unidad Ley Sep. contacto Rafael Rojas: 986640256. lugar de despacho AV. Goycolea 469 La Cisterna. Liceo Politécnico Ciencia y Tecnología.,Aceptada,Trato Directo,1,CLP,4559132.76,4559132.76,9693,nombre_o_rbd_unico,municipal_2023_Sem1.7z:1100488OCTratoDirecto.csv
2023,2769-8-CM23,municipal,Educación,22-03-2023 0:00:00,Orden de Compra: 2769-8-CM23,Orden de Compra codigo: 2769-8-CM23 dirigida a DIMERC S A,Aceptada,Convenio Marco,0,CLP,3289647.9,3289647.9,,unidad_educacion_sin_rbd_unico,municipal_2023_Sem1.7z:1100488OCConvenioMarco.csv
2023,2769-80-AG23,municipal,Educación,22-05-2023 0:00:00,Orden de Compra generada por invitación a compra ágil: 2769-98-COT23,Orden de Compra codigo: 2769-80-AG23 dirigida a BUSHIDO SPA,Aceptada,Compra Agil,0,CLP,390082.0,390082.0,,unidad_educacion_sin_rbd_unico,municipal_2023_Sem1.7z:1100488OCCompraAgil.csv
2023,2769-81-AG23,municipal,Educación,22-05-2023 0:00:00,adquisición de estantes,Orden de Compra codigo: 2769-81-AG23 dirigida a SOCIEDAD COMERCIAL BUCALEMU SPA pre-obligación 5/89 los productos deberán ser entregados en dependencias del Liceo Olof Palme ubicado en la comuna de La Cisterna en horario de lunes a viernes de 8:30 a 17:00,Aceptada,Compra Agil,0,CLP,535500.0,535500.0,9701,nombre_o_rbd_unico,municipal_2023_Sem1.7z:1100488OCCompraAgil.csv
2023,2769-82-AG23,municipal,Educación,23-05-2023 0:00:00,Orden de Compra generada por invitación a compra ágil: 2769-108-COT23,Orden de Compra codigo: 2769-82-AG23 dirigida a COMPUTACION INTEGRAL S A,Aceptada,Compra Agil,0,CLP,671230.21,671230.21,,unidad_educacion_sin_rbd_unico,municipal_2023_Sem1.7z:1100488OCCompraAgil.csv
2023,2769-83-AG23,municipal,Educación,23-05-2023 0:00:00,Orden de Compra generada por invitación a compra ágil: 2769-109-COT23,Orden de Compra codigo: 2769-83-AG23 dirigida a LMV SPA,Aceptada,Compra Agil,0,CLP,819196.0,819196.0,,unidad_educacion_sin_rbd_unico,municipal_2023_Sem1.7z:1100488OCCompraAgil.csv
2023,2769-84-AG23,municipal,Educación,23-05-2023 0:00:00,Orden de Compra generada por invitación a compra ágil: 2769-99-COT23,Orden de Compra codigo: 2769-84-AG23 dirigida a SOCIEDAD COMERCIALIZADORA DE EQUIPOS E INSUMOS COMPUTACIONALES INK TECH MARKET LIMITADA,Aceptada,Compra Agil,0,CLP,194208.0,194208.0,9703,nombre_o_rbd_unico,municipal_2023_Sem1.7z:1100488OCCompraAgil.csv
2023,2769-85-AG23,municipal,Educación,24-05-2023 0:00:00,adquisición implementos deportivos,Orden de Compra codigo: 2769-85-AG23 dirigida a VENTAS Y SERVICIOS  MARCELO OPAZO SPA pre-obligación 5/87 ley sep. los productos deberán ser entregados en dependencias del Liceo Olof Palme ubicado en la Cisterna en horario de luns a viernes de 08:30 a 14:00 horas,Recepcion Conforme,Compra Agil,0,CLP,879767.0,879767.0,9701,nombre_o_rbd_unico,municipal_2023_Sem1.7z:1100488OCCompraAgil.csv
2023,2769-86-AG23,municipal,Educación,24-05-2023 0:00:00,Arriendo de transporte para salida pedagógica a empresa Carozzi Liceo Ciencia y Tecnología. Orden de Compra generada por invitación a compra ágil: 2769-110-COT23,"Pre obligación 5/44 100217 sp.4, Ley Sep. Contacto Rafael Rojas 986640256. Dirección de despacho Av. Goycolea 469. La Cisterna.(El servicio debe de estar 20 minutos antes de la salida, debe contar con cinturones de seguridad, aire acondicionado, documentación y permisos al día, conductor profesional, y seguros asociados.)  Orden de Compra código: 2769-86-AG23 dirigida a TRANSPORTES ALFABUS LIMITADA",Aceptada,Compra Agil,0,CLP,300000.0,300000.0,9693,nombre_o_rbd_unico,municipal_2023_Sem1.7z:1100488OCCompraAgil.csv
2023,2769-87-AG23,municipal,Educación,24-05-2023 0:00:00,Pizarras y bancas suecas Liceo Ciencia y Tecnología. Orden de Compra generada por invitación a compra ágil: 2769-107-COT23,Pre obligación 5/91 C.c 200217 Sp4 Ley Sep. contacto Rafael Rojas 986640256. Lugar de despacho Av. Goycolea 469 . La Cisterna. Orden de Compra codigo: 2769-87-AG23 dirigida a LEFI SPA,Aceptada,Compra Agil,0,CLP,1148102.48,1148102.48,9693,nombre_o_rbd_unico,municipal_2023_Sem1.7z:1100488OCCompraAgil.csv
2023,2769-88-AG23,municipal,Educación,24-05-2023 0:00:00,Paletas de tenis de mesa con fundas. Orden de Compra generada por invitación a compra ágil: 2769-95-COT23,Pre obligación 5/2 C.c 100217 Sp.4. dirección de despacho Av. Goycolea 469 La Cisterna. Contacto Rafael Rojas. Liceo Ciencia y Tecnología.  Orden de Compra código: 2769-88-AG23 dirigida a INVERSIONES YANFRANCO PATUELLI SPA,Aceptada,Compra Agil,0,CLP,249900.0,249900.0,9693,nombre_o_rbd_unico,municipal_2023_Sem1.7z:1100488OCCompraAgil.csv
2023,2769-89-AG23,municipal,Educación,25-05-2023 0:00:00,Orden de Compra generada por invitación a compra ágil: 2769-113-COT23,Orden de Compra codigo: 2769-89-AG23 dirigida a LEFI SPA,Aceptada,Compra Agil,0,CLP,1080753.24,1080753.24,,unidad_educacion_sin_rbd_unico,municipal_2023_Sem1.7z:1100488OCCompraAgil.csv
2023,2769-9-AG23,municipal,Educación,23-03-2023 0:00:00,Orden de Compra generada por invitación a compra ágil: 2769-22-COT23,Orden de Compra codigo: 2769-9-AG23 dirigida a COMPUTACION INTEGRAL S A,Aceptada,Compra Agil,0,CLP,974967.0,974967.0,,unidad_educacion_sin_rbd_unico,municipal_2023_Sem1.7z:1100488OCCompraAgil.csv
2023,2769-90-AG23,municipal,Educación,25-05-2023 0:00:00,Orden de Compra generada por invitación a compra ágil: 2769-112-COT23,Orden de Compra codigo: 2769-90-AG23 dirigida a JIMMY EXEQUIEL CIFUENTES MUÑOZ,Aceptada,Compra Agil,0,CLP,774690.0,774690.0,,unidad_educacion_sin_rbd_unico,municipal_2023_Sem1.7z:1100488OCCompraAgil.csv
2023,2769-91-SE23,municipal,Educación,25-05-2023 0:00:00,adquisición de tablet olof,pre-obligación 5/58 adquisición de Tablet las cuales deberán ser entregadas en dependencias del Liceo Olof Palme ubicado en Julio Covarrubias 9370 en la comuna de La Cisterna,Aceptada,Trato Directo,1,CLP,5919613.35,5919613.35,9701,nombre_o_rbd_unico,municipal_2023_Sem1.7z:1100488OCTratoDirecto.csv
2023,2769-92-SE23,municipal,Educación,25-05-2023 0:00:00,Limpieza y destape cámaras de alcantarillado Liceo Ciencia y Tecnología,"Pre Obligación 5/106 CC. 100903 SP 6 de unidad de mantenimiento. Rafael Rojas 986640256. trabajos a realizarse en el Liceo Ciencia y Tecnóloga. Av. Goycolea 469, La Cisterna.",Aceptada,Trato Directo,1,CLP,2360722.0,2360722.0,9693,nombre_o_rbd_unico,municipal_2023_Sem1.7z:1100488OCTratoDirecto.csv
2023,2769-93-AG23,municipal,Educación,26-05-2023 0:00:00,Orden de Compra generada por invitación a compra ágil: 2769-115-COT23,Orden de Compra codigo: 2769-93-AG23 dirigida a PROVEEDORES INTEGRALES PRISA S A,Aceptada,Compra Agil,0,CLP,1356177.55,1356177.55,,unidad_educacion_sin_rbd_unico,municipal_2023_Sem1.7z:1100488OCCompraAgil.csv
2023,2769-94-AG23,municipal,Educación,29-05-2023 0:00:00,Orden de Compra generada por invitación a compra ágil: 2769-106-COT23,Orden de Compra codigo: 2769-94-AG23 dirigida a INTELPRINT CHILE SPA,Aceptada,Compra Agil,0,CLP,1072178.1,1072178.1,,unidad_educacion_sin_rbd_unico,municipal_2023_Sem1.7z:1100488OCCompraAgil.csv
2023,2769-95-AG23,municipal,Educación,30-05-2023 0:00:00,Arriendo de transporte para salida pedagógica a empresa inversiones Liceo Ciencia y Tec.   Orden de Compra generada por invitación a compra ágil: 2769-122-COT23,Pre obligación presupuestaria 5/44 . LEY SEP. C.c 10.02.17 Sp-4. Dirección de despacho. Av. Goycolea 469. La Cisterna. Contacto Rafael Rojas. 986640256.  Orden de Compra codigo: 2769-95-AG23 dirigida a TRANSPORTES LUIS ANDRÉS VARGAS ABARCA SPA,Aceptada,Compra Agil,0,CLP,200001.0,200001.0,,unidad_educacion_sin_rbd_unico,municipal_2023_Sem1.7z:1100488OCCompraAgil.csv
2023,2769-99-AG23,municipal,Educación,31-05-2023 0:00:00,"Arriendo de transporte para salida pedagógica, Liceo ciencia y tecnología. Orden de Compra generada por invitación a compra ágil: 2769-121-COT23",Pre obligación presupuestaria 5/44 . LEY SEP. C.c 10.02.17 Sp-4. Dirección de despacho. Av. Goycolea 469. La Cisterna. Contacto Rafael Rojas. 986640256.  Orden de Compra codigo: 2769-99-AG23 dirigida a CRISTIAN ANDRES SANCHEZ GONZALEZ.,Aceptada,Compra Agil,0,CLP,279000.0,279000.0,9693,nombre_o_rbd_unico,municipal_2023_Sem1.7z:1100488OCCompraAgil.csv
2024,2769-1-AG24,municipal,Educación,26-01-2024 0:00:00,Orden de Compra generada por invitación a compra ágil: 2769-2-COT24,Orden de Compra codigo: 2769-1-AG24 dirigida a ENTIDAD DE GESTION INMOBILIARIA SOCIAL Y PRESTADORA DE SERVICIOS DE ASISTENCIA TECNICA Y DE GESTION ACROPOLIS SPA,Aceptada,Compra Agil,0,CLP,1672188.0,1672188.0,,unidad_educacion_sin_rbd_unico,municipal_2024_Sem1.7z:1100488OCCompraAgil.csv
2024,2769-10-AG24,municipal,Educación,16-02-2024 0:00:00,Orden de Compra generada por invitación a compra ágil: 2769-10-COT24,Orden de Compra codigo: 2769-10-AG24 dirigida a ENTIDAD DE GESTION INMOBILIARIA SOCIAL Y PRESTADORA DE SERVICIOS DE ASISTENCIA TECNICA Y DE GESTION ACROPOLIS SPA,Aceptada,Compra Agil,0,CLP,1782025.0,1782025.0,,unidad_educacion_sin_rbd_unico,municipal_2024_Sem1.7z:1100488OCCompraAgil.csv
2024,2769-100-AG24,municipal,Educación,27-05-2024 0:00:00,Arriendo buses Colegio E. JOVEN a compra ágil: 2769-121-COT24,Arriendo de transporte para salidas pedagógicas..Orden de Compra codigo: 2769-100-AG24 dirigida a TRANSPORTE  LISSETTE GONZALEZ LIZANA  E.I.R.L.,Aceptada,Compra Agil,0,CLP,500000.0,500000.0,,unidad_educacion_sin_rbd_unico,municipal_2024_Sem1.7z:1100488OCCompraAgil.csv
2024,2769-101-AG24,municipal,Educación,27-05-2024 0:00:00,Salida pedagógica Valparaisao Congreso Nacional LCyT. Orden de Compra generada por invitación a compra ágil: 2769-122-COT24,"Pre Obligación N° 5/90  c.c 100217 Ley Sep. despachar en Av Goycolea 469, La Cisterna Liceo Politécnico Ciencia y Tecnología, contacto Rafael Rojas 986640256. Orden de Compra codigo: 2769-101-AG24 dirigida a TRANSPORTES JEREZ SPA",Aceptada,Compra Agil,0,CLP,340000.0,340000.0,9693,nombre_o_rbd_unico,municipal_2024_Sem1.7z:1100488OCCompraAgil.csv
2024,2769-102-AG24,municipal,Educación,27-05-2024 0:00:00,Arriendo de Buses Full Equipo Inacap/Palacio Cousiño salidas pedagógicas LCyT. Orden de Compra generada por invitación a compra ágil: 2769-125-COT24,"Pre Obligación N° 5/90  c.c 100217 Ley Sep. despachar en Av Goycolea 469, La Cisterna Liceo Politécnico Ciencia y Tecnología, contacto Rafael Rojas. 986640256Orden de Compra codigo: 2769-102-AG24 dirigida a TRANSPORTES JEREZ SPA",Aceptada,Compra Agil,0,CLP,280000.0,280000.0,9693,nombre_o_rbd_unico,municipal_2024_Sem1.7z:1100488OCCompraAgil.csv
2024,2769-103-AG24,municipal,Educación,27-05-2024 0:00:00,"Arriendo de buss full equipo, Salida pedagógica Valparaíso Congreso Nacional LCyT. Orden de Compra generada por invitación a compra ágil: 2769-123-COT24","Pre Obligación N° 5/90  c.c 100217 Ley Sep. despachar en Av Goycolea 469, La Cisterna Liceo Politécnico Ciencia y Tecnología, contacto Rafael Rojas 986640256. orden de Compra código: 2769-103-AG24 dirigida a TRANSPORTES JEREZ SPA",Aceptada,Compra Agil,0,CLP,340000.0,340000.0,9693,nombre_o_rbd_unico,municipal_2024_Sem1.7z:1100488OCCompraAgil.csv
2024,2769-104-AG24,municipal,Educación,28-05-2024 0:00:00,Instalación de canal aguas lluvias Escuela Oscar Encalada ,"Adquisición de Instalación de aguas lluvias  Escuela Oscar Encalada, Ubicada en Pedro Aguirre Cerda 0184, La Cisterna. Pre-obligación 5-77 fondos Unidad Mantenimiento  C.C. 100906 SP 6  contacto Susana Fonseca  Fono 945221930  Orden de Compra codigo: 2769-104-AG24 dirigida a SERLIMPRO SPA",Solicitud de Cancelacion,Compra Agil,0,CLP,1368500.0,,9706,nombre_o_rbd_unico,municipal_2024_Sem1.7z:1100488OCCompraAgil.csv
2024,2769-105-AG24,municipal,Educación,29-05-2024 0:00:00,Orden de Compra generada por invitación a compra ágil: 2769-117-COT24,Orden de Compra codigo: 2769-105-AG24 dirigida a CARIBBEAN GROUP SPA,Aceptada,Compra Agil,0,CLP,416500.0,416500.0,9730,nombre_o_rbd_unico,municipal_2024_Sem1.7z:1100488OCCompraAgil.csv
2024,2769-106-AG24,municipal,Educación,29-05-2024 0:00:00,"Contratación empresa para reparación PANELES SOLARES , Colegio E. joven.Compra ágil: 2769-130-COT24","Reparación de paneles solares, automatización ,electricidad y repuestos.Orden de Compra codigo: 2769-106-AG24 dirigida a JCB INGENIERÍA EN ELECTRICIDAD Y AUTOMATIZACIÓN INDUSTRIAL SPA",Aceptada,Compra Agil,0,CLP,1935295.81,1935295.81,,unidad_educacion_sin_rbd_unico,municipal_2024_Sem1.7z:1100488OCCompraAgil.csv
2024,2769-107-AG24,municipal,Educación,03-06-2024 0:00:00,Orden de Compra generada por invitación a compra ágil: 2769-131-COT24,"Orden de Compra codigo: 2769-107-AG24 dirigida a IMPORTADORA Y COMERCIALIZADORA CARLOS RODRIGUEZ E.I.R.L. item 29.06.001,29.05.001 pre obligacion 5/95",Aceptada,Compra Agil,0,CLP,1318520.0,1318520.0,,unidad_educacion_sin_rbd_unico,municipal_2024_Sem1.7z:1100488OCCompraAgil.csv
2024,2769-108-AG24,municipal,Educación,03-06-2024 0:00:00,Colegio Palestino: Compra Materiales  compra ágil: 2769-129-COT24,"COLEGIO PALESTINO: Avenida El Parrón 498-b, La Cisterna (entre calles Angamos y Santa María) CONTACTO: Andrés Eduardo Rojas, Fono: 964659094, sep@colegiopalestino.cl  Ítem: 215.22.04.002 Cc: 10.02.03 Sub.Prog: 4 Ley SEP",Aceptada,Compra Agil,0,CLP,428679.65,428679.65,9700,nombre_o_rbd_unico,municipal_2024_Sem1.7z:1100488OCCompraAgil.csv
2024,2769-109-AG24,municipal,Educación,03-06-2024 0:00:00,"COLEGIO PALESTINO: Reparación Filtración Techos,  compra ágil: 2769-133-COT24","COLEGIO PALESTINO: Dirección, Avenida EL Parrón 498b, La Cisterna (Entre Calles Angamos y Santa María).  CONTACTO: Andrés Eduardo Rojas, +56964659094, sep@colegiopalestino.cl  ítem: 215.22.06.001 Cc: 10.09.05 Subprog: 6 Unidad de Mantenimiento. ",Aceptada,Compra Agil,0,CLP,345100.0,345100.0,9700,nombre_o_rbd_unico,municipal_2024_Sem1.7z:1100488OCCompraAgil.csv
2024,2769-11-AG24,municipal,Educación,16-02-2024 0:00:00,Orden de Compra generada por invitación a compra ágil: 2769-11-COT24,Orden de Compra codigo: 2769-11-AG24 dirigida a WORKGAS INGENIERIA SPA,Aceptada,Compra Agil,0,CLP,1799994.0,1799994.0,9700,nombre_o_rbd_unico,municipal_2024_Sem1.7z:1100488OCCompraAgil.csv
2024,2769-110-AG24,municipal,Educación,03-06-2024 0:00:00,Material de Enseñanza Escuela Oscar Encalada ,"Adquisición de material de enseñanza  Escuela Oscar Encalada, Ubicada en Pedro Aguirre Cerda 0184,La Cisterna. Pre-obligación 5-76 fondos Ley sep C.C. 100206 SP 4  contacto Susana Fonseca  Fono 945221930  Orden de Compra codigo: 2769-110-AG24 dirigida a ROLAND VORWERK Y COMPANIA LIMITADA",Aceptada,Compra Agil,0,CLP,1155559.02,1155559.02,9706,nombre_o_rbd_unico,municipal_2024_Sem1.7z:1100488OCCompraAgil.csv
2024,2769-111-AG24,municipal,Educación,03-06-2024 0:00:00,Tintas y toners E. JOVENcompra ágil: 2769-138-COT24,Adquisición de tintas y toners para impresoras y multifuncionales.Orden de Compra codigo: 2769-111-AG24 dirigida a DISCROM SPA,Aceptada,Compra Agil,0,CLP,772720.55,772720.55,,unidad_educacion_sin_rbd_unico,municipal_2024_Sem1.7z:1100488OCCompraAgil.csv
2024,2769-112-AG24,municipal,Educación,03-06-2024 0:00:00,adquisición focos led olof,pre-obligación 5/96 financiamiento unidad de mantenimiento los productos deberán ser entregados en dependencias del liceo ubicado en Julio Covarrubias 9370 de La Cisterna,Aceptada,Compra Agil,0,CLP,966875.0,966875.0,,unidad_educacion_sin_rbd_unico,municipal_2024_Sem1.7z:1100488OCCompraAgil.csv
2024,2769-114-AG24,municipal,Educación,04-06-2024 0:00:00,Alfombra goma limpiapie pvc Escuela Oscar Encalada,"Adquisición de alfombra goma limpiapie pvc Escuela Oscar Encalada, Ubicada en Pedro Aguirre Cerda 0184, La Cisterna. Pre-obligación 5-98 fondos Unidad Mantenimiento  C.C. 100906 SP 6  contacto Susana Fonseca  Fono 945221930  Orden de Compra codigo: 2769-114-AG24 dirigida a GLOBAL SUPPLY SOLUTIONS SPA",Aceptada,Compra Agil,0,CLP,737140.74,737140.74,9706,nombre_o_rbd_unico,municipal_2024_Sem1.7z:1100488OCCompraAgil.csv
2024,2769-115-CM24,municipal,Educación,06-06-2024 0:00:00,PC ALL IN ONE ESCUELA OSCAR ENCALADA ,Orden de Compra codigo: 2769-115-CM24 dirigida a LANIX TECHNOLOGY CHILE S A,Aceptada,Convenio Marco,0,USD,,,9706,nombre_o_rbd_unico,municipal_2024_Sem1.7z:1100488OCConvenioMarco.csv
2024,2769-116-AG24,municipal,Educación,04-06-2024 0:00:00,Impresora multifuncional Escuela Oscar Encalada,"Adquisición de impresora multifuncional Escuela Oscar Encalada, Ubicada en Pedro Aguirre Cerda 0184,La Cisterna. Pre-obligación 5-97 fondos Ley sep C.C. 100206 SP 4  contacto Susana Fonseca  Fono 945221930  Orden de Compra codigo: 2769-116-AG24 dirigida a SOC COMERCIAL TEKMA SPA",Aceptada,Compra Agil,0,CLP,1499400.0,1499400.0,9706,nombre_o_rbd_unico,municipal_2024_Sem1.7z:1100488OCCompraAgil.csv
2024,2769-117-AG24,municipal,Educación,04-06-2024 0:00:00,Material pedagógico Escuela Oscar Encalada,"Adquisición de material pedagógico Escuela Oscar Encalada, Ubicada en Pedro Aguirre Cerda 0184,La Cisterna. Pre-obligación 5-76  fondos Ley sep C.C. 100206 SP 4  contacto Susana Fonseca  Fono 945221930  Orden de Compra codigo: 2769-117-AG24 dirigida a PLASTIMAR LIMITADA",Aceptada,Compra Agil,0,CLP,969545.36,969545.36,9706,nombre_o_rbd_unico,municipal_2024_Sem1.7z:1100488OCCompraAgil.csv
2024,2769-118-AG24,municipal,Educación,04-06-2024 0:00:00,Orden de Compra generada por invitación a compra ágil: 2769-150-COT24,Orden de Compra codigo: 2769-118-AG24 dirigida a ENTIDAD DE GESTION INMOBILIARIA SOCIAL Y PRESTADORA DE SERVICIOS DE ASISTENCIA TECNICA Y DE GESTION ACROPOLIS SPA,Aceptada,Compra Agil,0,CLP,1071000.0,1071000.0,,unidad_educacion_sin_rbd_unico,municipal_2024_Sem1.7z:1100488OCCompraAgil.csv
2024,2769-119-AG24,municipal,Educación,05-06-2024 0:00:00,Arriendo de Bus salida pedagógica Inacap LCyT. Orden de Compra generada por invitación a compra ágil: 2769-152-COT24,"Pre Obligación N° 5/90  c.c 100217 Ley Sep. despachar en Av Goycolea 469, La Cisterna Liceo Politécnico Ciencia y Tecnología, contacto Rafael Rojas 986640256. Orden de Compra codigo: 2769-119-AG24 dirigida a TRANSPORTES JEREZ SPA",Aceptada,Compra Agil,0,CLP,140000.0,140000.0,9693,nombre_o_rbd_unico,municipal_2024_Sem1.7z:1100488OCCompraAgil.csv
2024,2769-12-AG24,municipal,Educación,19-02-2024 0:00:00,Orden de Compra generada por invitación a compra ágil: 2769-12-COT24,Orden de Compra codigo: 2769-12-AG24 dirigida a COMERCIALIZADORA INNOVA2 SPA,Aceptada,Compra Agil,0,CLP,1665952.4,1665952.4,,unidad_educacion_sin_rbd_unico,municipal_2024_Sem1.7z:1100488OCCompraAgil.csv
2024,2769-120-AG24,municipal,Educación,06-06-2024 0:00:00,TATAMI GOMA EVA ESCUELA OSCAR ENCALDA,"Adquisición de tatami goma eva Escuela Oscar Encalada, Ubicada en Pedro Aguirre Cerda 0184,La Cisterna. Pre-obligación 5-76 fondos Ley sep C.C. 100206 SP 4  contacto Susana Fonseca  Fono 945221930  Orden de Compra codigo: 2769-120-AG24 dirigida a IMPORTADORA BILINGUAL SPA",Aceptada,Compra Agil,0,CLP,686175.42,686175.42,9706,nombre_o_rbd_unico,municipal_2024_Sem1.7z:1100488OCCompraAgil.csv
2024,2769-121-AG24,municipal,Educación,06-06-2024 0:00:00, Estantes metálicos con puertas Escuela Oscar Encalada,"Adquisición de Anilladora perforadora de papel carta. oficio, A4 y otros para 100 o más. para Escuela Oscar Encalada, Ubicada en Pedro Aguirre Cerda 0184,La Cisterna. Pre-obligación 5-124 fondos Ley sep C.C. 100206 SP 4  contacto Susana Fonseca  Fono 945221930  Orden de Compra codigo: 2769-121-AG24 dirigida a FRANCISCO ANTONIO PALACIOS MUÑOZ",Aceptada,Compra Agil,0,CLP,552160.0,552160.0,9706,nombre_o_rbd_unico,municipal_2024_Sem1.7z:1100488OCCompraAgil.csv
2024,2769-123-AG24,municipal,Educación,11-06-2024 0:00:00,Orden de Compra generada por invitación a compra ágil: 2769-142-COT24,Orden de Compra codigo: 2769-123-AG24 dirigida a ALVARO JOSE DEL CAMPO SAEZ,Aceptada,Compra Agil,0,CLP,1367548.0,1367548.0,9730,nombre_o_rbd_unico,municipal_2024_Sem1.7z:1100488OCCompraAgil.csv
2024,2769-124-AG24,municipal,Educación,10-06-2024 0:00:00,Orden de Compra generada por invitación a compra ágil: 2769-160-COT24,Orden de Compra codigo: 2769-124-AG24 dirigida a COMERCIALIZADORA JCL SPA item 22.04.002 c.c 100202 pre obligacion 5/108,Aceptada,Compra Agil,0,CLP,913664.15,913664.15,,unidad_educacion_sin_rbd_unico,municipal_2024_Sem1.7z:1100488OCCompraAgil.csv
2024,2769-125-AG24,municipal,Educación,10-06-2024 0:00:00,Orden de Compra generada por invitación a compra ágil: 2769-161-COT24,"Orden de Compra codigo: 2769-125-AG24 dirigida a IMPORTADORA, EXPORTADORA Y DISTRIBUIDORA GINO VARESSI LIMITADA item 22.04.010 c.c.100901 pre obligacion 5/107",Aceptada,Compra Agil,0,CLP,251447.0,251447.0,,unidad_educacion_sin_rbd_unico,municipal_2024_Sem1.7z:1100488OCCompraAgil.csv
2024,2769-126-AG24,municipal,Educación,11-06-2024 0:00:00,Sacos de Aserrin LCyT. Orden de Compra generada por invitación a compra ágil: 2769-116-COT24,"Pre Obligación N° 5/115  c.c 100217 Ley Sep. despachar en Av Goycolea 469, La Cisterna Liceo Politécnico Ciencia y Tecnología, contacto Rafael Rojas 986640256. Orden de Compra codigo: 2769-126-AG24 dirigida a EMPRESAS GT SPA",Aceptada,Compra Agil,0,CLP,248234.0,248234.0,9693,nombre_o_rbd_unico,municipal_2024_Sem1.7z:1100488OCCompraAgil.csv
2024,2769-127-AG24,municipal,Educación,11-06-2024 0:00:00,Arriendo de Bus full equipo salida Inacap LCyT. Orden de Compra generada por invitación a compra ágil: 2769-166-COT24,"Pre Obligación N° 5/90  c.c 100217 Ley Sep. despachar en Av Goycolea 469, La Cisterna Liceo Politécnico Ciencia y Tecnología, contacto Rafael Rojas 986640256  Orden de Compra codigo: 2769-127-AG24 dirigida a PLUSS MINERIA SPA",Aceptada,Compra Agil,0,CLP,125000.0,125000.0,9693,nombre_o_rbd_unico,municipal_2024_Sem1.7z:1100488OCCompraAgil.csv
2024,2769-128-AG24,municipal,Educación,12-06-2024 0:00:00,Reparación maquina de oficina LCyT. Orden de Compra generada por invitación a compra ágil: 2769-136-COT24,"Pre Obligación N° 5/83  c.c 100217 Ley Sep. despachar en Av Goycolea 469, La Cisterna Liceo Politécnico Ciencia y Tecnología, contacto Rafael Rojas 986640256. Orden de Compra codigo: 2769-128-AG24 dirigida a VNZ ELECTRONIC SPA",Aceptada,Compra Agil,0,CLP,580000.05,580000.05,9693,nombre_o_rbd_unico,municipal_2024_Sem1.7z:1100488OCCompraAgil.csv
2024,2769-129-AG24,municipal,Educación,12-06-2024 0:00:00,Silla iso tapizada ecocuero Escuela Oscar Encalada ,"Adquisición de sillas iso tapizda ecocuero  Escuela Oscar Encalada, Ubicada en Pedro Aguirre Cerda 0184,La Cisterna. Pre-obligación 5-75  fondos Ley sep C.C. 100206 SP 4  contacto Susana Fonseca  Fono 945221930  Orden de Compra codigo: 2769-129-AG24 dirigida a INDUSTRIA DE CAMAS Y TEXTILES LIMITADA",Aceptada,Compra Agil,0,CLP,1292340.0,1292340.0,9706,nombre_o_rbd_unico,municipal_2024_Sem1.7z:1100488OCCompraAgil.csv
2024,2769-13-AG24,municipal,Educación,19-02-2024 0:00:00,Orden de Compra generada por invitación a compra ágil: 2769-13-COT24,Orden de Compra codigo: 2769-13-AG24 dirigida a GREENVITAL LIMITADA,Aceptada,Compra Agil,0,CLP,1399440.0,1399440.0,,unidad_educacion_sin_rbd_unico,municipal_2024_Sem1.7z:1100488OCCompraAgil.csv
2024,2769-130-AG24,municipal,Educación,12-06-2024 0:00:00,Orden de Compra generada por invitación a compra ágil: 2769-141-COT24,Orden de Compra codigo: 2769-130-AG24 dirigida a COMERCIAL PCAM SPA,Aceptada,Compra Agil,0,CLP,1936725.0,1936725.0,9730,nombre_o_rbd_unico,municipal_2024_Sem1.7z:1100488OCCompraAgil.csv
2024,2769-131-AG24,municipal,Educación,13-06-2024 0:00:00,Orden de Compra generada por invitación a compra ágil: 2769-165-COT24,Orden de Compra codigo: 2769-131-AG24 dirigida a SOC COMERCIAL TEKMA SPA,Aceptada,Compra Agil,0,CLP,1949220.0,1949220.0,9730,nombre_o_rbd_unico,municipal_2024_Sem1.7z:1100488OCCompraAgil.csv
2024,2769-132-AG24,municipal,Educación,16-06-2024 0:00:00,Orden de Compra generada por invitación a compra ágil: 2769-132-COT24,Orden de Compra codigo: 2769-132-AG24 dirigida a COMERCIALIZADORA REICOL SPA,Aceptada,Compra Agil,0,CLP,1582854.7,1582854.7,9730,nombre_o_rbd_unico,municipal_2024_Sem1.7z:1100488OCCompraAgil.csv
2024,2769-134-AG24,municipal,Educación,17-06-2024 0:00:00,Colegio Palestino: 40 Licencias Office Microsoft 365 A3 a compra ágil: 2769-167-COT24,"COLEGIO PALESTINO: Ubicado en Avenida El Parrón 495b, La Cisterna (Entre calles Angamos y Santa María) Contacto: Edgardo Donoso Mellado -  +56940360935 - edonoso@colegiopalestino.cl  ítem: 2152907001 Cc: 100203 Subprograma: 4 Ley SEP   Orden de Compra código: 2769-134-AG24 dirigida a XMS TECHNOLOGIES SPA",Aceptada,Compra Agil,0,CLP,1354632.93,1354632.93,9700,nombre_o_rbd_unico,municipal_2024_Sem1.7z:1100488OCCompraAgil.csv
2024,2769-135-AG24,municipal,Educación,17-06-2024 0:00:00,Orden de Compra generada por invitación a compra ágil: 2769-177-COT24,Orden de Compra codigo: 2769-135-AG24 dirigida a ENTIDAD DE GESTION INMOBILIARIA SOCIAL Y PRESTADORA DE SERVICIOS DE ASISTENCIA TECNICA Y DE GESTION ACROPOLIS SPA,Aceptada,Compra Agil,0,CLP,1895000.03,1895000.03,9699,nombre_o_rbd_unico,municipal_2024_Sem1.7z:1100488OCCompraAgil.csv
2024,2769-137-AG24,municipal,Educación,19-06-2024 0:00:00,Batería de Evaluación test WAIS-IV (PIE) LCyT. Orden de Compra generada por invitación a compra ágil: 2769-144-COT24,"Pre Obligación N° 5/114  c.c 100217 Ley Sep. despachar en Av Goycolea 469, La Cisterna Liceo Politécnico Ciencia y Tecnología, contacto Rafael Rojas 986640256. Orden de Compra codigo: 2769-137-AG24 dirigida a PONTIFICIA UNIVERSIDAD CATOLICA DE CHILE",Aceptada,Compra Agil,0,CLP,1633941.4,1633941.4,9693,nombre_o_rbd_unico,municipal_2024_Sem1.7z:1100488OCCompraAgil.csv
2024,2769-138-AG24,municipal,Educación,19-06-2024 0:00:00,Herramienta de Evaluación ICAP (PIE) LCyT. Orden de Compra generada por invitación a compra ágil: 2769-146-COT24,"Pre Obligación N° 5/114  c.c 100217 Ley Sep. despachar en Av Goycolea 469, La Cisterna Liceo Politécnico Ciencia y Tecnología, contacto Rafael Rojas 986640256. Orden de Compra codigo: 2769-138-AG24 dirigida a COMERCIALIZADORA BASUALTO SPA",Aceptada,Compra Agil,0,CLP,663782.0,663782.0,9693,nombre_o_rbd_unico,municipal_2024_Sem1.7z:1100488OCCompraAgil.csv
2024,2769-14-AG24,municipal,Educación,19-02-2024 0:00:00,Orden de Compra generada por invitación a compra ágil: 2769-14-COT24,Orden de Compra codigo: 2769-14-AG24 dirigida a HOLDING GYG SERVICIOS SPA,Aceptada,Compra Agil,0,CLP,1190000.0,1190000.0,9700,nombre_o_rbd_unico,municipal_2024_Sem1.7z:1100488OCCompraAgil.csv
2024,2769-141-AG24,municipal,Educación,18-06-2024 0:00:00,Puff Pera Escuela Oscar Encalada ,"Adquisición de Puff Pera  Escuela Oscar Encalada, Ubicada en Pedro Aguirre Cerda 0184,La Cisterna. Pre-obligación 5-75 fondos Ley sep C.C. 100206 SP 4  contacto Susana Fonseca  Fono 945221930  Orden de Compra codigo: 2769-141-AG24 dirigida a COMERCIAL FENIX LIMITADA",Aceptada,Compra Agil,0,CLP,554349.6,554349.6,9706,nombre_o_rbd_unico,municipal_2024_Sem1.7z:1100488OCCompraAgil.csv
2024,2769-142-AG24,municipal,Educación,19-06-2024 0:00:00,Orden de Compra generada por invitación a compra ágil: 2769-179-COT24,Orden de Compra codigo: 2769-142-AG24 dirigida a SANTILLANA EDUCACIÓN CHILE SPA item 22.04.002 pre obligacion 5/118,Aceptada,Compra Agil,0,CLP,1899989.7,1899989.7,,unidad_educacion_sin_rbd_unico,municipal_2024_Sem1.7z:1100488OCCompraAgil.csv
2024,2769-143-AG24,municipal,Educación,19-06-2024 0:00:00,Cambio de cerraduras y reparaciones  de puertas Escuela Oscar Encalada,"Cambio de cerraduras y reparaciones  de puertas Escuela Oscar Encalada, Ubicada en Pedro Aguirre Cerda 0184, La Cisterna. Pre-obligación 5-132 fondos Unidad Mantenimiento  C.C. 100906 SP 6  contacto Susana Fonseca  Fono 945221930  Orden de Compra codigo: 2769-143-AG24 dirigida a DISEÑO, INGENIERÍA Y CONSTRUCCIÓN COYAN LIMITADA",Aceptada,Compra Agil,0,CLP,1753108.0,1753108.0,9706,nombre_o_rbd_unico,municipal_2024_Sem1.7z:1100488OCCompraAgil.csv
2024,2769-146-AG24,municipal,Educación,28-06-2024 0:00:00,Fabricación y reparcion de techumbre y bajadas de aguas COLEGIO E. JOVEN a compra ágil: 2769-195-COT24,"Fabricación de canaletas, limpieza de ductos , cambios de planchas, sellado de bajadas de aguas y canaletas .Orden de Compra codigo: 2769-146-AG24 dirigida a CONSTRUCTORA CASTRO Y CERDA SPA",Aceptada,Compra Agil,0,CLP,1802582.25,1802582.25,,unidad_educacion_sin_rbd_unico,municipal_2024_Sem1.7z:1100488OCCompraAgil.csv
2024,2769-147-AG24,municipal,Educación,03-07-2024 0:00:00,Orden de Compra generada por invitación a compra ágil: 2769-196-COT24,Orden de Compra codigo: 2769-147-AG24 dirigida a VENTA DE PRODUCTOS Y SERVICIOS RODRIGO GALLARDO JARA E.I.R.L.,Aceptada,Compra Agil,0,CLP,1011500.0,1011500.0,9699,nombre_o_rbd_unico,municipal_2024_Sem2.7z:1100488OCCompraAgil.csv
2024,2769-149-AG24,municipal,Educación,09-07-2024 0:00:00,COLEGIO PALESTINO: Desfibrilador DEA compra ágil: 2769-188-COT24,"Colegio Palestino Dirección: Avenida El Parrón 498-B, La Cisterna (entre calles Angamos y Santa María). Contacto: Andrés Rojas - Fono: 964659094.  Orden de Compra código: 2769-149-AG24 dirigida a MP importadora Limitada  Ítem: 2905001 Cc: 10.02.03 Subprog: 4 Ley Sep",Aceptada,Compra Agil,0,CLP,892290.56,892290.56,9700,nombre_o_rbd_unico,municipal_2024_Sem2.7z:1100488OCCompraAgil.csv
2024,2769-15-AG24,municipal,Educación,22-02-2024 0:00:00,Orden de Compra generada por invitación a compra ágil: 2769-16-COT24,Orden de Compra codigo: 2769-15-AG24 dirigida a MIGUEL ALEJANDRO MORA ÁLVAREZ,Aceptada,Compra Agil,0,CLP,1249500.0,1249500.0,9722,nombre_o_rbd_unico,municipal_2024_Sem1.7z:1100488OCCompraAgil.csv
2024,2769-150-AG24,municipal,Educación,09-07-2024 0:00:00,Orden de Compra generada por invitación a compra ágil: 2769-178-COT24,Orden de Compra codigo: 2769-150-AG24 dirigida a PAOLA DE LAS MERCEDES GONZALEZ BECERRA,Aceptada,Compra Agil,0,CLP,696150.0,696150.0,9730,nombre_o_rbd_unico,municipal_2024_Sem2.7z:1100488OCCompraAgil.csv
2024,2769-151-AG24,municipal,Educación,09-07-2024 0:00:00,Orden de Compra generada por invitación a compra ágil: 2769-176-COT24,Orden de Compra codigo: 2769-151-AG24 dirigida a COMERCIAL CHILEACTIVO SPA,Aceptada,Compra Agil,0,CLP,770865.34,770865.34,9730,nombre_o_rbd_unico,municipal_2024_Sem2.7z:1100488OCCompraAgil.csv
2024,2769-152-AG24,municipal,Educación,09-07-2024 0:00:00,COLEGIO PALESTINO: compra ágil: 2769-192-COT24,"DIRECCIÓN: Avenida El Parrón 498b, Comuna de La Cisterna, entre calles Angamos y Santa María.   Contacto: Edgardo Donoso - Fono: 940360935 - edonoso@colegiopalestino.cl  ítem 2204009 Cc:100203 Subprog: 4 Ley SEP",Aceptada,Compra Agil,0,CLP,737800.0,737800.0,9700,nombre_o_rbd_unico,municipal_2024_Sem2.7z:1100488OCCompraAgil.csv
2024,2769-153-AG24,municipal,Educación,09-07-2024 0:00:00,COLEGIO PALESTINO: Consumibles Brother compra ágil: 2769-190-COT24,"Dirección: Avenida El Parrón 498b, La Cisterna (entre calles Angamos y Santa María).  Contacto: Edgardo Donoso - Fono: 964659094 - edonoso@colegiopalestino.cl  ítem: 2204009 cc:100203 subprog: 4 Ley SEP ",Aceptada,Compra Agil,0,CLP,404600.0,404600.0,9700,nombre_o_rbd_unico,municipal_2024_Sem2.7z:1100488OCCompraAgil.csv
2024,2769-154-AG24,municipal,Educación,11-07-2024 0:00:00,Orden de Compra generada por invitación a compra ágil: 2769-201-COT24,"Orden de Compra codigo: 2769-154-AG24 dirigida a CONFECCIONES, VENTA ROPAS DE TRABAJO Y ESCOLAR OTROS EMA TERESA PAZ GAETE E.I.R.L. item 22.02.002 c.c 100702 pre obligacion  5/106",Aceptada,Compra Agil,0,CLP,1899948.05,1899948.05,,unidad_educacion_sin_rbd_unico,municipal_2024_Sem2.7z:1100488OCCompraAgil.csv
2024,2769-155-AG24,municipal,Educación,11-07-2024 0:00:00,Orden de Compra generada por invitación a compra ágil: 2769-198-COT24,Orden de Compra codigo: 2769-155-AG24 dirigida a GYP SERVICIOS SPA pre obligacion 5/133 c.c 100901 item 22.06.001,Aceptada,Compra Agil,0,CLP,987700.0,987700.0,,unidad_educacion_sin_rbd_unico,municipal_2024_Sem2.7z:1100488OCCompraAgil.csv
2024,2769-156-AG24,municipal,Educación,11-07-2024 0:00:00,Tóner Escuela Oscar Encalada ,"Adquisición de Tóner  Escuela Oscar Encalada, Ubicada en Pedro Aguirre Cerda 0184,La Cisterna. Pre-obligación 5-52 fondos Ley sep C.C. 100206 SP 4  contacto Susana Fonseca  Fono 945221930  Orden de Compra codigo: 2769-156-AG24 dirigida a INSUMOS ESCAL SPA",Aceptada,Compra Agil,0,CLP,976990.0,976990.0,9706,nombre_o_rbd_unico,municipal_2024_Sem2.7z:1100488OCCompraAgil.csv
2024,2769-158-AG24,municipal,Educación,12-07-2024 0:00:00,Vestuario Institucional Escuela Oscar Encalada ,"Adquisición de Vestuario Institucional Escuela Oscar Encalada, Ubicada en Pedro Aguirre Cerda 0184,La Cisterna. Pre-obligación 5-131 fondos Pro-retención  C.C. 100708 SP 4  contacto Susana Fonseca  Fono 945221930  Orden de Compra codigo: 2769-158-AG24 dirigida a CONFECCIONES, ARTÍCULOS PUBLICITARIOS Y DE SEGURIDAD ROSTTER LIMITADA",Aceptada,Compra Agil,0,CLP,896010.5,896010.5,9706,nombre_o_rbd_unico,municipal_2024_Sem2.7z:1100488OCCompraAgil.csv
2024,2769-159-SE24,municipal,Educación,15-07-2024 0:00:00,Obra de teatro para estudiantes de primer nivel LCyT.,"Pre obligación presupuestaria 5/155. C.C.100217 LEY SEP. Despachar en casa de la cultura ubicado Gran Av. José Miguel Carrera 8585, La Cisterna, Región Metropolitana. contacto Sr. Acharia Diaz. 958013934. ",Aceptada,Trato Directo,1,CLP,1500000.0,1500000.0,9693,nombre_o_rbd_unico,municipal_2024_Sem2.7z:1100488OCTratoDirecto.csv
2024,2769-16-AG24,municipal,Educación,28-02-2024 0:00:00,Orden de Compra generada por invitación a compra ágil: 2769-18-COT24,Orden de Compra codigo: 2769-16-AG24 dirigida a DISTRIBUIDORA DP COLOR SPA,Aceptada,Compra Agil,0,CLP,78897.0,78897.0,,unidad_educacion_sin_rbd_unico,municipal_2024_Sem1.7z:1100488OCCompraAgil.csv
2024,2769-161-AG24,municipal,Educación,15-07-2024 0:00:00,Arriendo de buses salida pedagógica 17 de julio LCyT. Orden de Compra generada por invitación a compra ágil: 2769-212-COT24,"Pre obligación 5/154. c.c 100217, Despachar en Av. Goycolea 469. La Cisterna. Liceo Politécnico ciencia y tecnología. Contacto Rafael Rojas 986640256. Orden de Compra codigo: 2769-161-AG24 dirigida a TRANSPORTE  LISSETTE GONZALEZ LIZANA  E.I.R.L.",Aceptada,Compra Agil,0,CLP,790002.0,790002.0,9693,nombre_o_rbd_unico,municipal_2024_Sem2.7z:1100488OCCompraAgil.csv
2024,2769-162-AG24,municipal,Educación,15-07-2024 0:00:00,Arriendo de Graderias mecano LCyT. Orden de Compra generada por invitación a compra ágil: 2769-203-COT24,Pre Obligación N°5 156 cc. 100217 Ley Sep. despachar en AV. Goycolea 469 La Cisterna. Liceo Politécnico Ciencia y Tecnología. contacto Rafael Rojas 986640256. Orden de Compra codigo: 2769-162-AG24 dirigida a MIGUEL MANUEL CÁRDENAS FLORES,Aceptada,Compra Agil,0,CLP,999601.19,999601.19,9693,nombre_o_rbd_unico,municipal_2024_Sem2.7z:1100488OCCompraAgil.csv
2024,2769-164-AG24,municipal,Educación,17-07-2024 0:00:00,Orden de Compra generada por invitación a compra ágil: 2769-219-COT24,"Orden de Compra codigo: 2769-164-AG24 dirigida a YASMIN GENERAL PLACENCIA PRODUCCIONES E.I.R.L. Adquisición de 220 entradas para Teatro Art, cursos: Pre kínder, kínder, 2°, 3°, 4°, 5° y 6° básicos.",Aceptada,Compra Agil,0,CLP,1430000.0,1430000.0,9703,nombre_o_rbd_unico,municipal_2024_Sem2.7z:1100488OCCompraAgil.csv
2024,2769-165-AG24,municipal,Educación,23-07-2024 0:00:00,Trabajos de Impermeabilización de cubiertas y caja escalas LCyT. Orden de Compra generada por invitación a compra ágil: 2769-189-COT24,Pre obligación 5/136 c.c 100903 de mantenimiento. contacto para los trabajos Adolfo Jiménez Arquitecto +569 91942079.  Orden de Compra codigo: 2769-165-AG24 dirigida a MIGUEL ALEJANDRO MORA ÁLVAREZ,Aceptada,Compra Agil,0,CLP,1618400.0,1618400.0,,unidad_educacion_sin_rbd_unico,municipal_2024_Sem2.7z:1100488OCCompraAgil.csv
2024,2769-166-AG24,municipal,Educación,18-07-2024 0:00:00,Limpieza y destape de alcantarillado LCyT. Orden de Compra generada por invitación a compra ágil: 2769-164-COT24,"Pre Obligación N° 5/136  c.c 100903 Mantenimiento. despachar en Av Goycolea 469, La Cisterna Liceo Politécnico Ciencia y Tecnología, contacto Adolfo Jiménez. +56991942079. Orden de Compra codigo: 2769-166-AG24 dirigida a COMERCIAL PCAM SPA",Aceptada,Compra Agil,0,CLP,1249500.0,1249500.0,9693,nombre_o_rbd_unico,municipal_2024_Sem2.7z:1100488OCCompraAgil.csv
2024,2769-167-AG24,municipal,Educación,18-07-2024 0:00:00,Recambio de canales de aguas lluvias LCyT. Orden de Compra generada por invitación a compra ágil: 2769-181-COT24,"Pre Obligación N° 5/136  c.c 100903 Mantenimiento despachar en Av. Goycolea 469, La Cisterna Liceo Politécnico Ciencia y Tecnología, contacto Adolfo Jiménez +56 991942079 Orden de Compra codigo: 2769-167-AG24 dirigida a C2K SPA.",Aceptada,Compra Agil,0,CLP,1666000.0,1666000.0,9693,nombre_o_rbd_unico,municipal_2024_Sem2.7z:1100488OCCompraAgil.csv
2024,2769-168-AG24,municipal,Educación,17-07-2024 0:00:00,Sillas de Escritorio Escuela Oscar Encalada ,"Adquisición de sillas de escritorio  Escuela Oscar Encalada, Ubicada en Pedro Aguirre Cerda 0184,La Cisterna. Pre-obligación 5-149 fondos Unidad de gestión C.C. 000000  contacto Susana Fonseca   Orden de Compra codigo: 2769-168-AG24 dirigida a MANGALA SPA",Aceptada,Compra Agil,0,CLP,452152.4,452152.4,9706,nombre_o_rbd_unico,municipal_2024_Sem2.7z:1100488OCCompraAgil.csv
2024,2769-169-AG24,municipal,Educación,18-07-2024 0:00:00,Equipos Access Point para Telecomunicaciones LCyT. Orden de Compra generada por invitación a compra ágil: 2769-184-COT24,"Pre Obligación N° 5/153  c.c 100217 Ley Sep. despachar en Av Goycolea 469, La Cisterna Liceo Politécnico Ciencia y Tecnología, contacto Rafael Rojas 986640256. Orden de Compra codigo: 2769-169-AG24 dirigida a REDCETUS CHILE LIMITADA",Aceptada,Compra Agil,0,CLP,913920.0,913920.0,9693,nombre_o_rbd_unico,municipal_2024_Sem2.7z:1100488OCCompraAgil.csv
2024,2769-17-AG24,municipal,Educación,28-02-2024 0:00:00,Orden de Compra generada por invitación a compra ágil: 2769-19-COT24,Orden de Compra codigo: 2769-17-AG24 dirigida a CORVALAN VILLARROEL LIMITADA,Aceptada,Compra Agil,0,CLP,129710.0,129710.0,,unidad_educacion_sin_rbd_unico,municipal_2024_Sem1.7z:1100488OCCompraAgil.csv
2024,2769-170-AG24,municipal,Educación,18-07-2024 0:00:00,Equipos de redes para Telecomunicaciones LCyT. Orden de Compra generada por invitación a compra ágil: 2769-182-COT24,"Pre Obligación N° 5/153  c.c 100217 Ley Sep. despachar en Av Goycolea 469, La Cisterna Liceo Politécnico Ciencia y Tecnología, contacto Rafael Rojas 986640256. Orden de Compra codigo: 2769-170-AG24 dirigida a MELLA Y MONARDES INGENIERIA LIMITADA",Aceptada,Compra Agil,0,CLP,1228966.55,1228966.55,9693,nombre_o_rbd_unico,municipal_2024_Sem2.7z:1100488OCCompraAgil.csv
2024,2769-171-AG24,municipal,Educación,18-07-2024 0:00:00,Equipos switch y router para Telecomunicaciones LCyT. Orden de Compra generada por invitación a compra ágil: 2769-183-COT24,"Pre Obligación N° 5/153 C.C 100217 Ley Sep. Despachar en Av. Goycolea 469, La Cisterna Liceo Politécnico Ciencia y Tecnología, contacto Rafael Rojas 986640256. Orden de Compra codigo: 2769-171-AG24 dirigida a NETWORK DATA SPA.",Aceptada,Compra Agil,0,CLP,834059.1,834059.1,9693,nombre_o_rbd_unico,municipal_2024_Sem2.7z:1100488OCCompraAgil.csv
2024,2769-172-AG24,municipal,Educación,17-07-2024 0:00:00,Orden de Compra generada por invitación a compra ágil: 2769-185-COT24,Orden de Compra codigo: 2769-172-AG24 dirigida a NEXUS TECNOLOGÍA Y CONSTRUCCIÓN SPA,Aceptada,Compra Agil,0,CLP,1465485.0,1465485.0,9730,nombre_o_rbd_unico,municipal_2024_Sem2.7z:1100488OCCompraAgil.csv
2024,2769-173-AG24,municipal,Educación,19-07-2024 0:00:00,Orden de Compra generada por invitación a compra ágil: 2769-213-COT24,"Orden de Compra codigo: 2769-173-AG24 dirigida a INMOBILIARIA E INVERSIONES SURIA LIMITADA Adquisición de 6 sillas ergonómicas, Colegio Esperanza Joven",Aceptada,Compra Agil,0,CLP,461958.0,461958.0,9703,nombre_o_rbd_unico,municipal_2024_Sem2.7z:1100488OCCompraAgil.csv
2024,2769-174-AG24,municipal,Educación,19-07-2024 0:00:00,COLEGIO PALESTINO: MULTIFUNCIONAL compra ágil: 2769-204-COT24,"DIRECCIÓN: Avenida El Parrón 498b, La Cisterna, entre calles Angamos y Santa María.   Contacto: Andrés Eduardo Rojas - 964659094 - sep@colegiopalestino.cl  ítem: 2906001 cc: 100203 Subprog: 4 Ley Sep ",Aceptada,Compra Agil,0,CLP,749990.36,749990.36,9700,nombre_o_rbd_unico,municipal_2024_Sem2.7z:1100488OCCompraAgil.csv
2024,2769-175-AG24,municipal,Educación,19-07-2024 0:00:00,Orden de Compra generada por invitación a compra ágil: 2769-223-COT24,Orden de Compra codigo: 2769-175-AG24 dirigida a CLAUDIO IVAN DELGADO PEREZ c.c.100202 item 22.11.002 pre obligacion 5/147,Aceptada,Compra Agil,0,CLP,1500000.95,1500000.95,,unidad_educacion_sin_rbd_unico,municipal_2024_Sem2.7z:1100488OCCompraAgil.csv
2024,2769-176-AG24,municipal,Educación,19-07-2024 0:00:00,Orden de Compra generada por invitación a compra ágil: 2769-224-COT24,Orden de Compra codigo: 2769-176-AG24 dirigida a Socieda Comercial dos amigos limitada  pre obligacion 5/158 c.c.100202 item 22.04.009,Aceptada,Compra Agil,0,CLP,95200.0,95200.0,,unidad_educacion_sin_rbd_unico,municipal_2024_Sem2.7z:1100488OCCompraAgil.csv
2024,2769-177-AG24,municipal,Educación,19-07-2024 0:00:00,Materiales de destreza y pensamiento lógico (DEPTO PIE) LCyT.  Orden de Compra generada por invitación a compra ágil: 2769-209-COT24,"Pre Obligación N° 5/114  c.c 100217 Ley Sep. despachar en Av Goycolea 469, La Cisterna Liceo Politécnico Ciencia y Tecnología, contacto Rafael Rojas 986640256. Orden de Compra codigo: 2769-177-AG24 dirigida a AULA EDITORES S.A",Aceptada,Compra Agil,0,CLP,130305.0,130305.0,9693,nombre_o_rbd_unico,municipal_2024_Sem2.7z:1100488OCCompraAgil.csv
2024,2769-178-AG24,municipal,Educación,19-07-2024 0:00:00,Batería test Ados-2 para evaluación (DEPTO PIE) LCyT. Orden de Compra generada por invitación a compra ágil: 2769-206-COT24,"Pre Obligación N° 5/114  c.c 100217 Ley Sep. despachar en Av Goycolea 469, La Cisterna Liceo Politécnico Ciencia y Tecnología, contacto Rafael Rojas 986640256. Orden de Compra codigo: 2769-178-AG24 dirigida a COMERCIAL COSMOS SPA",Aceptada,Compra Agil,0,CLP,1190000.0,1190000.0,9693,nombre_o_rbd_unico,municipal_2024_Sem2.7z:1100488OCCompraAgil.csv
2024,2769-179-AG24,municipal,Educación,22-07-2024 0:00:00,COLEGIO PALESTINO: COMPRAPASTELONES compra ágil: 2769-222-COT24,"COLEGIO PALESTINO: Dirección Avenida El Parrón 498b, La Cisterna, Entre calles Angamos y Santa María. Horario: Lunes a jueves 8:00 a 17:00 horas, viernes 8:00 a 13:00 horas.   Contacto: Andrés Rojas - 964659094 - sep@colegiopalestino.cl  Ítem: 2204010  cc: 100905 SubProg: 6 Unidad de Mantenimiento.",Aceptada,Compra Agil,0,CLP,368900.0,368900.0,9700,nombre_o_rbd_unico,municipal_2024_Sem2.7z:1100488OCCompraAgil.csv
2024,2769-18-AG24,municipal,Educación,19-03-2024 0:00:00,Orden de Compra generada por invitación a compra ágil: 2769-20-COT24,Orden de Compra codigo: 2769-18-AG24 dirigida a LIBRERIA LOS GONZALEZ SPA,Aceptada,Compra Agil,0,CLP,1295910.0,1295910.0,,unidad_educacion_sin_rbd_unico,municipal_2024_Sem1.7z:1100488OCCompraAgil.csv
2024,2769-180-AG24,municipal,Educación,21-07-2024 0:00:00,Arriendo de buses salida pedagógica inacap  LCyT. Orden de Compra generada por invitación a compra ágil: 2769-230-COT24,"Pre Obligación N° 5/154  c.c 100217 Ley Sep. despachar en Av Goycolea 469, La Cisterna Liceo Politécnico Ciencia y Tecnología, contacto Acharia +569 5801 3934 orden de Compra codigo: 2769-180-AG24 dirigida a PLUSS MINERIA SPA",Aceptada,Compra Agil,0,CLP,480000.0,480000.0,9693,nombre_o_rbd_unico,municipal_2024_Sem2.7z:1100488OCCompraAgil.csv
2024,2769-181-AG24,municipal,Educación,21-07-2024 0:00:00,Arriendo de buses salida pedagógica rio clarillo LCyT. Orden de Compra generada por invitación a compra ágil: 2769-237-COT24,"Pre Obligación N° 5/154 c.c 100217 Ley Sep. despachar en Av Goycolea 469, La Cisterna Liceo Politécnico Ciencia y Tecnología, contacto Acharia +569 5801 3934. Orden de Compra codigo: 2769-181-AG24 dirigida a BUSES JEREZ SPA",Aceptada,Compra Agil,0,CLP,1360000.0,1360000.0,9693,nombre_o_rbd_unico,municipal_2024_Sem2.7z:1100488OCCompraAgil.csv
2024,2769-182-AG24,municipal,Educación,22-07-2024 0:00:00,Toner para kyocera LCyT. Orden de Compra generada por invitación a compra ágil: 2769-207-COT24," Pre Obligación N° 5/99 c.c 100217 Ley Sep. despachar en Av Goycolea 469, La Cisterna Liceo Politécnico Ciencia y Tecnología, contacto Rafael Rojas. 986640256. Orden de Compra codigo: 2769-182-AG24 dirigida a INSUMOS ESCAL SPA",Aceptada,Compra Agil,0,CLP,202300.0,202300.0,9693,nombre_o_rbd_unico,municipal_2024_Sem2.7z:1100488OCCompraAgil.csv
2024,2769-183-AG24,municipal,Educación,22-07-2024 0:00:00,Colaciones para estudiantes salida pedagógicas LCyT. Orden de Compra generada por invitación a compra ágil: 2769-233-COT24,"Pre Obligación N° 5/92  c.c 100217 Ley Sep. despachar en Av Goycolea 469, La Cisterna Liceo Politécnico Ciencia y Tecnología, contacto Sr. Acharia Díaz 958013934 Rafael Rojas 986640256. Orden de Compra codigo: 2769-183-AG24 dirigida a MOVE EXPRESS SPA.",Aceptada,Compra Agil,0,CLP,1428000.0,1428000.0,9693,nombre_o_rbd_unico,municipal_2024_Sem2.7z:1100488OCCompraAgil.csv
2024,2769-184-AG24,municipal,Educación,22-07-2024 0:00:00,Trabajos de ducto de ventilación LCyT. Orden de Compra generada por invitación a compra ágil: 2769-225-COT24,"Pre Obligación N° 5/136 c.c 100903 U. Mantenimiento. despachar en Av Goycolea 469, La Cisterna Liceo Politécnico Ciencia y Tecnología, contacto Afolfo. Arquitento DEM 991912079. Orden de Compra codigo: 2769-184-AG24 dirigida a GK CONTRUCCIONES SPA",Aceptada,Compra Agil,0,CLP,1719550.0,1719550.0,9693,nombre_o_rbd_unico,municipal_2024_Sem2.7z:1100488OCCompraAgil.csv
2024,2769-185-AG24,municipal,Educación,23-07-2024 0:00:00,adquisición de fluxómetros olof,pre-obligación 5/65 financiamiento unidad de mantenimiento los productos deberán ser entregados en dependencias del liceo ubicado en Julio Covarrubias 9370 de la comuna de La Cisternas,Aceptada,Compra Agil,0,CLP,422759.4,422759.4,,unidad_educacion_sin_rbd_unico,municipal_2024_Sem2.7z:1100488OCCompraAgil.csv
2024,2769-186-SE24,municipal,Educación,24-07-2024 0:00:00,Contratación de capacitación 2° parte Fortalecimi,"Detalles específicos:  18,0 horas cronológicas de relatoría en modalidad presencial, en dependencias y días determinados con la contraparte técnica del establecimiento.  Considera 4 sesiones de 3 horas cada una de formación y acompañamiento.  4 horas de visitas al aula.  2 horas para jornada de retroalimentación con equipo directivo.  Dirigido a 30 docentes del establecimiento.",Aceptada,Trato Directo,1,CLP,4950000.0,4950000.0,,unidad_educacion_sin_rbd_unico,municipal_2024_Sem2.7z:1100488OCTratoDirecto.csv
2024,2769-187-AG24,municipal,Educación,24-07-2024 0:00:00,Orden de Compra generada por invitación a compra ágil: 2769-218-COT24,"Orden de Compra codigo: 2769-187-AG24 dirigida a ALMACÉN TECNOLÓGICO LIMITADA Adquisición de 2 multifuncionales láser color, doble bandeja, 33 ppm, interfase NFC, entre otros requerimientos del Anexo N°1",Aceptada,Compra Agil,0,CLP,1604120.0,1604120.0,9703,nombre_o_rbd_unico,municipal_2024_Sem2.7z:1100488OCCompraAgil.csv
2024,2769-188-AG24,municipal,Educación,24-07-2024 0:00:00,"Mantención de multicopiadoras Ricoh, Colegio Esperanza Joven","Orden de Compra codigo: 2769-188-AG24 dirigida a LUIS GILBERTO ÁVILA ALARCÓN Mantención de dos multicopiadoras Ricoh, con repuestos originales. ",Aceptada,Compra Agil,0,CLP,1167271.0,1167271.0,9703,nombre_o_rbd_unico,municipal_2024_Sem2.7z:1100488OCCompraAgil.csv
2024,2769-189-AG24,municipal,Educación,24-07-2024 0:00:00,"Mantención fotocopiadora Kyocera, Colegio Esperanza Joven",Orden de Compra codigo: 2769-189-AG24 dirigida a FORMATO K SPA Mantención fotocopiadora Kyocera con repuestos originales.,Aceptada,Compra Agil,0,CLP,273700.0,273700.0,9703,nombre_o_rbd_unico,municipal_2024_Sem2.7z:1100488OCCompraAgil.csv
2024,2769-19-AG24,municipal,Educación,05-04-2024 0:00:00,MATERIAL DE ENSEÑANZA E JOVEN: 2769-24-COT24,Orden de Compra codigo: 2769-19-AG24 dirigida a SOCIEDAD COMERCIALIZADORA DEL MAIPO LIMITADA,Aceptada,Compra Agil,0,CLP,1553604.5,1553604.5,9703,nombre_o_rbd_unico,municipal_2024_Sem1.7z:1100488OCCompraAgil.csv
2024,2769-190-AG24,municipal,Educación,25-07-2024 0:00:00,Orden de Compra generada por invitación a compra ágil: 2769-246-COT24,Orden de Compra codigo: 2769-190-AG24 dirigida a INDUSTRIA DE CAMAS Y TEXTILES LIMITADA  pre obligacion 5/165 item 29-04 c.c 100202,Aceptada,Compra Agil,0,CLP,1897437.15,1897437.15,,unidad_educacion_sin_rbd_unico,municipal_2024_Sem2.7z:1100488OCCompraAgil.csv
2024,2769-191-AG24,municipal,Educación,05-08-2024 0:00:00,Orden de Compra generada por invitación a compra ágil: 2769-232-COT24,Orden de Compra codigo: 2769-191-AG24 dirigida a quantech ciencia y tecnología Spa,Aceptada,Compra Agil,0,CLP,313296.06,313296.06,9706,nombre_o_rbd_unico,municipal_2024_Sem2.7z:1100488OCCompraAgil.csv
2024,2769-192-AG24,municipal,Educación,25-07-2024 0:00:00,COLEGIO PALESTINO: NOTEBOOK compra ágil: 2769-248-COT24,"COLEGIO PALESTINO: DIRECCIÓN: AVENIDA EL PARRÓN 498-B, LA CISTERNA (ENTRE CALLE ANGAMOS Y SANTA MARÍA) HORARIO: LUNES A JUEVES DE 8:00 A 15:00 HRS, VIERNES: 8:00 A 13:00 HRS. CONTACTO: EDGARDO DONOSO - 940360935 - EDONOSO@COLEGIOPALESTINO.CL  ÍTEM 29.06.001 CC: 100203 SUBPROG: 4 LEY SEP ",Aceptada,Compra Agil,0,CLP,1680491.82,1680491.82,9700,nombre_o_rbd_unico,municipal_2024_Sem2.7z:1100488OCCompraAgil.csv
2024,2769-193-AG24,municipal,Educación,25-07-2024 0:00:00,ADQUISICIÓN DE MATERIALES ELECTRICOS OLOF,pre-obligación 5/174 financiamiento unidad de mantenimiento los productos deberán ser entregados en dependencias del establecimiento ubicado en Julio Covarrubias 9370 de La Cisterna,Aceptada,Compra Agil,0,CLP,259420.0,259420.0,,unidad_educacion_sin_rbd_unico,municipal_2024_Sem2.7z:1100488OCCompraAgil.csv
2024,2769-194-AG24,municipal,Educación,25-07-2024 0:00:00,COLEGIO PALESTINO: TÓNER BROTHER  compra ágil: 2769-244-COT24,"COLEGIO PALESTINO DIRECCIÓN: AVENIDA EL PARRÓN 498-B, LA CISTERNA (Entre calles Angamos y Santa María) CONTACTO: Edgardo Donoso - fono: 940360935 - edonoso@colegiopalestino.cl  Ítem: 22.04.009 Cc: 100203 Subprog: 4 Ley SEP",Aceptada,Compra Agil,0,CLP,1172626.0,1172626.0,9700,nombre_o_rbd_unico,municipal_2024_Sem2.7z:1100488OCCompraAgil.csv
2024,2769-195-AG24,municipal,Educación,25-07-2024 0:00:00,Orden de Compra generada por invitación a compra ágil: 2769-245-COT24,Orden de Compra codigo: 2769-195-AG24 dirigida a COMPUTACION INTEGRAL S A pre obligacion 5/164 item 22.04.009 c.c 100202,Aceptada,Compra Agil,0,CLP,1218084.0,1218084.0,,unidad_educacion_sin_rbd_unico,municipal_2024_Sem2.7z:1100488OCCompraAgil.csv
2024,2769-196-AG24,municipal,Educación,26-07-2024 0:00:00,Orden de Compra generada por invitación a compra ágil: 2769-221-COT24,Orden de Compra codigo: 2769-196-AG24 dirigida a EMPRESA DE BUSES HUALPEN LTDA,Aceptada,Compra Agil,0,CLP,680000.0,680000.0,9730,nombre_o_rbd_unico,municipal_2024_Sem2.7z:1100488OCCompraAgil.csv
2024,2769-197-AG24,municipal,Educación,26-07-2024 0:00:00,Orden de Compra generada por invitación a compra ágil: 2769-220-COT24,Orden de Compra codigo: 2769-197-AG24 dirigida a AET CHILE SPA.,Aceptada,Compra Agil,0,CLP,584000.0,584000.0,9730,nombre_o_rbd_unico,municipal_2024_Sem2.7z:1100488OCCompraAgil.csv
2024,2769-198-AG24,municipal,Educación,26-07-2024 0:00:00,Orden de Compra generada por invitación a compra ágil: 2769-242-COT24,Orden de Compra codigo: 2769-198-AG24 dirigida a PARQUE ZOOLOGICO BUIN ZOO S A,Aceptada,Compra Agil,0,CLP,209003.0,209003.0,9730,nombre_o_rbd_unico,municipal_2024_Sem2.7z:1100488OCCompraAgil.csv
2024,2769-199-AG24,municipal,Educación,26-07-2024 0:00:00,Orden de Compra generada por invitación a compra ágil: 2769-216-COT24,Orden de Compra codigo: 2769-199-AG24 dirigida a JCB INGENIERÍA EN ELECTRICIDAD Y AUTOMATIZACIÓN INDUSTRIAL SPA,Aceptada,Compra Agil,0,CLP,1854079.5,1854079.5,9730,nombre_o_rbd_unico,municipal_2024_Sem2.7z:1100488OCCompraAgil.csv
2024,2769-2-AG24,municipal,Educación,29-01-2024 0:00:00,Orden de Compra generada por invitación a compra ágil: 2769-1-COT24,Orden de Compra codigo: 2769-2-AG24 dirigida a GRAFIKA NAHUEL S.A.,Aceptada,Compra Agil,0,CLP,1537480.0,1537480.0,,unidad_educacion_sin_rbd_unico,municipal_2024_Sem1.7z:1100488OCCompraAgil.csv
2024,2769-20-AG24,municipal,Educación,03-04-2024 0:00:00,equipos deportivos ed. básica,los productos deberán ser entregados en dependencias del Liceo ubicado en Julio Covarrubias 9370 de la comuna de La Cisterna,Aceptada,Compra Agil,0,CLP,698768.0,698768.0,,unidad_educacion_sin_rbd_unico,municipal_2024_Sem1.7z:1100488OCCompraAgil.csv
2024,2769-200-AG24,municipal,Educación,29-07-2024 0:00:00,COLEGIO PALESTINO: IMPLEMENTOS ED.FÍSICA compra ágil: 2769-250-COT24,"COLEGIO PALESTINO: Avenida El Parrón 498b, La Cisterna (Entre Calles Angamos y Santa María)  HORARIO: Lunes a jueves de 8:00 a 17:00 horas, Viernes 8:00 a 13:00 horas.  Contacto: Andrés Rojas - Fono: 964659094 - Sep@colegiopalestino.cl  Ítem: 22.04.002 Cc: 10.02.03 Subprog: 4 Ley SEP ",Aceptada,Compra Agil,0,CLP,999183.5,999183.5,9700,nombre_o_rbd_unico,municipal_2024_Sem2.7z:1100488OCCompraAgil.csv
2024,2769-201-AG24,municipal,Educación,23-08-2024 0:00:00,Polerones y poleras Colegio E. Joven. compra ágil: 2769-253-COT24,Adquisición de 40 Polerones y 30 poleras Orden de Compra codigo: 2769-201-AG24 dirigida a JCK MUSIC SPA,Aceptada,Compra Agil,0,CLP,1416695.0,1416695.0,,unidad_educacion_sin_rbd_unico,municipal_2024_Sem2.7z:1100488OCCompraAgil.csv
2024,2769-202-AG24,municipal,Educación,26-07-2024 0:00:00,Orden de Compra generada por invitación a compra ágil: 2769-254-COT24,Orden de Compra codigo: 2769-202-AG24 dirigida a CASTILLA Y ARAGON SPA pre obligacion 5/163 c.c. 100202 item 22.04.001,Aceptada,Compra Agil,0,CLP,1547154.7,1547154.7,,unidad_educacion_sin_rbd_unico,municipal_2024_Sem2.7z:1100488OCCompraAgil.csv
2024,2769-203-AG24,municipal,Educación,29-07-2024 0:00:00,Orden de Compra generada por invitación a compra ágil: 2769-251-COT24,Orden de Compra codigo: 2769-203-AG24 dirigida a DIMACOFI S A,Aceptada,Compra Agil,0,CLP,1125374.67,1125374.67,9730,nombre_o_rbd_unico,municipal_2024_Sem2.7z:1100488OCCompraAgil.csv
2024,2769-204-AG24,municipal,Educación,29-07-2024 0:00:00,Orden de Compra generada por invitación a compra ágil: 2769-258-COT24,Orden de Compra codigo: 2769-204-AG24 dirigida a COMERCIALIZADORA ZOOVENIR LIMITADA,Aceptada,Compra Agil,0,CLP,204966.79,204966.79,9730,nombre_o_rbd_unico,municipal_2024_Sem2.7z:1100488OCCompraAgil.csv
2024,2769-205-AG24,municipal,Educación,29-07-2024 0:00:00,COLEGIO PALESTINO: 237 TEXTOS THADES compra ágil: 2769-252-COT24,"COLEGIO PALESTINO: Avenida El Parrón 498b, La Cisterna (entre calles Angamos y Santa María). CONTACTO: Andrés Rojas - 964659094 - sep@colegiopalestino.cl  ítem: 2204002 Cc: 100203 Subprog: 4 Ley SEP",Aceptada,Compra Agil,0,CLP,1833195.0,1833195.0,9700,nombre_o_rbd_unico,municipal_2024_Sem2.7z:1100488OCCompraAgil.csv
2024,2769-206-AG24,municipal,Educación,29-07-2024 0:00:00,Kit Central telefonica LCyT. Orden de Compra generada por invitación a compra ágil: 2769-240-COT24,Pre obligación 5/160 c.c 100217. Despachar en av. Goycolea 469. La Cisterna. Liceo Politécnico Ciencia y Tecnología. Contacto Acharia Diaz. 95801 3934. Orden de Compra codigo: 2769-206-AG24 dirigida a JOSÉ ABRAHAM CHAMORRO LEIVA,Aceptada,Compra Agil,0,CLP,1523200.0,1523200.0,9693,nombre_o_rbd_unico,municipal_2024_Sem2.7z:1100488OCCompraAgil.csv
2024,2769-207-SE24,municipal,Educación,30-07-2024 0:00:00,compra de mochilas,mochilas para los estudiantes de 7o basico,Aceptada,Trato Directo,1,CLP,4946996.6,4946996.6,,unidad_educacion_sin_rbd_unico,municipal_2024_Sem2.7z:1100488OCTratoDirecto.csv
2024,2769-208-AG24,municipal,Educación,30-07-2024 0:00:00,Batería WISC-V instrumento clínico de niños y adolescentes (Depto. PIE) LCyT Orden de Compra generada por invitación a compra ágil: 2769-208-COT24,"Pre Obligación 5/114 C.C 100217. SP4. LEY SEP. despachar en Av. Goycolea 469 La Cisterna. contacto Daniela Santana. 9 4252 4889. Orden de Compra codigo: 2769-208-AG24 dirigida a PRO DISTRIBUIDORA DE ARTÍCULOS EDUCATIVOS, DEPORTIVOS Y OTROS SPA",Aceptada,Compra Agil,0,CLP,1809318.84,1809318.84,,unidad_educacion_sin_rbd_unico,municipal_2024_Sem2.7z:1100488OCCompraAgil.csv
2024,2769-209-AG24,municipal,Educación,31-07-2024 0:00:00,Orden de Compra generada por invitación a compra ágil: 2769-260-COT24,Orden de Compra codigo: 2769-209-AG24 dirigida a IMPORTADORA FULLMUEBLES SPA meno 888  item 29.04,Aceptada,Compra Agil,0,CLP,886555.95,886555.95,,unidad_educacion_sin_rbd_unico,municipal_2024_Sem2.7z:1100488OCCompraAgil.csv
2024,2769-21-AG24,municipal,Educación,05-04-2024 0:00:00,material de enseñanza TAEKWONDO E. JOVEN a compra ágil: 2769-25-COT24,Orden de Compra codigo: 2769-21-AG24 dirigida a CONFECCIONES KUMITE  SPA,Aceptada,Compra Agil,0,CLP,1316041.23,1316041.23,,unidad_educacion_sin_rbd_unico,municipal_2024_Sem1.7z:1100488OCCompraAgil.csv
2024,2769-210-AG24,municipal,Educación,01-08-2024 0:00:00,Arriendo de mini bus salida pedagógica LCyT. rden de Compra generada por invitación a compra ágil: 2769-262-COT24,Pre obligación 5 154. C.C 100217 SP4: despachar en Av. Goycolea 469 La Cisterna. contacto Sr Acharia Diaz 958013934. Orden de Compra codigo: 2769-210-AG24 dirigida a BUSES JEREZ SPA,Aceptada,Compra Agil,0,CLP,560000.0,560000.0,,unidad_educacion_sin_rbd_unico,municipal_2024_Sem2.7z:1100488OCCompraAgil.csv
2024,2769-211-AG24,municipal,Educación,01-08-2024 0:00:00,Compra de Switch para redes Colegio E.Joven. compra ágil: 2769-255-COT24,Adquisición de 2 Switch .Orden de Compra codigo: 2769-211-AG24 dirigida a ALEJANDRO ENRIQUE EGAS MUÑOZ,Aceptada,Compra Agil,0,CLP,449820.0,449820.0,,unidad_educacion_sin_rbd_unico,municipal_2024_Sem2.7z:1100488OCCompraAgil.csv
2024,2769-212-AG24,municipal,Educación,01-08-2024 0:00:00,Colegio Palestino: Mobiliario Pre-Kínder y Kínder. compra ágil: 2769-259-COT24,"DIRECCIÓN: Colegio Palestino, ubicado en Avenida El Parrón 498b, La Cisterna (entre calles Angamos y Santa María).   HORARIO: Lunes a jueves: 8:00 a 17:00 horas, viernes: 8:00 a 13:00 horas.  CONTACTO: Andrés Rojas - Sep@colegiopalestino.cl  Ítem: 2152904 Cc: 100905 Subprog: 6 Unidad de Mantenimiento.  ",Aceptada,Compra Agil,0,CLP,715175.72,715175.72,9700,nombre_o_rbd_unico,municipal_2024_Sem2.7z:1100488OCCompraAgil.csv
2024,2769-213-AG24,municipal,Educación,05-08-2024 0:00:00,Arriendo de transporte salida pedagógica LCyT. Orden de Compra generada por invitación a compra ágil: 2769-270-COT24,"Pre obligación 5/154 C.C 100217. SP4. LEY SEP. Despachar en Av. Goycolea 469, La Cisterna Liceo Politécnico Ciencia y Tecnología, contacto ACHARIA DIAZ F: 9 5801 3934. Orden de Compra codigo: 2769-213-AG24 dirigida a BUSES JEREZ SPA",Aceptada,Compra Agil,0,CLP,640000.0,640000.0,9693,nombre_o_rbd_unico,municipal_2024_Sem2.7z:1100488OCCompraAgil.csv
2024,2769-214-AG24,municipal,Educación,05-08-2024 0:00:00,COL.PALESTINO: SALIDA PEDAGÓGICA ESCUELA DE CARABINEROS  compra ágil: 2769-266-COT24,"Arriendo de Bus con capacidad de 45 personas, para salida pedagógica. Fecha del viaje: 13 de agosto 2024. Dirección de salida: Avenida El parrón 498b, La Cisterna. Hora de salida: 9:00 horas. Hora de regreso: 13:00 horas. Destino: Museo de Carabineros, dirección: Vasconia 1605, Providencia, Santiago.  Ítem: 22.09.003 Cc: 100203 Subprog: 4 Ley SEP.",Aceptada,Compra Agil,0,CLP,140000.0,140000.0,9700,nombre_o_rbd_unico,municipal_2024_Sem2.7z:1100488OCCompraAgil.csv
2024,2769-215-AG24,municipal,Educación,05-08-2024 0:00:00,COL.PALESTINO. SALIDA PEDAGÓGICA: EXPOSICIÓN BODIES 8°A. compra ágil: 2769-267-COT24,"Arriendo de 1 bus con con capacidad para 45 personas. Fecha del viaje: 14 de agosto 2024. Dirección de Salida: Colegio Palestino, Avenida El Parrón 498b, La Cisterna Hora de Salida: 12:20 Hora de regreso 15:00 Destino: Av. Vicuña Mackenna 6100, La Florida, Santiago. Exposición Bodies, Evolution.  Ítem: 2209003 Cc: 100203 Subprog: 4 Ley SEP ",Aceptada,Compra Agil,0,CLP,130000.0,130000.0,9700,nombre_o_rbd_unico,municipal_2024_Sem2.7z:1100488OCCompraAgil.csv
2024,2769-216-AG24,municipal,Educación,05-08-2024 0:00:00,COL.PALESTINO: SALIDA PEDAGÓGICA BODIES E. 5°A compra ágil: 2769-269-COT24,"Arriendo de 1 bus con capacidad de 45 personas, para salida pedagógica a exposición Bodies Evolution. Fecha del viaje: 21 de agosto 2024. Dirección de Salida: Avenida El Parrón 498b, La Cisterna. Hora de salida: 12:20 Hora de regreso: 15:00 Destino: Avenida Vicuña Mackenna Oriente 6100, La Florida, Santiago. Exposición Bodies Evolution.  Ítem: 2209003 Subprog: 4 Ley SEP. Cc: 100203",Aceptada,Compra Agil,0,CLP,130000.0,130000.0,9700,nombre_o_rbd_unico,municipal_2024_Sem2.7z:1100488OCCompraAgil.csv
2024,2769-217-AG24,municipal,Educación,05-08-2024 0:00:00,Orden de Compra generada por invitación a compra ágil: 2769-236-COT24,Orden de Compra codigo: 2769-217-AG24 dirigida a quantech ciencia y tecnología Spa,Aceptada,Compra Agil,0,CLP,1958703.11,1958703.11,9706,nombre_o_rbd_unico,municipal_2024_Sem2.7z:1100488OCCompraAgil.csv
2024,2769-218-AG24,municipal,Educación,05-08-2024 0:00:00,Orden de Compra generada por invitación a compra ágil: 2769-227-COT24,Orden de Compra codigo: 2769-218-AG24 dirigida a quantech ciencia y tecnología Spa,Aceptada,Compra Agil,0,CLP,1640000.88,1640000.88,9706,nombre_o_rbd_unico,municipal_2024_Sem2.7z:1100488OCCompraAgil.csv
2024,2769-219-AG24,municipal,Educación,05-08-2024 0:00:00,Orden de Compra generada por invitación a compra ágil: 2769-231-COT24,Orden de Compra codigo: 2769-219-AG24 dirigida a quantech ciencia y tecnología Spa,Aceptada,Compra Agil,0,CLP,1594000.24,1594000.24,9706,nombre_o_rbd_unico,municipal_2024_Sem2.7z:1100488OCCompraAgil.csv
2024,2769-22-AG24,municipal,Educación,04-04-2024 0:00:00,Orden de Compra generada por invitación a compra ágil: 2769-28-COT24,Orden de Compra codigo: 2769-22-AG24 dirigida a ENTIDAD DE GESTION INMOBILIARIA SOCIAL Y PRESTADORA DE SERVICIOS DE ASISTENCIA TECNICA Y DE GESTION ACROPOLIS SPA,Aceptada,Compra Agil,0,CLP,1487500.0,1487500.0,9699,nombre_o_rbd_unico,municipal_2024_Sem1.7z:1100488OCCompraAgil.csv
2024,2769-220-AG24,municipal,Educación,05-08-2024 0:00:00,Adquisición de colaciones y snak Colegio E. Jovencompra ágil: 2769-256-COT24,"Adquisición de colaciones , jugos  y snack Orden de Compra codigo: 2769-220-AG24 dirigida a COMERCIALIZADORA RENEW SPA",Aceptada,Compra Agil,0,CLP,562632.0,562632.0,,unidad_educacion_sin_rbd_unico,municipal_2024_Sem2.7z:1100488OCCompraAgil.csv
2024,2769-221-AG24,municipal,Educación,05-08-2024 0:00:00,adquisición de tintas y tóner,pre-obligación 5/175 financiamiento ley sep los productos deberán ser entregados en dependencias del liceo ubicado en Julio Covarrubias 9370 de La Cisterna,Aceptada,Compra Agil,0,CLP,1855971.6,1855971.6,,unidad_educacion_sin_rbd_unico,municipal_2024_Sem2.7z:1100488OCCompraAgil.csv
2024,2769-222-AG24,municipal,Educación,08-08-2024 0:00:00,COL. PALESTINO: ARRIENDO BUS 28 DE AGOSTO compra ágil: 2769-283-COT24,"ARRIENDO DE BUS PARA SALIDA PEDAGÓGICA 28 DE AGOSTO: FECHA DEL VIAJE: 28/08/2024 DIRECCIÓN SALIDA: Avenida El Parrón 498b (entre calles Angamos y Santa María) HORA DE SALIDA: 10:00  HORA DE REGRESO: 14:30 DESTINO: AV. MATUCANA 520, INTERIOR PARQUE QUINTA NORMAL - MUSEO HISTORIA NATURAL DE CHILE.  Ítem: 2209003 Cc:100203 Subprog: 4 Ley SEP",Aceptada,Compra Agil,0,CLP,140000.0,140000.0,9700,nombre_o_rbd_unico,municipal_2024_Sem2.7z:1100488OCCompraAgil.csv
2024,2769-223-AG24,municipal,Educación,08-08-2024 0:00:00,traslado a UMCE 3° medio olof,pre-obligación 5/211 fuente de financiamiento LEY SEP los alumnos deberán ser retirados desde el establecimiento ubicado en Julio Covarrubias 9370 de La Cisterna,Aceptada,Compra Agil,0,CLP,140000.0,140000.0,,unidad_educacion_sin_rbd_unico,municipal_2024_Sem2.7z:1100488OCCompraAgil.csv
2024,2769-226-AG24,municipal,Educación,08-08-2024 0:00:00,Orden de Compra generada por invitación a compra ágil: 2769-277-COT24,Orden de Compra codigo: 2769-226-AG24 dirigida a SOCIEDAD COMERCIAL VERCON SOCIEDAD POR ACCIONES SPA,Aceptada,Compra Agil,0,CLP,1393609.0,1393609.0,,unidad_educacion_sin_rbd_unico,municipal_2024_Sem2.7z:1100488OCCompraAgil.csv
2024,2769-227-AG24,municipal,Educación,08-08-2024 0:00:00,salida pedagógica parque en el aire 1° medio olof,pre-obligación 5/211 financiamiento LEY SEP los alumnos deberán ser retirados desde las dependencias del liceo ubicado en Julio Covarrubias 92370 de La Cisterna el día 27 de agosto a las 8:00 hr y su regreso a las 17:00hr,Aceptada,Compra Agil,0,CLP,340000.0,340000.0,,unidad_educacion_sin_rbd_unico,municipal_2024_Sem2.7z:1100488OCCompraAgil.csv
2024,2769-228-AG24,municipal,Educación,08-08-2024 0:00:00,Orden de Compra generada por invitación a compra ágil: 2769-278-COT24,Orden de Compra codigo: 2769-228-AG24 dirigida a DCV COMPUTACION LIMITADA,Aceptada,Compra Agil,0,CLP,628022.5,628022.5,,unidad_educacion_sin_rbd_unico,municipal_2024_Sem2.7z:1100488OCCompraAgil.csv
2024,2769-23-AG24,municipal,Educación,08-04-2024 0:00:00,Orden de Compra generada por invitación a compra ágil: 2769-29-COT24,Orden de Compra codigo: 2769-23-AG24 dirigida a INGENIERÍA Y SERVICIOS LOGÍSTICOS SP CHILE LIMITADA,Aceptada,Compra Agil,0,CLP,464100.0,464100.0,,unidad_educacion_sin_rbd_unico,municipal_2024_Sem1.7z:1100488OCCompraAgil.csv
2024,2769-230-AG24,municipal,Educación,08-08-2024 0:00:00,Orden de Compra generada por invitación a compra ágil: 2769-280-COT24,Orden de Compra codigo: 2769-230-AG24 dirigida a SOCIEDAD COMERCIAL DISTRIBUCION GLOBAL LIMITADA,Aceptada,Compra Agil,0,CLP,268464.0,268464.0,,unidad_educacion_sin_rbd_unico,municipal_2024_Sem2.7z:1100488OCCompraAgil.csv
2024,2769-231-AG24,municipal,Educación,13-08-2024 0:00:00,salida pedagógica granja de lonquen 1° y 2° básico olof,pre-obligación 5/211 fuente de financiamiento LEY SEP los alumnos deberán ser retirados de las dependencias del Liceo ubicado en Julio Covarrubias 9370 de La Cisterna el día 28 de agosto a las 08:15 y su regreso 14:00hr,Aceptada,Compra Agil,0,CLP,971500.0,971500.0,,unidad_educacion_sin_rbd_unico,municipal_2024_Sem2.7z:1100488OCCompraAgil.csv
2024,2769-232-AG24,municipal,Educación,08-08-2024 0:00:00,"Entradas Teatro Art, obras octubre","Orden de Compra codigo: 2769-232-AG24 dirigida a ACTIVA GESTION CULTURAL SPA Adquisición de 103 entradas para Teatro Art, en obras especificadas en Anexo N°3.",Aceptada,Compra Agil,0,CLP,669500.0,669500.0,9703,nombre_o_rbd_unico,municipal_2024_Sem2.7z:1100488OCCompraAgil.csv
2024,2769-233-AG24,municipal,Educación,09-08-2024 0:00:00,Orden de Compra generada por invitación a compra ágil: 2769-287-COT24,Orden de Compra codigo: 2769-233-AG24 dirigida a LIBRERIA LOS GONZALEZ SPA pre obligacion 5/200 item 22.04.002 c.c 100202,Aceptada,Compra Agil,0,CLP,1510824.0,1510824.0,,unidad_educacion_sin_rbd_unico,municipal_2024_Sem2.7z:1100488OCCompraAgil.csv
2024,2769-234-AG24,municipal,Educación,09-08-2024 0:00:00,Orden de Compra generada por invitación a compra ágil: 2769-288-COT24,Orden de Compra codigo: 2769-234-AG24 dirigida a MARICEL MARGARITA CRUZ CASTRO pre obligacion 5/201 item 22.04.002 c.c 100202,Aceptada,Compra Agil,0,CLP,1729926.8,1729926.8,9699,nombre_o_rbd_unico,municipal_2024_Sem2.7z:1100488OCCompraAgil.csv
2024,2769-235-AG24,municipal,Educación,13-08-2024 0:00:00,Arriendo de graderias mecano LCyT. Orden de Compra generada por invitación a compra ágil: 2769-273-COT24,Pre obligación 5/235 C.C 200217 SP.4. Despachar para el día 14 de agosto.  en Av. Goycolea 469. contacto Sr. Acharya Diáz.  Orden de Compra codigo: 2769-235-AG24 dirigida a MIGUEL MANUEL CÁRDENAS FLORES,Aceptada,Compra Agil,0,CLP,999600.0,999600.0,,unidad_educacion_sin_rbd_unico,municipal_2024_Sem2.7z:1100488OCCompraAgil.csv
2024,2769-236-AG24,municipal,Educación,13-08-2024 0:00:00,Arriendo de buse Salidas pedagógicas Colegio E. Joven compra ágil: 2769-296-COT24,Arriendo de 2 buses y 1 van para salidas pedagógicas que se detallan con fecha y horas.Orden de Compra codigo: 2769-236-AG24 dirigida a AGUA PURIFICADA KORY WOMAN SPA,Aceptada,Compra Agil,0,CLP,450000.0,450000.0,9703,nombre_o_rbd_unico,municipal_2024_Sem2.7z:1100488OCCompraAgil.csv
2024,2769-237-AG24,municipal,Educación,13-08-2024 0:00:00,adquisición de materiales de enseñanza olof,pre-obligación 5/63 fuente de financiamiento LEY SEP los productos deberán ser entregados en dependencias del establecimiento ubicado en Julio Covarrubias 9370 de La Cisterna,Aceptada,Compra Agil,0,CLP,941523.24,941523.24,,unidad_educacion_sin_rbd_unico,municipal_2024_Sem2.7z:1100488OCCompraAgil.csv
2024,2769-238-AG24,municipal,Educación,13-08-2024 0:00:00,salida pedagógica 1° medio parque en el aire Doñihue olof,"pre-obligación 5/213 fuente de financiamiento LEY SEP entrada a parque con juegos en el aire, trabajo en equipo, desayuno, almuerzo, escalamiento y tirolesa para los alumnos(as) del liceo olof palme de la comuna de La Cisterna ",Aceptada,Compra Agil,0,CLP,1950000.64,1950000.64,9701,nombre_o_rbd_unico,municipal_2024_Sem2.7z:1100488OCCompraAgil.csv
2024,2769-239-AG24,municipal,Educación,13-08-2024 0:00:00,"Entradas evento Bodies Evolution, Colegio Esperanza Joven","Adquisición de 40 entradas para Evento Bodies Evolución, para 7° año básico, para el miércoles 14 de agosto desde las 9 a 11:00 horas. ",Aceptada,Compra Agil,0,CLP,160000.0,160000.0,9703,nombre_o_rbd_unico,municipal_2024_Sem2.7z:1100488OCCompraAgil.csv
2024,2769-24-AG24,municipal,Educación,10-04-2024 0:00:00,"Material de enseñanza DEPORTIVO Y DIDACTICO , E.Joven a compra ágil: 2769-27-COT24","Orden de Compra codigo: 2769-24-AG24 dirigida a SISTEMAS, SOLUCIONES Y SERVICIOS SPA",Aceptada,Compra Agil,0,CLP,1093275.61,1093275.61,,unidad_educacion_sin_rbd_unico,municipal_2024_Sem1.7z:1100488OCCompraAgil.csv
2024,2769-240-AG24,municipal,Educación,13-08-2024 0:00:00,Orden de Compra generada por invitación a compra ágil: 2769-299-COT24,Orden de Compra codigo: 2769-240-AG24 dirigida a TRANSPORTES MAI-VAN SPA pre obligacion 5/199 item 22.09003.c.c 100202,Aceptada,Compra Agil,0,CLP,180000.0,180000.0,9699,nombre_o_rbd_unico,municipal_2024_Sem2.7z:1100488OCCompraAgil.csv
2024,2769-241-SE24,municipal,Educación,19-08-2024 0:00:00,PANTALLAS INTERACTIVAS y SOPORTES MOVILES LCYT.  ORDEN DE COMPRA DESDE 2769-3-L124,Pre obligación 5/157 C.C 100217. SP4. DIRECCIÓN DE DESPACHO AV. GOYCOLEA 468 LA CISTERNA. CONTACTO DE ENTREGA SR. ACHARYA DÍAZ 958013934. LICEO CIENCIA Y TECNOLOGÍA. PANTALLAS INTERACTIVAS y SOPORTES MOVILES LCYT. DESDE 2769-3-L124,Aceptada,Licitacion Publica,0,CLP,6256271.49,6256271.49,9693,nombre_o_rbd_unico,municipal_2024_Sem2.7z:1100488OCLicitacion.csv
2024,2769-242-AG24,municipal,Educación,14-08-2024 0:00:00,Materiales de enseñanza LCyT. Orden de Compra generada por invitación a compra ágil: 2769-263-COT24,Pre obligación 5/ 238. c.c 100217.sp4. Despachar en av. Goycolea 469La Cisterna Liceo Ciencia y Tecnología. contacto Sr. Acharya Díaz. 958013934. Orden de Compra codigo: 2769-242-AG24 dirigida a COMERCIAL 3-ARIES LIMITADA.,Aceptada,Compra Agil,0,CLP,711233.25,711233.25,9693,nombre_o_rbd_unico,municipal_2024_Sem2.7z:1100488OCCompraAgil.csv
2024,2769-243-AG24,municipal,Educación,14-08-2024 0:00:00,COLEGIO PALESTINO: Arena y Morteros. compra ágil: 2769-304-COT24,"COLEGIO PALESTINO: Dirección, Avenida El Parrón 498-b, La Cisterna (entre calles Angamos y Santa María). HORARIO: Lunes a Jueves 8:00 a 17:00 horas, viernes 8:00 a 13:00 horas.   Contacto: Andrés Rojas - +56964659094 - Sep@colegiopalestino.cl  ítem: 2204010 Cc:100905 Subprog: 6",Aceptada,Compra Agil,0,CLP,130900.0,130900.0,9700,nombre_o_rbd_unico,municipal_2024_Sem2.7z:1100488OCCompraAgil.csv
2024,2769-244-AG24,municipal,Educación,14-08-2024 0:00:00,COLEGIO PALESTINO: Termolaminadora (laminadora) compra ágil: 2769-302-COT24,"Colegio Palestino: Dirección, Avenida El Parrón 498, La Cisterna (entre calles Angamos y Santa María.  HORARIO: Lunes a Jueves 8:00 a 17:00 horas, viernes 8:00 a 13:00 horas.  Contacto: Andrés Rojas - +56964659094 - SEP@COLEGIOPALESTINO.CL  ítem: 2905001 cc:100203 Subprog: 4 Ley SEP.",Aceptada,Compra Agil,0,CLP,53538.1,53538.1,9700,nombre_o_rbd_unico,municipal_2024_Sem2.7z:1100488OCCompraAgil.csv
2024,2769-245-AG24,municipal,Educación,14-08-2024 0:00:00,Materiales de enseñanza para Laboratorio Químico  LCyT. Orden de Compra generada por invitación a compra ágil: 2769-272-COT24,Pre obligación 5/ 2167. c.c 100217.sp4. Despachar en av. Goycolea 469La Cisterna Liceo Ciencia y Tecnología. contacto Sr. Acharya Díaz. 958013934. Orden de Compra codigo: 2769-245-AG24 dirigida a BIOQUIMICA.CL.S.A.,Aceptada,Compra Agil,0,CLP,1853327.42,1853327.42,9693,nombre_o_rbd_unico,municipal_2024_Sem2.7z:1100488OCCompraAgil.csv
2024,2769-246-AG24,municipal,Educación,16-08-2024 0:00:00,Productos Químicos para Lab. Químico LCyT. Orden de Compra generada por invitación a compra ágil: 2769-271-COT24,Pre obligación 5/ 218. c.c 100217.sp4. Despachar en av. Goycolea 469 La Cisterna Liceo Ciencia y Tecnología. contacto Sr. Acharya Díaz. 958013934. Orden de Compra codigo: 2769-246-AG24 dirigida a DISTRIBUIDORA DE PRODUCTOS DE LABORATORIO Y EDUCACIONALES PRODELAB LIM,Aceptada,Compra Agil,0,CLP,764029.98,764029.98,9693,nombre_o_rbd_unico,municipal_2024_Sem2.7z:1100488OCCompraAgil.csv
2024,2769-247-AG24,municipal,Educación,14-08-2024 0:00:00,Colegio Palestino: Mantención y Reparación Baño de Estudiantes.  compra ágil: 2769-298-COT24,"Colegio Palestino, dirección: Avenida El Parrón 498, La Cisterna (entre calles Angamos y Santa María).  Contacto: Andrés Rojas - +56964659094 - SEP@COLEGIOPALESTINO.CL  ítem: 2206001 cc:000000 1 Gestión",Aceptada,Compra Agil,0,CLP,1071000.0,1071000.0,9700,nombre_o_rbd_unico,municipal_2024_Sem2.7z:1100488OCCompraAgil.csv
2024,2769-248-AG24,municipal,Educación,21-08-2024 0:00:00,COL.PALESTINO: SOUNDBAR compra ágil: 2769-303-COT24,"Colegio Palestino: Dirección, Avenida El Parrón 498, La Cisterna (entre calles Angamos y Santa María.  HORARIO: Lunes a Jueves 8:00 a 17:00 horas, viernes 8:00 a 13:00 horas.  Contacto: Andrés Rojas - +56964659094 - SEP@COLEGIOPALESTINO.CL  Ítem: 2152906001 Cc:100203 Subprog: 4 Ley SEP. ",Aceptada,Compra Agil,0,CLP,549780.0,549780.0,9700,nombre_o_rbd_unico,municipal_2024_Sem2.7z:1100488OCCompraAgil.csv
2024,2769-249-AG24,municipal,Educación,20-08-2024 0:00:00,"Sillas de escritorio, Esperanza Joven","Adquisición de tres sillas de escritorio, según características detalladas en informe de puesto de trabajo de la ACHS.",Aceptada,Compra Agil,0,CLP,197540.0,197540.0,9703,nombre_o_rbd_unico,municipal_2024_Sem2.7z:1100488OCCompraAgil.csv
2024,2769-25-AG24,municipal,Educación,19-04-2024 0:00:00,Materiales para Esp. De Telecomunicaciones LCyT. Orden de Compra generada por invitación a compra ágil: 2769-30-COT24,"Pre Obligación N° 5/37 c.c 100217 Ley Sep. despachar en Av. Goycolea 469, La Cisterna Liceo Politécnico Ciencia y Tecnología, contacto Rafael Rojas 986640256. Orden de Compra codigo: 2769-25-AG24 dirigida a SYSTELEC ELECTRONICA LTDA",Aceptada,Compra Agil,0,CLP,897246.91,897246.91,9693,nombre_o_rbd_unico,municipal_2024_Sem1.7z:1100488OCCompraAgil.csv
2024,2769-250-SE24,municipal,Educación,20-08-2024 0:00:00,programa creo activate,Habilidades socio educativas colegio naciones unidas,Aceptada,Trato Directo,1,CLP,6650000.0,6650000.0,9699,nombre_o_rbd_unico,municipal_2024_Sem2.7z:1100488OCTratoDirecto.csv
2024,2769-251-SE24,municipal,Educación,20-08-2024 0:00:00,Reforzamiento de matemáticas para colegios,Adquisición de reforzamiento del plan de mejora de colegios de la comuna de la Cisterna,Aceptada,Trato Directo,1,CLP,4800000.0,4800000.0,,unidad_educacion_sin_rbd_unico,municipal_2024_Sem2.7z:1100488OCTratoDirecto.csv
2024,2769-252-AG24,municipal,Educación,21-08-2024 0:00:00,Orden de Compra generada por invitación a compra ágil: 2769-284-COT24,Orden de Compra codigo: 2769-252-AG24 dirigida a NAKEMA SPA,Aceptada,Compra Agil,0,CLP,1487500.0,1487500.0,9722,nombre_o_rbd_unico,municipal_2024_Sem2.7z:1100488OCCompraAgil.csv
2024,2769-253-AG24,municipal,Educación,20-08-2024 0:00:00,"Arriendo buses para salidas pedagógicas , compra ágil: 2769-309-COT24",Arriendo de 9 buses en fechas ya descritas.Orden de Compra codigo: 2769-253-AG24 dirigida a PLUSS MINERIA SPA Para pago parcial o total según acordado.,Aceptada,Compra Agil,0,CLP,1215000.0,1215000.0,9703,nombre_o_rbd_unico,municipal_2024_Sem2.7z:1100488OCCompraAgil.csv
2024,2769-254-AG24,municipal,Educación,21-08-2024 0:00:00,Orden de Compra generada por invitación a compra ágil: 2769-315-COT24,Orden de Compra codigo: 2769-254-AG24 dirigida a BONES SPA  pre obligacion 5/244 item 29.04 c.c 100202,Aceptada,Compra Agil,0,CLP,1354958.99,1354958.99,9699,nombre_o_rbd_unico,municipal_2024_Sem2.7z:1100488OCCompraAgil.csv
2024,2769-256-AG24,municipal,Educación,21-08-2024 0:00:00,salida pedagógica parque en el aire 7° básico olof,"pre-obligación 5/213 fuente de financiamiento LEY SEP los alumnos tendrán derecho a ingreso al parque, a todas las actividades a realizar, desayuno y almuerzo",Aceptada,Compra Agil,0,CLP,1779999.62,1779999.62,,unidad_educacion_sin_rbd_unico,municipal_2024_Sem2.7z:1100488OCCompraAgil.csv
2024,2769-257-AG24,municipal,Educación,22-08-2024 0:00:00,traslado salida pedagógica 7°-8°básico y 3° medio olof,pre-obligación 5/211 fuente de financiamiento LEY SEP los alumnos deberán ser retirados del establecimiento ubicado en Julio Covarrubias 9370 de La Cisterna con dirección a Doñihue secta región  los días 9-10 y 12 de septiembre a las 08:15 y su regreso desde Doñihue secta región al establecimiento a las 18:00 hrs,Aceptada,Compra Agil,0,CLP,1050000.0,1050000.0,,unidad_educacion_sin_rbd_unico,municipal_2024_Sem2.7z:1100488OCCompraAgil.csv
2024,2769-258-AG24,municipal,Educación,22-08-2024 0:00:00,Orden de Compra generada por invitación a compra ágil: 2769-313-COT24,Orden de Compra codigo: 2769-258-AG24 dirigida a EDUENTRETENCION DOS S.A. PRE OBLIGACION 5/243 22.04.999 c.c.100202,Aceptada,Compra Agil,0,CLP,348950.0,348950.0,9699,nombre_o_rbd_unico,municipal_2024_Sem2.7z:1100488OCCompraAgil.csv
2024,2769-26-AG24,municipal,Educación,10-04-2024 0:00:00,Material de enseñanza LCyT. Orden de Compra generada por invitación a compra ágil: 2769-23-COT24,"Pre Obligación N° 5/33 c.c 100217 Ley Sep. despachar en Av Goycolea 469, La Cisterna Liceo Politécnico Ciencia y Tecnología, contacto Rafael Rojas 986640256Orden de Compra codigo: 2769-26-AG24 dirigida a SOCIEDAD COMERCIAL LICIFAST LIMITADA",Aceptada,Compra Agil,0,CLP,272557.6,272557.6,9693,nombre_o_rbd_unico,municipal_2024_Sem1.7z:1100488OCCompraAgil.csv
2024,2769-260-AG24,municipal,Educación,22-08-2024 0:00:00,colaciones salidas pedagógicas,pre-obligación 5/212 fuente de financiamiento LEY SEP los productos deberán ser entregados en dependencias del Liceo ubicado en Julio Covarrubias 9730 de La Cisterna ,Aceptada,Compra Agil,0,CLP,969225.25,969225.25,,unidad_educacion_sin_rbd_unico,municipal_2024_Sem2.7z:1100488OCCompraAgil.csv
2024,2769-261-AG24,municipal,Educación,22-08-2024 0:00:00,Instrumentos y dispositivos  de enseñanza LCyT. Orden de Compra generada por invitación a compra ágil: 2769-324-COT24,"Pre Obligación 5/237. C.C100217 SP4. DESPACHAR EN AV. GOYCOLEA 469 LA CISTERNA, LICEO CIENCIA Y TECNOLOGIA CONTACTO ACHARYA DÍAZ 95801 3934.. Orden de Compra codigo: 2769-261-AG24 dirigida a SYSTELEC ELECTRONICA LTDA",Aceptada,Compra Agil,0,CLP,1356968.9,1356968.9,9693,nombre_o_rbd_unico,municipal_2024_Sem2.7z:1100488OCCompraAgil.csv
2024,2769-262-AG24,municipal,Educación,23-08-2024 0:00:00,Software de enseñanza simulación entrenamiento industrial LCyT. Orden de Compra generada por invitación a compra ágil: 2769-323-COT24,Pre obligación 5/236. C.C 100217. SP4. Despachar en av. Goycolea 469La Cisterna Liceo Ciencia y Tecnología. contacto Sr. Acharya Díaz. 958013934. Orden de Compra codigo: 2769-262-AG24 dirigida a PAYELEC S A,Aceptada,Compra Agil,0,CLP,1949956.61,1949956.61,9693,nombre_o_rbd_unico,municipal_2024_Sem2.7z:1100488OCCompraAgil.csv
2024,2769-263-AG24,municipal,Educación,23-08-2024 0:00:00,Materiales de enseñanza de circuitos eléctricos LCyT. Orden de Compra generada por invitación a compra ágil: 2769-322-COT24,Pre obligación 5/ 216. C.C 100217.sp4. Despachar en av. Goycolea 469La Cisterna Liceo Ciencia y Tecnología. contacto Sr. Acharya Díaz. 958013934.Orden de Compra codigo: 2769-263-AG24 dirigida a LUIS ANTONIO GUZMÁN BELTRÁN,Aceptada,Compra Agil,0,CLP,774618.6,774618.6,9693,nombre_o_rbd_unico,municipal_2024_Sem2.7z:1100488OCCompraAgil.csv
2024,2769-264-AG24,municipal,Educación,23-08-2024 0:00:00,Insumos y materiales para la enseñanza LCyT. Orden de Compra generada por invitación a compra ágil: 2769-321-COT24,"Pre obligación 5/ 215. c.c 100217.sp4. Despachar en av. Goycolea 469. La Cisterna Liceo Ciencia y Tecnología. contacto Sr. Acharya Díaz. 958013934. Orden de Compra codigo: 2769-264-AG24 dirigida a KORBUX INGENIERÍA, INSTALACIONES, SUMINISTROS E INSUMOS LIMITADA",Aceptada,Compra Agil,0,CLP,1799999.95,1799999.95,9693,nombre_o_rbd_unico,municipal_2024_Sem2.7z:1100488OCCompraAgil.csv
2024,2769-265-AG24,municipal,Educación,23-08-2024 0:00:00,reparación baños alumnos(as) olof,pre-obligación 5/134 fuente de financiamiento unidad de mantenimiento el trabajo se deberá realizar en los baños del establecimiento en las fechas que se indican,Aceptada,Compra Agil,0,CLP,1350650.0,1350650.0,,unidad_educacion_sin_rbd_unico,municipal_2024_Sem2.7z:1100488OCCompraAgil.csv
2024,2769-266-AG24,municipal,Educación,23-08-2024 0:00:00,cuadernos alumnos olof,pre-obligación5/63 fuente de financiamiento LEY SEP los productos deberán ser entregados en dependencias del liceo ubicado en julio Covarrubias 9370 de La Cisterna,Aceptada,Compra Agil,0,CLP,695773.96,695773.96,,unidad_educacion_sin_rbd_unico,municipal_2024_Sem2.7z:1100488OCCompraAgil.csv
2024,2769-267-AG24,municipal,Educación,23-08-2024 0:00:00,Materiales eléctricos para la enseñanza en los laboratorios LCyT. Orden de Compra generada por invitación a compra ágil: 2769-332-COT24,Pre obligación 5/ 214. c.c 100217.sp4. Despachar en av. Goycolea 469. La Cisterna Liceo Ciencia y Tecnología. contacto Sr. Acharya Díaz. 958013934.Orden de Compra codigo: 2769-267-AG24 dirigida a SYSTELEC ELECTRONICA LTDA,Aceptada,Compra Agil,0,CLP,425693.94,425693.94,9693,nombre_o_rbd_unico,municipal_2024_Sem2.7z:1100488OCCompraAgil.csv
2024,2769-268-AG24,municipal,Educación,23-08-2024 0:00:00,Calculadoras y discos ssd para la enseñanza LCyT. Orden de Compra generada por invitación a compra ágil: 2769-319-COT24,Pre obligación 5/ 185. c.c 100217.sp4. Despachar en av. Goycolea 469La Cisterna Liceo Ciencia y Tecnología. contacto Sr. Acharya Díaz. 958013934. Orden de Compra codigo: 2769-268-AG24 dirigida a IMPORTADORA KYRIOS SPA,Aceptada,Compra Agil,0,CLP,1798090.0,1798090.0,9693,nombre_o_rbd_unico,municipal_2024_Sem2.7z:1100488OCCompraAgil.csv
2024,2769-27-AG24,municipal,Educación,10-04-2024 0:00:00,Orden de Compra generada por invitación a compra ágil: 2769-33-COT24,Orden de Compra codigo: 2769-27-AG24 dirigida a ENTIDAD DE GESTION INMOBILIARIA SOCIAL Y PRESTADORA DE SERVICIOS DE ASISTENCIA TECNICA Y DE GESTION ACROPOLIS SPA,Aceptada,Compra Agil,0,CLP,1808800.0,1808800.0,9722,nombre_o_rbd_unico,municipal_2024_Sem1.7z:1100488OCCompraAgil.csv
2024,2769-271-AG24,municipal,Educación,26-08-2024 0:00:00,Orden de Compra generada por invitación a compra ágil: 2769-335-COT24,Orden de Compra codigo: 2769-271-AG24 dirigida a MIGUEL ANTONIO OLEA BECERRA item 22.01.001 pre obligacion  5/243 cc100202,Aceptada,Compra Agil,0,CLP,116899.65,116899.65,9699,nombre_o_rbd_unico,municipal_2024_Sem2.7z:1100488OCCompraAgil.csv
2024,2769-272-AG24,municipal,Educación,26-08-2024 0:00:00,COL.PALESTINO: Compra de TOLDOS compra ágil: 2769-334-COT24,"Colegio Palestino: Dirección, Avenida El Parrón 498, La Cisterna. Entre calles Angamos y Santa María. HORARIO: Lunes a Jueves 8:00 a 17:00 horas, viernes 8:00 a 13:00 horas.  Contacto: Andrés Rojas - +56964659094 - SEP@COLEGIOPALESTINO.CL  ítem: 2152904 cc: 100905 Subprog: 6 Unidad de Mantenimiento",Aceptada,Compra Agil,0,CLP,196350.0,196350.0,9700,nombre_o_rbd_unico,municipal_2024_Sem2.7z:1100488OCCompraAgil.csv
2024,2769-273-AG24,municipal,Educación,26-08-2024 0:00:00,Orden de Compra generada por invitación a compra ágil: 2769-336-COT24,Orden de Compra codigo: 2769-273-AG24 dirigida a COMERCIALIZADORA IMPORTADORA MARIPOSA LIMITADA,Aceptada,Compra Agil,0,CLP,1899986.13,1899986.13,,unidad_educacion_sin_rbd_unico,municipal_2024_Sem2.7z:1100488OCCompraAgil.csv
2024,2769-275-AG24,municipal,Educación,28-08-2024 0:00:00,salida pedagógica parque en el aire 6° básico olof,pre-obligación 5/213 fuente de financiamiento LEY SEP los alumnos tendrán derecho a todas las actividades que se desarrollaran en el recinto de parque en el aire,Aceptada,Compra Agil,0,CLP,1780000.81,1780000.81,,unidad_educacion_sin_rbd_unico,municipal_2024_Sem2.7z:1100488OCCompraAgil.csv
2024,2769-276-AG24,municipal,Educación,05-09-2024 0:00:00,confección de reja de seguridad patio de media olos,pre-obligación 5/134 fuente de financiamiento Unidad de Mantención el trabajo se deberá realizar en las dependencias del liceo ubicado en Julio Covarrubias 9370 de La Cisterna,Aceptada,Compra Agil,0,CLP,1190000.0,1190000.0,,unidad_educacion_sin_rbd_unico,municipal_2024_Sem2.7z:1100488OCCompraAgil.csv
2024,2769-278-AG24,municipal,Educación,27-08-2024 0:00:00,Orden de Compra generada por invitación a compra ágil: 2769-339-COT24,Orden de Compra codigo: 2769-278-AG24 dirigida a IMPORTADORA Y COMERCIALIZADORA UGARIT LIMITADA,Aceptada,Compra Agil,0,CLP,142205.0,142205.0,,unidad_educacion_sin_rbd_unico,municipal_2024_Sem2.7z:1100488OCCompraAgil.csv
2024,2769-279-AG24,municipal,Educación,28-08-2024 0:00:00,Orden de Compra generada por invitación a compra ágil: 2769-341-COT24,Orden de Compra codigo: 2769-279-AG24 dirigida a NELSON JORGE MIRANDA MUÑOZ  item 22.09.003 pre obligacion 5/199 c.c.100202,Aceptada,Compra Agil,0,CLP,200000.0,200000.0,9699,nombre_o_rbd_unico,municipal_2024_Sem2.7z:1100488OCCompraAgil.csv
2024,2769-28-AG24,municipal,Educación,12-04-2024 0:00:00,Orden de Compra generada por invitación a compra ágil: 2769-38-COT24,Orden de Compra codigo: 2769-28-AG24 dirigida a ELECTRICIDAD MILTELEC COMPANIA LIMITADA,Aceptada,Compra Agil,0,CLP,837165.0,837165.0,,unidad_educacion_sin_rbd_unico,municipal_2024_Sem1.7z:1100488OCCompraAgil.csv
2024,2769-280-AG24,municipal,Educación,09-09-2024 0:00:00,Tóner y tintas LCyT. Orden de Compra generada por invitación a compra ágil: 2769-325-COT24,Pre obligación 5/ 290. c.c 100217.sp4. Despachar en av. Goycolea 469La Cisterna Liceo Ciencia y Tecnología. contacto Sr. Acharya Díaz. 958013934. Orden de Compra codigo: 2769-280-AG24 dirigida a DCV COMPUTACION LIMITADA,Aceptada,Compra Agil,0,CLP,1043154.0,1043154.0,9693,nombre_o_rbd_unico,municipal_2024_Sem2.7z:1100488OCCompraAgil.csv
2024,2769-281-AG24,municipal,Educación,28-08-2024 0:00:00,transporte salida pedagógica 6° básico olof,pre-obligación 5/211 fuente de financiamiento LEY SEP el transporte deberá retirar a los alumnos desde el establecimiento ubicado en Julio Covarrubias 9370 de La Cisterna el día 04-08-2024 con dirección a Doñihue secta región en horario de 08:15 con regreso a las 18:00 18:00 ,Aceptada,Compra Agil,0,CLP,350000.0,350000.0,9701,nombre_o_rbd_unico,municipal_2024_Sem2.7z:1100488OCCompraAgil.csv
2024,2769-282-CM24,municipal,Educación,28-08-2024 0:00:00,Orden de Compra: 2769-282-CM24,Orden de Compra codigo: 2769-282-CM24 dirigida a SURTI VENTAS S.A.,Aceptada,Convenio Marco,0,CLP,2652348.16,2652348.16,,unidad_educacion_sin_rbd_unico,municipal_2024_Sem2.7z:1100488OCConvenioMarco.csv
2024,2769-283-AG24,municipal,Educación,29-08-2024 0:00:00,Orden de Compra generada por invitación a compra ágil: 2769-340-COT24,Orden de Compra codigo: 2769-283-AG24 dirigida a LABORATORIOS RECALCINE SA,Aceptada,Compra Agil,0,CLP,208133.38,208133.38,,unidad_educacion_sin_rbd_unico,municipal_2024_Sem2.7z:1100488OCCompraAgil.csv
2024,2769-284-AG24,municipal,Educación,02-09-2024 0:00:00,"Adquisición de materilaes electricos Colegio Esperanza, compra ágil: 2769-326-COT24",Adquisición de materiales eléctricos para mantención. Orden de Compra codigo: 2769-284-AG24 dirigida a LESMAR SPA,Aceptada,Compra Agil,0,CLP,1137169.95,1137169.95,,unidad_educacion_sin_rbd_unico,municipal_2024_Sem2.7z:1100488OCCompraAgil.csv
2024,2769-287-AG24,municipal,Educación,30-08-2024 0:00:00,Orden de Compra generada por invitación a compra ágil: 2769-344-COT24,Orden de Compra codigo: 2769-287-AG24 dirigida a LIBRERIA LOS GONZALEZ SPA item 22.04.002 c.c 100202 pre obligacion 5/275,Aceptada,Compra Agil,0,CLP,1899240.0,1899240.0,,unidad_educacion_sin_rbd_unico,municipal_2024_Sem2.7z:1100488OCCompraAgil.csv
2024,2769-288-CM24,municipal,Educación,30-08-2024 0:00:00,Orden de Compra: 2769-288-CM24,Orden de Compra codigo: 2769-288-CM24 dirigida a MG PUBLICIDAD Y EVENTOS SPA,Aceptada,Convenio Marco,0,CLP,2651938.8,2651938.8,,unidad_educacion_sin_rbd_unico,municipal_2024_Sem2.7z:1100488OCConvenioMarco.csv
2024,2769-289-CM24,municipal,Educación,30-08-2024 0:00:00,Orden de Compra: 2769-289-CM24,Orden de Compra codigo: 2769-289-CM24 dirigida a ROLAND VORWERK Y COMPANIA LIMITADA,Aceptada,Convenio Marco,0,CLP,2304565.9,2304565.9,,unidad_educacion_sin_rbd_unico,municipal_2024_Sem2.7z:1100488OCConvenioMarco.csv
2024,2769-29-AG24,municipal,Educación,12-04-2024 0:00:00,Orden de Compra generada por invitación a compra ágil: 2769-39-COT24,Orden de Compra codigo: 2769-29-AG24 dirigida a MARICEL MARGARITA CRUZ CASTRO ,Aceptada,Compra Agil,0,CLP,880600.0,880600.0,,unidad_educacion_sin_rbd_unico,municipal_2024_Sem1.7z:1100488OCCompraAgil.csv
2024,2769-290-AG24,municipal,Educación,02-09-2024 0:00:00,Trabajos de pintura en Laboratorios LCyT. Orden de Compra generada por invitación a compra ágil: 2769-343-COT24,Pre obligación 5/271 . c.c 100903.sp6 Unidad de Mantenimiento. Despachar en av. Goycolea 469La Cisterna Liceo Ciencia y Tecnología. contacto Sr. Jonathan Aguayo. .Orden de Compra codigo: 2769-290-AG24 dirigida a F Y R PROYECTOS SPA,Aceptada,Compra Agil,0,CLP,1072071.0,1072071.0,9693,nombre_o_rbd_unico,municipal_2024_Sem2.7z:1100488OCCompraAgil.csv
2024,2769-292-AG24,municipal,Educación,02-09-2024 0:00:00,Arriendo de trasporte para salidas pedagógicas LCyT. Orden de Compra generada por invitación a compra ágil: 2769-356-COT24,Pre obligación 5/ 154. c.c 100217.sp4. Despachar en av. Goycolea 469La Cisterna Liceo Ciencia y Tecnología. contacto Sr. Acharya Díaz. 958013934.Orden de Compra codigo: 2769-292-AG24 dirigida a TRANSPORTES EL ARCA SPA,Aceptada,Compra Agil,0,CLP,600000.0,600000.0,9693,nombre_o_rbd_unico,municipal_2024_Sem2.7z:1100488OCCompraAgil.csv
2024,2769-293-AG24,municipal,Educación,02-09-2024 0:00:00,Orden de Compra generada por invitación a compra ágil: 2769-352-COT24,Orden de Compra codigo: 2769-293-AG24 dirigida a KIMMY PUBLICIDAD SPA pre obligacion  5/278 item 29.04 c.c. 100202,Aceptada,Compra Agil,0,CLP,535488.1,535488.1,9699,nombre_o_rbd_unico,municipal_2024_Sem2.7z:1100488OCCompraAgil.csv
2024,2769-294-AG24,municipal,Educación,02-09-2024 0:00:00,Orden de Compra generada por invitación a compra ágil: 2769-350-COT24,"Orden de Compra codigo: 2769-294-AG24 dirigida a INVERSIONES SANA SPA pre obligacion 5/276 item 22.04.002 c,c 100202",Aceptada,Compra Agil,0,CLP,1035335.7,1035335.7,9699,nombre_o_rbd_unico,municipal_2024_Sem2.7z:1100488OCCompraAgil.csv
2024,2769-295-AG24,municipal,Educación,02-09-2024 0:00:00,Orden de Compra generada por invitación a compra ágil: 2769-346-COT24,Orden de Compra codigo: 2769-295-AG24 dirigida a DIEGO HUMBERTO BARAHONA SOTO,Aceptada,Compra Agil,0,CLP,1547000.0,1547000.0,9730,nombre_o_rbd_unico,municipal_2024_Sem2.7z:1100488OCCompraAgil.csv
2024,2769-296-AG24,municipal,Educación,03-09-2024 0:00:00,Orden de Compra generada por invitación a compra ágil: 2769-359-COT24,Orden de Compra codigo: 2769-296-AG24 dirigida a J RAVERA Y COMPANIA LIMITADA pre obigacion 5/274 item 22.04.010 c.c 100901 ,Aceptada,Compra Agil,0,CLP,235501.0,235501.0,9699,nombre_o_rbd_unico,municipal_2024_Sem2.7z:1100488OCCompraAgil.csv
2024,2769-297-AG24,municipal,Educación,05-09-2024 0:00:00,Orden de Compra generada por invitación a compra ágil: 2769-333-COT24,Orden de Compra codigo: 2769-297-AG24 dirigida a MARVAL DESARROLLOS CONSTRUCTIVOS SPA,Aceptada,Compra Agil,0,CLP,1643806.5,1643806.5,,unidad_educacion_sin_rbd_unico,municipal_2024_Sem2.7z:1100488OCCompraAgil.csv
2024,2769-298-AG24,municipal,Educación,04-09-2024 0:00:00,Orden de Compra generada por invitación a compra ágil: 2769-358-COT24,Orden de Compra codigo: 2769-298-AG24 dirigida a COMERCIALIZADORA DOCENORTE SPA,Aceptada,Compra Agil,0,CLP,1773100.0,1773100.0,9730,nombre_o_rbd_unico,municipal_2024_Sem2.7z:1100488OCCompraAgil.csv
2024,2769-299-AG24,municipal,Educación,04-09-2024 0:00:00,Trabajos eléctricos en Laboratorios LCyT. Orden de Compra generada por invitación a compra ágil: 2769-345-COT24,"Pre Obligación N° 5/272   c.c 100903 U. Mantenimiento. despachar en Av Goycolea 469, La Cisterna Liceo Politécnico Ciencia y Tecnología, contacto Jonathan Aguayo.  Orden de Compra codigo: 2769-299-AG24 dirigida a MIGUEL ENRIQUE SANDOVAL OYARCE",Aceptada,Compra Agil,0,CLP,1949220.0,1949220.0,9693,nombre_o_rbd_unico,municipal_2024_Sem2.7z:1100488OCCompraAgil.csv
2024,2769-30-AG24,municipal,Educación,12-04-2024 0:00:00,Orden de Compra generada por invitación a compra ágil: 2769-40-COT24,Orden de Compra codigo: 2769-30-AG24 dirigida a SOCIEDAD COMERCIAL VERCON SOCIEDAD POR ACCIONES SPA,Aceptada,Compra Agil,0,CLP,961044.0,961044.0,,unidad_educacion_sin_rbd_unico,municipal_2024_Sem1.7z:1100488OCCompraAgil.csv
2024,2769-300-AG24,municipal,Educación,04-09-2024 0:00:00,Orden de Compra generada por invitación a compra ágil: 2769-361-COT24,Orden de Compra codigo: 2769-300-AG24 dirigida a FUND PARA EL FUNCIONAM DESARROLLO Y PROM pre obligacion 5/243 tiem 22.04.999 c.c 100202,Aceptada,Compra Agil,0,CLP,648000.0,648000.0,9699,nombre_o_rbd_unico,municipal_2024_Sem2.7z:1100488OCCompraAgil.csv
2024,2769-301-AG24,municipal,Educación,05-09-2024 0:00:00,Orden de Compra generada por invitación a compra ágil: 2769-307-COT24,Orden de Compra codigo: 2769-301-AG24 dirigida a ENTIDAD DE GESTION INMOBILIARIA SOCIAL Y PRESTADORA DE SERVICIOS DE ASISTENCIA TECNICA Y DE GESTION ACROPOLIS SPA,Aceptada,Compra Agil,0,CLP,1725500.0,1725500.0,9706,nombre_o_rbd_unico,municipal_2024_Sem2.7z:1100488OCCompraAgil.csv
2024,2769-303-AG24,municipal,Educación,04-09-2024 0:00:00,Arriendo de bus salida pedagógica LCyT. Orden de Compra generada por invitación a compra ágil: 2769-363-COT24,Pre obligación 5/ 154. c.c 100217.sp4. Despachar en av. Goycolea 469La Cisterna Liceo Ciencia y Tecnología. contacto Rafael Rojas .Orden de Compra codigo: 2769-303-AG24 dirigida a BUSES JEREZ SPA,Aceptada,Compra Agil,0,CLP,150000.0,150000.0,9693,nombre_o_rbd_unico,municipal_2024_Sem2.7z:1100488OCCompraAgil.csv
2024,2769-304-AG24,municipal,Educación,05-09-2024 0:00:00,Orden de Compra generada por invitación a compra ágil: 2769-362-COT24,Orden de Compra codigo: 2769-304-AG24 dirigida a BUSES JEREZ SPA pre obligacion 5/199 item 22.09.003 c.c 100202,Aceptada,Compra Agil,0,CLP,1020000.0,1020000.0,9699,nombre_o_rbd_unico,municipal_2024_Sem2.7z:1100488OCCompraAgil.csv
2024,2769-305-AG24,municipal,Educación,05-09-2024 0:00:00,Orden de Compra generada por invitación a compra ágil: 2769-365-COT24,Orden de Compra codigo: 2769-305-AG24 dirigida a SOCIEDAD COMERCIAL DISTRIBUCION GLOBAL LIMITADA,Aceptada,Compra Agil,0,CLP,1418718.0,1418718.0,,unidad_educacion_sin_rbd_unico,municipal_2024_Sem2.7z:1100488OCCompraAgil.csv
2024,2769-306-AG24,municipal,Educación,06-09-2024 0:00:00,salida pedagógica 3° medio olof,pre-obligación 5/213 fuente de financiamiento LEY SEP los alumnos tendrán derecho a participar en todas las actividades del parque,Aceptada,Compra Agil,0,CLP,1334999.12,1334999.12,,unidad_educacion_sin_rbd_unico,municipal_2024_Sem2.7z:1100488OCCompraAgil.csv
2024,2769-307-AG24,municipal,Educación,09-09-2024 0:00:00,COL.PALESTINO: Cables de Redes compra ágil: 2769-366-COT24,"Colegio Palestino: Dirección, Avenida El Parrón 498, La Cisterna (entre calles Angamos y Santa María.  HORARIO: Lunes a Jueves 8:00 a 17:00 horas, viernes 8:00 a 13:00 horas.  Contacto: Andrés Rojas - +56964659094 - SEP@COLEGIOPALESTINO.CL  ítem: 2906001 cc:100203 Subprog: 4 Ley SEP. ",Aceptada,Compra Agil,0,CLP,292687.64,292687.64,9700,nombre_o_rbd_unico,municipal_2024_Sem2.7z:1100488OCCompraAgil.csv
2024,2769-308-AG24,municipal,Educación,09-09-2024 0:00:00,Arriendo de transporte salida pedagógica LCyT. Orden de Compra generada por invitación a compra ágil: 2769-371-COT24,Pre-Obligación Presupuestaria 5/288 PRO RETENCIÓN C.C. 100707. SP7.  Despachar en av. Goycolea 469. La Cisterna Liceo Ciencia y Tecnología. contacto Sr. Acharya Díaz. 958013934. Orden de Compra codigo: 2769-308-AG24 dirigida a BUSES JEREZ SPA,Aceptada,Compra Agil,0,CLP,900000.0,900000.0,9693,nombre_o_rbd_unico,municipal_2024_Sem2.7z:1100488OCCompraAgil.csv
2024,2769-309-AG24,municipal,Educación,08-09-2024 0:00:00,salida pedagógica 8° básico,pre-obligación 5/213 fuente de financiamiento LEY SEP los alumnos tendrán derecho a participar en todas las actividades del parque,Aceptada,Compra Agil,0,CLP,1949999.45,1949999.45,,unidad_educacion_sin_rbd_unico,municipal_2024_Sem2.7z:1100488OCCompraAgil.csv
2024,2769-31-AG24,municipal,Educación,12-04-2024 0:00:00,reparación fotocopiadora olof,pre-obligación 5/26 financiamiento mantenimiento el producto deberá ser reparado en dependencias del Liceo ubicado en Julio Covarrubias 9370 de La Cisterna,Aceptada,Compra Agil,0,CLP,262990.0,262990.0,,unidad_educacion_sin_rbd_unico,municipal_2024_Sem1.7z:1100488OCCompraAgil.csv
2024,2769-311-AG24,municipal,Educación,09-09-2024 0:00:00,"Entradas Expo Bodies Evolución, LCyT. Orden de Compra generada por invitación a compra ágil: 2769-375-COT24","Pre Obligación 5/289. C.C100707 SP7 Pro Retención. DESPACHAR EN AV. GOYCOLEA 469 LA CISTERNA, LICEO CIENCIA Y TECNOLOGIA CONTACTO ACHARYA DÍAZ 95801 3934..Orden de Compra codigo: 2769-311-AG24 dirigida a AET CHILE SPA.",Aceptada,Compra Agil,0,CLP,940000.0,940000.0,9693,nombre_o_rbd_unico,municipal_2024_Sem2.7z:1100488OCCompraAgil.csv
2024,2769-312-AG24,municipal,Educación,09-09-2024 0:00:00,Orden de Compra generada por invitación a compra ágil: 2769-357-COT24,Orden de Compra codigo: 2769-312-AG24 dirigida a SOCIEDAD ZERENE MARTINEZ Y COMPANIA LIMITADA,Aceptada,Compra Agil,0,CLP,239999.2,239999.2,9730,nombre_o_rbd_unico,municipal_2024_Sem2.7z:1100488OCCompraAgil.csv
2024,2769-313-AG24,municipal,Educación,11-09-2024 0:00:00,Orden de Compra generada por invitación a compra ágil: 2769-378-COT24,Orden de Compra codigo: 2769-313-AG24 dirigida a PINTURAS Y RENOVACIONES SOLÍS LIMITADA,Aceptada,Compra Agil,0,CLP,836559.29,836559.29,9701,nombre_o_rbd_unico,municipal_2024_Sem2.7z:1100488OCCompraAgil.csv
2024,2769-314-SE24,municipal,Educación,12-09-2024 0:00:00,Adquisición de Discos Duros y Memorias Ram LCyT. ORDEN DE COMPRA DESDE 2769-5-L124,"Pre Obligación N° 5/187 c.c 100217 Ley Sep. despachar en Av Goycolea 469, La Cisterna Liceo Politécnico Ciencia y Tecnología, contacto Rafael Rojas 986640256 Impresoras Discos Duros y Memorias Ram LCyT DESDE 2769-5-L124",Aceptada,Licitacion Publica,0,CLP,4911130.0,4911130.0,9693,nombre_o_rbd_unico,municipal_2024_Sem2.7z:1100488OCLicitacion.csv
2024,2769-315-AG24,municipal,Educación,12-09-2024 0:00:00,colaciones 5°básico,pre-obligación 5/212 fuente de financiamiento LEY SEP las colaciones se deberán servir a los alumnos dentro del recinto,Aceptada,Compra Agil,0,CLP,263999.12,263999.12,,unidad_educacion_sin_rbd_unico,municipal_2024_Sem2.7z:1100488OCCompraAgil.csv
2024,2769-316-AG24,municipal,Educación,12-09-2024 0:00:00,salida pedagógica 5° básico olof,pre-obligación 5/213 fuente de financiamiento LEY SEP los alumnos tendrán el derecho al ingreso del recinto y a participar en todas las actividades,Aceptada,Compra Agil,0,CLP,440000.0,440000.0,,unidad_educacion_sin_rbd_unico,municipal_2024_Sem2.7z:1100488OCCompraAgil.csv
2024,2769-317-AG24,municipal,Educación,12-09-2024 0:00:00,salida pedagogica 2° y 4° medio olof,pre-obligación 5/213 fuente de financiamiento LEY SEP los alumnos tendrán el derecho al ingreso al parque y a todas sus actividades,Aceptada,Compra Agil,0,CLP,1024999.36,1024999.36,,unidad_educacion_sin_rbd_unico,municipal_2024_Sem2.7z:1100488OCCompraAgil.csv
2024,2769-318-AG24,municipal,Educación,12-09-2024 0:00:00,Orden de Compra generada por invitación a compra ágil: 2769-379-COT24,Orden de Compra codigo: 2769-318-AG24 dirigida a MARCELA ELIZABETH SANTANA GUERRERO item 22.04.002 pre obligacion 5/293,Aceptada,Compra Agil,0,CLP,1211430.71,1211430.71,9699,nombre_o_rbd_unico,municipal_2024_Sem2.7z:1100488OCCompraAgil.csv
2024,2769-319-AG24,municipal,Educación,13-09-2024 0:00:00,"traslado salidas pedagógicas pre-kinder, kinder, 3° básico,2° y 4° medio",pre-obligación 5/211 fuente de financiamiento LEY SEP los alumnos deberán ser retirados desde el establecimiento ubicado en Julio Covarrubias 9370 de La Cisterna y trasladados ida y vuelta a los lugares señalados y los días solicitados la caducidad del servicio por cualquier evento que suceda se debera reagendar ,Aceptada,Compra Agil,0,CLP,1500000.0,1500000.0,,unidad_educacion_sin_rbd_unico,municipal_2024_Sem2.7z:1100488OCCompraAgil.csv
2024,2769-32-AG24,municipal,Educación,16-04-2024 0:00:00,COLEGIO PALESTINO: Limpieza de canaletas y bajadas de aguas lluvias: compra ágil: 2769-44-COT24,"Dirección Colegio Palestino: Avenida El Parrón 498b, La Cisterna (entre calles Angamos y Santa María)  Contacto: Andrés Eduardo Rojas - sep@colegiopalestino.cl - 964659094  Ítem: 22.06.001 Cc: 10.09.05 Subprog: 6 Unidad de Mantenimiento",Aceptada,Compra Agil,0,CLP,595000.0,595000.0,9700,nombre_o_rbd_unico,municipal_2024_Sem1.7z:1100488OCCompraAgil.csv
2024,2769-320-AG24,municipal,Educación,13-09-2024 0:00:00,Orden de Compra generada por invitación a compra ágil: 2769-368-COT24,Orden de Compra codigo: 2769-320-AG24 dirigida a GYP SERVICIOS SPA,Aceptada,Compra Agil,0,CLP,1190000.0,1190000.0,9701,nombre_o_rbd_unico,municipal_2024_Sem2.7z:1100488OCCompraAgil.csv
2024,2769-321-SE24,municipal,Educación,24-09-2024 0:00:00,SOFTWARE DE CONTABILIDAD REMUNERACIONES E INVENTARIO LCyT. ORDEN DE COMPRA DESDE 2769-8-L124,Pre obligación 5/ 209. c.c 100217.sp4. Despachar en av. Goycolea 469. La Cisterna Liceo Ciencia y Tecnología. contacto Sr. Jonathan Aguayo. SOFTWARE DE CONTABILIDAD REMUNERACIONES E INVENTAR DESDE 2769-8-L124,Aceptada,Licitacion Publica,0,CLP,3546200.0,3546200.0,9693,nombre_o_rbd_unico,municipal_2024_Sem2.7z:1100488OCLicitacion.csv
2024,2769-322-SE24,municipal,Educación,17-09-2024 0:00:00,Internet ,acceso internet Ciencia y tecnologia ,Aceptada,Trato Directo,1,CLF,,,9693,nombre_o_rbd_unico,municipal_2024_Sem2.7z:1100488OCTratoDirecto.csv
2024,2769-323-AG24,municipal,Educación,23-09-2024 0:00:00,colaciones salida pedagógica pre-kinder y kinder,pre-obligación 5/212 fuente de financiamiento LEY SEP las colaciones deberán ser entregadas dentro del recinto del parque zoológico Buin zoo,Aceptada,Compra Agil,0,CLP,260020.95,260020.95,,unidad_educacion_sin_rbd_unico,municipal_2024_Sem2.7z:1100488OCCompraAgil.csv
2024,2769-324-AG24,municipal,Educación,23-09-2024 0:00:00,salida pedagógica pre-kínder y kínder,pre-obligación 5/213 fuente de financiamiento LEY SEP los alumnos tendran el derecho al ingreso al recinto y a todas sus actividades,Aceptada,Compra Agil,0,CLP,333408.0,333408.0,,unidad_educacion_sin_rbd_unico,municipal_2024_Sem2.7z:1100488OCCompraAgil.csv
2024,2769-325-CM24,municipal,Educación,23-09-2024 0:00:00,COL.PALESTINO: 10 NOTEBOOK Orden de Compra: 2769-325-CM24,"DIRECCIÓN: Avenida El Parrón 498b, La Cisterna (Entre Calles Angamos y Santa María). CONTACTO: Andrés Rojas, Fono: 964659094, sep@colegiopalestino.cl  ítem: 2906001 Cc: 10.02.03  Subprog: 4 Ley SEP.  Valor dólar 23/09/24: 927,15. total: $5.008.909.- ",Aceptada,Convenio Marco,0,USD,,,,unidad_educacion_sin_rbd_unico,municipal_2024_Sem2.7z:1100488OCConvenioMarco.csv
2024,2769-326-AG24,municipal,Educación,25-09-2024 0:00:00,Orden de Compra generada por invitación a compra ágil: 2769-306-COT24,Orden de Compra codigo: 2769-326-AG24 dirigida a COMERCIALIZADORA E IMPORTADORA ALTO PIRQUE LIMITADA,Aceptada,Compra Agil,0,CLP,1969973.6,1969973.6,9730,nombre_o_rbd_unico,municipal_2024_Sem2.7z:1100488OCCompraAgil.csv
2024,2769-327-AG24,municipal,Educación,26-09-2024 0:00:00,COL.PALESTINO: MATERIAL DE ENSEÑANZA PRO-RETENCIÓN 2024 compra ágil: 2769-391-COT24,"Colegio Palestino: Dirección, Avenida El Parrón 498, La Cisterna (entre calles Angamos y Santa María).  HORARIO: Lunes a Jueves 8:00 a 17:00 horas, viernes 8:00 a 13:00 horas.  Contacto: Andrés Rojas - +56964659094 - SEP@COLEGIOPALESTINO.CL  Ítem: 2204002 Cc: 100709 subprog: 7 Pro-retención ítem:  cc:",Aceptada,Compra Agil,0,CLP,1306790.17,1306790.17,9700,nombre_o_rbd_unico,municipal_2024_Sem2.7z:1100488OCCompraAgil.csv
2024,2769-329-AG24,municipal,Educación,25-09-2024 0:00:00,"Audífonos, Colegio Esperanza Joven",Adquisición de audífonos para computadores en sala de enlaces del Colegio Esperanza Joven.,Aceptada,Compra Agil,0,CLP,226576.0,226576.0,9703,nombre_o_rbd_unico,municipal_2024_Sem2.7z:1100488OCCompraAgil.csv
2024,2769-33-AG24,municipal,Educación,17-04-2024 0:00:00,COLEGIO PALESTINO: Materiales para Mantenimiento compra ágil: 2769-43-COT24,"Colegio Palestino: Ubicado en Avenida El Parrón 498b, La Cisterna (entre calles Angamos y Santa María).  Contacto: Andrés Eduardo Rojas - 964659094 - sep@colegiopalestino.cl  ítem: 22.04.010 Sub.prog: 6 Unidad de Mantenimiento.  Cc: 100905 ",Aceptada,Compra Agil,0,CLP,473263.0,473263.0,9700,nombre_o_rbd_unico,municipal_2024_Sem1.7z:1100488OCCompraAgil.csv
2024,2769-330-AG24,municipal,Educación,26-09-2024 0:00:00,Orden de Compra generada por invitación a compra ágil: 2769-364-COT24,Orden de Compra codigo: 2769-330-AG24 dirigida a COMERCIAL RED OFFICE LIMITADA,Aceptada,Compra Agil,0,CLP,1873610.97,1873610.97,9730,nombre_o_rbd_unico,municipal_2024_Sem2.7z:1100488OCCompraAgil.csv
2024,2769-331-AG24,municipal,Educación,26-09-2024 0:00:00,materiales para alumnos olof,pre-obligación 5/63 fuente de financiamiento LEY SEP los materiales deberán ser entregados en dependencias del liceo ubicado en Julio Covarrubias 9370 de La Cisterna,Aceptada,Compra Agil,0,CLP,390105.8,390105.8,,unidad_educacion_sin_rbd_unico,municipal_2024_Sem2.7z:1100488OCCompraAgil.csv
2024,2769-332-AG24,municipal,Educación,26-09-2024 0:00:00,Arriendo de transporte salida pedagógica LCyT. Orden de Compra generada por invitación a compra ágil: 2769-402-COT24,"Pre obligación 5/ 288. C.C. 100707, SP7. PRO-RETENCIÓN. Despachar en av. Goycolea 469La Cisterna Liceo Ciencia y Tecnología. contacto Sr. Acharya Díaz. 958013934. Orden de Compra codigo: 2769-332-AG24 dirigida a BUSES JEREZ SPA",Aceptada,Compra Agil,0,CLP,140000.0,140000.0,9693,nombre_o_rbd_unico,municipal_2024_Sem2.7z:1100488OCCompraAgil.csv
2024,2769-333-AG24,municipal,Educación,27-09-2024 0:00:00,CAJAS PLASTICAS Colegio E. Joven compra ágil: 2769-395-COT24,Adquisición de cajas para organizar materiales de salas d clase .Orden de Compra codigo: 2769-333-AG24 dirigida a NP MANUALIDADES SPA,Aceptada,Compra Agil,0,CLP,989996.7,989996.7,9703,nombre_o_rbd_unico,municipal_2024_Sem2.7z:1100488OCCompraAgil.csv
2024,2769-334-AG24,municipal,Educación,27-09-2024 0:00:00,"Colaciones snack , bebidas COLEGIO E. Joven . compra ágil: 2769-394-COT24",Adquisición de colaciones y bebestibles. Orden de Compra codigo: 2769-334-AG24 dirigida a COMERCIALIZADORA RENEW SPA,Aceptada,Compra Agil,0,CLP,432565.0,432565.0,9703,nombre_o_rbd_unico,municipal_2024_Sem2.7z:1100488OCCompraAgil.csv
2024,2769-336-AG24,municipal,Educación,27-09-2024 0:00:00,Resmas papel Colegio E.JOVEN compra ágil: 2769-390-COT24,Adquisición de resmas de papel para guias e impresiones.Orden de Compra codigo: 2769-336-AG24 dirigida a DISTRIBUIDORA PAPELES INDUSTRIALES SPA,Aceptada,Compra Agil,0,CLP,1343129.2,1343129.2,9703,nombre_o_rbd_unico,municipal_2024_Sem2.7z:1100488OCCompraAgil.csv
2024,2769-337-AG24,municipal,Educación,27-09-2024 0:00:00,Orden de Compra generada por invitación a compra ágil: 2769-392-COT24,Orden de Compra codigo: 2769-337-AG24 dirigida a PCINBOX SPA,Aceptada,Compra Agil,0,CLP,1071714.0,1071714.0,9730,nombre_o_rbd_unico,municipal_2024_Sem2.7z:1100488OCCompraAgil.csv
2024,2769-338-SE24,municipal,Educación,27-09-2024 0:00:00,Proyectores Multimedia LCyT. ORDEN DE COMPRA DESDE 2769-4-L124,"Pre Obligación N° 5/159  c.c 100217 Ley Sep. despachar en Av Goycolea 469, La Cisterna Liceo Politécnico Ciencia y Tecnología, Jonathan Aguayo. 992157234. Proyectores Multimedia LCyT. DESDE 2769-4-L124",Aceptada,Licitacion Publica,0,CLP,3502408.0,3502408.0,9693,nombre_o_rbd_unico,municipal_2024_Sem2.7z:1100488OCLicitacion.csv
2024,2769-339-AG24,municipal,Educación,27-09-2024 0:00:00,COL.PALESTINO: CHAQUETAS Y PARCHES PRO-RETENCIÓN 2024 compra ágil: 2769-400-COT24,"Colegio Palestino: Dirección, Avenida El Parrón 498, La Cisterna (entre calles Angamos y Santa María.  HORARIO: Lunes a Jueves 8:00 a 17:00 horas, viernes 8:00 a 13:00 horas.  Contacto: Andrés Rojas - +56964659094 - SEP@COLEGIOPALESTINO.CL  ítem: 2202002 cc:100709 Subprog: 7 Pro-retención",Aceptada,Compra Agil,0,CLP,580958.0,580958.0,9700,nombre_o_rbd_unico,municipal_2024_Sem2.7z:1100488OCCompraAgil.csv
2024,2769-34-AG24,municipal,Educación,16-04-2024 0:00:00,Materiales para mantenimiento colegio E. Joven a compra ágil: 2769-49-COT24,Adquisición de materiales para mantención .Orden de Compra codigo: 2769-34-AG24 dirigida a MANUFACTURAS SERVICIOS Y COMERCIALIZACION INDUSTRIAL MINERA  LTDA,Aceptada,Compra Agil,0,CLP,1680000.35,1680000.35,,unidad_educacion_sin_rbd_unico,municipal_2024_Sem1.7z:1100488OCCompraAgil.csv
2024,2769-340-AG24,municipal,Educación,27-09-2024 0:00:00,Materiales para mantenimiento Colegio E. Joven compra ágil: 2769-342-COT24,"Adquisición de materiales diversos para mantención y reparación. Orden de Compra codigo: 2769-340-AG24 dirigida a SISTEMAS, SOLUCIONES Y SERVICIOS SPA",Aceptada,Compra Agil,0,CLP,1248768.15,1248768.15,9703,nombre_o_rbd_unico,municipal_2024_Sem2.7z:1100488OCCompraAgil.csv
2024,2769-341-AG24,municipal,Educación,27-09-2024 0:00:00,"MANTENCION Y MEJORAMIENTO LUMINARIAS, Colegio E. Joven compra ágil: 2769-401-COT24",Contratación para proyecto de  mejoramiento de luminarias. Orden de Compra codigo: 2769-341-AG24 dirigida a JCB INGENIERÍA EN ELECTRICIDAD Y AUTOMATIZACIÓN INDUSTRIAL SPA,Aceptada,Compra Agil,0,CLP,1204803.6,1204803.6,9703,nombre_o_rbd_unico,municipal_2024_Sem2.7z:1100488OCCompraAgil.csv
2024,2769-343-AG24,municipal,Educación,27-09-2024 0:00:00,Orden de Compra generada por invitación a compra ágil: 2769-408-COT24,Orden de Compra codigo: 2769-343-AG24 dirigida a COMERCIALIZADORA Y SERVICIOS LOGISTICOS  C&H SPA,Aceptada,Compra Agil,0,CLP,993650.0,993650.0,9722,nombre_o_rbd_unico,municipal_2024_Sem2.7z:1100488OCCompraAgil.csv
2024,2769-344-AG24,municipal,Educación,30-09-2024 0:00:00,Mantención y fabricación de drenaje de aguas lluvias y piso.compra ágil: 2769-411-COT24,"fabricación de drenaje , reparación piso y socavón .Orden de Compra codigo: 2769-344-AG24 dirigida a CONSTRUCTORA CASTRO Y CERDA SPA",Aceptada,Compra Agil,0,CLP,748000.68,748000.68,,unidad_educacion_sin_rbd_unico,municipal_2024_Sem2.7z:1100488OCCompraAgil.csv
2024,2769-345-AG24,municipal,Educación,02-10-2024 0:00:00,Arriendo de buses salidas pedagógicas LCyT. Orden de Compra generada por invitación a compra ágil: 2769-415-COT24,"Pre obligación 5/ 288. c.c 100707.sp4. Pro-retención, Despachar en av. Goycolea 469La Cisterna Liceo Ciencia y Tecnología. contacto Sr. Acharya Díaz. 958013934. Orden de Compra codigo: 2769-345-AG24 dirigida a BUSES JEREZ SPA",Aceptada,Compra Agil,0,CLP,1500000.0,1500000.0,9693,nombre_o_rbd_unico,municipal_2024_Sem2.7z:1100488OCCompraAgil.csv
2024,2769-346-SE24,municipal,Educación,30-09-2024 0:00:00,lirmi 7 colegios,Platafoma de gestion educativa LIRMI,Aceptada,Trato Directo,1,CLP,6574750.0,6574750.0,,unidad_educacion_sin_rbd_unico,municipal_2024_Sem2.7z:1100488OCTratoDirecto.csv
2024,2769-347-AG24,municipal,Educación,01-10-2024 0:00:00,Pinturas y materiales compra ágil: 2769-414-COT24,Adquisición de pinturas y materiales para pintar. Orden de Compra codigo: 2769-347-AG24 dirigida a ENTIDAD DE GESTION INMOBILIARIA SOCIAL Y PRESTADORA DE SERVICIOS DE ASISTENCIA TECNICA Y DE GESTION ACROPOLIS SPA,Aceptada,Compra Agil,0,CLP,286909.0,286909.0,,unidad_educacion_sin_rbd_unico,municipal_2024_Sem2.7z:1100488OCCompraAgil.csv
2024,2769-348-AG24,municipal,Educación,01-10-2024 0:00:00,arriendo de cortinajes (carpa) olof,pre-obligación 5/320 Fuente de financiamiento LEY SEP el cortinaje se deberá instalar en las dependencias del liceo ubicado en Julio Covarrubias 9370 de la comuna de La Cisterna el día jueves 03 de octubre,Aceptada,Compra Agil,0,CLP,583100.0,583100.0,,unidad_educacion_sin_rbd_unico,municipal_2024_Sem2.7z:1100488OCCompraAgil.csv
2024,2769-349-AG24,municipal,Educación,01-10-2024 0:00:00,Audifonos inalambricos Colegio E.JOVEN compra ágil: 2769-410-COT24,Adquisición de audifonos para sala multiuso -audio visual .Orden de Compra codigo: 2769-349-AG24 dirigida a COMERCIALIZADORA E INVERSIONES A&D SPA,Aceptada,Compra Agil,0,CLP,474810.0,474810.0,9703,nombre_o_rbd_unico,municipal_2024_Sem2.7z:1100488OCCompraAgil.csv
2024,2769-35-AG24,municipal,Educación,16-04-2024 0:00:00,Material enseñanza Papeleria E. Joven a compra ágil: 2769-26-COT24,"Adquisición de material didactico, papel, goma eva, cartulinas , cuadernos. Orden de Compra codigo: 2769-35-AG24 dirigida a SOCIEDAD COMERCIALIZADORA DEL MAIPO LIMITADA",Aceptada,Compra Agil,0,CLP,1397155.2,1397155.2,9703,nombre_o_rbd_unico,municipal_2024_Sem1.7z:1100488OCCompraAgil.csv
2024,2769-350-AG24,municipal,Educación,01-10-2024 0:00:00,Orden de Compra generada por invitación a compra ágil: 2769-416-COT24,Orden de Compra codigo: 2769-350-AG24 dirigida a AULA EDITORES S.A,Aceptada,Compra Agil,0,CLP,410458.37,410458.37,9722,nombre_o_rbd_unico,municipal_2024_Sem2.7z:1100488OCCompraAgil.csv
2024,2769-351-AG24,municipal,Educación,01-10-2024 0:00:00,Orden de Compra generada por invitación a compra ágil: 2769-406-COT24,Orden de Compra codigo: 2769-351-AG24 dirigida a VENTAS NAYARA DA SILVA GONCALVES Y DIEGO ARAYA MARQUES E.I.R.L.,Aceptada,Compra Agil,0,CLP,1314950.0,1314950.0,9722,nombre_o_rbd_unico,municipal_2024_Sem2.7z:1100488OCCompraAgil.csv
2024,2769-352-AG24,municipal,Educación,01-10-2024 0:00:00,Orden de Compra generada por invitación a compra ágil: 2769-407-COT24,Orden de Compra codigo: 2769-352-AG24 dirigida a EQUIPOS MÉDICOS CHILE SPA,Aceptada,Compra Agil,0,CLP,1075736.2,1075736.2,9722,nombre_o_rbd_unico,municipal_2024_Sem2.7z:1100488OCCompraAgil.csv
2024,2769-353-AG24,municipal,Educación,01-10-2024 0:00:00,Orden de Compra generada por invitación a compra ágil: 2769-409-COT24,Orden de Compra codigo: 2769-353-AG24 dirigida a IMPORTADORA Y COMERCIALIZADORA FERVET ON LINE LIMITADA,Aceptada,Compra Agil,0,CLP,1410169.04,1410169.04,9722,nombre_o_rbd_unico,municipal_2024_Sem2.7z:1100488OCCompraAgil.csv
2024,2769-354-AG24,municipal,Educación,01-10-2024 0:00:00,Orden de Compra generada por invitación a compra ágil: 2769-413-COT24,Orden de Compra codigo: 2769-354-AG24 dirigida a FE METALES SPA,Aceptada,Compra Agil,0,CLP,598332.0,598332.0,9722,nombre_o_rbd_unico,municipal_2024_Sem2.7z:1100488OCCompraAgil.csv
2024,2769-355-AG24,municipal,Educación,03-10-2024 0:00:00,TONER PCDU RICOH P501/IM430F LCyT. Orden de Compra generada por invitación a compra ágil: 2769-418-COT24,"Pre Obligación N° 5/290  c.c 100217 Ley Sep. despachar en Av Goycolea 469, La Cisterna Liceo Politécnico Ciencia y Tecnología, contacto Rafael Rojas 986640256. Orden de Compra codigo: 2769-355-AG24 dirigida a SOTECOM SPA",Aceptada,Compra Agil,0,CLP,290122.0,290122.0,9693,nombre_o_rbd_unico,municipal_2024_Sem2.7z:1100488OCCompraAgil.csv
2024,2769-356-AG24,municipal,Educación,03-10-2024 0:00:00,Reparación de bulldog LCyT. Orden de Compra generada por invitación a compra ágil: 2769-421-COT24,"Pre Obligación N° 5/136   c.c 100903 U. Mantenimiento. despachar en Av Goycolea 469, La Cisterna Liceo Politécnico Ciencia y Tecnología, contacto Rafael Rojas 986640256. Orden de Compra codigo: 2769-356-AG24 dirigida a CONSTRUCTORA ZEPEDA SPA",Aceptada,Compra Agil,0,CLP,237988.1,237988.1,9693,nombre_o_rbd_unico,municipal_2024_Sem2.7z:1100488OCCompraAgil.csv
2024,2769-357-AG24,municipal,Educación,03-10-2024 0:00:00,Focos led LCyT. Orden de Compra generada por invitación a compra ágil: 2769-420-COT24,"Pre Obligación N° 5/287  c.c 100903 U. Mantenimiento. despachar en Av Goycolea 469, La Cisterna Liceo Politécnico Ciencia y Tecnología, contacto Rafael Rojas 986640256. Orden de Compra codigo: 2769-357-AG24 dirigida a ROLAND VORWERK Y COMPANIA LIMITADA",Aceptada,Compra Agil,0,CLP,462386.4,462386.4,9693,nombre_o_rbd_unico,municipal_2024_Sem2.7z:1100488OCCompraAgil.csv
2024,2769-358-AG24,municipal,Educación,03-10-2024 0:00:00,COL.PALESTINO: PIZARRAS compra ágil: 2769-417-COT24,"Colegio Palestino: Dirección, Avenida El Parrón 498, La Cisterna (entre calles Angamos y Santa María.  HORARIO: Lunes a Jueves 8:00 a 17:00 horas, viernes 8:00 a 13:00 horas.  Contacto: Andrés Rojas - +56964659094 - SEP@COLEGIOPALESTINO.CL  ítem: 2152904 cc:100905 Subprog: 6 MANTENIMIENTO.",Aceptada,Compra Agil,0,CLP,580720.0,580720.0,9700,nombre_o_rbd_unico,municipal_2024_Sem2.7z:1100488OCCompraAgil.csv
2024,2769-359-AG24,municipal,Educación,04-10-2024 0:00:00,Materiales de canalización LCyT. Orden de Compra generada por invitación a compra ágil: 2769-419-COT24,"Pre Obligación N° 5/286   c.c 100903 U. Mantenimiento. despachar en Av Goycolea 469, La Cisterna Liceo Politécnico Ciencia y Tecnología, contacto Rafael Rojas 986640256. Orden de Compra codigo: 2769-359-AG24 dirigida a TORRES MM SPA",Aceptada,Compra Agil,0,CLP,1503036.64,1503036.64,9693,nombre_o_rbd_unico,municipal_2024_Sem2.7z:1100488OCCompraAgil.csv
2024,2769-36-AG24,municipal,Educación,17-04-2024 0:00:00,Resmas colegio E. Joven a compra ágil: 2769-31-COT24,Adquisicion de resmas papel. Orden de Compra codigo: 2769-36-AG24 dirigida a DISTRIBUIDORA PAPELES INDUSTRIALES SPA,Aceptada,Compra Agil,0,CLP,1336608.0,1336608.0,,unidad_educacion_sin_rbd_unico,municipal_2024_Sem1.7z:1100488OCCompraAgil.csv
2024,2769-360-AG24,municipal,Educación,04-10-2024 0:00:00,Orden de Compra generada por invitación a compra ágil: 2769-435-COT24,Orden de Compra codigo: 2769-360-AG24 dirigida a SOCIEDAD COMERCIAL VERCON SOCIEDAD POR ACCIONES SPA,Aceptada,Compra Agil,0,CLP,172431.0,172431.0,9722,nombre_o_rbd_unico,municipal_2024_Sem2.7z:1100488OCCompraAgil.csv
2024,2769-361-AG24,municipal,Educación,04-10-2024 0:00:00,Orden de Compra generada por invitación a compra ágil: 2769-428-COT24,Orden de Compra codigo: 2769-361-AG24 dirigida a COYAM INVERSIONES SPA,Aceptada,Compra Agil,0,CLP,561200.43,561200.43,9730,nombre_o_rbd_unico,municipal_2024_Sem2.7z:1100488OCCompraAgil.csv
2024,2769-362-AG24,municipal,Educación,04-10-2024 0:00:00,Ticket para Obra de Teatro la Remolienda LCyT. Orden de Compra generada por invitación a compra ágil: 2769-426-COT24,"Pre Obligación 5/308. C.C100707 SP7. DESPACHAR EN AV. GOYCOLEA 469 LA CISTERNA, LICEO CIENCIA Y TECNOLOGIA CONTACTO ACHARYA DÍAZ 95801 3934. Orden de Compra codigo: 2769-362-AG24 dirigida a ALEJANDRO MARCELO CAMPOS SILVA",Aceptada,Compra Agil,0,CLP,1948000.0,1948000.0,9693,nombre_o_rbd_unico,municipal_2024_Sem2.7z:1100488OCCompraAgil.csv
2024,2769-363-AG24,municipal,Educación,04-10-2024 0:00:00,Orden de Compra generada por invitación a compra ágil: 2769-434-COT24,Orden de Compra codigo: 2769-363-AG24 dirigida a DIMERC S A,Aceptada,Compra Agil,0,CLP,758344.16,758344.16,9730,nombre_o_rbd_unico,municipal_2024_Sem2.7z:1100488OCCompraAgil.csv
2024,2769-364-AG24,municipal,Educación,04-10-2024 0:00:00,Orden de Compra generada por invitación a compra ágil: 2769-427-COT24,Orden de Compra codigo: 2769-364-AG24 dirigida a AASHOPPING SPA,Aceptada,Compra Agil,0,CLP,99936.2,99936.2,9730,nombre_o_rbd_unico,municipal_2024_Sem2.7z:1100488OCCompraAgil.csv
2024,2769-365-AG24,municipal,Educación,07-10-2024 0:00:00,Orden de Compra generada por invitación a compra ágil: 2769-431-COT24,Orden de Compra codigo: 2769-365-AG24 dirigida a PARQUE ZOOLOGICO BUIN ZOO S A,Aceptada,Compra Agil,0,CLP,185504.0,185504.0,9730,nombre_o_rbd_unico,municipal_2024_Sem2.7z:1100488OCCompraAgil.csv
2024,2769-366-AG24,municipal,Educación,07-10-2024 0:00:00,Orden de Compra generada por invitación a compra ágil: 2769-438-COT24,Orden de Compra codigo: 2769-366-AG24 dirigida a COMERCIALIZADORA ZOOVENIR LIMITADA,Aceptada,Compra Agil,0,CLP,165013.73,165013.73,9730,nombre_o_rbd_unico,municipal_2024_Sem2.7z:1100488OCCompraAgil.csv
2024,2769-367-AG24,municipal,Educación,06-10-2024 0:00:00,Orden de Compra generada por invitación a compra ágil: 2769-432-COT24,Orden de Compra codigo: 2769-367-AG24 dirigida a SOC GRANJA AGRICOLA EDUCACIONAL LIMITADA,Aceptada,Compra Agil,0,CLP,448000.0,448000.0,9730,nombre_o_rbd_unico,municipal_2024_Sem2.7z:1100488OCCompraAgil.csv
2024,2769-368-AG24,municipal,Educación,06-10-2024 0:00:00,Orden de Compra generada por invitación a compra ágil: 2769-429-COT24,Orden de Compra codigo: 2769-368-AG24 dirigida a FUNDACION PARQUE TRICAO,Aceptada,Compra Agil,0,CLP,576969.12,576969.12,9730,nombre_o_rbd_unico,municipal_2024_Sem2.7z:1100488OCCompraAgil.csv
2024,2769-369-AG24,municipal,Educación,06-10-2024 0:00:00,Orden de Compra generada por invitación a compra ágil: 2769-430-COT24,Orden de Compra codigo: 2769-369-AG24 dirigida a EDUENTRETENCION DOS S.A.,Aceptada,Compra Agil,0,CLP,436620.0,436620.0,9730,nombre_o_rbd_unico,municipal_2024_Sem2.7z:1100488OCCompraAgil.csv
2024,2769-37-AG24,municipal,Educación,18-04-2024 0:00:00,adquisición materiales alumnos,pre-obligación 5/21 financiamiento SEP los productos deberán ser entregados en dependencias del liceo ubicado en julio covarrubias 9370 de la comuna de La Cisterna,Aceptada,Compra Agil,0,CLP,1895432.0,1895432.0,,unidad_educacion_sin_rbd_unico,municipal_2024_Sem1.7z:1100488OCCompraAgil.csv
2024,2769-370-AG24,municipal,Educación,06-10-2024 0:00:00,Orden de Compra generada por invitación a compra ágil: 2769-433-COT24,Orden de Compra codigo: 2769-370-AG24 dirigida a PARQUE SAFARI CHILE S.A.C.,Aceptada,Compra Agil,0,CLP,620000.0,620000.0,9730,nombre_o_rbd_unico,municipal_2024_Sem2.7z:1100488OCCompraAgil.csv
2024,2769-371-AG24,municipal,Educación,06-10-2024 0:00:00,Orden de Compra generada por invitación a compra ágil: 2769-439-COT24,Orden de Compra codigo: 2769-371-AG24 dirigida a EDUENTRETENCION S.A.,Aceptada,Compra Agil,0,CLP,163983.19,163983.19,9730,nombre_o_rbd_unico,municipal_2024_Sem2.7z:1100488OCCompraAgil.csv
2024,2769-372-AG24,municipal,Educación,07-10-2024 0:00:00,Arriendo de gradería LCyT. Orden de Compra generada por invitación a compra ágil: 2769-436-COT24,Pre obligación 5/ 323. c.c 100217.sp4. Despachar en av. Goycolea 469La Cisterna Liceo Ciencia y Tecnología. contacto  Orden de Compra codigo: 2769-372-AG24 dirigida a MIGUEL MANUEL CÁRDENAS FLORES,Aceptada,Compra Agil,0,CLP,1404201.19,1404201.19,9693,nombre_o_rbd_unico,municipal_2024_Sem2.7z:1100488OCCompraAgil.csv
2024,2769-373-AG24,municipal,Educación,07-10-2024 0:00:00,Mantencion impresoras Colegio E. JOVEN. compra ágil: 2769-403-COT24,"Contratación servicios limpieza, mantención de impresoras.Orden de Compra codigo: 2769-373-AG24 dirigida a INSUMAX PRINT SPA",Aceptada,Compra Agil,0,CLP,214200.0,214200.0,9703,nombre_o_rbd_unico,municipal_2024_Sem2.7z:1100488OCCompraAgil.csv
2024,2769-374-CM24,municipal,Educación,07-10-2024 0:00:00,Orden de Compra: 2769-374-CM24,"Orden de Compra codigo: 2769-374-CM24 dirigida a LECHNER S.A Fuente de financiamiento LEY SEP, preobligación 5/325",Aceptada,Convenio Marco,0,USD,,,,unidad_educacion_sin_rbd_unico,municipal_2024_Sem2.7z:1100488OCConvenioMarco.csv
2024,2769-375-AG24,municipal,Educación,07-10-2024 0:00:00,Orden de Compra generada por invitación a compra ágil: 2769-424-COT24,Orden de Compra codigo: 2769-375-AG24 dirigida a F Y R SPA,Aceptada,Compra Agil,0,CLP,1799280.0,1799280.0,,unidad_educacion_sin_rbd_unico,municipal_2024_Sem2.7z:1100488OCCompraAgil.csv
2024,2769-376-AG24,municipal,Educación,09-10-2024 0:00:00,Orden de Compra generada por invitación a compra ágil: 2769-444-COT24,"Orden de Compra codigo: 2769-376-AG24 dirigida a SERVICIOS DE TECNOLOGIA, EDUCACION, CIENCIA Y ARTE LIMITADA",Aceptada,Compra Agil,0,CLP,1717098.6,1717098.6,,unidad_educacion_sin_rbd_unico,municipal_2024_Sem2.7z:1100488OCCompraAgil.csv
2024,2769-377-AG24,municipal,Educación,08-10-2024 0:00:00,Orden de Compra generada por invitación a compra ágil: 2769-441-COT24,Orden de Compra codigo: 2769-377-AG24 dirigida a TRANSPORTES E INVERSIONES MOCA SPA,Aceptada,Compra Agil,0,CLP,750000.0,750000.0,,unidad_educacion_sin_rbd_unico,municipal_2024_Sem2.7z:1100488OCCompraAgil.csv
2024,2769-378-AG24,municipal,Educación,08-10-2024 0:00:00,Orden de Compra generada por invitación a compra ágil: 2769-440-COT24,Orden de Compra codigo: 2769-378-AG24 dirigida a LUIS EDUARDO PONCE VASQUEZ,Aceptada,Compra Agil,0,CLP,1190000.0,1190000.0,9730,nombre_o_rbd_unico,municipal_2024_Sem2.7z:1100488OCCompraAgil.csv
2024,2769-379-AG24,municipal,Educación,08-10-2024 0:00:00,Orden de Compra generada por invitación a compra ágil: 2769-265-COT24,Orden de Compra codigo: 2769-379-AG24 dirigida a OS Technology Limitada,Aceptada,Compra Agil,0,CLP,783734.0,783734.0,,unidad_educacion_sin_rbd_unico,municipal_2024_Sem2.7z:1100488OCCompraAgil.csv
2024,2769-38-AG24,municipal,Educación,18-04-2024 0:00:00,adquisición de cuadernos caligrafix olof,pre-obligación 5/21 financiamiento sep los productos deberán ser entregados en dependencias del Liceo ubicado en Julio Covarrubias 9370 de la comuna de La Cisterna,Aceptada,Compra Agil,0,CLP,1549380.0,1549380.0,,unidad_educacion_sin_rbd_unico,municipal_2024_Sem1.7z:1100488OCCompraAgil.csv
2024,2769-380-AG24,municipal,Educación,08-10-2024 0:00:00,salida pedagógica 3° básico Kidzania,pre-obligación 5/213 fuente de financiamiento LEY SEP los alumnos tendrán derecho a participar en todas las actividades del recinto,Aceptada,Compra Agil,0,CLP,338490.0,338490.0,,unidad_educacion_sin_rbd_unico,municipal_2024_Sem2.7z:1100488OCCompraAgil.csv
2024,2769-381-AG24,municipal,Educación,08-10-2024 0:00:00,colaciones 3° básico en kidzania,pre-obligación 5/21 fuente de financiamiento LEY SEP los alumnos podrán tener un servicio de colación dentro del recinto de kidzania ,Aceptada,Compra Agil,0,CLP,65973.6,65973.6,,unidad_educacion_sin_rbd_unico,municipal_2024_Sem2.7z:1100488OCCompraAgil.csv
2024,2769-382-CM24,municipal,Educación,09-10-2024 0:00:00,Orden de Compra: 2769-382-CM24,Orden de Compra codigo: 2769-382-CM24 dirigida a COMERCIALIZADORA SANTA CATALINA SPA,Aceptada,Convenio Marco,0,USD,,,,unidad_educacion_sin_rbd_unico,municipal_2024_Sem2.7z:1100488OCConvenioMarco.csv
2024,2769-383-AG24,municipal,Educación,10-10-2024 0:00:00,COL.PALESTINO: Canalización TICS. compra ágil: 2769-445-COT24,"Colegio Palestino: Dirección, Avenida El Parrón 498, La Cisterna (entre calles Angamos y Santa María.  HORARIO: Lunes a Jueves 8:00 a 17:00 horas, viernes 8:00 a 13:00 horas.  Contacto: Andrés Rojas - +56964659094 - SEP@COLEGIOPALESTINO.CL  Ítem: 2206001 Centro de Costo: 100905 Subprograma:6 Unidad de Mantenimiento. ",Aceptada,Compra Agil,0,CLP,714000.0,714000.0,9700,nombre_o_rbd_unico,municipal_2024_Sem2.7z:1100488OCCompraAgil.csv
2024,2769-384-AG24,municipal,Educación,10-10-2024 0:00:00,Orden de Compra generada por invitación a compra ágil: 2769-425-COT24,Orden de Compra codigo: 2769-384-AG24 dirigida a BUSES JEREZ SPA,Aceptada,Compra Agil,0,CLP,1900000.0,1900000.0,9730,nombre_o_rbd_unico,municipal_2024_Sem2.7z:1100488OCCompraAgil.csv
2024,2769-385-AG24,municipal,Educación,10-10-2024 0:00:00,Orden de Compra generada por invitación a compra ágil: 2769-451-COT24,Orden de Compra codigo: 2769-385-AG24 dirigida a INGENIERIA Y CONSTRUCCION RICARDO  RODRIGUEZ Y CIA LTDA,Aceptada,Compra Agil,0,CLP,389986.8,389986.8,,unidad_educacion_sin_rbd_unico,municipal_2024_Sem2.7z:1100488OCCompraAgil.csv
2024,2769-386-AG24,municipal,Educación,10-10-2024 0:00:00,Material de mantenimiento E. JOVEN compra ágil: 2769-462-COT24,Adquisición de chapa para reparación de puerta establecimiento. Orden de Compra codigo: 2769-386-AG24 dirigida a BUY ME SPA,Aceptada,Compra Agil,0,CLP,23788.1,23788.1,9703,nombre_o_rbd_unico,municipal_2024_Sem2.7z:1100488OCCompraAgil.csv
2024,2769-387-AG24,municipal,Educación,11-10-2024 0:00:00,Orden de Compra generada por invitación a compra ágil: 2769-460-COT24,Orden de Compra codigo: 2769-387-AG24 dirigida a PROVEEDORES INTEGRALES PRISA S A pre obligacion 5/372 item 22.04.009 c.c. 100202,Aceptada,Compra Agil,0,CLP,1766424.1,1766424.1,9699,nombre_o_rbd_unico,municipal_2024_Sem2.7z:1100488OCCompraAgil.csv
2024,2769-389-AG24,municipal,Educación,11-10-2024 0:00:00,Orden de Compra generada por invitación a compra ágil: 2769-458-COT24,Orden de Compra codigo: 2769-389-AG24 dirigida a ALAS DISTRIBUIDORA INDUSTRIAL SPA item 29.05.001,Aceptada,Compra Agil,0,CLP,1109473.89,1109473.89,,unidad_educacion_sin_rbd_unico,municipal_2024_Sem2.7z:1100488OCCompraAgil.csv
2024,2769-390-AG24,municipal,Educación,23-10-2024 0:00:00,Orden de Compra generada por invitación a compra ágil: 2769-469-COT24,Orden de Compra codigo: 2769-390-AG24 dirigida a TECHNICAL SPA,Aceptada,Compra Agil,0,CLP,1782536.7,1782536.7,,unidad_educacion_sin_rbd_unico,municipal_2024_Sem2.7z:1100488OCCompraAgil.csv
2024,2769-391-AG24,municipal,Educación,11-10-2024 0:00:00,Material quirÚrgico para primeros auxilios COLEGIO E. JOVEN compra ágil: 2769-457-COT24,Adquisición de útiles primeros auxilios. Orden de Compra codigo: 2769-391-AG24 dirigida a PRODUCTOS NATURALES E INSUMOS MEDICOS LIMITADA,Aceptada,Compra Agil,0,CLP,999528.6,999528.6,9703,nombre_o_rbd_unico,municipal_2024_Sem2.7z:1100488OCCompraAgil.csv
2024,2769-392-AG24,municipal,Educación,11-10-2024 0:00:00,tintas y toners E. JOVEN Orden de Compra generada por invitación a compra ágil: 2769-459-COT24,Orden de Compra codigo: 2769-392-AG24 dirigida a COMPUTACION INTEGRAL S A,Aceptada,Compra Agil,0,CLP,988176.0,988176.0,9703,nombre_o_rbd_unico,municipal_2024_Sem2.7z:1100488OCCompraAgil.csv
2024,2769-393-AG24,municipal,Educación,11-10-2024 0:00:00,Orden de Compra generada por invitación a compra ágil: 2769-449-COT24,Orden de Compra codigo: 2769-393-AG24 dirigida a CONSTRUCTORA TORRE FUERTE SPA,Aceptada,Compra Agil,0,CLP,1309000.0,1309000.0,9722,nombre_o_rbd_unico,municipal_2024_Sem2.7z:1100488OCCompraAgil.csv
2024,2769-394-AG24,municipal,Educación,14-10-2024 0:00:00,Orden de Compra generada por invitación a compra ágil: 2769-487-COT24,Orden de Compra codigo: 2769-394-AG24 dirigida a BUSES JEREZ SPA,Aceptada,Compra Agil,0,CLP,760000.0,760000.0,9730,nombre_o_rbd_unico,municipal_2024_Sem2.7z:1100488OCCompraAgil.csv
2024,2769-396-AG24,municipal,Educación,14-10-2024 0:00:00,Orden de Compra generada por invitación a compra ágil: 2769-504-COT24,Orden de Compra codigo: 2769-396-AG24 dirigida a NELSON JORGE MIRANDA MUÑOZ pre obligacion 5/369 item 22.09.003 c.c.100202,Aceptada,Compra Agil,0,CLP,450000.0,450000.0,,unidad_educacion_sin_rbd_unico,municipal_2024_Sem2.7z:1100488OCCompraAgil.csv
2024,2769-397-AG24,municipal,Educación,14-10-2024 0:00:00,Orden de Compra generada por invitación a compra ágil: 2769-498-COT24,Orden de Compra codigo: 2769-397-AG24 dirigida a GLADYS DEL CARMEN VALENZUELA SANTANA pre obligacion 5/243  item 22.01.001,Aceptada,Compra Agil,0,CLP,168087.5,168087.5,,unidad_educacion_sin_rbd_unico,municipal_2024_Sem2.7z:1100488OCCompraAgil.csv
2024,2769-398-AG24,municipal,Educación,14-10-2024 0:00:00,Orden de Compra generada por invitación a compra ágil: 2769-479-COT24,Orden de Compra codigo: 2769-398-AG24 dirigida a COMERCIALIZADORA JCL SPA item 22.04.002 pre obligacion 5/370,Aceptada,Compra Agil,0,CLP,1812159.37,1812159.37,9699,nombre_o_rbd_unico,municipal_2024_Sem2.7z:1100488OCCompraAgil.csv
2024,2769-399-AG24,municipal,Educación,14-10-2024 0:00:00,Orden de Compra generada por invitación a compra ágil: 2769-463-COT24,Orden de Compra codigo: 2769-399-AG24 dirigida a INVERSIONES O&E SPA pre obligacion 5/374 item 29.04,Aceptada,Compra Agil,0,CLP,657356.0,657356.0,9699,nombre_o_rbd_unico,municipal_2024_Sem2.7z:1100488OCCompraAgil.csv
2024,2769-4-AG24,municipal,Educación,09-02-2024 0:00:00,Orden de Compra generada por invitación a compra ágil: 2769-6-COT24,Orden de Compra codigo: 2769-4-AG24 dirigida a ENTIDAD DE GESTION INMOBILIARIA SOCIAL Y PRESTADORA DE SERVICIOS DE ASISTENCIA TECNICA Y DE GESTION ACROPOLIS SPA,Aceptada,Compra Agil,0,CLP,1790950.0,1790950.0,,unidad_educacion_sin_rbd_unico,municipal_2024_Sem1.7z:1100488OCCompraAgil.csv
2024,2769-400-AG24,municipal,Educación,14-10-2024 0:00:00,Adquisición de Pendrive Colegio E. JOVEN Orden de Compra generada por invitación a compra ágil: 2769-348-COT24,Pendrive según especificaciones adjuntas. Orden de Compra codigo: 2769-400-AG24 dirigida a TICHILE  REVENTA  DE SOFTWARE Y HARDWARE SPA,Aceptada,Compra Agil,0,CLP,382708.76,382708.76,9703,nombre_o_rbd_unico,municipal_2024_Sem2.7z:1100488OCCompraAgil.csv
2024,2769-401-AG24,municipal,Educación,14-10-2024 0:00:00,Vestuario institucional y deportivo Colegio E.Joven. Orden de Compra generada por invitación a compra ágil: 2769-478-COT24,Adquisición de vestuario institucional y deportivo según se detalla. Orden de Compra código: 2769-401-AG24 dirigida a JCK MUSIC SPA,Aceptada,Compra Agil,0,CLP,1899597.0,1899597.0,,unidad_educacion_sin_rbd_unico,municipal_2024_Sem2.7z:1100488OCCompraAgil.csv
2024,2769-402-AG24,municipal,Educación,14-10-2024 0:00:00,Orden de Compra generada por invitación a compra ágil: 2769-506-COT24,Orden de Compra codigo: 2769-402-AG24 dirigida a EMPRESA S&J SPA pre obligacion 5/373 item 22.04.009 ,Aceptada,Compra Agil,0,CLP,1502256.0,1502256.0,,unidad_educacion_sin_rbd_unico,municipal_2024_Sem2.7z:1100488OCCompraAgil.csv
2024,2769-403-AG24,municipal,Educación,14-10-2024 0:00:00,Contratación de bus. Colegio E. Joven .Orden de Compra generada por invitación a compra ágil: 2769-454-COT24,Arriendo de bus salida pedagógica. Orden de Compra codigo: 2769-403-AG24 dirigida a ERIKA DEL TRANSITO HERRERA CATALAN,Aceptada,Compra Agil,0,CLP,180000.0,180000.0,9703,nombre_o_rbd_unico,municipal_2024_Sem2.7z:1100488OCCompraAgil.csv
2024,2769-404-AG24,municipal,Educación,15-10-2024 0:00:00,COL.PALESTINO: PRO-RETENCIÓN compra ágil: 2769-492-COT24,"Colegio Palestino: Dirección, Avenida El Parrón 498, La Cisterna (entre calles Angamos y Santa María.  HORARIO: Lunes a Jueves 8:00 a 17:00 horas, viernes 8:00 a 13:00 horas.  Contacto: Andrés Rojas - +56964659094 - SEP@COLEGIOPALESTINO.CL  ítem: 2204002 cc:100709 Subprog: 7 Pro retención.",Aceptada,Compra Agil,0,CLP,165893.14,165893.14,9700,nombre_o_rbd_unico,municipal_2024_Sem2.7z:1100488OCCompraAgil.csv
2024,2769-405-AG24,municipal,Educación,14-10-2024 0:00:00, COL.PALESTINO: ARRIENDO DE BUSES  compra ágil: 2769-489-COT24,Arriendo de buses para salidas pedagógicas 2°semestre. Orden de Compra codigo: 2769-405-AG24 dirigida a BUSES JEREZ SPA  Ítem: 2209003 Cc: 100203 Sub.Prog: 4 Ley SEP,Aceptada,Compra Agil,0,CLP,570000.0,570000.0,9700,nombre_o_rbd_unico,municipal_2024_Sem2.7z:1100488OCCompraAgil.csv
2024,2769-406-AG24,municipal,Educación,14-10-2024 0:00:00,COL.PALESTINO: BALONES  compra ágil: 2769-488-COT24,"Colegio Palestino: Dirección, Avenida El Parrón 498, La Cisterna (entre calles Angamos y Santa María.  HORARIO: Lunes a Jueves 8:00 a 17:00 horas, viernes 8:00 a 13:00 horas.  Contacto: Andrés Rojas - +56964659094 - SEP@COLEGIOPALESTINO.CL  Ítem: 2204002 cc:100203 Sub.prog: 4 SEP",Aceptada,Compra Agil,0,CLP,156842.0,156842.0,9700,nombre_o_rbd_unico,municipal_2024_Sem2.7z:1100488OCCompraAgil.csv
2024,2769-407-AG24,municipal,Educación,14-10-2024 0:00:00,Orden de Compra generada por invitación a compra ágil: 2769-486-COT24,Orden de Compra codigo: 2769-407-AG24 dirigida a TURISMO KIMEN SPA,Aceptada,Compra Agil,0,CLP,295680.0,295680.0,,unidad_educacion_sin_rbd_unico,municipal_2024_Sem2.7z:1100488OCCompraAgil.csv
2024,2769-408-AG24,municipal,Educación,14-10-2024 0:00:00,Orden de Compra generada por invitación a compra ágil: 2769-484-COT24,Orden de Compra codigo: 2769-408-AG24 dirigida a COMERCIAL TECNO ELITE SPA,Aceptada,Compra Agil,0,CLP,633782.1,633782.1,9693,nombre_o_rbd_unico,municipal_2024_Sem2.7z:1100488OCCompraAgil.csv
2024,2769-409-AG24,municipal,Educación,15-10-2024 0:00:00,Orden de Compra generada por invitación a compra ágil: 2769-513-COT24,Orden de Compra codigo: 2769-409-AG24 dirigida a TECHNICAL SPA,Aceptada,Compra Agil,0,CLP,1836765.0,1836765.0,9693,nombre_o_rbd_unico,municipal_2024_Sem2.7z:1100488OCCompraAgil.csv
2024,2769-41-AG24,municipal,Educación,19-04-2024 0:00:00,Contratación empresa trabajos menores. compra ágil: 2769-51-COT24,Adjudicación trabajos menores según visita realizada por requerimientos varios.Orden de Compra codigo: 2769-41-AG24 dirigida a MANUFACTURAS SERVICIOS Y COMERCIALIZACION INDUSTRIAL MINERA  LTDA,Aceptada,Compra Agil,0,CLP,1885000.46,1885000.46,,unidad_educacion_sin_rbd_unico,municipal_2024_Sem1.7z:1100488OCCompraAgil.csv
2024,2769-410-AG24,municipal,Educación,15-10-2024 0:00:00,Orden de Compra generada por invitación a compra ágil: 2769-512-COT24,Orden de Compra codigo: 2769-410-AG24 dirigida a COMERCIALIZADORA MAURICIO CANDIA VASQUEZ E.I.R.L.,Aceptada,Compra Agil,0,CLP,1215416.02,1215416.02,9693,nombre_o_rbd_unico,municipal_2024_Sem2.7z:1100488OCCompraAgil.csv
2024,2769-411-AG24,municipal,Educación,15-10-2024 0:00:00,Orden de Compra generada por invitación a compra ágil: 2769-510-COT24,Orden de Compra codigo: 2769-411-AG24 dirigida a SOCIEDAD COMERCIAL KAWELU SPA,Aceptada,Compra Agil,0,CLP,1825817.0,1825817.0,9693,nombre_o_rbd_unico,municipal_2024_Sem2.7z:1100488OCCompraAgil.csv
2024,2769-412-AG24,municipal,Educación,15-10-2024 0:00:00,Orden de Compra generada por invitación a compra ágil: 2769-505-COT24,Orden de Compra codigo: 2769-412-AG24 dirigida a COMERCIALIZADORA FGV SPA,Aceptada,Compra Agil,0,CLP,1865563.0,1865563.0,9693,nombre_o_rbd_unico,municipal_2024_Sem2.7z:1100488OCCompraAgil.csv
2024,2769-413-AG24,municipal,Educación,15-10-2024 0:00:00,Orden de Compra generada por invitación a compra ágil: 2769-509-COT24,Orden de Compra codigo: 2769-413-AG24 dirigida a SOCIEDAD COMERCIAL KAWELU SPA,Aceptada,Compra Agil,0,CLP,1849141.0,1849141.0,9693,nombre_o_rbd_unico,municipal_2024_Sem2.7z:1100488OCCompraAgil.csv
2024,2769-415-AG24,municipal,Educación,15-10-2024 0:00:00,COL.PALESTINO: MICROSOFT 365 compra ágil: 2769-491-COT24,"Colegio Palestino: Dirección, Avenida El Parrón 498, La Cisterna (entre calles Angamos y Santa María.  HORARIO: Lunes a Jueves 8:00 a 17:00 horas, viernes 8:00 a 13:00 horas.  Contacto: Edgardo Donoso - edonoso@colegiopalestino.cl   ítem: 2907001 cc:100203 Subprog: 4 Ley SEP.",Aceptada,Compra Agil,0,CLP,1608118.4,1608118.4,9700,nombre_o_rbd_unico,municipal_2024_Sem2.7z:1100488OCCompraAgil.csv
2024,2769-417-CM24,municipal,Educación,15-10-2024 0:00:00,adquisición de notebook,Orden de Compra codigo: 2769-417-CM24 dirigida a COMPUTACION E INGENIERIA S A pre-obligación 5/362 fuente de financiamiento LEY SEP,Aceptada,Convenio Marco,0,USD,,,,unidad_educacion_sin_rbd_unico,municipal_2024_Sem2.7z:1100488OCConvenioMarco.csv
2024,2769-418-AG24,municipal,Educación,15-10-2024 0:00:00,"Entradas Granja Educativa Lonquén, Óscar Encalada","Adquisición de entradas para Granja Educativa de Lonquén, para estudiantes de Pre Kínder, Kínder y 1° básico.  Preobligación 5/365 Fuente de Financiamiento: Ley SEP ",Aceptada,Compra Agil,0,CLP,490006.0,490006.0,9706,nombre_o_rbd_unico,municipal_2024_Sem2.7z:1100488OCCompraAgil.csv
2024,2769-419-AG24,municipal,Educación,15-10-2024 0:00:00,"Transporte salida pedagógica Granja Educativa Lonquén, Óscar Encalada","Arriendo de 2 buses para traslado de 76 estudiantes de Pre Kínder, Kínder y 1° básico de la Escuela Óscar Encalada (Pedro Aguirre Cerda 0184, Paradero 24 de Gran Avenida) hacia Granja Educativa Lonquén (Camino Las Parcelas, Parcela 20, Isla de Maipo), para el viernes 18 de octubre. Los buses deben estar en el colegio a las 8:30 horas y regresar desde la Granja a las 13:00 horas.  Preobligación Presupuestaria: 5/364 Fuente de Financiamiento: Ley  SEP",Aceptada,Compra Agil,0,CLP,500000.0,500000.0,9706,nombre_o_rbd_unico,municipal_2024_Sem2.7z:1100488OCCompraAgil.csv
2024,2769-42-AG24,municipal,Educación,19-04-2024 0:00:00,Orden de Compra generada por invitación a compra ágil: 2769-53-COT24,Orden de Compra codigo: 2769-42-AG24 dirigida a SANTILLANA EDUCACIÓN CHILE SPA item 22.04.002 pre obligacion 5/43 c.c 100202,Aceptada,Compra Agil,0,CLP,1899963.52,1899963.52,,unidad_educacion_sin_rbd_unico,municipal_2024_Sem1.7z:1100488OCCompraAgil.csv
2024,2769-421-AG24,municipal,Educación,16-10-2024 0:00:00,"Traslado Salida Pedagógica Bioparque Buin Zoo, Óscar Encalada","Arriendo de 4 buses para traslado al Bioparque Buin Zoo, de 160 personas. Fecha: jueves 14 de noviembre. Salida desde el colegio: 09:00 horas. Retorno al colegio: 14:30 horas (para llegar al colegio a las 15:30 horas).  ",Aceptada,Compra Agil,0,CLP,760000.0,760000.0,9706,nombre_o_rbd_unico,municipal_2024_Sem2.7z:1100488OCCompraAgil.csv
2024,2769-422-AG24,municipal,Educación,16-10-2024 0:00:00,Orden de Compra generada por invitación a compra ágil: 2769-353-COT24,Orden de Compra codigo: 2769-422-AG24 dirigida a MIGUEL ALEJANDRO MORA ÁLVAREZ,Aceptada,Compra Agil,0,CLP,1344700.0,1344700.0,9706,nombre_o_rbd_unico,municipal_2024_Sem2.7z:1100488OCCompraAgil.csv
2024,2769-423-AG24,municipal,Educación,21-10-2024 0:00:00,COL.PALESTINO: RESMAS y DOCKS compra ágil: 2769-501-COT24,"Colegio Palestino: Dirección, Avenida El Parrón 498, La Cisterna (entre calles Angamos y Santa María.  HORARIO: Lunes a Jueves 8:00 a 17:00 horas, viernes 8:00 a 13:00 horas.  Contacto: Andrés Rojas - +56964659094 - SEP@COLEGIOPALESTINO.CL  ítem: 2204009 cc:100203 Subprog: 4 Ley SEP.",Aceptada,Compra Agil,0,CLP,493790.5,493790.5,9700,nombre_o_rbd_unico,municipal_2024_Sem2.7z:1100488OCCompraAgil.csv
2024,2769-424-AG24,municipal,Educación,21-10-2024 0:00:00,COL.PALESTINO: MONITORES Y OTROS. compra ágil: 2769-522-COT24,"Colegio Palestino: Dirección, Avenida El Parrón 498, La Cisterna (entre calles Angamos y Santa María.  HORARIO: Lunes a Jueves 8:00 a 17:00 horas, viernes 8:00 a 13:00 horas.  Contacto: Andrés Rojas - +56964659094 - SEP@COLEGIOPALESTINO.CL  ítem: 2204009 cc:100203 Subprog: 4 Ley SEP.",Aceptada,Compra Agil,0,CLP,550672.5,550672.5,9700,nombre_o_rbd_unico,municipal_2024_Sem2.7z:1100488OCCompraAgil.csv
2024,2769-426-AG24,municipal,Educación,22-10-2024 0:00:00,Orden de Compra generada por invitación a compra ágil: 2769-526-COT24,Orden de Compra codigo: 2769-426-AG24 dirigida a PLUSS MINERIA SPA pre obligacion  5/369 item 22.09.003,Aceptada,Compra Agil,0,CLP,360000.0,360000.0,,unidad_educacion_sin_rbd_unico,municipal_2024_Sem2.7z:1100488OCCompraAgil.csv
2024,2769-427-AG24,municipal,Educación,22-10-2024 0:00:00,adquisición de all in one olof,pre-obligación 5/359 fuente de financiamiento pro-retención los productos deberán ser entregados en dependencias del Liceo ubicado en Julio Covarrubias 9370 de La Cisterna,Aceptada,Compra Agil,0,CLP,1499376.2,1499376.2,,unidad_educacion_sin_rbd_unico,municipal_2024_Sem2.7z:1100488OCCompraAgil.csv
2024,2769-428-AG24,municipal,Educación,22-10-2024 0:00:00,respiuetos e insumos computacionales COLEGIO E. JOVENOrden de Compra generada por invitación a compra ágil: 2769-521-COT24,Adquisición de respuestos para note y pc.Orden de Compra codigo: 2769-428-AG24 dirigida a SOCIEDAD COMERCIAL LOPEZ SPA,Aceptada,Compra Agil,0,CLP,785975.96,785975.96,9703,nombre_o_rbd_unico,municipal_2024_Sem2.7z:1100488OCCompraAgil.csv
2024,2769-429-AG24,municipal,Educación,22-10-2024 0:00:00,adquisición de resmas olof,pre-obligación 5/358 fuente de financiamiento pro-retención los productos deberán ser entregados en dependencias del Liceo ubicado en Julio Covarrubias 9370 de La Cisterna,Aceptada,Compra Agil,0,CLP,1837836.0,1837836.0,,unidad_educacion_sin_rbd_unico,municipal_2024_Sem2.7z:1100488OCCompraAgil.csv
2024,2769-43-SE24,municipal,Educación,19-04-2024 0:00:00,mundo internet,internet para los colegios municipales ,Aceptada,Trato Directo,1,CLF,,,,unidad_educacion_sin_rbd_unico,municipal_2024_Sem1.7z:1100488OCTratoDirecto.csv
2024,2769-430-AG24,municipal,Educación,21-10-2024 0:00:00,adquisición de artículos para enfermería olof,pre-obligación 5/361 fuente de financiamiento LEY SEP los productos deberán ser entregados en dependencias del Liceo ubicado en Julio Covarrubias 9370 de La Cisternas,Aceptada,Compra Agil,0,CLP,525147.0,525147.0,,unidad_educacion_sin_rbd_unico,municipal_2024_Sem2.7z:1100488OCCompraAgil.csv
2024,2769-431-AG24,municipal,Educación,21-10-2024 0:00:00,discos duros para computadores olof,pre-obligación 5/362 fuente de financiamiento LEY SEP los productos deberán ser entregados en dependencias del Liceo ubicado en Julio Covarrubias 9370 de La Cisterna,Aceptada,Compra Agil,0,CLP,681275.0,681275.0,,unidad_educacion_sin_rbd_unico,municipal_2024_Sem2.7z:1100488OCCompraAgil.csv
2024,2769-432-AG24,municipal,Educación,18-10-2024 0:00:00,control plagas Colegio E. JOVEN Orden de Compra generada por invitación a compra ágil: 2769-475-COT24,Contratación de empresa para control plagas gimnasio. Orden de Compra codigo: 2769-432-AG24 dirigida a CONTROL DE PLAGAS Y SANITIZACION SPA,Aceptada,Compra Agil,0,CLP,1428000.0,1428000.0,,unidad_educacion_sin_rbd_unico,municipal_2024_Sem2.7z:1100488OCCompraAgil.csv
2024,2769-433-AG24,municipal,Educación,18-10-2024 0:00:00,Orden de Compra generada por invitación a compra ágil: 2769-511-COT24,Orden de Compra codigo: 2769-433-AG24 dirigida a KRONOX S A,Aceptada,Compra Agil,0,CLP,189210.0,189210.0,9722,nombre_o_rbd_unico,municipal_2024_Sem2.7z:1100488OCCompraAgil.csv
2024,2769-435-AG24,municipal,Educación,22-10-2024 0:00:00,"Entradas Granja Educativa de Lonquén, Colegio Esperanza Joven","Orden de Compra codigo: 2769-435-AG24 dirigida a SOC GRANJA AGRICOLA EDUCACIONAL LIMITADA 74 entradas para estudiantes de Pre Kínder, Kínder y 1° básico del Colegio Esperanza Joven. Fecha de asistencia, lunes 4 denoviembre, entre 900 y 13:00 horas.  Docentes ingresan gratuitamente.",Aceptada,Compra Agil,0,CLP,518000.0,518000.0,9703,nombre_o_rbd_unico,municipal_2024_Sem2.7z:1100488OCCompraAgil.csv
2024,2769-436-AG24,municipal,Educación,22-10-2024 0:00:00,"Entradas Buin Zoo, Escuela Óscar Encalada","Orden de Compra codigo: 2769-436-AG24 dirigida a PARQUE ZOOLOGICO BUIN ZOO S A 160 entradas para Buin Zoo, incluye Buin Marino. Ingreso: 09:00 horas",Aceptada,Compra Agil,0,CLP,813028.0,813028.0,9706,nombre_o_rbd_unico,municipal_2024_Sem2.7z:1100488OCCompraAgil.csv
2024,2769-437-AG24,municipal,Educación,22-10-2024 0:00:00,Orden de Compra generada por invitación a compra ágil: 2769-534-COT24,Orden de Compra codigo: 2769-437-AG24 dirigida a LEFI SPA  pre obligacion 5/420 item 29.04,Aceptada,Compra Agil,0,CLP,285600.0,285600.0,,unidad_educacion_sin_rbd_unico,municipal_2024_Sem2.7z:1100488OCCompraAgil.csv
2024,2769-438-AG24,municipal,Educación,22-10-2024 0:00:00,Orden de Compra generada por invitación a compra ágil: 2769-536-COT24,Orden de Compra codigo: 2769-438-AG24 dirigida a COMERCIALIZADORA Y SERVICIOS GENERALES CASAL LIMITADA pre obligacion 5/419 item 22.04.009,Aceptada,Compra Agil,0,CLP,1761408.25,1761408.25,,unidad_educacion_sin_rbd_unico,municipal_2024_Sem2.7z:1100488OCCompraAgil.csv
2024,2769-439-AG24,municipal,Educación,22-10-2024 0:00:00,Orden de Compra generada por invitación a compra ágil: 2769-537-COT24,Orden de Compra codigo: 2769-439-AG24 dirigida a INNOVATEX SPA pre obligacion 5/106 item 22.02.002,Aceptada,Compra Agil,0,CLP,324275.0,324275.0,,unidad_educacion_sin_rbd_unico,municipal_2024_Sem2.7z:1100488OCCompraAgil.csv
2024,2769-44-AG24,municipal,Educación,19-04-2024 0:00:00,Orden de Compra generada por invitación a compra ágil: 2769-35-COT24,Orden de Compra codigo: 2769-44-AG24 dirigida a ENTIDAD DE GESTION INMOBILIARIA SOCIAL Y PRESTADORA DE SERVICIOS DE ASISTENCIA TECNICA Y DE GESTION ACROPOLIS SPA,Aceptada,Compra Agil,0,CLP,1047200.0,1047200.0,,unidad_educacion_sin_rbd_unico,municipal_2024_Sem1.7z:1100488OCCompraAgil.csv
2024,2769-442-AG24,municipal,Educación,21-10-2024 0:00:00,COL.PALESTINO: TÓNER BROTHER compra ágil: 2769-528-COT24,"Colegio Palestino: Dirección, Avenida El Parrón 498, La Cisterna (entre calles Angamos y Santa María.  HORARIO: Lunes a Jueves 8:00 a 17:00 horas, viernes 8:00 a 13:00 horas.  Contacto: Andrés Rojas - +56964659094 - SEP@COLEGIOPALESTINO.CL  ítem: 2152204009 cc:100203 Subprog: 4 Ley SEP.",Aceptada,Compra Agil,0,CLP,1018616.2,1018616.2,9700,nombre_o_rbd_unico,municipal_2024_Sem2.7z:1100488OCCompraAgil.csv
2024,2769-443-AG24,municipal,Educación,21-10-2024 0:00:00,Orden de Compra generada por invitación a compra ágil: 2769-538-COT24,Orden de Compra codigo: 2769-443-AG24 dirigida a PUBLICIDAD RICARDO ARAYA Y COMPANIA LIMITADA,Aceptada,Compra Agil,0,CLP,96094.88,96094.88,,unidad_educacion_sin_rbd_unico,municipal_2024_Sem2.7z:1100488OCCompraAgil.csv
2024,2769-444-AG24,municipal,Educación,21-10-2024 0:00:00,Orden de Compra generada por invitación a compra ágil: 2769-483-COT24,Orden de Compra codigo: 2769-444-AG24 dirigida a SP CHILE INGENIERÍA Y LOGÍSTICA LIMITADA,Aceptada,Compra Agil,0,CLP,1981588.0,1981588.0,9693,nombre_o_rbd_unico,municipal_2024_Sem2.7z:1100488OCCompraAgil.csv
2024,2769-445-AG24,municipal,Educación,22-10-2024 0:00:00,"Salida Pedagógica Parque Mahuida, Escuela Óscar Encalada","Visita al Parque Mahuida de 5° básico, 34 estudiantes, inlcuye guías para el recorrido.",Aceptada,Compra Agil,0,CLP,178500.0,178500.0,9706,nombre_o_rbd_unico,municipal_2024_Sem2.7z:1100488OCCompraAgil.csv
2024,2769-446-AG24,municipal,Educación,22-10-2024 0:00:00,"Transporte salida pedagógica Parque Mahuida, Óscar Encalada.","Orden de Compra codigo: 2769-446-AG24 dirigida a TRANSPORTES LFV SPA Transporte de estudiantes y profesores de 5° básico, hacia el Parque Mahuida, el 8 de noviembre de 2024. Salida del Colegio: 08:00 horas. Retorno al Colegio: 15:00 horas. ",Aceptada,Compra Agil,0,CLP,200000.0,200000.0,9706,nombre_o_rbd_unico,municipal_2024_Sem2.7z:1100488OCCompraAgil.csv
2024,2769-447-AG24,municipal,Educación,22-10-2024 0:00:00,Orden de Compra generada por invitación a compra ágil: 2769-540-COT24,Orden de Compra codigo: 2769-447-AG24 dirigida a CONSTRUCTORA TORRE FUERTE SPA,Aceptada,Compra Agil,0,CLP,1785000.0,1785000.0,9701,nombre_o_rbd_unico,municipal_2024_Sem2.7z:1100488OCCompraAgil.csv
2024,2769-448-AG24,municipal,Educación,22-10-2024 0:00:00,Orden de Compra generada por invitación a compra ágil: 2769-515-COT24,Orden de Compra codigo: 2769-448-AG24 dirigida a BUSES JEREZ SPA,Aceptada,Compra Agil,0,CLP,1920000.0,1920000.0,,unidad_educacion_sin_rbd_unico,municipal_2024_Sem2.7z:1100488OCCompraAgil.csv
2024,2769-449-AG24,municipal,Educación,22-10-2024 0:00:00,Orden de Compra generada por invitación a compra ágil: 2769-482-COT24,Orden de Compra codigo: 2769-449-AG24 dirigida a SINCRONIZATE PRODUCCIONES SPA,Aceptada,Compra Agil,0,CLP,396270.0,396270.0,9693,nombre_o_rbd_unico,municipal_2024_Sem2.7z:1100488OCCompraAgil.csv
2024,2769-45-AG24,municipal,Educación,22-04-2024 0:00:00,Orden de Compra generada por invitación a compra ágil: 2769-52-COT24,Orden de Compra codigo: 2769-45-AG24 dirigida a COMERCIAL CHILEACTIVO SPA,Aceptada,Compra Agil,0,CLP,985405.68,985405.68,9730,nombre_o_rbd_unico,municipal_2024_Sem1.7z:1100488OCCompraAgil.csv
2024,2769-451-AG24,municipal,Educación,23-10-2024 0:00:00,Orden de Compra generada por invitación a compra ágil: 2769-455-COT24,Orden de Compra codigo: 2769-451-AG24 dirigida a LOGOS SPA,Aceptada,Compra Agil,0,CLP,1790000.0,1790000.0,9693,nombre_o_rbd_unico,municipal_2024_Sem2.7z:1100488OCCompraAgil.csv
2024,2769-452-AG24,municipal,Educación,23-10-2024 0:00:00,Orden de Compra generada por invitación a compra ágil: 2769-453-COT24,Orden de Compra codigo: 2769-452-AG24 dirigida a CORPORACION EDUCACIONAL NALVARI,Aceptada,Compra Agil,0,CLP,1911000.0,1911000.0,9693,nombre_o_rbd_unico,municipal_2024_Sem2.7z:1100488OCCompraAgil.csv
2024,2769-453-AG24,municipal,Educación,23-10-2024 0:00:00,Orden de Compra generada por invitación a compra ágil: 2769-456-COT24,Orden de Compra codigo: 2769-453-AG24 dirigida a CORPORACION EDUCACIONAL NALVARI,Aceptada,Compra Agil,0,CLP,1911000.0,1911000.0,9693,nombre_o_rbd_unico,municipal_2024_Sem2.7z:1100488OCCompraAgil.csv
2024,2769-454-AG24,municipal,Educación,23-10-2024 0:00:00,Orden de Compra generada por invitación a compra ágil: 2769-452-COT24,Orden de Compra codigo: 2769-454-AG24 dirigida a CORPORACION EDUCACIONAL NALVARI,Aceptada,Compra Agil,0,CLP,1911000.0,1911000.0,9693,nombre_o_rbd_unico,municipal_2024_Sem2.7z:1100488OCCompraAgil.csv
2024,2769-456-AG24,municipal,Educación,23-10-2024 0:00:00,Orden de Compra generada por invitación a compra ágil: 2769-503-COT24,Orden de Compra codigo: 2769-456-AG24 dirigida a CASA NAVIA S.A.,Aceptada,Compra Agil,0,CLP,870984.8,870984.8,9693,nombre_o_rbd_unico,municipal_2024_Sem2.7z:1100488OCCompraAgil.csv
2024,2769-457-CM24,municipal,Educación,28-10-2024 0:00:00,Orden de Compra: 2769-457-CM24,Orden de Compra codigo: 2769-457-CM24 dirigida a COMERCIAL COMPARO SPA,Aceptada,Convenio Marco,0,CLP,3174467.8,3174467.8,,unidad_educacion_sin_rbd_unico,municipal_2024_Sem2.7z:1100488OCConvenioMarco.csv
2024,2769-458-CM24,municipal,Educación,28-10-2024 0:00:00,Orden de Compra: 2769-458-CM24,Orden de Compra codigo: 2769-458-CM24 dirigida a COMERCIAL AGUSTIN SPA,Aceptada,Convenio Marco,0,CLP,3623490.5,3623490.5,,unidad_educacion_sin_rbd_unico,municipal_2024_Sem2.7z:1100488OCConvenioMarco.csv
2024,2769-459-CM24,municipal,Educación,29-10-2024 0:00:00,Orden de Compra: 2769-459-CM24,Orden de Compra codigo: 2769-459-CM24 dirigida a COMERCIAL ETHOS S A,Aceptada,Convenio Marco,0,CLP,6008833.6,6008833.6,,unidad_educacion_sin_rbd_unico,municipal_2024_Sem2.7z:1100488OCConvenioMarco.csv
2024,2769-46-AG24,municipal,Educación,23-04-2024 0:00:00,Orden de Compra generada por invitación a compra ágil: 2769-55-COT24,Orden de Compra codigo: 2769-46-AG24 dirigida a MOBILITY SPA,Aceptada,Compra Agil,0,CLP,360000.0,360000.0,9730,nombre_o_rbd_unico,municipal_2024_Sem1.7z:1100488OCCompraAgil.csv
2024,2769-461-AG24,municipal,Educación,30-10-2024 0:00:00,Orden de Compra generada por invitación a compra ágil: 2769-546-COT24,Orden de Compra codigo: 2769-461-AG24 dirigida a ALICIA EUGENIA NUNEZ CABRERA,Aceptada,Compra Agil,0,CLP,1694560.0,1694560.0,9730,nombre_o_rbd_unico,municipal_2024_Sem2.7z:1100488OCCompraAgil.csv
2024,2769-462-AG24,municipal,Educación,30-10-2024 0:00:00,Orden de Compra generada por invitación a compra ágil: 2769-545-COT24,Orden de Compra codigo: 2769-462-AG24 dirigida a SOCIEDAD COMERCIAL Y DE INVERSIONES CORP PREMIER L,Aceptada,Compra Agil,0,CLP,915229.0,915229.0,9730,nombre_o_rbd_unico,municipal_2024_Sem2.7z:1100488OCCompraAgil.csv
2024,2769-463-AG24,municipal,Educación,30-10-2024 0:00:00,Orden de Compra generada por invitación a compra ágil: 2769-539-COT24,Orden de Compra codigo: 2769-463-AG24 dirigida a JCB INGENIERÍA EN ELECTRICIDAD Y AUTOMATIZACIÓN INDUSTRIAL SPA,Aceptada,Compra Agil,0,CLP,559990.2,559990.2,9730,nombre_o_rbd_unico,municipal_2024_Sem2.7z:1100488OCCompraAgil.csv
2024,2769-464-SE24,municipal,Educación,30-10-2024 0:00:00,COL.PALESTINO 350 CHAQUETAS - ORDEN DE COMPRA DESDE 2769-17-L124,"COLEGIO PALESTINO: CHAQUETAS INSTITUCIONALES. DESDE 2769-17-L124  Dirección: Avenida El Parrón 498-b, La Cisterna (entre calles Angamos y Santa María). Contacto: Andrés Rojas - Fono: 964659094 -sep@colegiopalestino.cl  ítem: 2202002 Cc: 100203 Subprog: 4 Ley SEP.",Aceptada,Licitacion Publica,0,CLP,3415300.0,3415300.0,9700,nombre_o_rbd_unico,municipal_2024_Sem2.7z:1100488OCLicitacion.csv
2024,2769-465-AG24,municipal,Educación,01-11-2024 0:00:00,"Material de Enseñanza pro-retención, Esperanza Joven.",Orden de Compra codigo: 2769-465-AG24 dirigida a IDEAS EDUCATIVAS SPA Preobligación: 5/402 Fuente de Financiamiento: Pro-retención,Aceptada,Compra Agil,0,CLP,990952.27,990952.27,9703,nombre_o_rbd_unico,municipal_2024_Sem2.7z:1100488OCCompraAgil.csv
2024,2769-466-AG24,municipal,Educación,01-11-2024 0:00:00,Contartacion 2 buses salidas pedagógicas. Colegio E. JOVENOrden de Compra generada por invitación a compra ágil: 2769-551-COT24,Arriendo de 2 buses como se detalla. Orden de Compra codigo: 2769-466-AG24 dirigida a TRANSPORTES GALVEZ LIMITADA,Aceptada,Compra Agil,0,CLP,560000.0,560000.0,,unidad_educacion_sin_rbd_unico,municipal_2024_Sem2.7z:1100488OCCompraAgil.csv
2024,2769-467-AG24,municipal,Educación,01-11-2024 0:00:00,"Material de Enseñanza, Colegio Esperanza Joven",Orden de Compra codigo: 2769-467-AG24 dirigida a IMPORTADORA Y COMERCIALIZADORA FERVET ON LINE LIMITADA Preobligación: 5/19 Fuente De Financiamiento: Ley SEP ,Aceptada,Compra Agil,0,CLP,1109561.95,1109561.95,9703,nombre_o_rbd_unico,municipal_2024_Sem2.7z:1100488OCCompraAgil.csv
2024,2769-468-AG24,municipal,Educación,04-11-2024 0:00:00,Orden de Compra generada por invitación a compra ágil: 2769-547-COT24,Orden de Compra codigo: 2769-468-AG24 dirigida a BILDER SPA,Aceptada,Compra Agil,0,CLP,350345.52,350345.52,9703,nombre_o_rbd_unico,municipal_2024_Sem2.7z:1100488OCCompraAgil.csv
2024,2769-469-AG24,municipal,Educación,05-11-2024 0:00:00,Orden de Compra generada por invitación a compra ágil: 2769-552-COT24,Orden de Compra codigo: 2769-469-AG24 dirigida a BUSLIV SPA,Aceptada,Compra Agil,0,CLP,1470000.0,1470000.0,,unidad_educacion_sin_rbd_unico,municipal_2024_Sem2.7z:1100488OCCompraAgil.csv
2024,2769-47-AG24,municipal,Educación,25-04-2024 0:00:00,adquisición de resmas de papel olof,pre-obligación 5/21 financiamiento SEP los productos deberán ser entregados en dependencias del liceo ubicado en Julio Covarrubias 9370 de La Cisterna,Aceptada,Compra Agil,0,CLP,1774432.8,1774432.8,,unidad_educacion_sin_rbd_unico,municipal_2024_Sem1.7z:1100488OCCompraAgil.csv
2024,2769-471-AG24,municipal,Educación,06-11-2024 0:00:00,Orden de Compra generada por invitación a compra ágil: 2769-516-COT24,"Orden de Compra codigo: 2769-471-AG24 dirigida a CONFECCIONES, VENTA ROPAS DE TRABAJO Y ESCOLAR OTROS EMA TERESA PAZ GAETE E.I.R.L.",Aceptada,Compra Agil,0,CLP,1950000.64,1950000.64,,unidad_educacion_sin_rbd_unico,municipal_2024_Sem2.7z:1100488OCCompraAgil.csv
2024,2769-472-AG24,municipal,Educación,06-11-2024 0:00:00,Orden de Compra generada por invitación a compra ágil: 2769-517-COT24,Orden de Compra codigo: 2769-472-AG24 dirigida a SALAZAR CID SPA  pre obligacion 5/375 item 29.04 c.c 100202,Aceptada,Compra Agil,0,CLP,1655212.65,1655212.65,,unidad_educacion_sin_rbd_unico,municipal_2024_Sem2.7z:1100488OCCompraAgil.csv
2024,2769-473-AG24,municipal,Educación,06-11-2024 0:00:00,Orden de Compra generada por invitación a compra ágil: 2769-524-COT24,Orden de Compra codigo: 2769-473-AG24 dirigida a COMERCIALIZADORA E IMPORTADORA ALTO PIRQUE LIMITADA  pre obligacion 5/376  item 22.04.002 .c.c 100202,Aceptada,Compra Agil,0,CLP,1894831.05,1894831.05,,unidad_educacion_sin_rbd_unico,municipal_2024_Sem2.7z:1100488OCCompraAgil.csv
2024,2769-474-SE24,municipal,Educación,13-11-2024 0:00:00,adquisición de buzos institucionales para alumnos olof,adquisición de buzos institucionales Olof Palme DESDE 2769-11-L124 pre- obligación 5/176 fuente de financiamiento Pro-retención los productos deberán ser entregados en dependencias del liceo ubicado en Julio Covarrubias 9370 de La Cisterna,Aceptada,Licitacion Publica,0,CLP,4529437.5,4529437.5,9701,nombre_o_rbd_unico,municipal_2024_Sem2.7z:1100488OCLicitacion.csv
2024,2769-476-AG24,municipal,Educación,11-11-2024 0:00:00,Orden de Compra generada por invitación a compra ágil: 2769-553-COT24,Orden de Compra codigo: 2769-476-AG24 dirigida a MIGUEL ALEJANDRO MORA ÁLVAREZ,Aceptada,Compra Agil,0,CLP,345100.0,345100.0,,unidad_educacion_sin_rbd_unico,municipal_2024_Sem2.7z:1100488OCCompraAgil.csv
2024,2769-477-CM24,municipal,Educación,11-11-2024 0:00:00,Orden de Compra: 2769-477-CM24,Orden de Compra codigo: 2769-477-CM24 dirigida a COMERCIALIZADORA IGESCOM SPA,Aceptada,Convenio Marco,0,CLP,4095818.16,4095818.16,,unidad_educacion_sin_rbd_unico,municipal_2024_Sem2.7z:1100488OCConvenioMarco.csv
2024,2769-478-CM24,municipal,Educación,12-11-2024 0:00:00,Orden de Compra: 2769-478-CM24,Orden de Compra codigo: 2769-478-CM24 dirigida a COMERCIAL ROYA,Aceptada,Convenio Marco,0,CLP,6412910.0,6412910.0,,unidad_educacion_sin_rbd_unico,municipal_2024_Sem2.7z:1100488OCConvenioMarco.csv
2024,2769-479-AG24,municipal,Educación,13-11-2024 0:00:00,Orden de Compra generada por invitación a compra ágil: 2769-560-COT24,Orden de Compra codigo: 2769-479-AG24 dirigida a SOCIEDAD COMERCIAL TALCA CHILE HOGAR LIMITADA  item 29.04 preoblicacion 5/430,Aceptada,Compra Agil,0,CLP,773500.0,773500.0,,unidad_educacion_sin_rbd_unico,municipal_2024_Sem2.7z:1100488OCCompraAgil.csv
2024,2769-48-AG24,municipal,Educación,25-04-2024 0:00:00,Orden de Compra generada por invitación a compra ágil: 2769-62-COT24,Orden de Compra codigo: 2769-48-AG24 dirigida a SOCIEDAD COMERCIAL DISTRIBUCION GLOBAL LIMITADA iem 22.04.001 pre obligacion 5/31 c.c 100202,Aceptada,Compra Agil,0,CLP,324066.75,324066.75,,unidad_educacion_sin_rbd_unico,municipal_2024_Sem1.7z:1100488OCCompraAgil.csv
2024,2769-480-AG24,municipal,Educación,13-11-2024 0:00:00,Orden de Compra generada por invitación a compra ágil: 2769-559-COT24,Orden de Compra codigo: 2769-480-AG24 dirigida a STATUS SPA  item 29.04 pre obligacion 5/430,Aceptada,Compra Agil,0,CLP,1439900.0,1439900.0,,unidad_educacion_sin_rbd_unico,municipal_2024_Sem2.7z:1100488OCCompraAgil.csv
2024,2769-481-CM24,municipal,Educación,13-11-2024 0:00:00,Orden de Compra: 2769-481-CM24,Orden de Compra codigo: 2769-481-CM24 dirigida a DIMERC S A,Aceptada,Convenio Marco,0,CLP,3585082.06,3585082.06,,unidad_educacion_sin_rbd_unico,municipal_2024_Sem2.7z:1100488OCConvenioMarco.csv
2024,2769-483-AG24,municipal,Educación,13-11-2024 0:00:00,Orden de Compra generada por invitación a compra ágil: 2769-561-COT24,Orden de Compra codigo: 2769-483-AG24 dirigida a TRANSPORTES EL ARCA SPA,Aceptada,Compra Agil,0,CLP,300000.0,300000.0,9722,nombre_o_rbd_unico,municipal_2024_Sem2.7z:1100488OCCompraAgil.csv
2024,2769-484-SE24,municipal,Educación,14-11-2024 0:00:00,EQUIPOS PLC Y PANTALLAS HMI LCyT. ORDEN DE COMPRA DESDE 2769-10-L124,Pre obligación 5/ 210. c.c 100217.sp4. Despachar en av. Goycolea 469La Cisterna Liceo Ciencia y Tecnología. contacto Jonathan Aguayo 992157234. jonathan.aguayo.p@liceocienciaytecnologia.com EQUIPOS PLC Y PANTALLAS HMI LCyT. DESDE 2769-10-L124,Aceptada,Licitacion Publica,0,CLP,6531100.8,6531100.8,9693,nombre_o_rbd_unico,municipal_2024_Sem2.7z:1100488OCLicitacion.csv
2024,2769-486-SE24,municipal,Educación,14-11-2024 0:00:00,Equipos para Laboratorio Químico LCyT. ORDEN DE COMPRA DESDE 2769-13-L124,Pre obligación 5/ 186. c.c 100217.sp4. Despachar en av. Goycolea 469La Cisterna Liceo Ciencia y Tecnología. contacto Jonathan Aguayo 992157234. jonathan.aguayo.p@liceocienciaytecnologia.com Equipos para Laboratorio Químico LCyT. DESDE 2769-13-L124,Enviada a Proveedor,Licitacion Publica,0,CLP,5636875.3,,9693,nombre_o_rbd_unico,municipal_2024_Sem2.7z:1100488OCLicitacion.csv
2024,2769-487-SE24,municipal,Educación,14-11-2024 0:00:00,KITS ALARMAS  KITS FOTOVOLTAICO FUSIONADORA LCYT. ORDEN DE COMPRA DESDE 2769-14-L124,Pre obligación 5/ 186. c.c 100217.sp4. Despachar en av. Goycolea 469La Cisterna Liceo Ciencia y Tecnología. contacto Jonathan Aguayo 992157234. jonathan.aguayo.p@liceocienciaytecnologia.com  ADQUISICIÓN KITS ALARMAS  KITS FOTOVOLTAICO  FUS DESDE 2769-14-L124,Aceptada,Licitacion Publica,0,CLP,5182984.31,5182984.31,9693,nombre_o_rbd_unico,municipal_2024_Sem2.7z:1100488OCLicitacion.csv
2024,2769-489-SE24,municipal,Educación,14-11-2024 0:00:00,EQUIPOS MOTORES VARADORES GUARDA MOTORES PROTECCIONES LCYT. ORDEN DE COMPRA DESDE 2769-15-L124,Pre obligación 5/ 312. c.c 100217.sp4. Despachar en av. Goycolea 469La Cisterna Liceo Ciencia y Tecnología. contacto Jonathan Aguayo 992157234. jonathan.aguayo.p@liceocienciaytecnologia.com ADQUISICIÓN DE EQUIPOS LABORATORIO DE ELECTRONICA DESDE 2769-15-L124,Aceptada,Licitacion Publica,0,CLP,6442410.1,6442410.1,9693,nombre_o_rbd_unico,municipal_2024_Sem2.7z:1100488OCLicitacion.csv
2024,2769-49-AG24,municipal,Educación,30-04-2024 0:00:00,Material de enseñanza LICEO PORTAL a compra ágil: 2769-65-COT24,Adquisición de material diverso para enseñanza. Orden de Compra codigo: 2769-49-AG24 dirigida a COMERCIAL 3-ARIES LIMITADA,Aceptada,Compra Agil,0,CLP,1391055.26,1391055.26,,unidad_educacion_sin_rbd_unico,municipal_2024_Sem1.7z:1100488OCCompraAgil.csv
2024,2769-490-AG24,municipal,Educación,15-11-2024 0:00:00,COL.PALESTINO: TOLDOS compra ágil: 2769-557-COT24,"DIRECCIÓN: Avenida El Parrón 498B, La Cisterna. (entre calles Angamos y Santa María) HORARIO: Lunes a jueves 8:00 a 17:00 horas y viernes 8:00 a 13:00 horas.  CONTACTO: Andrés Rojas - +56964659094 - sep@colegiopalestino.cl  ítem: 2152904 CC: 000000 Subprog: 1 Gestión ",Aceptada,Compra Agil,0,CLP,99960.0,99960.0,9700,nombre_o_rbd_unico,municipal_2024_Sem2.7z:1100488OCCompraAgil.csv
2024,2769-494-AG24,municipal,Educación,21-11-2024 0:00:00,Orden de Compra generada por invitación a compra ágil: 2769-564-COT24,Orden de Compra codigo: 2769-494-AG24 dirigida a ENTIDAD DE GESTION INMOBILIARIA SOCIAL Y PRESTADORA DE SERVICIOS DE ASISTENCIA TECNICA Y DE GESTION ACROPOLIS SPA,Aceptada,Compra Agil,0,CLP,660450.0,660450.0,9706,nombre_o_rbd_unico,municipal_2024_Sem2.7z:1100488OCCompraAgil.csv
2024,2769-495-AG24,municipal,Educación,21-11-2024 0:00:00,Orden de Compra generada por invitación a compra ágil: 2769-565-COT24,Orden de Compra codigo: 2769-495-AG24 dirigida a BILDER SPA item 29.04 c.c. 000000 pre obligacion 5/430,Aceptada,Compra Agil,0,CLP,613459.28,613459.28,,unidad_educacion_sin_rbd_unico,municipal_2024_Sem2.7z:1100488OCCompraAgil.csv
2024,2769-496-SE24,municipal,Educación,27-11-2024 0:00:00,trato directo gestiona BIOBIO SPA,contratación de capacitacion de premio nacional de ciencia  ,Aceptada,Trato Directo,1,CLP,1999999.68,1999999.68,,unidad_educacion_sin_rbd_unico,municipal_2024_Sem2.7z:1100488OCTratoDirecto.csv
2024,2769-497-AG24,municipal,Educación,02-12-2024 0:00:00,Orden de Compra generada por invitación a compra ágil: 2769-569-COT24,Orden de Compra codigo: 2769-497-AG24 dirigida a MARCELO RODRIGO ROSALES AZOLA,Aceptada,Compra Agil,0,CLP,1360000.0,1360000.0,9701,nombre_o_rbd_unico,municipal_2024_Sem2.7z:1100488OCCompraAgil.csv
2024,2769-498-AG24,municipal,Educación,02-12-2024 0:00:00,COL.PALESTINO: Mesa plegables  compra ágil: 2769-571-COT24,"DIRECCIÓN: Avenida El Parrón 498B, La Cisterna. (entre calles Angamos y Santa María) HORARIO: Lunes a jueves 8:00 a 17:00 horas y viernes 8:00 a 13:00 horas.  CONTACTO: Andrés Rojas - +56964659094 - sep@colegiopalestino.cl  ítem: 2152904 CC: 000000 Sub.Prog: 1 Gestión ",Aceptada,Compra Agil,0,CLP,420748.3,420748.3,9700,nombre_o_rbd_unico,municipal_2024_Sem2.7z:1100488OCCompraAgil.csv
2024,2769-499-AG24,municipal,Educación,02-12-2024 0:00:00,COL.PALESTINO: MESAS EXTERIOR CON QUITASOL compra ágil: 2769-572-COT24,"DIRECCIÓN: Avenida El Parrón 498B, La Cisterna. (entre calles Angamos y Santa María) HORARIO: Lunes a jueves 8:00 a 17:00 horas y viernes 8:00 a 13:00 horas.  CONTACTO: Andrés Rojas - +56964659094 - sep@colegiopalestino.cl  ítem: 2152904 CC: 000000 Sub.Prog: 1 Gestión ",Aceptada,Compra Agil,0,CLP,1713600.0,1713600.0,,unidad_educacion_sin_rbd_unico,municipal_2024_Sem2.7z:1100488OCCompraAgil.csv
2024,2769-5-AG24,municipal,Educación,09-02-2024 0:00:00,Orden de Compra generada por invitación a compra ágil: 2769-5-COT24,Orden de Compra codigo: 2769-5-AG24 dirigida a PUBLICIDAD RICARDO ARAYA Y COMPANIA LIMITADA,Aceptada,Compra Agil,0,CLP,209083.0,209083.0,,unidad_educacion_sin_rbd_unico,municipal_2024_Sem1.7z:1100488OCCompraAgil.csv
2024,2769-50-AG24,municipal,Educación,30-04-2024 0:00:00,Materiales de enseñanza LCyT. Orden de Compra generada por invitación a compra ágil: 2769-69-COT24,"Pre Obligación N° 5/38  c.c 100217 Ley Sep. despachar en Av. Goycolea 469, La Cisterna Liceo Politécnico Ciencia y Tecnología, contacto Rafael Rojas 986640256. Orden de Compra código: 2769-50-AG24 dirigida a COMERCIAL RED OFFICE LIMITADA",Aceptada,Compra Agil,0,CLP,1763139.7,1763139.7,9693,nombre_o_rbd_unico,municipal_2024_Sem1.7z:1100488OCCompraAgil.csv
2024,2769-500-AG24,municipal,Educación,02-12-2024 0:00:00,Orden de Compra generada por invitación a compra ágil: 2769-570-COT24,Orden de Compra codigo: 2769-500-AG24 dirigida a GLOREXIS ESTELA BRACHO RAMIREZ,Recepcion Conforme,Compra Agil,0,CLP,297500.0,297500.0,9701,nombre_o_rbd_unico,municipal_2024_Sem2.7z:1100488OCCompraAgil.csv
2024,2769-501-AG24,municipal,Educación,02-12-2024 0:00:00,Orden de Compra generada por invitación a compra ágil: 2769-568-COT24,Orden de Compra codigo: 2769-501-AG24 dirigida a DISTRIBUIDORA DIAZOL S A,Aceptada,Compra Agil,0,CLP,205275.0,205275.0,,unidad_educacion_sin_rbd_unico,municipal_2024_Sem2.7z:1100488OCCompraAgil.csv
2024,2769-51-AG24,municipal,Educación,30-04-2024 0:00:00,Limpieza de canaletas y reparaciones LCyT. Orden de Compra generada por invitación a compra ágil: 2769-57-COT24," Pre Obligación N° 5/46  c.c 100217 Mantenimiento. despachar en Av Goycolea 469, La Cisterna Liceo Politécnico Ciencia y Tecnología, contacto Rafael Rojas 986640256Orden de Compra codigo: 2769-51-AG24 dirigida a SERVICIOS DE HIGIENIZACIÓN Y MANTENCIÓN FRANCISCA SOFÍA ORTÚZAR PRIETO",Aceptada,Compra Agil,0,CLP,731850.0,731850.0,9693,nombre_o_rbd_unico,municipal_2024_Sem1.7z:1100488OCCompraAgil.csv
2024,2769-52-AG24,municipal,Educación,30-04-2024 0:00:00,Papel de impresión colores y fotografico colegio E. JOVEN a compra ágil: 2769-71-COT24,Adquisición de papel para impresión .Orden de Compra codigo: 2769-52-AG24 dirigida a SOCIEDAD COMERCIAL DISTRIBUCION GLOBAL LIMITADA,Aceptada,Compra Agil,0,CLP,409955.0,409955.0,9703,nombre_o_rbd_unico,municipal_2024_Sem1.7z:1100488OCCompraAgil.csv
2024,2769-53-AG24,municipal,Educación,03-05-2024 0:00:00,Material de enseñanza colegio E. JOVEN  a compra ágil: 2769-70-COT24,Adquisición de material de enseñanza y didactico .Orden de Compra codigo: 2769-53-AG24 dirigida a SOCIEDAD COMERCIAL DISTRIBUCION GLOBAL LIMITADA,Aceptada,Compra Agil,0,CLP,375159.4,375159.4,9703,nombre_o_rbd_unico,municipal_2024_Sem1.7z:1100488OCCompraAgil.csv
2024,2769-54-AG24,municipal,Educación,30-04-2024 0:00:00,Adquisición de papel tamaño carta y oficio Escuela Oscar Ecalada,"Adquisición de papel tamaño carta y oficio de 75grs, blanco  para Escuela Oscar Encalada, Ubicada en Pedro Aguirre Cerda 0184,La Cisterna. Pre-obligación 5-52 fondos Ley sep C.C. 100206 SP 4  Orden de Compra codigo: 2769-54-AG24 dirigida a DISTRIBUIDORA PAPELES INDUSTRIALES SPA",Aceptada,Compra Agil,0,CLP,1421574.0,1421574.0,9706,nombre_o_rbd_unico,municipal_2024_Sem1.7z:1100488OCCompraAgil.csv
2024,2769-55-AG24,municipal,Educación,30-04-2024 0:00:00,Adquisición pinturas Escuela Oscar Encalada,"Adquisición de pinturas esmalte al agua, color blanco Escuela Oscar Encalada, Ubicada en Pedro Aguirre Cerda 0184,La Cisterna. Pre-obligación 5-53 fondos Unidad Mantenimiento  C.C. 100906 SP 6  contacto Susana Fonseca  Fono 945221930  Orden de Compra codigo: 2769-55-AG24 dirigida a PINTURAS DECOPLUS SPA",Aceptada,Compra Agil,0,CLP,973182.0,973182.0,9706,nombre_o_rbd_unico,municipal_2024_Sem1.7z:1100488OCCompraAgil.csv
2024,2769-56-AG24,municipal,Educación,30-04-2024 0:00:00,Adquisición de cuadernos califrafix Escuela Oscar Encalada,"Adquisición de cuadernos caligrafix, Escuela Oscar Encalada, Ubicada en Pedro Aguirre Cerda 0184,La Cisterna. Pre-obligación 5-54 fondos Ley sep C.C. 100206 SP 4 contacto Susana Fonseca  Fono 945221930  Orden de Compra codigo: 2769-56-AG24 dirigida a COMERCIALIZADORA Y DISTRIBUIDORA LA PALOMA LIMITADA",Aceptada,Compra Agil,0,CLP,1881600.63,1881600.63,9706,nombre_o_rbd_unico,municipal_2024_Sem1.7z:1100488OCCompraAgil.csv
2024,2769-57-AG24,municipal,Educación,02-05-2024 0:00:00,"Papel carta, oficio LCyT. Orden de Compra generada por invitación a compra ágil: 2769-61-COT24","Pre Obligación N° 5/62  c.c 100217 Ley Sep. despachar en Av Goycolea 469, La Cisterna Liceo Politécnico Ciencia y Tecnología, contacto Rafael Rojas 986640256. Orden de Compra codigo: 2769-57-AG24 dirigida a DIMERC S A",Aceptada,Compra Agil,0,CLP,1889006.0,1889006.0,9693,nombre_o_rbd_unico,municipal_2024_Sem1.7z:1100488OCCompraAgil.csv
2024,2769-58-AG24,municipal,Educación,02-05-2024 0:00:00,Orden de Compra generada por invitación a compra ágil: 2769-48-COT24,Orden de Compra codigo: 2769-58-AG24 dirigida a ENTIDAD DE GESTION INMOBILIARIA SOCIAL Y PRESTADORA DE SERVICIOS DE ASISTENCIA TECNICA Y DE GESTION ACROPOLIS SPA,Aceptada,Compra Agil,0,CLP,1368500.0,1368500.0,,unidad_educacion_sin_rbd_unico,municipal_2024_Sem1.7z:1100488OCCompraAgil.csv
2024,2769-59-CM24,municipal,Educación,03-05-2024 0:00:00,Orden de Compra: 2769-59-CM24,Orden de Compra codigo: 2769-59-CM24 dirigida a COMPUTACION E INGENIERIA S A,Aceptada,Convenio Marco,0,USD,,,,unidad_educacion_sin_rbd_unico,municipal_2024_Sem1.7z:1100488OCConvenioMarco.csv
2024,2769-6-CM24,municipal,Educación,12-02-2024 0:00:00,Orden de Compra: 2769-6-CM24,Orden de Compra codigo: 2769-6-CM24 dirigida a COMERCIAL AGUSTIN SPA,Aceptada,Convenio Marco,0,CLP,2002770.0,2002770.0,,unidad_educacion_sin_rbd_unico,municipal_2024_Sem1.7z:1100488OCConvenioMarco.csv
2024,2769-60-AG24,municipal,Educación,03-05-2024 0:00:00,Orden de Compra generada por invitación a compra ágil: 2769-87-COT24,Orden de Compra codigo: 2769-60-AG24 dirigida a quantech ciencia y tecnología Spa item 22.04.002 pre obligacion 5/55 c.c 100202,Aceptada,Compra Agil,0,CLP,1843800.28,1843800.28,,unidad_educacion_sin_rbd_unico,municipal_2024_Sem1.7z:1100488OCCompraAgil.csv
2024,2769-61-AG24,municipal,Educación,03-05-2024 0:00:00,Orden de Compra generada por invitación a compra ágil: 2769-86-COT24,Orden de Compra codigo: 2769-61-AG24 dirigida a DIMERC S A pre obligacion 5/56 item 22.04.009 c.c 100202,Aceptada,Compra Agil,0,CLP,1439900.0,1439900.0,,unidad_educacion_sin_rbd_unico,municipal_2024_Sem1.7z:1100488OCCompraAgil.csv
2024,2769-63-AG24,municipal,Educación,03-05-2024 0:00:00,limpieza pozo decantador olof,pre-obligación 64 financiamiento unidad de mantenimiento el trabajo se deberá realizar en dependencias del liceo ubicado en julio covarrubias 9370 de la comuna de La Cisterna,Aceptada,Compra Agil,0,CLP,1666000.0,1666000.0,,unidad_educacion_sin_rbd_unico,municipal_2024_Sem1.7z:1100488OCCompraAgil.csv
2024,2769-64-AG24,municipal,Educación,06-05-2024 0:00:00,Orden de Compra generada por invitación a compra ágil: 2769-84-COT24,Orden de Compra codigo: 2769-64-AG24 dirigida a DIMERC S A pre obligacion 5/58 item 22.04.009 c.c 100202,Aceptada,Compra Agil,0,CLP,1719848.69,1719848.69,,unidad_educacion_sin_rbd_unico,municipal_2024_Sem1.7z:1100488OCCompraAgil.csv
2024,2769-65-AG24,municipal,Educación,06-05-2024 0:00:00,Salidas Pedagógicas Viña Undurraga / Inacap LCyT. Orden de Compra generada por invitación a compra ágil: 2769-88-COT24,"Pre Obligación N° 5/61  c.c 100217 Ley Sep. despachar en Av Goycolea 469, La Cisterna Liceo Politécnico Ciencia y Tecnología, contacto Rafael Rojas 986640256.  Orden de Compra codigo: 2769-65-AG24 dirigida a TRANSPORTES JEREZ SPA",Aceptada,Compra Agil,0,CLP,300000.0,300000.0,9693,nombre_o_rbd_unico,municipal_2024_Sem1.7z:1100488OCCompraAgil.csv
2024,2769-66-AG24,municipal,Educación,06-05-2024 0:00:00,TEXTOS Y MATERIALES DE ENSEÑANZA E. JovenOrden de Compra generada por invitación a compra ágil: 2769-80-COT24,Adquisición de textos caligrafix Orden de Compra codigo: 2769-66-AG24 dirigida a ROSA XIMENA SOTOMAYOR CONTRERAS,Aceptada,Compra Agil,0,CLP,882599.2,882599.2,,unidad_educacion_sin_rbd_unico,municipal_2024_Sem1.7z:1100488OCCompraAgil.csv
2024,2769-67-AG24,municipal,Educación,06-05-2024 0:00:00,Adquisición de material de portivo de enseñanza E. JOVENOrden de Compra generada por invitación a compra ágil: 2769-79-COT24,Adquisición de material deportivo para taller de  volley Orden de Compra codigo: 2769-67-AG24 dirigida a COMERCIAL MSM LIMITADA,Aceptada,Compra Agil,0,CLP,259262.92,259262.92,,unidad_educacion_sin_rbd_unico,municipal_2024_Sem1.7z:1100488OCCompraAgil.csv
2024,2769-68-AG24,municipal,Educación,08-05-2024 0:00:00,Salidas Pedagógicas Empresa Panadería Ideal S.A. LCyT. Orden de Compra generada por invitación a compra ágil: 2769-89-COT24,"Pre Obligación N° 5/61 c.c 100217 Ley Sep. despachar en Av Goycolea 469, La Cisterna Liceo Politécnico Ciencia y Tecnología, contacto Rafael Rojas 986640256. Orden de Compra codigo: 2769-68-AG24 dirigida a TRANSPORTES JEREZ SPA",Aceptada,Compra Agil,0,CLP,280000.0,280000.0,9693,nombre_o_rbd_unico,municipal_2024_Sem1.7z:1100488OCCompraAgil.csv
2024,2769-69-AG24,municipal,Educación,08-05-2024 0:00:00,Adquisición tinta y tóner Escuela Oscar Encalada,"Adquisición de tinta y tóner  Escuela Oscar Encalada, Ubicada en Pedro Aguirre Cerda 0184,La Cisterna. Pre-obligación 5-5 fondos Ley sep C.C. 100206 SP 4  contacto Susana Fonseca  Fono 945221930  Orden de Compra codigo: 2769-69-AG24 dirigida a IMPORTADORA Y EXPORTADORA LASER IMAGING CHILE SPA.",Aceptada,Compra Agil,0,CLP,1816297.0,1816297.0,9706,nombre_o_rbd_unico,municipal_2024_Sem1.7z:1100488OCCompraAgil.csv
2024,2769-7-CM24,municipal,Educación,12-02-2024 0:00:00,Orden de Compra: 2769-7-CM24,Orden de Compra codigo: 2769-7-CM24 dirigida a COMERCIALIZADORA JMC LIMITADA,Aceptada,Convenio Marco,0,CLP,2010136.1,2010136.1,,unidad_educacion_sin_rbd_unico,municipal_2024_Sem1.7z:1100488OCConvenioMarco.csv
2024,2769-70-AG24,municipal,Educación,08-05-2024 0:00:00,Adquisición Tóner  Escuela Oscar Encalada,"Adquisición de Tóner  Escuela Oscar Encalada, Ubicada en Pedro Aguirre Cerda 0184,La Cisterna. Pre-obligación 5-52 fondos Ley sep C.C. 100206 SP 4  contacto Susana Fonseca  Fono 945221930  Orden de Compra codigo: 2769-70-AG24 dirigida a DCV COMPUTACION LIMITADA",Aceptada,Compra Agil,0,CLP,431970.0,431970.0,9706,nombre_o_rbd_unico,municipal_2024_Sem1.7z:1100488OCCompraAgil.csv
2024,2769-71-AG24,municipal,Educación,09-05-2024 0:00:00,Materiales de enseñanza  especialidad de Administración LCyT. Orden de Compra generada por invitación a compra ágil: 2769-90-COT24,"Pre Obligación N° 5/35  c.c 100217 Ley Sep. despachar en Av Goycolea 469, La Cisterna Liceo Politécnico Ciencia y Tecnología, contacto Rafael Rojas 986640256 Orden de Compra codigo: 2769-71-AG24 dirigida a MIRIAM PAOLA ROJAS SALAMANCA",Aceptada,Compra Agil,0,CLP,514008.6,514008.6,9693,nombre_o_rbd_unico,municipal_2024_Sem1.7z:1100488OCCompraAgil.csv
2024,2769-72-AG24,municipal,Educación,09-05-2024 0:00:00,Materiales de enseñanza Papeleria LCyT. Orden de Compra generada por invitación a compra ágil: 2769-91-COT24,"Pre Obligación N° 5/35  c.c 100217 Ley Sep. despachar en Av Goycolea 469, La Cisterna Liceo Politécnico Ciencia y Tecnología, contacto, Rafael Rojas 986640256 Orden de Compra codigo: 2769-72-AG24 dirigida a DISTRIBUIDORA DIAZOL S A",Aceptada,Compra Agil,0,CLP,261919.0,261919.0,9693,nombre_o_rbd_unico,municipal_2024_Sem1.7z:1100488OCCompraAgil.csv
2024,2769-73-AG24,municipal,Educación,10-05-2024 0:00:00,Traslado Toldo mecanizado Escuela Oscar Encalada,"Adquisición  traslado de toldo mecanizado de patio central a patio pre-básica  Escuela Oscar Encalada, Ubicada en Pedro Aguirre Cerda 0184,La Cisterna. Pre-obligación 5-77 fondos Unidad Mantenimiento  C.C. 100906 SP 6c  contacto Susana Fonseca  Fono 945221930  Orden de Compra codigo: 2769-73-AG24 dirigida a DISEÑO, INGENIERÍA Y CONSTRUCCIÓN COYAN LIMITADA",Aceptada,Compra Agil,0,CLP,476000.0,476000.0,9706,nombre_o_rbd_unico,municipal_2024_Sem1.7z:1100488OCCompraAgil.csv
2024,2769-74-AG24,municipal,Educación,10-05-2024 0:00:00,destape de ductos sector casino alumno olof,pre-obligación 5/68 financiamiento unidad de mantenimiento el trabajo se deberá realizar en el sector casino de alumnos del establecimiento ubicado en julio covarrubias 9370 de la cisterna ,Aceptada,Compra Agil,0,CLP,1892100.0,1892100.0,,unidad_educacion_sin_rbd_unico,municipal_2024_Sem1.7z:1100488OCCompraAgil.csv
2024,2769-75-AG24,municipal,Educación,10-05-2024 0:00:00,Materiales eléctricos LCyT. Orden de Compra generada por invitación a compra ágil: 2769-97-COT24,"Pre Obligación N° 5/70   c.c 100903 U. Mantenimiento. despachar en Av Goycolea 469, La Cisterna Liceo Politécnico Ciencia y Tecnología, contacto Rafael Rojas 986640256. Orden de Compra codigo: 2769-75-AG24 dirigida a JUAN RUPERTO CANCINO GARRIDO",Aceptada,Compra Agil,0,CLP,701155.14,701155.14,9693,nombre_o_rbd_unico,municipal_2024_Sem1.7z:1100488OCCompraAgil.csv
2024,2769-76-AG24,municipal,Educación,10-05-2024 0:00:00,Adquisición de vidrios LcyT. Orden de Compra generada por invitación a compra ágil: 2769-94-COT24,"Pre Obligación N° 5/69   c.c 100903 U. Mantenimiento. despachar en Av Goycolea 469, La Cisterna Liceo Politécnico Ciencia y Tecnología, contacto Rafael Rojas 986640256. Orden de Compra codigo: 2769-76-AG24 dirigida a CENTRO COMERCIAL VICUNA MACKENNA LTDA",Aceptada,Compra Agil,0,CLP,208102.44,208102.44,9693,nombre_o_rbd_unico,municipal_2024_Sem1.7z:1100488OCCompraAgil.csv
2024,2769-77-AG24,municipal,Educación,14-05-2024 0:00:00,Materiales de enseñanza deportivos LCyT. Orden de Compra generada por invitación a compra ágil: 2769-60-COT24,"Pre Obligación N° 5/73  c.c 100217 Ley Sep. despachar en Av Goycolea 469, La Cisterna Liceo Politécnico Ciencia y Tecnología, contacto Rafael Rojas 986640256.  Orden de Compra codigo: 2769-77-AG24 dirigida a COMERCIAL CHILEACTIVO SPA",Aceptada,Compra Agil,0,CLP,1295857.64,1295857.64,9693,nombre_o_rbd_unico,municipal_2024_Sem1.7z:1100488OCCompraAgil.csv
2024,2769-78-AG24,municipal,Educación,13-05-2024 0:00:00,Orden de Compra generada por invitación a compra ágil: 2769-98-COT24,Orden de Compra codigo: 2769-78-AG24 dirigida a DIMERC S A,Aceptada,Compra Agil,0,CLP,1634917.2,1634917.2,9730,nombre_o_rbd_unico,municipal_2024_Sem1.7z:1100488OCCompraAgil.csv
2024,2769-79-AG24,municipal,Educación,13-05-2024 0:00:00,Orden de Compra generada por invitación a compra ágil: 2769-100-COT24,Orden de Compra codigo: 2769-79-AG24 dirigida a SANTILLANA EDUCACIÓN CHILE SPA pre obligacion 5/66 item .22.04.002 c.c 100202,Aceptada,Compra Agil,0,CLP,1900000.41,1900000.41,,unidad_educacion_sin_rbd_unico,municipal_2024_Sem1.7z:1100488OCCompraAgil.csv
2024,2769-8-AG24,municipal,Educación,13-02-2024 0:00:00,Orden de Compra generada por invitación a compra ágil: 2769-8-COT24,Orden de Compra codigo: 2769-8-AG24 dirigida a COMERCIALIZADORA PEGASUS SPA,Aceptada,Compra Agil,0,CLP,877577.4,877577.4,,unidad_educacion_sin_rbd_unico,municipal_2024_Sem1.7z:1100488OCCompraAgil.csv
2024,2769-80-AG24,municipal,Educación,13-05-2024 0:00:00,Orden de Compra generada por invitación a compra ágil: 2769-101-COT24,Orden de Compra codigo: 2769-80-AG24 dirigida a GLOBAL SUPPLY SPA ttem 22.04.002 pre obligacion 5/67,Aceptada,Compra Agil,0,CLP,1842630.51,1842630.51,,unidad_educacion_sin_rbd_unico,municipal_2024_Sem1.7z:1100488OCCompraAgil.csv
2024,2769-81-AG24,municipal,Educación,14-05-2024 0:00:00,Salida Pedagógica Inacap / Renner Coating LCyT. Orden de Compra generada por invitación a compra ágil: 2769-107-COT24,"Pre Obligación N° 5/61  c.c 100217 Ley Sep. despachar en Av Goycolea 469, La Cisterna Liceo Politécnico Ciencia y Tecnología, contacto Rafael Rojas 986640256. Orden de Compra codigo: 2769-81-AG24 dirigida a TRANSPORTES JEREZ SPA",Aceptada,Compra Agil,0,CLP,280000.0,280000.0,9693,nombre_o_rbd_unico,municipal_2024_Sem1.7z:1100488OCCompraAgil.csv
2024,2769-82-AG24,municipal,Educación,06-06-2024 0:00:00,Equipos para Administración Logística LCyT. Orden de Compra generada por invitación a compra ágil: 2769-45-COT24,"Pre Obligación N° 5/71  c.c 100217 Ley Sep. despachar en Av Goycolea 469, La Cisterna Liceo Politécnico Ciencia y Tecnología, contacto Rafael Rojas 986640256  Orden de Compra codigo: 2769-82-AG24 dirigida a COMERCIALIZADORA Y SERVICIOS ETERTEK LIMITADA",Aceptada,Compra Agil,0,CLP,1095895.99,1095895.99,9693,nombre_o_rbd_unico,municipal_2024_Sem1.7z:1100488OCCompraAgil.csv
2024,2769-83-AG24,municipal,Educación,14-05-2024 0:00:00,adquisición artículos escolares olof,pre-obligación 5/63 financiamiento SEP los productos deberán ser entregados en dependencias del liceo ubicado en julio covarrubias 9370,Aceptada,Compra Agil,0,CLP,789803.0,789803.0,,unidad_educacion_sin_rbd_unico,municipal_2024_Sem1.7z:1100488OCCompraAgil.csv
2024,2769-84-AG24,municipal,Educación,13-05-2024 0:00:00,Materiales para mantenimiento LCyT. Orden de Compra generada por invitación a compra ágil: 2769-99-COT24,"Pre Obligación N° 5/70   c.c 100903 U. Mantenimiento. despachar en Av Goycolea 469, La Cisterna Liceo Politécnico Ciencia y Tecnología, contacto. Rafael Rojas 986640256. Orden de Compra codigo: 2769-84-AG24 dirigida a VARIEDADES ARIPATY SPA",Aceptada,Compra Agil,0,CLP,310118.76,310118.76,9693,nombre_o_rbd_unico,municipal_2024_Sem1.7z:1100488OCCompraAgil.csv
2024,2769-85-AG24,municipal,Educación,14-05-2024 0:00:00,Colegio Palestino: Reparación techos. Compra ágil: 2769-83-COT24,"Colegio Palestino, Direccion: Avenida El Parrón 498b, La Cisterna (entre calles Angamos y Santa María).  Contacto: Andrés Eduardo Rojas, Fono: 964659094, sep@colegiopalestino.cl  ítem: 215.22.06.001 Centro de costo: 100905 Sub.prog: 6 Unidad de Mantenimiento",Aceptada,Compra Agil,0,CLP,289170.0,289170.0,9700,nombre_o_rbd_unico,municipal_2024_Sem1.7z:1100488OCCompraAgil.csv
2024,2769-86-AG24,municipal,Educación,14-05-2024 0:00:00,Artículos Escolares Escuela Oscar Encalada  ,"Adquisición Artículos escolares  Escuela Oscar Encalada, Ubicada en Pedro Aguirre Cerda 0184,La Cisterna. Pre-obligación 5-76 fondos Ley sep C.C. 100206 SP 4  contacto Susana Fonseca  Fono 945221930  Orden de Compra codigo: 2769-86-AG24 dirigida a COMERCIALIZADORA Y DISTRIBUIDORA LA PALOMA LIMITADA",Aceptada,Compra Agil,0,CLP,267512.0,267512.0,9706,nombre_o_rbd_unico,municipal_2024_Sem1.7z:1100488OCCompraAgil.csv
2024,2769-87-AG24,municipal,Educación,14-05-2024 0:00:00,Termolaminadora Escuela Oscar Encalada ,"Adquisición de termolaminadora  Escuela Oscar Encalada, Ubicada en Pedro Aguirre Cerda 0184,La Cisterna. Pre-obligación 5-74 fondos Ley sep C.C. 100206 SP 4  contacto Susana Fonseca  Fono 945221930  Orden de Compra codigo: 2769-87-AG24 dirigida a VENTAS MAUSHI SHIRLEY HOLTMANN E.I.R.L.",Aceptada,Compra Agil,0,CLP,42828.1,42828.1,9706,nombre_o_rbd_unico,municipal_2024_Sem1.7z:1100488OCCompraAgil.csv
2024,2769-88-AG24,municipal,Educación,14-05-2024 0:00:00,Televisores  smartv led Escuela Oscar Encalada ,"Adquisición de Televisore smartv led Escuela Oscar Encalada, Ubicada en Pedro Aguirre Cerda 0184,La Cisterna. Pre-obligación 5-74 fondos Ley sep C.C. 100206 SP 4  contacto Susana Fonseca  Fono 945221930  Orden de Compra codigo: 2769-88-AG24 dirigida a KDTEC SPA",Aceptada,Compra Agil,0,CLP,1709969.31,1709969.31,9706,nombre_o_rbd_unico,municipal_2024_Sem1.7z:1100488OCCompraAgil.csv
2024,2769-89-AG24,municipal,Educación,14-05-2024 0:00:00,Mantención e instalación de canaletas  aguas lluvias Escuela Oscar Encalda ,"Adquisición de mantención e instalación de canaletas aguas lluvias  Escuela Oscar Encalada, Ubicada en Pedro Aguirre Cerda 0184, La Cisterna. Pre-obligación 5-77 fondos Unidad Mantenimiento  C.C. 100906 SP 6  contacto Susana Fonseca  Fono 945221930  Orden de Compra codigo: 2769-89-AG24 dirigida a OLAVARRIA Y RENAN SPA",Aceptada,Compra Agil,0,CLP,1658711.25,1658711.25,9706,nombre_o_rbd_unico,municipal_2024_Sem1.7z:1100488OCCompraAgil.csv
2024,2769-9-AG24,municipal,Educación,14-02-2024 0:00:00,Orden de Compra generada por invitación a compra ágil: 2769-7-COT24,Orden de Compra codigo: 2769-9-AG24 dirigida a MIGUEL ALEJANDRO MORA ÁLVAREZ,Aceptada,Compra Agil,0,CLP,1842120.0,1842120.0,,unidad_educacion_sin_rbd_unico,municipal_2024_Sem1.7z:1100488OCCompraAgil.csv
2024,2769-90-AG24,municipal,Educación,14-05-2024 0:00:00,Libros de lectura complementaría  Escuela Oscar Encalada ,"Adquisición de libros de lectura complementaría Escuela Oscar Encalada, Ubicada en Pedro Aguirre Cerda 0184,La Cisterna. Pre-obligación 5-76 fondos Ley sep C.C. 100206 SP 4  contacto Susana Fonseca  Fono 945221930  Orden de Compra codigo: 2769-90-AG24 dirigida a LIBRERIA LOS GONZALEZ SPA",Aceptada,Compra Agil,0,CLP,1332800.0,1332800.0,9706,nombre_o_rbd_unico,municipal_2024_Sem1.7z:1100488OCCompraAgil.csv
2024,2769-91-AG24,municipal,Educación,06-06-2024 0:00:00,Medidores laser Administración Logística LCyT.Orden de Compra generada por invitación a compra ágil: 2769-47-COT24,"Pre Obligación N° 5/71  c.c 100217 Ley Sep. despachar en Av Goycolea 469, La Cisterna Liceo Politécnico Ciencia y Tecnología, contacto Rafael Rojas 986640256. Orden de Compra codigo: 2769-91-AG24 dirigida a BUY ME SPA.",Aceptada,Compra Agil,0,CLP,594702.5,594702.5,9693,nombre_o_rbd_unico,municipal_2024_Sem1.7z:1100488OCCompraAgil.csv
2024,2769-92-AG24,municipal,Educación,20-05-2024 0:00:00,juegos de mesas para alumnos olof,pre-obligación 5/63 fuente de financiamiento LEY SEP los productos deberán ser entregados en dependencias del liceo ubicado en Julio Covarrubias 9370 de la comuna de La Cisterna,Aceptada,Compra Agil,0,CLP,1398847.38,1398847.38,,unidad_educacion_sin_rbd_unico,municipal_2024_Sem1.7z:1100488OCCompraAgil.csv
2024,2769-93-AG24,municipal,Educación,17-05-2024 0:00:00,Orden de Compra generada por invitación a compra ágil: 2769-112-COT24,Orden de Compra codigo: 2769-93-AG24 dirigida a NELSON JORGE MIRANDA MUÑOZ pre obligacion 5/78 item 22.09.003 c.c 100202,Aceptada,Compra Agil,0,CLP,440000.0,440000.0,,unidad_educacion_sin_rbd_unico,municipal_2024_Sem1.7z:1100488OCCompraAgil.csv
2024,2769-95-AG24,municipal,Educación,22-05-2024 0:00:00,Salida pedagógica Inacap LCyT. Orden de Compra generada por invitación a compra ágil: 2769-115-COT24,"Pre Obligación N° 5/61  c.c 100217 Ley Sep. despachar en Av Goycolea 469, La Cisterna Liceo Politécnico Ciencia y Tecnología, contacto Rafael Rojas 986640256. Orden de Compra codigo: 2769-95-AG24 dirigida a TRANSPORTES JEREZ SPA",Aceptada,Compra Agil,0,CLP,140000.0,140000.0,9693,nombre_o_rbd_unico,municipal_2024_Sem1.7z:1100488OCCompraAgil.csv
2024,2769-96-AG24,municipal,Educación,22-05-2024 0:00:00,Pizarras de corcho Escuela Oscar Encalada ,"Adquisición de pizarras de corcho Escuela Oscar Encalada, Ubicada en Pedro Aguirre Cerda 0184,La Cisterna. Pre-obligación 5-75 fondos Ley sep C.C. 100206 SP 4  contacto Susana Fonseca  Fono 945221930  Orden de Compra codigo: 2769-96-AG24 dirigida a COMERCIAL BELTCHILE SPA",Aceptada,Compra Agil,0,CLP,254184.0,254184.0,9706,nombre_o_rbd_unico,municipal_2024_Sem1.7z:1100488OCCompraAgil.csv
2024,2769-97-AG24,municipal,Educación,23-05-2024 0:00:00,Arriendo de Buses Full Equipo salidas pedagógicas LCyT. Orden de Compra generada por invitación a compra ágil: 2769-118-COT24,"Pre Obligación N° 5/61  c.c 100217 Ley Sep. despachar en Av Goycolea 469, La Cisterna Liceo Politécnico Ciencia y Tecnología, contacto Rafael Rojas 986640256  Orden de Compra codigo: 2769-97-AG24 dirigida a TRANSPORTES JEREZ SPA",Aceptada,Compra Agil,0,CLP,420000.0,420000.0,9693,nombre_o_rbd_unico,municipal_2024_Sem1.7z:1100488OCCompraAgil.csv
2024,2769-98-AG24,municipal,Educación,27-05-2024 0:00:00,Orden de Compra generada por invitación a compra ágil: 2769-120-COT24,Orden de Compra codigo: 2769-98-AG24 dirigida a COMERCIALIZADORA DE INSUMOS COMPUTACIONALES SERGIO ESPINA VALENZUELA E pre obligacion 5/57 item 22.04.009 c.c 100202,Aceptada,Compra Agil,0,CLP,1737400.0,1737400.0,,unidad_educacion_sin_rbd_unico,municipal_2024_Sem1.7z:1100488OCCompraAgil.csv
2024,2769-99-AG24,municipal,Educación,25-05-2024 0:00:00,"Arriendo de bus full equipo, Valparaiso, Quebrada Lo Córdova LCyT. Orden de Compra generada por invitación a compra ágil: 2769-124-COT24","Pre Obligación N° 5/61  c.c 100217 Ley Sep. despachar en Av Goycolea 469, La Cisterna Liceo Politécnico Ciencia y Tecnología, contacto Rafael Rojas 986640256  Orden de Compra codigo: 2769-99-AG24 dirigida a PLUSS MINERIA SPA",Aceptada,Compra Agil,0,CLP,300000.0,300000.0,9693,nombre_o_rbd_unico,municipal_2024_Sem1.7z:1100488OCCompraAgil.csv
2025,1339159-100-AG25,slep,PROGRAMA 02,2025-10-06,IRG - Servicio de galería para Liceo Ciencia y TecnologíaOrden de Compra generada por invitación a compra ágil: 1339159-76-COT25,Orden de Compra codigo: 1339159-100-AG25 dirigida a MIGUEL MANUEL CARDENAS FLORES,Recepcion Conforme,Compra Agil,0,CLP,1999200.0,1999200.0,9693,nombre_o_rbd_unico,slep_2025_Sem2.7z:21890640CompraAgil.csv
2025,1339159-110-CM25,slep,PROGRAMA 02,2025-10-21,IRG - Gas licuado granel para Liceo Politécnico Ciencia y Tecnología Orden de Compra: 1339159-110-CM25,Orden de Compra codigo: 1339159-110-CM25 dirigida a GASCO GLP S A,Recepcion Conforme,Convenio Marco,0,CLP,95961.6,95961.6,9693,nombre_o_rbd_unico,slep_2025_Sem2.7z:21890640ConvenioMarco.csv
2025,1339159-151-AG25,slep,PROGRAMA 02,2025-12-11,CSV Adq cilindros de gas y recarga compra ágil: 1339159-111-COT25,Orden de Compra codigo: 1339159-151-AG25 dirigida a INVERSIONES GRUPO J ARIAS LIMITADA adquisición cilindros de gas y recarga segun doc. adjunta selección segun adjunto  se solicita facturar según instrucciones,Recepcion Conforme,Compra Agil,0,CLP,303450.0,303450.0,9693,nombre_o_rbd_unico,slep_2025_Sem2.7z:21890640CompraAgil.csv
2025,1339159-153-TD25,slep,PROGRAMA 02,2025-12-16,Orden de Compra generada por Trato Directo ID 1339159-15-FTD25,"SERVICIO DE MANTENCIÓN DE CIERRE PERIMETRAL CON ENFOQUE EN SEGURIDAD PARA LA LICEO POLIVALENTE OLOF PALME, RBD 9701 según indica en resolución N°1159 (adjunta)",Recepcion Conforme,Trato Directo,1,CLP,28934136.0,28934136.0,9701,nombre_o_rbd_unico,slep_2025_Sem2.7z:21890640TratoDirecto.csv
2025,1339159-41-TD25,slep,PROGRAMA 02,04-04-2025 0:00:00,Orden de Compra generada por Trato Directo ID 1339159-7-FTD25,"se requiere de la contratación de servicios de seguridad privada para el establecimiento educacional siniestrado, Liceo Polivalente Olof Palme, ubicado en calle Julio Covarrubias N° 9370, Comuna de La Cisterna resulta necesario entregar las condiciones necesarias para el normal funcionamiento del Liceo Polivalente Olof Palme en lo que refiere a seguridad aseguramiento de los activos, funcionarios y estudiantado",Recepcion Conforme,Trato Directo,1,CLP,9996000.0,9996000.0,9701,nombre_o_rbd_unico,slep_2025_Sem1.7z:11890640OCTratoDirecto.csv
2025,1339159-74-CM25,slep,PROGRAMA 02,2025-08-26,IRG - GAS LICUADO PARA LICEO POLITECNICO CIENCIA Y TECNOLOGÍA,Orden de Compra codigo: 1339159-74-CM25 dirigida a GASCO GLP S A,Recepcion Conforme,Convenio Marco,0,CLP,1325184.0,1325184.0,9693,nombre_o_rbd_unico,slep_2025_Sem2.7z:21890640ConvenioMarco.csv
