dependencia_original,decreto,fecha_decreto,factura,fecha_factura,modelo_original,serie_original,valor_clp,pagina_pdf,tabla,fila_tabla,id_fila,dependencia,familia,rbd,serie,clave_serie
Escuela Volcán Llaima,265,2020-09-16,1220,2020-08-13,Tablet Huawei Mediapad T3 7”,8JUBB20302214379,82367,63,1,4,con_comodato_63_1_4,Volcán Llaima,Huawei T3,19927,8JUBB20302214379,1220|8JUBB20302214379
Escuela Volcán Llaima,265,2020-09-16,1220,2020-08-13,Tablet Huawei Mediapad T3 7”,8JUBB20302214368,82367,63,1,10,con_comodato_63_1_10,Volcán Llaima,Huawei T3,19927,8JUBB20302214368,1220|8JUBB20302214368
Escuela Volcán Llaima,265,2020-09-16,1220,2020-08-13,Tablet Huawei Mediapad T3 7”,8JUBB20302214397,82367,63,1,11,con_comodato_63_1_11,Volcán Llaima,Huawei T3,19927,8JUBB20302214397,1220|8JUBB20302214397
Escuela Volcán Llaima,265,2020-09-16,1220,2020-08-13,Tablet Huawei Mediapad T3 7”,8JUBB20302214167,82367,63,1,12,con_comodato_63_1_12,Volcán Llaima,Huawei T3,19927,8JUBB20302214167,1220|8JUBB20302214167
Escuela Volcán Llaima,265,2020-09-16,1220,2020-08-13,Tablet Huawei Mediapad T3 7”,8JUBB20302214202,82367,64,2,6,con_comodato_64_2_6,Volcán Llaima,Huawei T3,19927,8JUBB20302214202,1220|8JUBB20302214202
Escuela Volcán Llaima,265,2020-09-16,1220,2020-08-13,Tablet Huawei Mediapad T3 7”,8JUBB20302214156,82367,64,2,12,con_comodato_64_2_12,Volcán Llaima,Huawei T3,19927,8JUBB20302214156,1220|8JUBB20302214156
Escuela Volcán Llaima,265,2020-09-16,1220,2020-08-13,Tablet Huawei Mediapad T3 7”,8JUBB20302214152,82367,64,2,14,con_comodato_64_2_14,Volcán Llaima,Huawei T3,19927,8JUBB20302214152,1220|8JUBB20302214152
Escuela Volcán Llaima,265,2020-09-16,1220,2020-08-13,Tablet Huawei Mediapad T3 7”,8JUBB20302214147,82367,64,2,19,con_comodato_64_2_19,Volcán Llaima,Huawei T3,19927,8JUBB20302214147,1220|8JUBB20302214147
Escuela Volcán Llaima,265,2020-09-16,1220,2020-08-13,Tablet Huawei Mediapad T3 7”,8JUBB20302214132,82367,64,2,21,con_comodato_64_2_21,Volcán Llaima,Huawei T3,19927,8JUBB20302214132,1220|8JUBB20302214132
Escuela Volcán Llaima,266,2020-09-16,1221,2020-08-13,Tablet Huawei Mediapad T3 7”,8JUBB20302213838,82367,66,4,3,con_comodato_66_4_3,Volcán Llaima,Huawei T3,19927,8JUBB20302213838,1221|8JUBB20302213838
Escuela Volcán Llaima,266,2020-09-16,1221,2020-08-13,Tablet Huawei Mediapad T3 7”,8JUBB20302212205,82367,66,4,12,con_comodato_66_4_12,Volcán Llaima,Huawei T3,19927,8JUBB20302212205,1221|8JUBB20302212205
Escuela Volcán Llaima,266,2020-09-16,1221,2020-08-13,Tablet Huawei Mediapad T3 7”,8JUBB20302212197,82367,66,4,18,con_comodato_66_4_18,Volcán Llaima,Huawei T3,19927,8JUBB20302212197,1221|8JUBB20302212197
Escuela Volcán Llaima,266,2020-09-16,1221,2020-08-13,Tablet Huawei Mediapad T3 7”,8JUBB20302212195,82367,66,4,20,con_comodato_66_4_20,Volcán Llaima,Huawei T3,19927,8JUBB20302212195,1221|8JUBB20302212195
Escuela Volcán Llaima,266,2020-09-16,1221,2020-08-13,Tablet Huawei Mediapad T3 7”,8JUBB20302212192,82367,66,4,21,con_comodato_66_4_21,Volcán Llaima,Huawei T3,19927,8JUBB20302212192,1221|8JUBB20302212192
Escuela Volcán Llaima,266,2020-09-16,1221,2020-08-13,Tablet Huawei Mediapad T3 7”,8JUBB20302212182,82367,67,5,8,con_comodato_67_5_8,Volcán Llaima,Huawei T3,19927,8JUBB20302212182,1221|8JUBB20302212182
Escuela Volcán Llaima,266,2020-09-16,1221,2020-08-13,Tablet Huawei Mediapad T3 7”,8JUBB20302212181,82367,67,5,9,con_comodato_67_5_9,Volcán Llaima,Huawei T3,19927,8JUBB20302212181,1221|8JUBB20302212181
Escuela Volcán Llaima,266,2020-09-16,1221,2020-08-13,Tablet Huawei Mediapad T3 7”,QQ15B92W09,82367,67,5,22,con_comodato_67_5_22,Volcán Llaima,Huawei T3,19927,QQ15B92W09,1221|QQ15B92W09
Escuela Volcán Llaima,206,2021-08-24,2,2021-07-05,Tablet Samsung Galaxy 8 Tab 4g Lte,355041990295979,130900,67,5,23,con_comodato_67_5_23,Volcán Llaima,Samsung A8/T295,19927,355041990295979,2|355041990295979
Escuela Volcán Llaima,206,2021-08-24,2,2021-07-05,Tablet Samsung Galaxy 8 Tab 4g Lte,355041990293891,130900,68,6,2,con_comodato_68_6_2,Volcán Llaima,Samsung A8/T295,19927,355041990293891,2|355041990293891
Escuela Volcán Llaima,206,2021-08-24,2,2021-07-05,Tablet Samsung Galaxy 8 Tab 4g Lte,355041992257936,130900,68,6,3,con_comodato_68_6_3,Volcán Llaima,Samsung A8/T295,19927,355041992257936,2|355041992257936
Escuela Volcán Llaima,206,2021-08-24,2,2021-07-05,Tablet Samsung Galaxy 8 Tab 4g Lte,355041992257621,130900,68,6,4,con_comodato_68_6_4,Volcán Llaima,Samsung A8/T295,19927,355041992257621,2|355041992257621
Escuela Volcán Llaima,206,2021-08-24,2,2021-07-05,Tablet Samsung Galaxy 8 Tab 4g Lte,355041992254750,130900,68,6,5,con_comodato_68_6_5,Volcán Llaima,Samsung A8/T295,19927,355041992254750,2|355041992254750
Escuela Volcán Llaima,206,2021-08-24,2,2021-07-05,Tablet Samsung Galaxy 8 Tab 4g Lte,355041992248364,130900,68,6,6,con_comodato_68_6_6,Volcán Llaima,Samsung A8/T295,19927,355041992248364,2|355041992248364
Escuela Volcán Llaima,206,2021-08-24,2,2021-07-05,Tablet Samsung Galaxy 8 Tab 4g Lte,359041992249610,130900,68,6,7,con_comodato_68_6_7,Volcán Llaima,Samsung A8/T295,19927,359041992249610,2|359041992249610
Escuela Volcán Llaima,206,2021-08-24,2,2021-07-05,Tablet Samsung Galaxy 8 Tab 4g Lte,355041992250782,130900,68,6,8,con_comodato_68_6_8,Volcán Llaima,Samsung A8/T295,19927,355041992250782,2|355041992250782
Escuela Volcán Llaima,206,2021-08-24,2,2021-07-05,Tablet Samsung Galaxy 8 Tab 4g Lte,358893199669868,130900,68,6,9,con_comodato_68_6_9,Volcán Llaima,Samsung A8/T295,19927,358893199669868,2|358893199669868
Escuela Volcán Llaima,206,2021-08-24,2,2021-07-05,Tablet Samsung Galaxy 8 Tab 4g Lte,355041990295268,130900,68,6,10,con_comodato_68_6_10,Volcán Llaima,Samsung A8/T295,19927,355041990295268,2|355041990295268
Escuela Volcán Llaima,206,2021-08-24,2,2021-07-05,Tablet Samsung Galaxy 8 Tab 4g Lte,355041992254966,130900,68,6,11,con_comodato_68_6_11,Volcán Llaima,Samsung A8/T295,19927,355041992254966,2|355041992254966
Escuela Volcán Llaima,206,2021-08-24,2,2021-07-05,Tablet Samsung Galaxy 8 Tab 4g Lte,355041992250931,130900,68,6,12,con_comodato_68_6_12,Volcán Llaima,Samsung A8/T295,19927,355041992250931,2|355041992250931
Escuela Volcán Llaima,206,2021-08-24,2,2021-07-05,Tablet Samsung Galaxy 8 Tab 4g Lte,355041990288198,130900,68,6,13,con_comodato_68_6_13,Volcán Llaima,Samsung A8/T295,19927,355041990288198,2|355041990288198
Escuela Volcán Llaima,206,2021-08-24,2,2021-07-05,Tablet Samsung Galaxy 8 Tab 4g Lte,355041990294980,130900,68,6,14,con_comodato_68_6_14,Volcán Llaima,Samsung A8/T295,19927,355041990294980,2|355041990294980
Escuela Volcán Llaima,206,2021-08-24,2,2021-07-05,Tablet Samsung Galaxy 8 Tab 4g Lte,355041992247200,130900,68,6,15,con_comodato_68_6_15,Volcán Llaima,Samsung A8/T295,19927,355041992247200,2|355041992247200
Escuela Volcán Llaima,206,2021-08-24,2,2021-07-05,Tablet Samsung Galaxy 8 Tab 4g Lte,355041992252465,130900,68,6,16,con_comodato_68_6_16,Volcán Llaima,Samsung A8/T295,19927,355041992252465,2|355041992252465
Escuela Volcán Llaima,206,2021-08-24,2,2021-07-05,Tablet Samsung Galaxy 8 Tab 4g Lte,355041990295110,130900,68,6,17,con_comodato_68_6_17,Volcán Llaima,Samsung A8/T295,19927,355041990295110,2|355041990295110
Escuela Volcán Llaima,206,2021-08-24,2,2021-07-05,Tablet Samsung Galaxy 8 Tab 4g Lte,355041992259486,130900,68,6,18,con_comodato_68_6_18,Volcán Llaima,Samsung A8/T295,19927,355041992259486,2|355041992259486
Escuela Volcán Llaima,206,2021-08-24,2,2021-07-05,Tablet Samsung Galaxy 8 Tab 4g Lte,355041990296753,130900,68,6,19,con_comodato_68_6_19,Volcán Llaima,Samsung A8/T295,19927,355041990296753,2|355041990296753
Escuela Volcán Llaima,206,2021-08-24,2,2021-07-05,Tablet Samsung Galaxy 8 Tab 4g Lte,355041992257068,130900,68,6,20,con_comodato_68_6_20,Volcán Llaima,Samsung A8/T295,19927,355041992257068,2|355041992257068
Escuela Volcán Llaima,206,2021-08-24,2,2021-07-05,Tablet Samsung Galaxy 8 Tab 4g Lte,355041992250063,130900,68,6,21,con_comodato_68_6_21,Volcán Llaima,Samsung A8/T295,19927,355041992250063,2|355041992250063
Escuela Volcán Llaima,206,2021-08-24,2,2021-07-05,Tablet Samsung Galaxy 8 Tab 4g Lte,355041992254677,130900,68,6,22,con_comodato_68_6_22,Volcán Llaima,Samsung A8/T295,19927,355041992254677,2|355041992254677
Escuela Volcán Llaima,206,2021-08-24,2,2021-07-05,Tablet Samsung Galaxy 8 Tab 4g Lte,355041992257084,130900,68,6,23,con_comodato_68_6_23,Volcán Llaima,Samsung A8/T295,19927,355041992257084,2|355041992257084
Escuela Volcán Llaima,206,2021-08-24,2,2021-07-05,Tablet Samsung Galaxy 8 Tab 4g Lte,355041992257076,130900,69,7,2,con_comodato_69_7_2,Volcán Llaima,Samsung A8/T295,19927,355041992257076,2|355041992257076
Escuela Volcán Llaima,206,2021-08-24,2,2021-07-05,Tablet Samsung Galaxy 8 Tab 4g Lte,355041992254982,130900,69,7,3,con_comodato_69_7_3,Volcán Llaima,Samsung A8/T295,19927,355041992254982,2|355041992254982
Escuela Volcán Llaima,206,2021-08-24,2,2021-07-05,Tablet Samsung Galaxy 8 Tab 4g Lte,355041992246038,130900,69,7,4,con_comodato_69_7_4,Volcán Llaima,Samsung A8/T295,19927,355041992246038,2|355041992246038
Escuela Volcán Llaima,206,2021-08-24,2,2021-07-05,Tablet Samsung Galaxy 8 Tab 4g Lte,355041992257662,130900,69,7,5,con_comodato_69_7_5,Volcán Llaima,Samsung A8/T295,19927,355041992257662,2|355041992257662
Escuela Volcán Llaima,206,2021-08-24,2,2021-07-05,Tablet Samsung Galaxy 8 Tab 4g Lte,355041992246079,130900,69,7,6,con_comodato_69_7_6,Volcán Llaima,Samsung A8/T295,19927,355041992246079,2|355041992246079
Escuela Volcán Llaima,207,2021-08-24,13960,2021-07-02,Galaxy Tab A8 2019 Lte/ T295 Silver,355041991226635,142681,69,7,7,con_comodato_69_7_7,Volcán Llaima,Samsung A8/T295,19927,355041991226635,13960|355041991226635
Escuela Volcán Llaima,207,2021-08-24,13960,2021-07-02,Galaxy Tab A8 2019 Lte/ T295 Silver,355041991227260,142681,69,7,8,con_comodato_69_7_8,Volcán Llaima,Samsung A8/T295,19927,355041991227260,13960|355041991227260
Escuela Volcán Llaima,207,2021-08-24,13960,2021-07-02,Galaxy Tab A8 2019 Lte/ T295 Silver,355041991227641,142681,69,7,9,con_comodato_69_7_9,Volcán Llaima,Samsung A8/T295,19927,355041991227641,13960|355041991227641
Escuela Volcán Llaima,207,2021-08-24,13960,2021-07-02,Galaxy Tab A8 2019 Lte/ T295 Silver,355041991227849,142681,69,7,10,con_comodato_69_7_10,Volcán Llaima,Samsung A8/T295,19927,355041991227849,13960|355041991227849
Escuela Volcán Llaima,207,2021-08-24,13960,2021-07-02,Galaxy Tab A8 2019 Lte/ T295 Silver,355041991228474,142681,69,7,11,con_comodato_69_7_11,Volcán Llaima,Samsung A8/T295,19927,355041991228474,13960|355041991228474
Escuela Volcán Llaima,207,2021-08-24,13960,2021-07-02,Galaxy Tab A8 2019 Lte/ T295 Silver,355041991228524,142681,69,7,12,con_comodato_69_7_12,Volcán Llaima,Samsung A8/T295,19927,355041991228524,13960|355041991228524
Escuela Volcán Llaima,207,2021-08-24,13960,2021-07-02,Galaxy Tab A8 2019 Lte/ T295 Silver,355041991228896,142681,69,7,13,con_comodato_69_7_13,Volcán Llaima,Samsung A8/T295,19927,355041991228896,13960|355041991228896
Escuela Volcán Llaima,207,2021-08-24,13960,2021-07-02,Galaxy Tab A8 2019 Lte/ T295 Silver,355041991229985,142681,69,7,14,con_comodato_69_7_14,Volcán Llaima,Samsung A8/T295,19927,355041991229985,13960|355041991229985
Escuela Volcán Llaima,207,2021-08-24,13960,2021-07-02,Galaxy Tab A8 2019 Lte/ T295 Silver,355041991230504,142681,69,7,15,con_comodato_69_7_15,Volcán Llaima,Samsung A8/T295,19927,355041991230504,13960|355041991230504
Escuela Volcán Llaima,207,2021-08-24,13960,2021-07-02,Galaxy Tab A8 2019 Lte/ T295 Silver,3588931991230590,142681,69,7,16,con_comodato_69_7_16,Volcán Llaima,Samsung A8/T295,19927,3588931991230590,13960|3588931991230590
Escuela Volcán Llaima,207,2021-08-24,13960,2021-07-02,Galaxy Tab A8 2019 Lte/ T295 Silver,355041991236360,142681,69,7,17,con_comodato_69_7_17,Volcán Llaima,Samsung A8/T295,19927,355041991236360,13960|355041991236360
Escuela Volcán Llaima,207,2021-08-24,13960,2021-07-02,Galaxy Tab A8 2019 Lte/ T295 Silver,355041991238705,142681,69,7,18,con_comodato_69_7_18,Volcán Llaima,Samsung A8/T295,19927,355041991238705,13960|355041991238705
Escuela Volcán Llaima,207,2021-08-24,13960,2021-07-02,Galaxy Tab A8 2019 Lte/ T295 Silver,355041991239596,142681,69,7,19,con_comodato_69_7_19,Volcán Llaima,Samsung A8/T295,19927,355041991239596,13960|355041991239596
Escuela Volcán Llaima,207,2021-08-24,13960,2021-07-02,Galaxy Tab A8 2019 Lte/ T295 Silver,358893199779949,142681,69,7,20,con_comodato_69_7_20,Volcán Llaima,Samsung A8/T295,19927,358893199779949,13960|358893199779949
Escuela Volcán Llaima,207,2021-08-24,13960,2021-07-02,Galaxy Tab A8 2019 Lte/ T295 Silver,358893199781036,142681,69,7,21,con_comodato_69_7_21,Volcán Llaima,Samsung A8/T295,19927,358893199781036,13960|358893199781036
Escuela Volcán Llaima,207,2021-08-24,13960,2021-07-02,Galaxy Tab A8 2019 Lte/ T295 Silver,358893199782422,142681,69,7,22,con_comodato_69_7_22,Volcán Llaima,Samsung A8/T295,19927,358893199782422,13960|358893199782422
Escuela Volcán Llaima,207,2021-08-24,13960,2021-07-02,Galaxy Tab A8 2019 Lte/ T295 Silver,358893199785334,142681,69,7,23,con_comodato_69_7_23,Volcán Llaima,Samsung A8/T295,19927,358893199785334,13960|358893199785334
Escuela Volcán Llaima,207,2021-08-24,13960,2021-07-02,Galaxy Tab A8 2019 Lte/ T295 Silver,358893199786530,142681,70,8,2,con_comodato_70_8_2,Volcán Llaima,Samsung A8/T295,19927,358893199786530,13960|358893199786530
Escuela Volcán Llaima,207,2021-08-24,13960,2021-07-02,Galaxy Tab A8 2019 Lte/ T295 Silver,358893199786860,142681,70,8,3,con_comodato_70_8_3,Volcán Llaima,Samsung A8/T295,19927,358893199786860,13960|358893199786860
Escuela Volcán Llaima,207,2021-08-24,13960,2021-07-02,Galaxy Tab A8 2019 Lte/ T295 Silver,358893199787140,142681,70,8,4,con_comodato_70_8_4,Volcán Llaima,Samsung A8/T295,19927,358893199787140,13960|358893199787140
Escuela Volcán Llaima,207,2021-08-24,13960,2021-07-02,Galaxy Tab A8 2019 Lte/ T295 Silver,355041991226023,142681,70,8,5,con_comodato_70_8_5,Volcán Llaima,Samsung A8/T295,19927,355041991226023,13960|355041991226023
Escuela Volcán Llaima,207,2021-08-24,13960,2021-07-02,Galaxy Tab A8 2019 Lte/ T295 Silver,355041991238291,142681,70,8,6,con_comodato_70_8_6,Volcán Llaima,Samsung A8/T295,19927,355041991238291,13960|355041991238291
Escuela Volcán Llaima,207,2021-08-24,13960,2021-07-02,Galaxy Tab A8 2019 Lte/ T295 Silver,355041991237467,142681,70,8,7,con_comodato_70_8_7,Volcán Llaima,Samsung A8/T295,19927,355041991237467,13960|355041991237467
Escuela Volcán Llaima,207,2021-08-24,13960,2021-07-02,Galaxy Tab A8 2019 Lte/ T295 Silver,358893199781994,142681,70,8,8,con_comodato_70_8_8,Volcán Llaima,Samsung A8/T295,19927,358893199781994,13960|358893199781994
Escuela Volcán Llaima,207,2021-08-24,13960,2021-07-02,Galaxy Tab A8 2019 Lte/ T295 Silver,358893199779071,142681,70,8,9,con_comodato_70_8_9,Volcán Llaima,Samsung A8/T295,19927,358893199779071,13960|358893199779071
Escuela Volcán Llaima,207,2021-08-24,13960,2021-07-02,Galaxy Tab A8 2019 Lte/ T295 Silver,355041990304151,142681,70,8,10,con_comodato_70_8_10,Volcán Llaima,Samsung A8/T295,19927,355041990304151,13960|355041990304151
Escuela Volcán Llaima,207,2021-08-24,13960,2021-07-02,Galaxy Tab A8 2019 Lte/ T295 Silver,358893199802014,142681,70,8,11,con_comodato_70_8_11,Volcán Llaima,Samsung A8/T295,19927,358893199802014,13960|358893199802014
Escuela Volcán Llaima,207,2021-08-24,13960,2021-07-02,Galaxy Tab A8 2019 Lte/ T295 Silver,358893199802428,142681,70,8,12,con_comodato_70_8_12,Volcán Llaima,Samsung A8/T295,19927,358893199802428,13960|358893199802428
Escuela Volcán Llaima,207,2021-08-24,13960,2021-07-02,Galaxy Tab A8 2019 Lte/ T295 Silver,358893199800760,142681,70,8,13,con_comodato_70_8_13,Volcán Llaima,Samsung A8/T295,19927,358893199800760,13960|358893199800760
Escuela Volcán Llaima,207,2021-08-24,13960,2021-07-02,Galaxy Tab A8 2019 Lte/ T295 Silver,358893199810520,142681,70,8,15,con_comodato_70_8_15,Volcán Llaima,Samsung A8/T295,19927,358893199810520,13960|358893199810520
Escuela Volcán Llaima,207,2021-08-24,13960,2021-07-02,Galaxy Tab A8 2019 Lte/ T295 Silver,358893199816618,142681,70,8,16,con_comodato_70_8_16,Volcán Llaima,Samsung A8/T295,19927,358893199816618,13960|358893199816618
Escuela Volcán Llaima,207,2021-08-24,13960,2021-07-02,Galaxy Tab A8 2019 Lte/ T295 Silver,358893199808615,142681,70,8,17,con_comodato_70_8_17,Volcán Llaima,Samsung A8/T295,19927,358893199808615,13960|358893199808615
Escuela Volcán Llaima,207,2021-08-24,13960,2021-07-02,Galaxy Tab A8 2019 Lte/ T295 Silver,358893199808342,142681,70,8,18,con_comodato_70_8_18,Volcán Llaima,Samsung A8/T295,19927,358893199808342,13960|358893199808342
Escuela Volcán Llaima,207,2021-08-24,13960,2021-07-02,Galaxy Tab A8 2019 Lte/ T295 Silver,358893199810488,142681,70,8,19,con_comodato_70_8_19,Volcán Llaima,Samsung A8/T295,19927,358893199810488,13960|358893199810488
Escuela Volcán Llaima,207,2021-08-24,13960,2021-07-02,Galaxy Tab A8 2019 Lte/ T295 Silver,358893199808151,142681,70,8,20,con_comodato_70_8_20,Volcán Llaima,Samsung A8/T295,19927,358893199808151,13960|358893199808151
Escuela Volcán Llaima,207,2021-08-24,13960,2021-07-02,Galaxy Tab A8 2019 Lte/ T295 Silver,358893199811908,142681,70,8,22,con_comodato_70_8_22,Volcán Llaima,Samsung A8/T295,19927,358893199811908,13960|358893199811908
Escuela Volcán Llaima,207,2021-08-24,13960,2021-07-02,Galaxy Tab A8 2019 Lte/ T295 Silver,358893199812138,142681,70,8,23,con_comodato_70_8_23,Volcán Llaima,Samsung A8/T295,19927,358893199812138,13960|358893199812138
Escuela Volcán Llaima,207,2021-08-24,13960,2021-07-02,Galaxy Tab A8 2019 Lte/ T295 Silver,355041991226262,142681,71,9,3,con_comodato_71_9_3,Volcán Llaima,Samsung A8/T295,19927,355041991226262,13960|355041991226262
Escuela Volcán Llaima,207,2021-08-24,13960,2021-07-02,Galaxy Tab A8 2019 Lte/ T295 Silver,355041991234647,142681,71,9,4,con_comodato_71_9_4,Volcán Llaima,Samsung A8/T295,19927,355041991234647,13960|355041991234647
Escuela Volcán Llaima,207,2021-08-24,13960,2021-07-02,Galaxy Tab A8 2019 Lte/ T295 Silver,355041991233425,142681,71,9,5,con_comodato_71_9_5,Volcán Llaima,Samsung A8/T295,19927,355041991233425,13960|355041991233425
Escuela Volcán Llaima,207,2021-08-24,13960,2021-07-02,Galaxy Tab A8 2019 Lte/ T295 Silver,355041991236286,142681,71,9,6,con_comodato_71_9_6,Volcán Llaima,Samsung A8/T295,19927,355041991236286,13960|355041991236286
Escuela Volcán Llaima,207,2021-08-24,13960,2021-07-02,Galaxy Tab A8 2019 Lte/ T295 Silver,355041991225652,142681,71,9,7,con_comodato_71_9_7,Volcán Llaima,Samsung A8/T295,19927,355041991225652,13960|355041991225652
Escuela Volcán Llaima,207,2021-08-24,13960,2021-07-02,Galaxy Tab A8 2019 Lte/ T295 Silver,355041991226254,142681,71,9,8,con_comodato_71_9_8,Volcán Llaima,Samsung A8/T295,19927,355041991226254,13960|355041991226254
Escuela Volcán Llaima,207,2021-08-24,13960,2021-07-02,Galaxy Tab A8 2019 Lte/ T295 Silver,358893199781366,142681,71,9,9,con_comodato_71_9_9,Volcán Llaima,Samsung A8/T295,19927,358893199781366,13960|358893199781366
Escuela Volcán Llaima,207,2021-08-24,13960,2021-07-02,Galaxy Tab A8 2019 Lte/ T295 Silver,358893199785938,142681,71,9,10,con_comodato_71_9_10,Volcán Llaima,Samsung A8/T295,19927,358893199785938,13960|358893199785938
Escuela Volcán Llaima,207,2021-08-24,13960,2021-07-02,Galaxy Tab A8 2019 Lte/ T295 Silver,358893199785391,142681,71,9,11,con_comodato_71_9_11,Volcán Llaima,Samsung A8/T295,19927,358893199785391,13960|358893199785391
Escuela Volcán Llaima,207,2021-08-24,13960,2021-07-02,Galaxy Tab A8 2019 Lte/ T295 Silver,358893199788262,142681,71,9,12,con_comodato_71_9_12,Volcán Llaima,Samsung A8/T295,19927,358893199788262,13960|358893199788262
Escuela Volcán Llaima,207,2021-08-24,13960,2021-07-02,Galaxy Tab A8 2019 Lte/ T295 Silver,358893199780004,142681,71,9,13,con_comodato_71_9_13,Volcán Llaima,Samsung A8/T295,19927,358893199780004,13960|358893199780004
Escuela Volcán Llaima,207,2021-08-24,13960,2021-07-02,Galaxy Tab A8 2019 Lte/ T295 Silver,358893199782083,142681,71,9,14,con_comodato_71_9_14,Volcán Llaima,Samsung A8/T295,19927,358893199782083,13960|358893199782083
Escuela Volcán Llaima,207,2021-08-24,13960,2021-07-02,Galaxy Tab A8 2019 Lte/ T295 Silver,358893199778594,142681,71,9,15,con_comodato_71_9_15,Volcán Llaima,Samsung A8/T295,19927,358893199778594,13960|358893199778594
Escuela Volcán Llaima,207,2021-08-24,13960,2021-07-02,Galaxy Tab A8 2019 Lte/ T295 Silver,358893199787769,142681,71,9,16,con_comodato_71_9_16,Volcán Llaima,Samsung A8/T295,19927,358893199787769,13960|358893199787769
Escuela Volcán Llaima,207,2021-08-24,13960,2021-07-02,Galaxy Tab A8 2019 Lte/ T295 Silver,358893199778685,142681,71,9,17,con_comodato_71_9_17,Volcán Llaima,Samsung A8/T295,19927,358893199778685,13960|358893199778685
Escuela Volcán Llaima,207,2021-08-24,13960,2021-07-02,Galaxy Tab A8 2019 Lte/ T295 Silver,358893199802154,142681,71,9,18,con_comodato_71_9_18,Volcán Llaima,Samsung A8/T295,19927,358893199802154,13960|358893199802154
Escuela Volcán Llaima,207,2021-08-24,13960,2021-07-02,Galaxy Tab A8 2019 Lte/ T295 Silver,358893199797453,142681,71,9,19,con_comodato_71_9_19,Volcán Llaima,Samsung A8/T295,19927,358893199797453,13960|358893199797453
Escuela Volcán Llaima,207,2021-08-24,13960,2021-07-02,Galaxy Tab A8 2019 Lte/ T295 Silver,358893199797669,142681,71,9,20,con_comodato_71_9_20,Volcán Llaima,Samsung A8/T295,19927,358893199797669,13960|358893199797669
Escuela Volcán Llaima,207,2021-08-24,13960,2021-07-02,Galaxy Tab A8 2019 Lte/ T295 Silver,358893199779212,142681,71,9,21,con_comodato_71_9_21,Volcán Llaima,Samsung A8/T295,19927,358893199779212,13960|358893199779212
Escuela Volcán Llaima,207,2021-08-24,13960,2021-07-02,Galaxy Tab A8 2019 Lte/ T295 Silver,358893199779980,142681,71,9,22,con_comodato_71_9_22,Volcán Llaima,Samsung A8/T295,19927,358893199779980,13960|358893199779980
Escuela Volcán Llaima,229,2021-09-09,13985,2021-07-23,Lenovo Tab P11 11” 6gb Ram 128 Gb Wifi Lte Teclado Y Lápiz,HA1D2H7K,349999,71,9,23,con_comodato_71_9_23,Volcán Llaima,Lenovo P11 + teclado/lápiz,19927,HA1D2H7K,13985|HA1D2H7K
Escuela Volcán Llaima,229,2021-09-09,13985,2021-07-23,Lenovo Tab P11 11” 6gb Ram 128 Gb Wifi Lte Teclado Y Lápiz,HA1E6L12,349999,72,10,2,con_comodato_72_10_2,Volcán Llaima,Lenovo P11 + teclado/lápiz,19927,HA1E6L12,13985|HA1E6L12
Escuela Volcán Llaima,229,2021-09-09,13985,2021-07-23,Lenovo Tab P11 11” 6gb Ram 128 Gb Wifi Lte Teclado Y Lápiz,HA1E6J4T,349999,72,10,3,con_comodato_72_10_3,Volcán Llaima,Lenovo P11 + teclado/lápiz,19927,HA1E6J4T,13985|HA1E6J4T
Escuela Volcán Llaima,229,2021-09-09,13985,2021-07-23,Lenovo Tab P11 11” 6gb Ram 128 Gb Wifi Lte Teclado Y Lápiz,HA1DKAT8,349999,72,10,4,con_comodato_72_10_4,Volcán Llaima,Lenovo P11 + teclado/lápiz,19927,HA1DKAT8,13985|HA1DKAT8
Escuela Volcán Llaima,229,2021-09-09,13985,2021-07-23,Lenovo Tab P11 11” 6gb Ram 128 Gb Wifi Lte Teclado Y Lápiz,HA1DPMZC,349999,72,10,5,con_comodato_72_10_5,Volcán Llaima,Lenovo P11 + teclado/lápiz,19927,HA1DPMZC,13985|HA1DPMZC
Escuela Volcán Llaima,229,2021-09-09,13985,2021-07-23,Lenovo Tab P11 11” 6gb Ram 128 Gb Wifi Lte Teclado Y Lápiz,HA1D3BXY,349999,72,10,6,con_comodato_72_10_6,Volcán Llaima,Lenovo P11 + teclado/lápiz,19927,HA1D3BXY,13985|HA1D3BXY
Escuela Volcán Llaima,229,2021-09-09,13985,2021-07-23,Lenovo Tab P11 11” 6gb Ram 128 Gb Wifi Lte Teclado Y Lápiz,HA1D39Z5,349999,72,10,7,con_comodato_72_10_7,Volcán Llaima,Lenovo P11 + teclado/lápiz,19927,HA1D39Z5,13985|HA1D39Z5
Escuela Volcán Llaima,229,2021-09-09,13985,2021-07-23,Lenovo Tab P11 11” 6gb Ram 128 Gb Wifi Lte Teclado Y Lápiz,HA1D39TV,349999,72,10,8,con_comodato_72_10_8,Volcán Llaima,Lenovo P11 + teclado/lápiz,19927,HA1D39TV,13985|HA1D39TV
Escuela Volcán Llaima,229,2021-09-09,13985,2021-07-23,Lenovo Tab P11 11” 6gb Ram 128 Gb Wifi Lte Teclado Y Lápiz,HA1D37W0,349999,72,10,9,con_comodato_72_10_9,Volcán Llaima,Lenovo P11 + teclado/lápiz,19927,HA1D37W0,13985|HA1D37W0
Escuela Volcán Llaima,229,2021-09-09,13985,2021-07-23,Lenovo Tab P11 11” 6gb Ram 128 Gb Wifi Lte Teclado Y Lápiz,HA1D37VH,349999,72,10,10,con_comodato_72_10_10,Volcán Llaima,Lenovo P11 + teclado/lápiz,19927,HA1D37VH,13985|HA1D37VH
Escuela Volcán Llaima,229,2021-09-09,13985,2021-07-23,Lenovo Tab P11 11” 6gb Ram 128 Gb Wifi Lte Teclado Y Lápiz,HA1D360M,349999,72,10,11,con_comodato_72_10_11,Volcán Llaima,Lenovo P11 + teclado/lápiz,19927,HA1D360M,13985|HA1D360M
Escuela Volcán Llaima,229,2021-09-09,13985,2021-07-23,Lenovo Tab P11 11” 6gb Ram 128 Gb Wifi Lte Teclado Y Lápiz,HA1D360J,349999,72,10,12,con_comodato_72_10_12,Volcán Llaima,Lenovo P11 + teclado/lápiz,19927,HA1D360J,13985|HA1D360J
Escuela Volcán Llaima,229,2021-09-09,13985,2021-07-23,Lenovo Tab P11 11” 6gb Ram 128 Gb Wifi Lte Teclado Y Lápiz,HA1D35ZF,349999,72,10,13,con_comodato_72_10_13,Volcán Llaima,Lenovo P11 + teclado/lápiz,19927,HA1D35ZF,13985|HA1D35ZF
Escuela Volcán Llaima,229,2021-09-09,13985,2021-07-23,Lenovo Tab P11 11” 6gb Ram 128 Gb Wifi Lte Teclado Y Lápiz,HA1D342Z,349999,72,10,14,con_comodato_72_10_14,Volcán Llaima,Lenovo P11 + teclado/lápiz,19927,HA1D342Z,13985|HA1D342Z
Escuela Volcán Llaima,229,2021-09-09,13985,2021-07-23,Lenovo Tab P11 11” 6gb Ram 128 Gb Wifi Lte Teclado Y Lápiz,HA1D2W1C,349999,72,10,15,con_comodato_72_10_15,Volcán Llaima,Lenovo P11 + teclado/lápiz,19927,HA1D2W1C,13985|HA1D2W1C
Escuela Volcán Llaima,229,2021-09-09,13985,2021-07-23,Lenovo Tab P11 11” 6gb Ram 128 Gb Wifi Lte Teclado Y Lápiz,HA1D2W1T,349999,72,10,16,con_comodato_72_10_16,Volcán Llaima,Lenovo P11 + teclado/lápiz,19927,HA1D2W1T,13985|HA1D2W1T
Escuela Volcán Llaima,229,2021-09-09,13985,2021-07-23,Lenovo Tab P11 11” 6gb Ram 128 Gb Wifi Lte Teclado Y Lápiz,HA1D2TAS,349999,72,10,17,con_comodato_72_10_17,Volcán Llaima,Lenovo P11 + teclado/lápiz,19927,HA1D2TAS,13985|HA1D2TAS
Escuela Volcán Llaima,229,2021-09-09,13985,2021-07-23,Lenovo Tab P11 11” 6gb Ram 128 Gb Wifi Lte Teclado Y Lápiz,HA1D2T5G,349999,72,10,18,con_comodato_72_10_18,Volcán Llaima,Lenovo P11 + teclado/lápiz,19927,HA1D2T5G,13985|HA1D2T5G
Escuela Volcán Llaima,229,2021-09-09,13985,2021-07-23,Lenovo Tab P11 11” 6gb Ram 128 Gb Wifi Lte Teclado Y Lápiz,HA1D2RDB,349999,72,10,19,con_comodato_72_10_19,Volcán Llaima,Lenovo P11 + teclado/lápiz,19927,HA1D2RDB,13985|HA1D2RDB
Escuela Volcán Llaima,229,2021-09-09,13985,2021-07-23,Lenovo Tab P11 11” 6gb Ram 128 Gb Wifi Lte Teclado Y Lápiz,HA1D2M5N,349999,72,10,20,con_comodato_72_10_20,Volcán Llaima,Lenovo P11 + teclado/lápiz,19927,HA1D2M5N,13985|HA1D2M5N
Escuela Volcán Llaima,229,2021-09-09,13985,2021-07-23,Lenovo Tab P11 11” 6gb Ram 128 Gb Wifi Lte Teclado Y Lápiz,HA1D2M4L,349999,72,10,21,con_comodato_72_10_21,Volcán Llaima,Lenovo P11 + teclado/lápiz,19927,HA1D2M4L,13985|HA1D2M4L
Escuela Volcán Llaima,229,2021-09-09,13985,2021-07-23,Lenovo Tab P11 11” 6gb Ram 128 Gb Wifi Lte Teclado Y Lápiz,HA1D2K93,349999,72,10,22,con_comodato_72_10_22,Volcán Llaima,Lenovo P11 + teclado/lápiz,19927,HA1D2K93,13985|HA1D2K93
Escuela Volcán Llaima,229,2021-09-09,13985,2021-07-23,Lenovo Tab P11 11” 6gb Ram 128 Gb Wifi Lte Teclado Y Lápiz,HA1D2K8M,349999,72,10,23,con_comodato_72_10_23,Volcán Llaima,Lenovo P11 + teclado/lápiz,19927,HA1D2K8M,13985|HA1D2K8M
Escuela Volcán Llaima,229,2021-09-09,13985,2021-07-23,Lenovo Tab P11 11” 6gb Ram 128 Gb Wifi Lte Teclado Y Lápiz,HA1D2HAB,349999,73,11,2,con_comodato_73_11_2,Volcán Llaima,Lenovo P11 + teclado/lápiz,19927,HA1D2HAB,13985|HA1D2HAB
Escuela Volcán Llaima,229,2021-09-09,13985,2021-07-23,Lenovo Tab P11 11” 6gb Ram 128 Gb Wifi Lte Teclado Y Lápiz,HA1D2FEN,349999,73,11,3,con_comodato_73_11_3,Volcán Llaima,Lenovo P11 + teclado/lápiz,19927,HA1D2FEN,13985|HA1D2FEN
Escuela Volcán Llaima,229,2021-09-09,13985,2021-07-23,Lenovo Tab P11 11” 6gb Ram 128 Gb Wifi Lte Teclado Y Lápiz,HA1D2F8P,349999,73,11,4,con_comodato_73_11_4,Volcán Llaima,Lenovo P11 + teclado/lápiz,19927,HA1D2F8P,13985|HA1D2F8P
Escuela Volcán Llaima,229,2021-09-09,13985,2021-07-23,Lenovo Tab P11 11” 6gb Ram 128 Gb Wifi Lte Teclado Y Lápiz,HA1E8H2P,349999,73,11,5,con_comodato_73_11_5,Volcán Llaima,Lenovo P11 + teclado/lápiz,19927,HA1E8H2P,13985|HA1E8H2P
Escuela Volcán Llaima,229,2021-09-09,13985,2021-07-23,Lenovo Tab P11 11” 6gb Ram 128 Gb Wifi Lte Teclado Y Lápiz,HA1E8H06,349999,73,11,6,con_comodato_73_11_6,Volcán Llaima,Lenovo P11 + teclado/lápiz,19927,HA1E8H06,13985|HA1E8H06
Escuela Volcán Llaima,229,2021-09-09,13985,2021-07-23,Lenovo Tab P11 11” 6gb Ram 128 Gb Wifi Lte Teclado Y Lápiz,HA1E8F3M,349999,73,11,7,con_comodato_73_11_7,Volcán Llaima,Lenovo P11 + teclado/lápiz,19927,HA1E8F3M,13985|HA1E8F3M
Escuela Volcán Llaima,229,2021-09-09,13985,2021-07-23,Lenovo Tab P11 11” 6gb Ram 128 Gb Wifi Lte Teclado Y Lápiz,HA1E8CZ6,349999,73,11,8,con_comodato_73_11_8,Volcán Llaima,Lenovo P11 + teclado/lápiz,19927,HA1E8CZ6,13985|HA1E8CZ6
Escuela Volcán Llaima,229,2021-09-09,13985,2021-07-23,Lenovo Tab P11 11” 6gb Ram 128 Gb Wifi Lte Teclado Y Lápiz,HA1E896L,349999,73,11,9,con_comodato_73_11_9,Volcán Llaima,Lenovo P11 + teclado/lápiz,19927,HA1E896L,13985|HA1E896L
Escuela Volcán Llaima,229,2021-09-09,13985,2021-07-23,Lenovo Tab P11 11” 6gb Ram 128 Gb Wifi Lte Teclado Y Lápiz,HA1E891C,349999,73,11,10,con_comodato_73_11_10,Volcán Llaima,Lenovo P11 + teclado/lápiz,19927,HA1E891C,13985|HA1E891C
Escuela Volcán Llaima,229,2021-09-09,13985,2021-07-23,Lenovo Tab P11 11” 6gb Ram 128 Gb Wifi Lte Teclado Y Lápiz,HA1E876L,349999,73,11,11,con_comodato_73_11_11,Volcán Llaima,Lenovo P11 + teclado/lápiz,19927,HA1E876L,13985|HA1E876L
Escuela Volcán Llaima,229,2021-09-09,13985,2021-07-23,Lenovo Tab P11 11” 6gb Ram 128 Gb Wifi Lte Teclado Y Lápiz,HA1E875Q,349999,73,11,12,con_comodato_73_11_12,Volcán Llaima,Lenovo P11 + teclado/lápiz,19927,HA1E875Q,13985|HA1E875Q
Escuela Volcán Llaima,229,2021-09-09,13985,2021-07-23,Lenovo Tab P11 11” 6gb Ram 128 Gb Wifi Lte Teclado Y Lápiz,HA1E857Q,349999,73,11,13,con_comodato_73_11_13,Volcán Llaima,Lenovo P11 + teclado/lápiz,19927,HA1E857Q,13985|HA1E857Q
Escuela Volcán Llaima,229,2021-09-09,13985,2021-07-23,Lenovo Tab P11 11” 6gb Ram 128 Gb Wifi Lte Teclado Y Lápiz,HA1E838A,349999,73,11,14,con_comodato_73_11_14,Volcán Llaima,Lenovo P11 + teclado/lápiz,19927,HA1E838A,13985|HA1E838A
Escuela Volcán Llaima,229,2021-09-09,13985,2021-07-23,Lenovo Tab P11 11” 6gb Ram 128 Gb Wifi Lte Teclado Y Lápiz,HA1E836P,349999,73,11,15,con_comodato_73_11_15,Volcán Llaima,Lenovo P11 + teclado/lápiz,19927,HA1E836P,13985|HA1E836P
Escuela Volcán Llaima,229,2021-09-09,13985,2021-07-23,Lenovo Tab P11 11” 6gb Ram 128 Gb Wifi Lte Teclado Y Lápiz,HA1E83AT,349999,73,11,16,con_comodato_73_11_16,Volcán Llaima,Lenovo P11 + teclado/lápiz,19927,HA1E83AT,13985|HA1E83AT
Escuela Volcán Llaima,229,2021-09-09,13985,2021-07-23,Lenovo Tab P11 11” 6gb Ram 128 Gb Wifi Lte Teclado Y Lápiz,HA1E81CA,349999,73,11,17,con_comodato_73_11_17,Volcán Llaima,Lenovo P11 + teclado/lápiz,19927,HA1E81CA,13985|HA1E81CA
Escuela Volcán Llaima,229,2021-09-09,13985,2021-07-23,Lenovo Tab P11 11” 6gb Ram 128 Gb Wifi Lte Teclado Y Lápiz,HA1E81BG,349999,73,11,18,con_comodato_73_11_18,Volcán Llaima,Lenovo P11 + teclado/lápiz,19927,HA1E81BG,13985|HA1E81BG
Escuela Volcán Llaima,229,2021-09-09,13985,2021-07-23,Lenovo Tab P11 11” 6gb Ram 128 Gb Wifi Lte Teclado Y Lápiz,HA1E81AD,349999,73,11,19,con_comodato_73_11_19,Volcán Llaima,Lenovo P11 + teclado/lápiz,19927,HA1E81AD,13985|HA1E81AD
Escuela Volcán Llaima,229,2021-09-09,13985,2021-07-23,Lenovo Tab P11 11” 6gb Ram 128 Gb Wifi Lte Teclado Y Lápiz,HA1E816Y,349999,73,11,20,con_comodato_73_11_20,Volcán Llaima,Lenovo P11 + teclado/lápiz,19927,HA1E816Y,13985|HA1E816Y
Escuela Volcán Llaima,229,2021-09-09,13985,2021-07-23,Lenovo Tab P11 11” 6gb Ram 128 Gb Wifi Lte Teclado Y Lápiz,HA1E814X,349999,73,11,21,con_comodato_73_11_21,Volcán Llaima,Lenovo P11 + teclado/lápiz,19927,HA1E814X,13985|HA1E814X
Escuela Volcán Llaima,229,2021-09-09,13985,2021-07-23,Lenovo Tab P11 11” 6gb Ram 128 Gb Wifi Lte Teclado Y Lápiz,HA1E7ZAP,349999,73,11,22,con_comodato_73_11_22,Volcán Llaima,Lenovo P11 + teclado/lápiz,19927,HA1E7ZAP,13985|HA1E7ZAP
Escuela Volcán Llaima,229,2021-09-09,13985,2021-07-23,Lenovo Tab P11 11” 6gb Ram 128 Gb Wifi Lte Teclado Y Lápiz,HA1E7XBT,349999,73,11,23,con_comodato_73_11_23,Volcán Llaima,Lenovo P11 + teclado/lápiz,19927,HA1E7XBT,13985|HA1E7XBT
Escuela Volcán Llaima,229,2021-09-09,13985,2021-07-23,Lenovo Tab P11 11” 6gb Ram 128 Gb Wifi Lte Teclado Y Lápiz,HA1D2F7T,349999,74,12,2,con_comodato_74_12_2,Volcán Llaima,Lenovo P11 + teclado/lápiz,19927,HA1D2F7T,13985|HA1D2F7T
Escuela Volcán Llaima,229,2021-09-09,13985,2021-07-23,Lenovo Tab P11 11” 6gb Ram 128 Gb Wifi Lte Teclado Y Lápiz,HA1D1ENW,349999,74,12,3,con_comodato_74_12_3,Volcán Llaima,Lenovo P11 + teclado/lápiz,19927,HA1D1ENW,13985|HA1D1ENW
Escuela Volcán Llaima,229,2021-09-09,13985,2021-07-23,Lenovo Tab P11 11” 6gb Ram 128 Gb Wifi Lte Teclado Y Lápiz,HA1D18M9,349999,74,12,4,con_comodato_74_12_4,Volcán Llaima,Lenovo P11 + teclado/lápiz,19927,HA1D18M9,13985|HA1D18M9
Escuela Volcán Llaima,229,2021-09-09,13985,2021-07-23,Lenovo Tab P11 11” 6gb Ram 128 Gb Wifi Lte Teclado Y Lápiz,HA1D16KY,349999,74,12,5,con_comodato_74_12_5,Volcán Llaima,Lenovo P11 + teclado/lápiz,19927,HA1D16KY,13985|HA1D16KY
Escuela Volcán Llaima,229,2021-09-09,13985,2021-07-23,Lenovo Tab P11 11” 6gb Ram 128 Gb Wifi Lte Teclado Y Lápiz,HA1EAA2C,349999,74,12,6,con_comodato_74_12_6,Volcán Llaima,Lenovo P11 + teclado/lápiz,19927,HA1EAA2C,13985|HA1EAA2C
Escuela Volcán Llaima,229,2021-09-09,13985,2021-07-23,Lenovo Tab P11 11” 6gb Ram 128 Gb Wifi Lte Teclado Y Lápiz,HA1EAA1G,349999,74,12,7,con_comodato_74_12_7,Volcán Llaima,Lenovo P11 + teclado/lápiz,19927,HA1EAA1G,13985|HA1EAA1G
Escuela Volcán Llaima,229,2021-09-09,13985,2021-07-23,Lenovo Tab P11 11” 6gb Ram 128 Gb Wifi Lte Teclado Y Lápiz,HA1EA9Z3,349999,74,12,8,con_comodato_74_12_8,Volcán Llaima,Lenovo P11 + teclado/lápiz,19927,HA1EA9Z3,13985|HA1EA9Z3
Escuela Volcán Llaima,229,2021-09-09,13985,2021-07-23,Lenovo Tab P11 11” 6gb Ram 128 Gb Wifi Lte Teclado Y Lápiz,HA1EA9YX,349999,74,12,9,con_comodato_74_12_9,Volcán Llaima,Lenovo P11 + teclado/lápiz,19927,HA1EA9YX,13985|HA1EA9YX
Escuela Volcán Llaima,229,2021-09-09,13985,2021-07-23,Lenovo Tab P11 11” 6gb Ram 128 Gb Wifi Lte Teclado Y Lápiz,HA1EA82Y,349999,74,12,10,con_comodato_74_12_10,Volcán Llaima,Lenovo P11 + teclado/lápiz,19927,HA1EA82Y,13985|HA1EA82Y
Escuela Volcán Llaima,229,2021-09-09,13985,2021-07-23,Lenovo Tab P11 11” 6gb Ram 128 Gb Wifi Lte Teclado Y Lápiz,HA1EAB2X,349999,74,12,11,con_comodato_74_12_11,Volcán Llaima,Lenovo P11 + teclado/lápiz,19927,HA1EAB2X,13985|HA1EAB2X
Escuela Volcán Llaima,229,2021-09-09,13985,2021-07-23,Lenovo Tab P11 11” 6gb Ram 128 Gb Wifi Lte Teclado Y Lápiz,HA1EA64X,349999,74,12,12,con_comodato_74_12_12,Volcán Llaima,Lenovo P11 + teclado/lápiz,19927,HA1EA64X,13985|HA1EA64X
Escuela Volcán Llaima,229,2021-09-09,13985,2021-07-23,Lenovo Tab P11 11” 6gb Ram 128 Gb Wifi Lte Teclado Y Lápiz,HA1EA64C,349999,74,12,13,con_comodato_74_12_13,Volcán Llaima,Lenovo P11 + teclado/lápiz,19927,HA1EA64C,13985|HA1EA64C
Escuela Volcán Llaima,229,2021-09-09,13985,2021-07-23,Lenovo Tab P11 11” 6gb Ram 128 Gb Wifi Lte Teclado Y Lápiz,HA1EA638,349999,74,12,14,con_comodato_74_12_14,Volcán Llaima,Lenovo P11 + teclado/lápiz,19927,HA1EA638,13985|HA1EA638
Escuela Volcán Llaima,229,2021-09-09,13985,2021-07-23,Lenovo Tab P11 11” 6gb Ram 128 Gb Wifi Lte Teclado Y Lápiz,HA1EA62W,349999,74,12,15,con_comodato_74_12_15,Volcán Llaima,Lenovo P11 + teclado/lápiz,19927,HA1EA62W,13985|HA1EA62W
Escuela Volcán Llaima,229,2021-09-09,13985,2021-07-23,Lenovo Tab P11 11” 6gb Ram 128 Gb Wifi Lte Teclado Y Lápiz,HA1EA60R,349999,74,12,16,con_comodato_74_12_16,Volcán Llaima,Lenovo P11 + teclado/lápiz,19927,HA1EA60R,13985|HA1EA60R
Escuela Volcán Llaima,229,2021-09-09,13985,2021-07-23,Lenovo Tab P11 11” 6gb Ram 128 Gb Wifi Lte Teclado Y Lápiz,HA1EA416,349999,74,12,17,con_comodato_74_12_17,Volcán Llaima,Lenovo P11 + teclado/lápiz,19927,HA1EA416,13985|HA1EA416
Escuela Volcán Llaima,229,2021-09-09,13985,2021-07-23,Lenovo Tab P11 11” 6gb Ram 128 Gb Wifi Lte Teclado Y Lápiz,HA1EA3XV,349999,74,12,18,con_comodato_74_12_18,Volcán Llaima,Lenovo P11 + teclado/lápiz,19927,HA1EA3XV,13985|HA1EA3XV
Escuela Volcán Llaima,229,2021-09-09,13985,2021-07-23,Lenovo Tab P11 11” 6gb Ram 128 Gb Wifi Lte Teclado Y Lápiz,HA1EA3XQ,349999,74,12,19,con_comodato_74_12_19,Volcán Llaima,Lenovo P11 + teclado/lápiz,19927,HA1EA3XQ,13985|HA1EA3XQ
Escuela Volcán Llaima,229,2021-09-09,13985,2021-07-23,Lenovo Tab P11 11” 6gb Ram 128 Gb Wifi Lte Teclado Y Lápiz,HA1EA22G,349999,74,12,20,con_comodato_74_12_20,Volcán Llaima,Lenovo P11 + teclado/lápiz,19927,HA1EA22G,13985|HA1EA22G
Escuela Volcán Llaima,229,2021-09-09,13985,2021-07-23,Lenovo Tab P11 11” 6gb Ram 128 Gb Wifi Lte Teclado Y Lápiz,HA1EA20W,349999,74,12,21,con_comodato_74_12_21,Volcán Llaima,Lenovo P11 + teclado/lápiz,19927,HA1EA20W,13985|HA1EA20W
Escuela Volcán Llaima,229,2021-09-09,13985,2021-07-23,Lenovo Tab P11 11” 6gb Ram 128 Gb Wifi Lte Teclado Y Lápiz,HA1EA1ZX,349999,74,12,22,con_comodato_74_12_22,Volcán Llaima,Lenovo P11 + teclado/lápiz,19927,HA1EA1ZX,13985|HA1EA1ZX
Escuela Volcán Llaima,229,2021-09-09,13985,2021-07-23,Lenovo Tab P11 11” 6gb Ram 128 Gb Wifi Lte Teclado Y Lápiz,HA1EA02S,349999,74,12,23,con_comodato_74_12_23,Volcán Llaima,Lenovo P11 + teclado/lápiz,19927,HA1EA02S,13985|HA1EA02S
Escuela Volcán Llaima,229,2021-09-09,13985,2021-07-23,Lenovo Tab P11 11” 6gb Ram 128 Gb Wifi Lte Teclado Y Lápiz,HA1EA007,349999,75,13,2,con_comodato_75_13_2,Volcán Llaima,Lenovo P11 + teclado/lápiz,19927,HA1EA007,13985|HA1EA007
Escuela Volcán Llaima,229,2021-09-09,13985,2021-07-23,Lenovo Tab P11 11” 6gb Ram 128 Gb Wifi Lte Teclado Y Lápiz,HA1E9ZZX,349999,75,13,3,con_comodato_75_13_3,Volcán Llaima,Lenovo P11 + teclado/lápiz,19927,HA1E9ZZX,13985|HA1E9ZZX
Escuela Volcán Llaima,229,2021-09-09,13985,2021-07-23,Lenovo Tab P11 11” 6gb Ram 128 Gb Wifi Lte Teclado Y Lápiz,HA1E9Y2S,349999,75,13,4,con_comodato_75_13_4,Volcán Llaima,Lenovo P11 + teclado/lápiz,19927,HA1E9Y2S,13985|HA1E9Y2S
Escuela Volcán Llaima,229,2021-09-09,13985,2021-07-23,Lenovo Tab P11 11” 6gb Ram 128 Gb Wifi Lte Teclado Y Lápiz,HA1E9Y2K,349999,75,13,5,con_comodato_75_13_5,Volcán Llaima,Lenovo P11 + teclado/lápiz,19927,HA1E9Y2K,13985|HA1E9Y2K
Escuela Volcán Llaima,229,2021-09-09,13985,2021-07-23,Lenovo Tab P11 11” 6gb Ram 128 Gb Wifi Lte Teclado Y Lápiz,HA1E9WAQ,349999,75,13,6,con_comodato_75_13_6,Volcán Llaima,Lenovo P11 + teclado/lápiz,19927,HA1E9WAQ,13985|HA1E9WAQ
Escuela Volcán Llaima,229,2021-09-09,13985,2021-07-23,Lenovo Tab P11 11” 6gb Ram 128 Gb Wifi Lte Teclado Y Lápiz,HA1E9W35,349999,75,13,7,con_comodato_75_13_7,Volcán Llaima,Lenovo P11 + teclado/lápiz,19927,HA1E9W35,13985|HA1E9W35
Escuela Volcán Llaima,229,2021-09-09,13985,2021-07-23,Lenovo Tab P11 11” 6gb Ram 128 Gb Wifi Lte Teclado Y Lápiz,HA1E9T3W,349999,75,13,8,con_comodato_75_13_8,Volcán Llaima,Lenovo P11 + teclado/lápiz,19927,HA1E9T3W,13985|HA1E9T3W
Escuela Volcán Llaima,229,2021-09-09,13985,2021-07-23,Lenovo Tab P11 11” 6gb Ram 128 Gb Wifi Lte Teclado Y Lápiz,HA1E9R4T,349999,75,13,9,con_comodato_75_13_9,Volcán Llaima,Lenovo P11 + teclado/lápiz,19927,HA1E9R4T,13985|HA1E9R4T
Escuela Volcán Llaima,229,2021-09-09,13985,2021-07-23,Lenovo Tab P11 11” 6gb Ram 128 Gb Wifi Lte Teclado Y Lápiz,HA1E9P77,349999,75,13,10,con_comodato_75_13_10,Volcán Llaima,Lenovo P11 + teclado/lápiz,19927,HA1E9P77,13985|HA1E9P77
Escuela Volcán Llaima,229,2021-09-09,13985,2021-07-23,Lenovo Tab P11 11” 6gb Ram 128 Gb Wifi Lte Teclado Y Lápiz,HA1E9P74,349999,75,13,11,con_comodato_75_13_11,Volcán Llaima,Lenovo P11 + teclado/lápiz,19927,HA1E9P74,13985|HA1E9P74
Escuela Volcán Llaima,229,2021-09-09,13985,2021-07-23,Lenovo Tab P11 11” 6gb Ram 128 Gb Wifi Lte Teclado Y Lápiz,HA1E9P5G,349999,75,13,12,con_comodato_75_13_12,Volcán Llaima,Lenovo P11 + teclado/lápiz,19927,HA1E9P5G,13985|HA1E9P5G
Escuela Volcán Llaima,229,2021-09-09,13985,2021-07-23,Lenovo Tab P11 11” 6gb Ram 128 Gb Wifi Lte Teclado Y Lápiz,HA1E9M9Z,349999,75,13,13,con_comodato_75_13_13,Volcán Llaima,Lenovo P11 + teclado/lápiz,19927,HA1E9M9Z,13985|HA1E9M9Z
Escuela Volcán Llaima,229,2021-09-09,13985,2021-07-23,Lenovo Tab P11 11” 6gb Ram 128 Gb Wifi Lte Teclado Y Lápiz,HA1E9M9B,349999,75,13,14,con_comodato_75_13_14,Volcán Llaima,Lenovo P11 + teclado/lápiz,19927,HA1E9M9B,13985|HA1E9M9B
Escuela Volcán Llaima,229,2021-09-09,13985,2021-07-23,Lenovo Tab P11 11” 6gb Ram 128 Gb Wifi Lte Teclado Y Lápiz,HA1E9M5Y,349999,75,13,15,con_comodato_75_13_15,Volcán Llaima,Lenovo P11 + teclado/lápiz,19927,HA1E9M5Y,13985|HA1E9M5Y
Escuela Volcán Llaima,229,2021-09-09,13985,2021-07-23,Lenovo Tab P11 11” 6gb Ram 128 Gb Wifi Lte Teclado Y Lápiz,HA1E9KBW,349999,75,13,16,con_comodato_75_13_16,Volcán Llaima,Lenovo P11 + teclado/lápiz,19927,HA1E9KBW,13985|HA1E9KBW
Escuela Volcán Llaima,229,2021-09-09,13985,2021-07-23,Lenovo Tab P11 11” 6gb Ram 128 Gb Wifi Lte Teclado Y Lápiz,HA1E9K93,349999,75,13,17,con_comodato_75_13_17,Volcán Llaima,Lenovo P11 + teclado/lápiz,19927,HA1E9K93,13985|HA1E9K93
Escuela Volcán Llaima,229,2021-09-09,13985,2021-07-23,Lenovo Tab P11 11” 6gb Ram 128 Gb Wifi Lte Teclado Y Lápiz,HA1E9HBP,349999,75,13,18,con_comodato_75_13_18,Volcán Llaima,Lenovo P11 + teclado/lápiz,19927,HA1E9HBP,13985|HA1E9HBP
Escuela Volcán Llaima,229,2021-09-09,13985,2021-07-23,Lenovo Tab P11 11” 6gb Ram 128 Gb Wifi Lte Teclado Y Lápiz,HA1E9HA7,349999,75,13,19,con_comodato_75_13_19,Volcán Llaima,Lenovo P11 + teclado/lápiz,19927,HA1E9HA7,13985|HA1E9HA7
Escuela Volcán Llaima,229,2021-09-09,13985,2021-07-23,Lenovo Tab P11 11” 6gb Ram 128 Gb Wifi Lte Teclado Y lápiz,HA1E9F3L,349999,75,13,20,con_comodato_75_13_20,Volcán Llaima,Lenovo P11 + teclado/lápiz,19927,HA1E9F3L,13985|HA1E9F3L
Escuela Volcán Llaima,229,2021-09-09,13985,2021-07-23,Lenovo Tab P11 11” 6gb Ram 128 Gb Wifi Lte Teclado Y lápiz,HA1E9FEJ,349999,75,13,21,con_comodato_75_13_21,Volcán Llaima,Lenovo P11 + teclado/lápiz,19927,HA1E9FEJ,13985|HA1E9FEJ
Escuela Volcán Llaima,229,2021-09-09,13985,2021-07-23,Lenovo Tab P11 11” 6gb Ram 128 Gb Wifi Lte Teclado Y lápiz,HA1E9FCT,349999,75,13,22,con_comodato_75_13_22,Volcán Llaima,Lenovo P11 + teclado/lápiz,19927,HA1E9FCT,13985|HA1E9FCT
Escuela Volcán Llaima,229,2021-09-09,13985,2021-07-23,Lenovo Tab P11 11” 6gb Ram 128 Gb Wifi Lte Teclado Y lápiz,HA1E9DCZ,349999,75,13,23,con_comodato_75_13_23,Volcán Llaima,Lenovo P11 + teclado/lápiz,19927,HA1E9DCZ,13985|HA1E9DCZ
Escuela Volcán Llaima,229,2021-09-09,13985,2021-07-23,Lenovo Tab P11 11” 6gb Ram 128 Gb Wifi Lte Teclado Y lápiz,HA1EPDBB,349999,76,14,2,con_comodato_76_14_2,Volcán Llaima,Lenovo P11 + teclado/lápiz,19927,HA1EPDBB,13985|HA1EPDBB
Escuela Volcán Llaima,229,2021-09-09,13985,2021-07-23,Lenovo Tab P11 11” 6gb Ram 128 Gb Wifi Lte Teclado Y lápiz,HA1E99FJ,349999,76,14,3,con_comodato_76_14_3,Volcán Llaima,Lenovo P11 + teclado/lápiz,19927,HA1E99FJ,13985|HA1E99FJ
Escuela Volcán Llaima,229,2021-09-09,13985,2021-07-23,Lenovo Tab P11 11” 6gb Ram 128 Gb Wifi Lte Teclado Y lápiz,HA1E99EA,349999,76,14,4,con_comodato_76_14_4,Volcán Llaima,Lenovo P11 + teclado/lápiz,19927,HA1E99EA,13985|HA1E99EA
Escuela Volcán Llaima,229,2021-09-09,13985,2021-07-23,Lenovo Tab P11 11” 6gb Ram 128 Gb Wifi Lte Teclado Y lápiz,HA1E97LK,349999,76,14,5,con_comodato_76_14_5,Volcán Llaima,Lenovo P11 + teclado/lápiz,19927,HA1E97LK,13985|HA1E97LK
Escuela Volcán Llaima,229,2021-09-09,13985,2021-07-23,Lenovo Tab P11 11” 6gb Ram 128 Gb Wifi Lte Teclado Y lápiz,HA1E95KL,349999,76,14,6,con_comodato_76_14_6,Volcán Llaima,Lenovo P11 + teclado/lápiz,19927,HA1E95KL,13985|HA1E95KL
Escuela Volcán Llaima,229,2021-09-09,13985,2021-07-23,Lenovo Tab P11 11” 6gb Ram 128 Gb Wifi Lte Teclado Y lápiz,HA1E93H3,349999,76,14,7,con_comodato_76_14_7,Volcán Llaima,Lenovo P11 + teclado/lápiz,19927,HA1E93H3,13985|HA1E93H3
Escuela Volcán Llaima,229,2021-09-09,13985,2021-07-23,Lenovo Tab P11 11” 6gb Ram 128 Gb Wifi Lte Teclado Y lápiz,HA1E93GH,349999,76,14,8,con_comodato_76_14_8,Volcán Llaima,Lenovo P11 + teclado/lápiz,19927,HA1E93GH,13985|HA1E93GH
Escuela Volcán Llaima,229,2021-09-09,13985,2021-07-23,Lenovo Tab P11 11” 6gb Ram 128 Gb Wifi Lte Teclado Y lápiz,HA1E91LL,349999,76,14,9,con_comodato_76_14_9,Volcán Llaima,Lenovo P11 + teclado/lápiz,19927,HA1E91LL,13985|HA1E91LL
Escuela Volcán Llaima,229,2021-09-09,13985,2021-07-23,Lenovo Tab P11 11” 6gb Ram 128 Gb Wifi Lte Teclado Y lápiz,HA1E8ZLH,349999,76,14,10,con_comodato_76_14_10,Volcán Llaima,Lenovo P11 + teclado/lápiz,19927,HA1E8ZLH,13985|HA1E8ZLH
Escuela Volcán Llaima,229,2021-09-09,13985,2021-07-23,Lenovo Tab P11 11” 6gb Ram 128 Gb Wifi Lte Teclado Y lápiz,HA1E8ZJ4,349999,76,14,11,con_comodato_76_14_11,Volcán Llaima,Lenovo P11 + teclado/lápiz,19927,HA1E8ZJ4,13985|HA1E8ZJ4
Escuela Volcán Llaima,229,2021-09-09,13985,2021-07-23,Lenovo Tab P11 11” 6gb Ram 128 Gb Wifi Lte Teclado Y lápiz,HA1E8XKP,349999,76,14,12,con_comodato_76_14_12,Volcán Llaima,Lenovo P11 + teclado/lápiz,19927,HA1E8XKP,13985|HA1E8XKP
Escuela Volcán Llaima,229,2021-09-09,13985,2021-07-23,Lenovo Tab P11 11” 6gb Ram 128 Gb Wifi Lte Teclado Y lápiz,HA1E8STA,349999,76,14,13,con_comodato_76_14_13,Volcán Llaima,Lenovo P11 + teclado/lápiz,19927,HA1E8STA,13985|HA1E8STA
Escuela Volcán Llaima,229,2021-09-09,13985,2021-07-23,Lenovo Tab P11 11” 6gb Ram 128 Gb Wifi Lte Teclado Y lápiz,HA1CV59P,349999,76,14,14,con_comodato_76_14_14,Volcán Llaima,Lenovo P11 + teclado/lápiz,19927,HA1CV59P,13985|HA1CV59P
Escuela Volcán Llaima,229,2021-09-09,13985,2021-07-23,Lenovo Tab P11 11” 6gb Ram 128 Gb Wifi Lte Teclado Y lápiz,HA1E91KD,349999,76,14,15,con_comodato_76_14_15,Volcán Llaima,Lenovo P11 + teclado/lápiz,19927,HA1E91KD,13985|HA1E91KD
Escuela Volcán Llaima,229,2021-09-09,13985,2021-07-23,Lenovo Tab P11 11” 6gb Ram 128 Gb Wifi Lte Teclado Y lápiz,HA1D37YJ,349999,76,14,16,con_comodato_76_14_16,Volcán Llaima,Lenovo P11 + teclado/lápiz,19927,HA1D37YJ,13985|HA1D37YJ
Escuela Volcán Llaima,229,2021-09-09,13985,2021-07-23,Lenovo Tab P11 11” 6gb Ram 128 Gb Wifi Lte Teclado Y lápiz,HA1D2W46,349999,76,14,17,con_comodato_76_14_17,Volcán Llaima,Lenovo P11 + teclado/lápiz,19927,HA1D2W46,13985|HA1D2W46
Escuela Volcán Llaima,229,2021-09-09,13985,2021-07-23,Lenovo Tab P11 11” 6gb Ram 128 Gb Wifi Lte Teclado Y lápiz,HA1CVK85,349999,76,14,18,con_comodato_76_14_18,Volcán Llaima,Lenovo P11 + teclado/lápiz,19927,HA1CVK85,13985|HA1CVK85
Escuela Volcán Llaima,229,2021-09-09,13985,2021-07-23,Lenovo Tab P11 11” 6gb Ram 128 Gb Wifi Lte Teclado Y lápiz,HA1D0TWV,349999,76,14,19,con_comodato_76_14_19,Volcán Llaima,Lenovo P11 + teclado/lápiz,19927,HA1D0TWV,13985|HA1D0TWV
Escuela Volcán Llaima,229,2021-09-09,13985,2021-07-23,Lenovo Tab P11 11” 6gb Ram 128 Gb Wifi Lte Teclado Y lápiz,HA1D0WQF,349999,76,14,20,con_comodato_76_14_20,Volcán Llaima,Lenovo P11 + teclado/lápiz,19927,HA1D0WQF,13985|HA1D0WQF
Escuela Volcán Llaima,229,2021-09-09,13985,2021-07-23,Lenovo Tab P11 11” 6gb Ram 128 Gb Wifi Lte Teclado Y lápiz,HA1E6L3P,349999,76,14,21,con_comodato_76_14_21,Volcán Llaima,Lenovo P11 + teclado/lápiz,19927,HA1E6L3P,13985|HA1E6L3P
Escuela Volcán Llaima,229,2021-09-09,13985,2021-07-23,Lenovo Tab P11 11” 6gb Ram 128 Gb Wifi Lte Teclado Y lápiz,HA1D39VA,349999,76,14,22,con_comodato_76_14_22,Volcán Llaima,Lenovo P11 + teclado/lápiz,19927,HA1D39VA,13985|HA1D39VA
Escuela Volcán Llaima,229,2021-09-09,13985,2021-07-23,Lenovo Tab P11 11” 6gb Ram 128 Gb Wifi Lte Teclado Y lápiz,HA1D39WE,349999,77,15,2,con_comodato_77_15_2,Volcán Llaima,Lenovo P11 + teclado/lápiz,19927,HA1D39WE,13985|HA1D39WE
Escuela Volcán Llaima,229,2021-09-09,13985,2021-07-23,Lenovo Tab P11 11” 6gb Ram 128 Gb Wifi Lte Teclado Y lápiz,HA1D0WVQ,349999,77,15,3,con_comodato_77_15_3,Volcán Llaima,Lenovo P11 + teclado/lápiz,19927,HA1D0WVQ,13985|HA1D0WVQ
Escuela Volcán Llaima,229,2021-09-09,13985,2021-07-23,Lenovo Tab P11 11” 6gb Ram 128 Gb Wifi Lte Teclado Y lápiz,HA1D37TE,349999,77,15,4,con_comodato_77_15_4,Volcán Llaima,Lenovo P11 + teclado/lápiz,19927,HA1D37TE,13985|HA1D37TE
Escuela Volcán Llaima,229,2021-09-09,13985,2021-07-23,Lenovo Tab P11 11” 6gb Ram 128 Gb Wifi Lte Teclado Y lápiz,HA1CVE64,349999,77,15,5,con_comodato_77_15_5,Volcán Llaima,Lenovo P11 + teclado/lápiz,19927,HA1CVE64,13985|HA1CVE64
Escuela Volcán Llaima,229,2021-09-09,13985,2021-07-23,Lenovo Tab P11 11” 6gb Ram 128 Gb Wifi Lte Teclado Y lápiz,HA1E9KAC,349999,77,15,6,con_comodato_77_15_6,Volcán Llaima,Lenovo P11 + teclado/lápiz,19927,HA1E9KAC,13985|HA1E9KAC
Escuela Volcán Llaima,229,2021-09-09,13985,2021-07-23,Lenovo Tab P11 11” 6gb Ram 128 Gb Wifi Lte Teclado Y lápiz,HA1E8SPD,349999,77,15,7,con_comodato_77_15_7,Volcán Llaima,Lenovo P11 + teclado/lápiz,19927,HA1E8SPD,13985|HA1E8SPD
Escuela Volcán Llaima,229,2021-09-09,13985,2021-07-23,Lenovo Tab P11 11” 6gb Ram 128 Gb Wifi Lte Teclado Y lápiz,HA1E8QM7,349999,77,15,8,con_comodato_77_15_8,Volcán Llaima,Lenovo P11 + teclado/lápiz,19927,HA1E8QM7,13985|HA1E8QM7
Escuela Volcán Llaima,229,2021-09-09,13985,2021-07-23,Lenovo Tab P11 11” 6gb Ram 128 Gb Wifi Lte Teclado Y lápiz,HA1E8NT9,349999,77,15,9,con_comodato_77_15_9,Volcán Llaima,Lenovo P11 + teclado/lápiz,19927,HA1E8NT9,13985|HA1E8NT9
Escuela Volcán Llaima,229,2021-09-09,13985,2021-07-23,Lenovo Tab P11 11” 6gb Ram 128 Gb Wifi Lte Teclado Y lápiz,HA1E7VF2,349999,77,15,10,con_comodato_77_15_10,Volcán Llaima,Lenovo P11 + teclado/lápiz,19927,HA1E7VF2,13985|HA1E7VF2
Escuela Volcán Llaima,229,2021-09-09,13985,2021-07-23,Lenovo Tab P11 11” 6gb Ram 128 Gb Wifi Lte Teclado Y lápiz,HA1E7SGV,349999,77,15,11,con_comodato_77_15_11,Volcán Llaima,Lenovo P11 + teclado/lápiz,19927,HA1E7SGV,13985|HA1E7SGV
Escuela Volcán Llaima,229,2021-09-09,13985,2021-07-23,Lenovo Tab P11 11” 6gb Ram 128 Gb Wifi Lte Teclado Y lápiz,HA1E7SFK,349999,77,15,12,con_comodato_77_15_12,Volcán Llaima,Lenovo P11 + teclado/lápiz,19927,HA1E7SFK,13985|HA1E7SFK
Escuela Volcán Llaima,229,2021-09-09,13985,2021-07-23,Lenovo Tab P11 11” 6gb Ram 128 Gb Wifi Lte Teclado Y lápiz,HA1E7SEX,349999,77,15,13,con_comodato_77_15_13,Volcán Llaima,Lenovo P11 + teclado/lápiz,19927,HA1E7SEX,13985|HA1E7SEX
Escuela Volcán Llaima,229,2021-09-09,13985,2021-07-23,Lenovo Tab P11 11” 6gb Ram 128 Gb Wifi Lte Teclado Y lápiz,HA1E7SD1,349999,77,15,14,con_comodato_77_15_14,Volcán Llaima,Lenovo P11 + teclado/lápiz,19927,HA1E7SD1,13985|HA1E7SD1
Escuela Volcán Llaima,229,2021-09-09,13985,2021-07-23,Lenovo Tab P11 11” 6gb Ram 128 Gb Wifi Lte Teclado Y lápiz,HA1E7SC3,349999,77,15,15,con_comodato_77_15_15,Volcán Llaima,Lenovo P11 + teclado/lápiz,19927,HA1E7SC3,13985|HA1E7SC3
Escuela Volcán Llaima,229,2021-09-09,13985,2021-07-23,Lenovo Tab P11 11” 6gb Ram 128 Gb Wifi Lte Teclado Y lápiz,HA1E7QDJ,349999,77,15,16,con_comodato_77_15_16,Volcán Llaima,Lenovo P11 + teclado/lápiz,19927,HA1E7QDJ,13985|HA1E7QDJ
Escuela Volcán Llaima,229,2021-09-09,13985,2021-07-23,Lenovo Tab P11 11” 6gb Ram 128 Gb Wifi Lte Teclado Y lápiz,HA1E7NGM,349999,77,15,17,con_comodato_77_15_17,Volcán Llaima,Lenovo P11 + teclado/lápiz,19927,HA1E7NGM,13985|HA1E7NGM
Escuela Volcán Llaima,229,2021-09-09,13985,2021-07-23,Lenovo Tab P11 11” 6gb Ram 128 Gb Wifi Lte Teclado Y lápiz,HA1E76Y6,349999,77,15,18,con_comodato_77_15_18,Volcán Llaima,Lenovo P11 + teclado/lápiz,19927,HA1E76Y6,13985|HA1E76Y6
Escuela Volcán Llaima,229,2021-09-09,13985,2021-07-23,Lenovo Tab P11 11” 6gb Ram 128 Gb Wifi Lte Teclado Y lápiz,HA1CVBDC,349999,77,15,19,con_comodato_77_15_19,Volcán Llaima,Lenovo P11 + teclado/lápiz,19927,HA1CVBDC,13985|HA1CVBDC
Escuela Volcán Llaima,229,2021-09-09,13985,2021-07-23,Lenovo Tab P11 11” 6gb Ram 128 Gb Wifi Lte Teclado Y lápiz,HA1CTXMW,349999,77,15,20,con_comodato_77_15_20,Volcán Llaima,Lenovo P11 + teclado/lápiz,19927,HA1CTXMW,13985|HA1CTXMW
Escuela Volcán Llaima,229,2021-09-09,13985,2021-07-23,Lenovo Tab P11 11” 6gb Ram 128 Gb Wifi Lte Teclado Y lápiz,HA1D14Q3,349999,77,15,21,con_comodato_77_15_21,Volcán Llaima,Lenovo P11 + teclado/lápiz,19927,HA1D14Q3,13985|HA1D14Q3
Escuela Volcán Llaima,229,2021-09-09,13985,2021-07-23,Lenovo Tab P11 11” 6gb Ram 128 Gb Wifi Lte Teclado Y lápiz,HA1D10Q4,349999,77,15,22,con_comodato_77_15_22,Volcán Llaima,Lenovo P11 + teclado/lápiz,19927,HA1D10Q4,13985|HA1D10Q4
Escuela Volcán Llaima,229,2021-09-09,13985,2021-07-23,Lenovo Tab P11 11” 6gb Ram 128 Gb Wifi Lte Teclado Y lápiz,HA1D0WPD,349999,77,15,23,con_comodato_77_15_23,Volcán Llaima,Lenovo P11 + teclado/lápiz,19927,HA1D0WPD,13985|HA1D0WPD
Escuela Volcán Llaima,229,2021-09-09,13985,2021-07-23,Lenovo Tab P11 11” 6gb Ram 128 Gb Wifi Lte Teclado Y lápiz,HA1D0PVY,349999,78,16,2,con_comodato_78_16_2,Volcán Llaima,Lenovo P11 + teclado/lápiz,19927,HA1D0PVY,13985|HA1D0PVY
Escuela Volcán Llaima,229,2021-09-09,13985,2021-07-23,Lenovo Tab P11 11” 6gb Ram 128 Gb Wifi Lte Teclado Y lápiz,HA1DOMXR,349999,78,16,3,con_comodato_78_16_3,Volcán Llaima,Lenovo P11 + teclado/lápiz,19927,HA1DOMXR,13985|HA1DOMXR
Escuela Volcán Llaima,229,2021-09-09,13985,2021-07-23,Lenovo Tab P11 11” 6gb Ram 128 Gb Wifi Lte Teclado Y lápiz,HA1DOL6B,349999,78,16,4,con_comodato_78_16_4,Volcán Llaima,Lenovo P11 + teclado/lápiz,19927,HA1DOL6B,13985|HA1DOL6B
Escuela Volcán Llaima,229,2021-09-09,13985,2021-07-23,Lenovo Tab P11 11” 6gb Ram 128 Gb Wifi Lte Teclado Y lápiz,HA1CVK3Q,349999,78,16,5,con_comodato_78_16_5,Volcán Llaima,Lenovo P11 + teclado/lápiz,19927,HA1CVK3Q,13985|HA1CVK3Q
Escuela Volcán Llaima,229,2021-09-09,13985,2021-07-23,Lenovo Tab P11 11” 6gb Ram 128 Gb Wifi Lte Teclado Y lápiz,HA1CVH5Y,349999,78,16,6,con_comodato_78_16_6,Volcán Llaima,Lenovo P11 + teclado/lápiz,19927,HA1CVH5Y,13985|HA1CVH5Y
Escuela Volcán Llaima,229,2021-09-09,13985,2021-07-23,Lenovo Tab P11 11” 6gb Ram 128 Gb Wifi Lte Teclado Y lápiz,HA21CVH3X,349999,78,16,7,con_comodato_78_16_7,Volcán Llaima,Lenovo P11 + teclado/lápiz,19927,HA21CVH3X,13985|HA21CVH3X
Escuela Volcán Llaima,229,2021-09-09,13985,2021-07-23,Lenovo Tab P11 11” 6gb Ram 128 Gb Wifi Lte Teclado Y lápiz,HA1CVF69,349999,78,16,8,con_comodato_78_16_8,Volcán Llaima,Lenovo P11 + teclado/lápiz,19927,HA1CVF69,13985|HA1CVF69
Escuela Volcán Llaima,229,2021-09-09,13985,2021-07-23,Lenovo Tab P11 11” 6gb Ram 128 Gb Wifi Lte Teclado Y lápiz,HA1CVD89,349999,78,16,9,con_comodato_78_16_9,Volcán Llaima,Lenovo P11 + teclado/lápiz,19927,HA1CVD89,13985|HA1CVD89
Escuela Volcán Llaima,229,2021-09-09,13985,2021-07-23,Lenovo Tab P11 11” 6gb Ram 128 Gb Wifi Lte Teclado Y lápiz,HA1CVBB8,349999,78,16,10,con_comodato_78_16_10,Volcán Llaima,Lenovo P11 + teclado/lápiz,19927,HA1CVBB8,13985|HA1CVBB8
Escuela Volcán Llaima,229,2021-09-09,13985,2021-07-23,Lenovo Tab P11 11” 6gb Ram 128 Gb Wifi Lte Teclado Y lápiz,HA1CVB9N,349999,78,16,11,con_comodato_78_16_11,Volcán Llaima,Lenovo P11 + teclado/lápiz,19927,HA1CVB9N,13985|HA1CVB9N
Escuela Volcán Llaima,229,2021-09-09,13985,2021-07-23,Lenovo Tab P11 11” 6gb Ram 128 Gb Wifi Lte Teclado Y lápiz,HA1CV9A7,349999,78,16,12,con_comodato_78_16_12,Volcán Llaima,Lenovo P11 + teclado/lápiz,19927,HA1CV9A7,13985|HA1CV9A7
Escuela Volcán Llaima,229,2021-09-09,13985,2021-07-23,Lenovo Tab P11 11” 6gb Ram 128 Gb Wifi Lte Teclado Y lápiz,HA1CV78Z,349999,78,16,13,con_comodato_78_16_13,Volcán Llaima,Lenovo P11 + teclado/lápiz,19927,HA1CV78Z,13985|HA1CV78Z
Escuela Volcán Llaima,229,2021-09-09,13985,2021-07-23,Lenovo Tab P11 11” 6gb Ram 128 Gb Wifi Lte Teclado Y lápiz,HA1CV3GQ,349999,78,16,14,con_comodato_78_16_14,Volcán Llaima,Lenovo P11 + teclado/lápiz,19927,HA1CV3GQ,13985|HA1CV3GQ
Escuela Volcán Llaima,229,2021-09-09,13985,2021-07-23,Lenovo Tab P11 11” 6gb Ram 128 Gb Wifi Lte Teclado Y lápiz,HA1CV3DP,349999,78,16,15,con_comodato_78_16_15,Volcán Llaima,Lenovo P11 + teclado/lápiz,19927,HA1CV3DP,13985|HA1CV3DP
Escuela Volcán Llaima,229,2021-09-09,13985,2021-07-23,Lenovo Tab P11 11” 6gb Ram 128 Gb Wifi Lte Teclado Y lápiz,HA1CV3CQ,349999,78,16,16,con_comodato_78_16_16,Volcán Llaima,Lenovo P11 + teclado/lápiz,19927,HA1CV3CQ,13985|HA1CV3CQ
Escuela Volcán Llaima,229,2021-09-09,13985,2021-07-23,Lenovo Tab P11 11” 6gb Ram 128 Gb Wifi Lte Teclado Y lápiz,HA1E9W2R,349999,78,16,17,con_comodato_78_16_17,Volcán Llaima,Lenovo P11 + teclado/lápiz,19927,HA1E9W2R,13985|HA1E9W2R
Escuela Volcán Llaima,229,2021-09-09,13985,2021-07-23,Lenovo Tab P11 11” 6gb Ram 128 Gb Wifi Lte Teclado Y lápiz,HA1E9T2W,349999,78,16,19,con_comodato_78_16_19,Volcán Llaima,Lenovo P11 + teclado/lápiz,19927,HA1E9T2W,13985|HA1E9T2W
Escuela Volcán Llaima,229,2021-09-09,13985,2021-07-23,Lenovo Tab P11 11” 6gb Ram 128 Gb Wifi Lte Teclado Y lápiz,HA1D0N1C,349999,78,16,21,con_comodato_78_16_21,Volcán Llaima,Lenovo P11 + teclado/lápiz,19927,HA1D0N1C,13985|HA1D0N1C
Escuela Volcán Llaima,229,2021-09-09,13985,2021-07-23,Lenovo Tab P11 11” 6gb Ram 128 Gb Wifi Lte Teclado Y lápiz,HA1E9Y3C,349999,78,16,22,con_comodato_78_16_22,Volcán Llaima,Lenovo P11 + teclado/lápiz,19927,HA1E9Y3C,13985|HA1E9Y3C
Escuela Volcán Llaima,229,2021-09-09,13985,2021-07-23,Lenovo Tab P11 11” 6gb Ram 128 Gb Wifi Lte Teclado Y lápiz,HA1D0RTL,349999,78,16,23,con_comodato_78_16_23,Volcán Llaima,Lenovo P11 + teclado/lápiz,19927,HA1D0RTL,13985|HA1D0RTL
Escuela Volcán Llaima,229,2021-09-09,13985,2021-07-23,Lenovo Tab P11 11” 6gb Ram 128 Gb Wifi Lte Teclado Y lápiz,HA1CTVXT,349999,79,17,2,con_comodato_79_17_2,Volcán Llaima,Lenovo P11 + teclado/lápiz,19927,HA1CTVXT,13985|HA1CTVXT
Escuela Volcán Llaima,229,2021-09-09,13985,2021-07-23,Lenovo Tab P11 11” 6gb Ram 128 Gb Wifi Lte Teclado Y lápiz,HA1D2R4W,349999,79,17,3,con_comodato_79_17_3,Volcán Llaima,Lenovo P11 + teclado/lápiz,19927,HA1D2R4W,13985|HA1D2R4W
Escuela Volcán Llaima,229,2021-09-09,13985,2021-07-23,Lenovo Tab P11 11” 6gb Ram 128 Gb Wifi Lte Teclado Y lápiz,HA1E9R6W,349999,79,17,4,con_comodato_79_17_4,Volcán Llaima,Lenovo P11 + teclado/lápiz,19927,HA1E9R6W,13985|HA1E9R6W
Escuela Volcán Llaima,229,2021-09-09,13985,2021-07-23,Lenovo Tab P11 11” 6gb Ram 128 Gb Wifi Lte Teclado Y lápiz,HA1D1ELS,349999,79,17,5,con_comodato_79_17_5,Volcán Llaima,Lenovo P11 + teclado/lápiz,19927,HA1D1ELS,13985|HA1D1ELS
Escuela Volcán Llaima,229,2021-09-09,13985,2021-07-23,Lenovo Tab P11 11” 6gb Ram 128 Gb Wifi Lte Teclado Y lápiz,HA1E9R5E,349999,79,17,6,con_comodato_79_17_6,Volcán Llaima,Lenovo P11 + teclado/lápiz,19927,HA1E9R5E,13985|HA1E9R5E
Escuela Volcán Llaima,229,2021-09-09,13985,2021-07-23,Lenovo Tab P11 11” 6gb Ram 128 Gb Wifi Lte Teclado Y lápiz,HA1D0YVY,349999,79,17,7,con_comodato_79_17_7,Volcán Llaima,Lenovo P11 + teclado/lápiz,19927,HA1D0YVY,13985|HA1D0YVY
Escuela Volcán Llaima,229,2021-09-09,13985,2021-07-23,Lenovo Tab P11 11” 6gb Ram 128 Gb Wifi Lte Teclado Y lápiz,HA1E8ZHX,349999,79,17,9,con_comodato_79_17_9,Volcán Llaima,Lenovo P11 + teclado/lápiz,19927,HA1E8ZHX,13985|HA1E8ZHX
Escuela Volcán Llaima,229,2021-09-09,13985,2021-07-23,Lenovo Tab P11 11” 6gb Ram 128 Gb Wifi Lte Teclado Y lápiz,HA1D14M6,349999,79,17,10,con_comodato_79_17_10,Volcán Llaima,Lenovo P11 + teclado/lápiz,19927,HA1D14M6,13985|HA1D14M6
Escuela Volcán Llaima,229,2021-09-09,13985,2021-07-23,Lenovo Tab P11 11” 6gb Ram 128 Gb Wifi Lte Teclado Y lápiz,HA1CVF68,349999,79,17,11,con_comodato_79_17_11,Volcán Llaima,Lenovo P11 + teclado/lápiz,19927,HA1CVF68,13985|HA1CVF68
Escuela Volcán Llaima,229,2021-09-09,13985,2021-07-23,Lenovo Tab P11 11” 6gb Ram 128 Gb Wifi Lte Teclado Y lápiz,HA1E6L39,349999,79,17,12,con_comodato_79_17_12,Volcán Llaima,Lenovo P11 + teclado/lápiz,19927,HA1E6L39,13985|HA1E6L39
Escuela Volcán Llaima,229,2021-09-09,13985,2021-07-23,Lenovo Tab P11 11” 6gb Ram 128 Gb Wifi Lte Teclado Y lápiz,HA1E8B0P,349999,79,17,14,con_comodato_79_17_14,Volcán Llaima,Lenovo P11 + teclado/lápiz,19927,HA1E8B0P,13985|HA1E8B0P
Escuela Volcán Llaima,229,2021-09-09,13985,2021-07-23,Lenovo Tab P11 11” 6gb Ram 128 Gb Wifi Lte Teclado Y lápiz,HA1E8XKJ,349999,79,17,15,con_comodato_79_17_15,Volcán Llaima,Lenovo P11 + teclado/lápiz,19927,HA1E8XKJ,13985|HA1E8XKJ
Escuela Volcán Llaima,259,2021-10-06,3684,2021-07-09,Tablet Samsung Galaxy T295 Tab A 8 Pul Negra 4g,355041994671050,154700,79,17,16,con_comodato_79_17_16,Volcán Llaima,Samsung A8/T295,19927,355041994671050,3684|355041994671050
Escuela Volcán Llaima,259,2021-10-06,3684,2021-07-09,Tablet Samsung Galaxy T295 Tab A 8 Pul Negra 4g,355041994671630,154700,79,17,17,con_comodato_79_17_17,Volcán Llaima,Samsung A8/T295,19927,355041994671630,3684|355041994671630
Escuela Volcán Llaima,263,2021-10-06,13981,2021-07-22,Galaxy Tab A8 2019 Lte,358893199815800,142205,79,17,18,con_comodato_79_17_18,Volcán Llaima,Samsung A8/T295,19927,358893199815800,13981|358893199815800
Escuela Volcán Llaima,263,2021-10-06,13981,2021-07-22,Galaxy Tab A8 2019 Lte,358893199815933,142205,79,17,19,con_comodato_79_17_19,Volcán Llaima,Samsung A8/T295,19927,358893199815933,13981|358893199815933
Escuela Volcán Llaima,263,2021-10-06,13981,2021-07-22,Galaxy Tab A8 2019 Lte,358893199815354,142205,79,17,20,con_comodato_79_17_20,Volcán Llaima,Samsung A8/T295,19927,358893199815354,13981|358893199815354
Escuela Volcán Llaima,263,2021-10-06,13981,2021-07-22,Galaxy Tab A8 2019 Lte,358893199815347,142205,79,17,21,con_comodato_79_17_21,Volcán Llaima,Samsung A8/T295,19927,358893199815347,13981|358893199815347
Liceo Los Andes,228,2021-09-09,13982,2021-07-22,Galaxy Tab A8 2019 Lte/ T295 Silver,358893199329760,142205,79,17,23,con_comodato_79_17_23,Los Andes,Samsung A8/T295,6007,358893199329760,13982|358893199329760
Liceo Los Andes,228,2021-09-09,13982,2021-07-22,Galaxy Tab A8 2019 Lte/ T295 Silver,358893199796828,142205,80,18,3,con_comodato_80_18_3,Los Andes,Samsung A8/T295,6007,358893199796828,13982|358893199796828
Liceo Los Andes,228,2021-09-09,13982,2021-07-22,Galaxy Tab A8 2019 Lte/ T295 Silver,358893199326774,142205,80,18,5,con_comodato_80_18_5,Los Andes,Samsung A8/T295,6007,358893199326774,13982|358893199326774
Liceo Los Andes,228,2021-09-09,13982,2021-07-22,Galaxy Tab A8 2019 Lte/ T295 Silver,358893199326824,142205,80,18,6,con_comodato_80_18_6,Los Andes,Samsung A8/T295,6007,358893199326824,13982|358893199326824
Liceo Los Andes,228,2021-09-09,13982,2021-07-22,Galaxy Tab A8 2019 Lte/ T295 Silver,358893199018983,142205,80,18,7,con_comodato_80_18_7,Los Andes,Samsung A8/T295,6007,358893199018983,13982|358893199018983
Liceo Los Andes,228,2021-09-09,13982,2021-07-22,Galaxy Tab A8 2019 Lte/ T295 Silver,358893199329737,142205,80,18,8,con_comodato_80_18_8,Los Andes,Samsung A8/T295,6007,358893199329737,13982|358893199329737
Liceo Los Andes,228,2021-09-09,13982,2021-07-22,Galaxy Tab A8 2019 Lte/ T295 Silver,358893199018843,142205,80,18,9,con_comodato_80_18_9,Los Andes,Samsung A8/T295,6007,358893199018843,13982|358893199018843
Liceo Los Andes,228,2021-09-09,13982,2021-07-22,Galaxy Tab A8 2019 Lte/ T295 Silver,358893199018322,142205,80,18,10,con_comodato_80_18_10,Los Andes,Samsung A8/T295,6007,358893199018322,13982|358893199018322
Liceo Los Andes,228,2021-09-09,13982,2021-07-22,Galaxy Tab A8 2019 Lte/ T295 Silver,358893199817137,142205,80,18,12,con_comodato_80_18_12,Los Andes,Samsung A8/T295,6007,358893199817137,13982|358893199817137
Liceo Los Andes,228,2021-09-09,13982,2021-07-22,Galaxy Tab A8 2019 Lte/ T295 Silver,358893199815131,142205,80,18,13,con_comodato_80_18_13,Los Andes,Samsung A8/T295,6007,358893199815131,13982|358893199815131
Liceo Los Andes,228,2021-09-09,13982,2021-07-22,Galaxy Tab A8 2019 Lte/ T295 Silver,358893199815149,142205,80,18,14,con_comodato_80_18_14,Los Andes,Samsung A8/T295,6007,358893199815149,13982|358893199815149
Liceo Los Andes,228,2021-09-09,13982,2021-07-22,Galaxy Tab A8 2019 Lte/ T295 Silver,358893199813359,142205,80,18,16,con_comodato_80_18_16,Los Andes,Samsung A8/T295,6007,358893199813359,13982|358893199813359
Liceo Los Andes,228,2021-09-09,13982,2021-07-22,Galaxy Tab A8 2019 Lte/ T295 Silver,358893199810702,142205,80,18,17,con_comodato_80_18_17,Los Andes,Samsung A8/T295,6007,358893199810702,13982|358893199810702
Liceo Los Andes,228,2021-09-09,13982,2021-07-22,Galaxy Tab A8 2019 Lte/ T295 Silver,358893199809449,142205,80,18,18,con_comodato_80_18_18,Los Andes,Samsung A8/T295,6007,358893199809449,13982|358893199809449
Liceo Los Andes,228,2021-09-09,13982,2021-07-22,Galaxy Tab A8 2019 Lte/ T295 Silver,358893199809126,142205,80,18,19,con_comodato_80_18_19,Los Andes,Samsung A8/T295,6007,358893199809126,13982|358893199809126
Liceo Los Andes,228,2021-09-09,13982,2021-07-22,Galaxy Tab A8 2019 Lte/ T295 Silver,358893199897057,142205,80,18,20,con_comodato_80_18_20,Los Andes,Samsung A8/T295,6007,358893199897057,13982|358893199897057
Liceo Los Andes,228,2021-09-09,13982,2021-07-22,Galaxy Tab A8 2019 Lte,358893199799038,142205,80,18,21,con_comodato_80_18_21,Los Andes,Samsung A8/T295,6007,358893199799038,13982|358893199799038
Liceo Los Andes,228,2021-09-09,13982,2021-07-22,Galaxy Tab A8 2019 Lte,358893199799046,142205,80,18,22,con_comodato_80_18_22,Los Andes,Samsung A8/T295,6007,358893199799046,13982|358893199799046
Liceo Los Andes,228,2021-09-09,13982,2021-07-22,Galaxy Tab A8 2019 Lte,358893199799061,142205,80,18,23,con_comodato_80_18_23,Los Andes,Samsung A8/T295,6007,358893199799061,13982|358893199799061
Liceo Los Andes,228,2021-09-09,13982,2021-07-22,Galaxy Tab A8 2019 Lte,358893199799103,142205,80,18,24,con_comodato_80_18_24,Los Andes,Samsung A8/T295,6007,358893199799103,13982|358893199799103
Liceo Los Andes,228,2021-09-09,13982,2021-07-22,Galaxy Tab A8 2019 Lte,358893199799053,142205,80,18,25,con_comodato_80_18_25,Los Andes,Samsung A8/T295,6007,358893199799053,13982|358893199799053
Liceo Los Andes,228,2021-09-09,13982,2021-07-22,Galaxy Tab A8 2019 Lte,358893199807104,142205,80,18,26,con_comodato_80_18_26,Los Andes,Samsung A8/T295,6007,358893199807104,13982|358893199807104
Liceo Los Andes,228,2021-09-09,13982,2021-07-22,Galaxy Tab A8 2019 Lte,358893199808409,142205,80,18,27,con_comodato_80_18_27,Los Andes,Samsung A8/T295,6007,358893199808409,13982|358893199808409
Liceo Los Andes,228,2021-09-09,13982,2021-07-22,Galaxy Tab A8 2019 Lte,358893199808516,142205,80,18,28,con_comodato_80_18_28,Los Andes,Samsung A8/T295,6007,358893199808516,13982|358893199808516
Liceo Los Andes,228,2021-09-09,13982,2021-07-22,Galaxy Tab A8 2019 Lte,358893199808573,142205,81,19,2,con_comodato_81_19_2,Los Andes,Samsung A8/T295,6007,358893199808573,13982|358893199808573
Liceo Los Andes,228,2021-09-09,13982,2021-07-22,Galaxy Tab A8 2019 Lte,358893199319126,142205,81,19,7,con_comodato_81_19_7,Los Andes,Samsung A8/T295,6007,358893199319126,13982|358893199319126
Liceo Los Andes,228,2021-09-09,13982,2021-07-22,Galaxy Tab A8 2019 Lte,358893199322559,142205,81,19,8,con_comodato_81_19_8,Los Andes,Samsung A8/T295,6007,358893199322559,13982|358893199322559
Liceo Los Andes,228,2021-09-09,13982,2021-07-22,Galaxy Tab A8 2019 Lte,358893199324571,142205,81,19,9,con_comodato_81_19_9,Los Andes,Samsung A8/T295,6007,358893199324571,13982|358893199324571
Liceo Los Andes,228,2021-09-09,13982,2021-07-22,Galaxy Tab A8 2019 Lte,358893199325305,142205,81,19,10,con_comodato_81_19_10,Los Andes,Samsung A8/T295,6007,358893199325305,13982|358893199325305
Liceo Los Andes,228,2021-09-09,13982,2021-07-22,Galaxy Tab A8 2019 Lte,358893199325560,142205,81,19,11,con_comodato_81_19_11,Los Andes,Samsung A8/T295,6007,358893199325560,13982|358893199325560
Liceo Los Andes,228,2021-09-09,13982,2021-07-22,Galaxy Tab A8 2019 Lte,358893199024460,142205,81,19,12,con_comodato_81_19_12,Los Andes,Samsung A8/T295,6007,358893199024460,13982|358893199024460
Liceo Los Andes,228,2021-09-09,13982,2021-07-22,Galaxy Tab A8 2019 Lte,358893199809381,142205,81,19,13,con_comodato_81_19_13,Los Andes,Samsung A8/T295,6007,358893199809381,13982|358893199809381
Liceo Los Andes,230,2021-09-09,13995,2021-07-28,Lenovo Tab P11 11” 6gb Ram 128 Gb Wifi Lte Teclado Y lápiz,HA1BQRWR,349999,81,19,14,con_comodato_81_19_14,Los Andes,Lenovo P11 + teclado/lápiz,6007,HA1BQRWR,13995|HA1BQRWR
Liceo Los Andes,230,2021-09-09,13995,2021-07-28,Lenovo Tab P11 11” 6gb Ram 128 Gb Wifi Lte Teclado Y lápiz,HA1CV2V7,349999,81,19,16,con_comodato_81_19_16,Los Andes,Lenovo P11 + teclado/lápiz,6007,HA1CV2V7,13995|HA1CV2V7
Liceo Los Andes,230,2021-09-09,13995,2021-07-28,Lenovo Tab P11 11” 6gb Ram 128 Gb Wifi Lte Teclado Y lápiz,HA1CV3EC,349999,81,19,19,con_comodato_81_19_19,Los Andes,Lenovo P11 + teclado/lápiz,6007,HA1CV3EC,13995|HA1CV3EC
Liceo Los Andes,230,2021-09-09,13995,2021-07-28,Lenovo Tab P11 11” 6gb Ram 128 Gb Wifi Lte Teclado Y lápiz,HA1D3BRX,349999,81,19,21,con_comodato_81_19_21,Los Andes,Lenovo P11 + teclado/lápiz,6007,HA1D3BRX,13995|HA1D3BRX
Liceo Los Andes,230,2021-09-09,13995,2021-07-28,Lenovo Tab P11 11” 6gb Ram 128 Gb Wifi Lte Teclado Y lápiz,HA1CVDB2,349999,81,19,23,con_comodato_81_19_23,Los Andes,Lenovo P11 + teclado/lápiz,6007,HA1CVDB2,13995|HA1CVDB2
Liceo Los Andes,230,2021-09-09,13995,2021-07-28,Lenovo Tab P11 11” 6gb Ram 128 Gb Wifi Lte Teclado Y lápiz,HA1D0RY2,349999,81,19,25,con_comodato_81_19_25,Los Andes,Lenovo P11 + teclado/lápiz,6007,HA1D0RY2,13995|HA1D0RY2
Liceo Los Andes,230,2021-09-09,13995,2021-07-28,Lenovo Tab P11 11” 6gb Ram 128 Gb Wifi Lte Teclado Y lápiz,HA1CV7BV,349999,82,20,2,con_comodato_82_20_2,Los Andes,Lenovo P11 + teclado/lápiz,6007,HA1CV7BV,13995|HA1CV7BV
Liceo Los Andes,230,2021-09-09,13995,2021-07-28,Lenovo Tab P11 11” 6gb Ram 128 Gb Wifi Lte Teclado Y lápiz,HA1D0TT3,349999,82,20,3,con_comodato_82_20_3,Los Andes,Lenovo P11 + teclado/lápiz,6007,HA1D0TT3,13995|HA1D0TT3
Liceo Los Andes,230,2021-09-09,13995,2021-07-28,Lenovo Tab P11 11” 6gb Ram 128 Gb Wifi Lte Teclado Y lápiz,HA1CVQX1,349999,82,20,5,con_comodato_82_20_5,Los Andes,Lenovo P11 + teclado/lápiz,6007,HA1CVQX1,13995|HA1CVQX1
Liceo Los Andes,230,2021-09-09,13995,2021-07-28,Lenovo Tab P11 11” 6gb Ram 128 Gb Wifi Lte Teclado Y lápiz,HA1CTXKQ,349999,82,20,6,con_comodato_82_20_6,Los Andes,Lenovo P11 + teclado/lápiz,6007,HA1CTXKQ,13995|HA1CTXKQ
Liceo Los Andes,230,2021-09-09,13995,2021-07-28,Lenovo Tab P11 11” 6gb Ram 128 Gb Wifi Lte Teclado Y lápiz,HA1BR39X,349999,82,20,8,con_comodato_82_20_8,Los Andes,Lenovo P11 + teclado/lápiz,6007,HA1BR39X,13995|HA1BR39X
Liceo Los Andes,230,2021-09-09,13995,2021-07-28,Lenovo Tab P11 11” 6gb Ram 128 Gb Wifi Lte Teclado Y lápiz,HA1D0N2Q,349999,82,20,13,con_comodato_82_20_13,Los Andes,Lenovo P11 + teclado/lápiz,6007,HA1D0N2Q,13995|HA1D0N2Q
Liceo Los Andes,230,2021-09-09,13995,2021-07-28,Lenovo Tab P11 11” 6gb Ram 128 Gb Wifi Lte Teclado Y lápiz,HA1D0RW9,349999,82,20,14,con_comodato_82_20_14,Los Andes,Lenovo P11 + teclado/lápiz,6007,HA1D0RW9,13995|HA1D0RW9
Liceo Los Andes,230,2021-09-09,13995,2021-07-28,Lenovo Tab P11 11” 6gb Ram 128 Gb Wifi Lte Teclado Y lápiz,HA1D2M9F,349999,82,20,15,con_comodato_82_20_15,Los Andes,Lenovo P11 + teclado/lápiz,6007,HA1D2M9F,13995|HA1D2M9F
Liceo Los Andes,230,2021-09-09,13995,2021-07-28,Lenovo Tab P11 11” 6gb Ram 128 Gb Wifi Lte Teclado Y lápiz,HA1CVM21,349999,82,20,16,con_comodato_82_20_16,Los Andes,Lenovo P11 + teclado/lápiz,6007,HA1CVM21,13995|HA1CVM21
Liceo Los Andes,230,2021-09-09,13995,2021-07-28,Lenovo Tab P11 11” 6gb Ram 128 Gb Wifi Lte Teclado Y lápiz,HA1CVH9E,349999,82,20,17,con_comodato_82_20_17,Los Andes,Lenovo P11 + teclado/lápiz,6007,HA1CVH9E,13995|HA1CVH9E
Liceo Los Andes,230,2021-09-09,13995,2021-07-28,Lenovo Tab P11 11” 6gb Ram 128 Gb Wifi Lte Teclado Y lápiz,HA1D16HM,349999,82,20,18,con_comodato_82_20_18,Los Andes,Lenovo P11 + teclado/lápiz,6007,HA1D16HM,13995|HA1D16HM
Liceo Los Andes,230,2021-09-09,13995,2021-07-28,Lenovo Tab P11 11” 6gb Ram 128 Gb Wifi Lte Teclado Y lápiz,HA1D0PXT,349999,82,20,19,con_comodato_82_20_19,Los Andes,Lenovo P11 + teclado/lápiz,6007,HA1D0PXT,13995|HA1D0PXT
Liceo Los Andes,230,2021-09-09,13995,2021-07-28,Lenovo Tab P11 11” 6gb Ram 128 Gb Wifi Lte Teclado Y lápiz,HA1D2Y2X,349999,82,20,20,con_comodato_82_20_20,Los Andes,Lenovo P11 + teclado/lápiz,6007,HA1D2Y2X,13995|HA1D2Y2X
Liceo Los Andes,230,2021-09-09,13995,2021-07-28,Lenovo Tab P11 11” 6gb Ram 128 Gb Wifi Lte Teclado Y lápiz,HA1D0RSY,349999,82,20,21,con_comodato_82_20_21,Los Andes,Lenovo P11 + teclado/lápiz,6007,HA1D0RSY,13995|HA1D0RSY
Liceo Los Andes,230,2021-09-09,13995,2021-07-28,Lenovo Tab P11 11” 6gb Ram 128 Gb Wifi Lte Teclado Y lápiz,HA1D18H2,349999,82,20,22,con_comodato_82_20_22,Los Andes,Lenovo P11 + teclado/lápiz,6007,HA1D18H2,13995|HA1D18H2
Liceo Los Andes,230,2021-09-09,13995,2021-07-28,Lenovo Tab P11 11” 6gb Ram 128 Gb Wifi Lte Teclado Y lápiz,HA1D10R8,349999,82,20,23,con_comodato_82_20_23,Los Andes,Lenovo P11 + teclado/lápiz,6007,HA1D10R8,13995|HA1D10R8
Liceo Los Andes,230,2021-09-09,13995,2021-07-28,Lenovo Tab P11 11” 6gb Ram 128 Gb Wifi Lte Teclado Y lápiz,4ª1CVM68,349999,83,21,2,con_comodato_83_21_2,Los Andes,Lenovo P11 + teclado/lápiz,6007,4a1CVM68,13995|4a1CVM68
Liceo Los Andes,230,2021-09-09,13995,2021-07-28,Lenovo Tab P11 11” 6gb Ram 128 Gb Wifi Lte Teclado Y lápiz,HA1CVHAQ,349999,83,21,3,con_comodato_83_21_3,Los Andes,Lenovo P11 + teclado/lápiz,6007,HA1CVHAQ,13995|HA1CVHAQ
Liceo Los Andes,230,2021-09-09,13995,2021-07-28,Lenovo Tab P11 11” 6gb Ram 128 Gb Wifi Lte Teclado Y lápiz,HA1BR78V,349999,83,21,4,con_comodato_83_21_4,Los Andes,Lenovo P11 + teclado/lápiz,6007,HA1BR78V,13995|HA1BR78V
Liceo Los Andes,230,2021-09-09,13995,2021-07-28,Lenovo Tab P11 11” 6gb Ram 128 Gb Wifi Lte Teclado Y lápiz,HA1BREMZ,349999,83,21,5,con_comodato_83_21_5,Los Andes,Lenovo P11 + teclado/lápiz,6007,HA1BREMZ,13995|HA1BREMZ
Liceo Los Andes,230,2021-09-09,13995,2021-07-28,Lenovo Tab P11 11” 6gb Ram 128 Gb Wifi Lte Teclado Y lápiz,HA1D2P6B,349999,83,21,6,con_comodato_83_21_6,Los Andes,Lenovo P11 + teclado/lápiz,6007,HA1D2P6B,13995|HA1D2P6B
Liceo Los Andes,230,2021-09-09,13995,2021-07-28,Lenovo Tab P11 11” 6gb Ram 128 Gb Wifi Lte Teclado Y lápiz,HA1BRATG,349999,83,21,7,con_comodato_83_21_7,Los Andes,Lenovo P11 + teclado/lápiz,6007,HA1BRATG,13995|HA1BRATG
Liceo Los Andes,230,2021-09-09,13995,2021-07-28,Lenovo Tab P11 11” 6gb Ram 128 Gb Wifi Lte Teclado Y lápiz,HA1CVDCZ,349999,83,21,8,con_comodato_83_21_8,Los Andes,Lenovo P11 + teclado/lápiz,6007,HA1CVDCZ,13995|HA1CVDCZ
Liceo Los Andes,263,2021-10-06,13981,2021-07-22,Galaxy Tab A8 2019 Lte,358893199809811,142205,83,21,11,con_comodato_83_21_11,Los Andes,Samsung A8/T295,6007,358893199809811,13981|358893199809811
Liceo Los Andes,263,2021-10-06,13981,2021-07-22,Galaxy Tab A8 2019 Lte,358893199809845,142205,83,21,12,con_comodato_83_21_12,Los Andes,Samsung A8/T295,6007,358893199809845,13981|358893199809845
Liceo Los Andes,263,2021-10-06,13981,2021-07-22,Galaxy Tab A8 2019 Lte,358893199809852,142205,83,21,13,con_comodato_83_21_13,Los Andes,Samsung A8/T295,6007,358893199809852,13981|358893199809852
Liceo Los Andes,263,2021-10-06,13981,2021-07-22,Galaxy Tab A8 2019 Lte,358893199809878,142205,83,21,14,con_comodato_83_21_14,Los Andes,Samsung A8/T295,6007,358893199809878,13981|358893199809878
Liceo Los Andes,263,2021-10-06,13981,2021-07-22,Galaxy Tab A8 2019 Lte,358893199810793,142205,83,21,15,con_comodato_83_21_15,Los Andes,Samsung A8/T295,6007,358893199810793,13981|358893199810793
Liceo Los Andes,263,2021-10-06,13981,2021-07-22,Galaxy Tab A8 2019 Lte,358893199811494,142205,83,21,16,con_comodato_83_21_16,Los Andes,Samsung A8/T295,6007,358893199811494,13981|358893199811494
Liceo Los Andes,263,2021-10-06,13981,2021-07-22,Galaxy Tab A8 2019 Lte,358893199811114,142205,83,21,17,con_comodato_83_21_17,Los Andes,Samsung A8/T295,6007,358893199811114,13981|358893199811114
Liceo Los Andes,263,2021-10-06,13981,2021-07-22,Galaxy Tab A8 2019 Lte,358893199811130,142205,83,21,18,con_comodato_83_21_18,Los Andes,Samsung A8/T295,6007,358893199811130,13981|358893199811130
Liceo Los Andes,263,2021-10-06,13981,2021-07-22,Galaxy Tab A8 2019 Lte,358893199811049,142205,83,21,19,con_comodato_83_21_19,Los Andes,Samsung A8/T295,6007,358893199811049,13981|358893199811049
Liceo Los Andes,263,2021-10-06,13981,2021-07-22,Galaxy Tab A8 2019 Lte,358893199811478,142205,83,21,20,con_comodato_83_21_20,Los Andes,Samsung A8/T295,6007,358893199811478,13981|358893199811478
Liceo Los Andes,263,2021-10-06,13981,2021-07-22,Galaxy Tab A8 2019 Lte,358893199811353,142205,83,21,21,con_comodato_83_21_21,Los Andes,Samsung A8/T295,6007,358893199811353,13981|358893199811353
Liceo Los Andes,263,2021-10-06,13981,2021-07-22,Galaxy Tab A8 2019 Lte,358893199811411,142205,83,21,22,con_comodato_83_21_22,Los Andes,Samsung A8/T295,6007,358893199811411,13981|358893199811411
Liceo Los Andes,263,2021-10-06,13981,2021-07-22,Galaxy Tab A8 2019 Lte,358893199811320,142205,83,21,23,con_comodato_83_21_23,Los Andes,Samsung A8/T295,6007,358893199811320,13981|358893199811320
Liceo Los Andes,263,2021-10-06,13981,2021-07-22,Galaxy Tab A8 2019 Lte,358893199806965,142205,83,21,24,con_comodato_83_21_24,Los Andes,Samsung A8/T295,6007,358893199806965,13981|358893199806965
Liceo Los Andes,263,2021-10-06,13981,2021-07-22,Galaxy Tab A8 2019 Lte,358893199806882,142205,83,21,25,con_comodato_83_21_25,Los Andes,Samsung A8/T295,6007,358893199806882,13981|358893199806882
Liceo Los Andes,263,2021-10-06,13981,2021-07-22,Galaxy Tab A8 2019 Lte,358893199806825,142205,83,21,26,con_comodato_83_21_26,Los Andes,Samsung A8/T295,6007,358893199806825,13981|358893199806825
Liceo Los Andes,263,2021-10-06,13981,2021-07-22,Galaxy Tab A8 2019 Lte,358893199811213,142205,84,22,2,con_comodato_84_22_2,Los Andes,Samsung A8/T295,6007,358893199811213,13981|358893199811213
Liceo Los Andes,263,2021-10-06,13981,2021-07-22,Galaxy Tab A8 2019 Lte,358893199811189,142205,84,22,3,con_comodato_84_22_3,Los Andes,Samsung A8/T295,6007,358893199811189,13981|358893199811189
Liceo Los Andes,263,2021-10-06,13981,2021-07-22,Galaxy Tab A8 2019 Lte,358893199811700,142205,84,22,4,con_comodato_84_22_4,Los Andes,Samsung A8/T295,6007,358893199811700,13981|358893199811700
Liceo Los Andes,263,2021-10-06,13981,2021-07-22,Galaxy Tab A8 2019 Lte,358893199811601,142205,84,22,5,con_comodato_84_22_5,Los Andes,Samsung A8/T295,6007,358893199811601,13981|358893199811601
Liceo Los Andes,263,2021-10-06,13981,2021-07-22,Galaxy Tab A8 2019 Lte,358893199811585,142205,84,22,6,con_comodato_84_22_6,Los Andes,Samsung A8/T295,6007,358893199811585,13981|358893199811585
Liceo Los Andes,263,2021-10-06,13981,2021-07-22,Galaxy Tab A8 2019 Lte,358893199815081,142205,84,22,7,con_comodato_84_22_7,Los Andes,Samsung A8/T295,6007,358893199815081,13981|358893199815081
Liceo Los Andes,263,2021-10-06,13981,2021-07-22,Galaxy Tab A8 2019 Lte,358893199815024,142205,84,22,8,con_comodato_84_22_8,Los Andes,Samsung A8/T295,6007,358893199815024,13981|358893199815024
Liceo Los Andes,263,2021-10-06,13981,2021-07-22,Galaxy Tab A8 2019 Lte,358893199812591,142205,84,22,9,con_comodato_84_22_9,Los Andes,Samsung A8/T295,6007,358893199812591,13981|358893199812591
Liceo Los Andes,263,2021-10-06,13981,2021-07-22,Galaxy Tab A8 2019 Lte,358893199812567,142205,84,22,10,con_comodato_84_22_10,Los Andes,Samsung A8/T295,6007,358893199812567,13981|358893199812567
Liceo Los Andes,263,2021-10-06,13981,2021-07-22,Galaxy Tab A8 2019 Lte,358893199812500,142205,84,22,11,con_comodato_84_22_11,Los Andes,Samsung A8/T295,6007,358893199812500,13981|358893199812500
Liceo Los Andes,263,2021-10-06,13981,2021-07-22,Galaxy Tab A8 2019 Lte,358893199812187,142205,84,22,12,con_comodato_84_22_12,Los Andes,Samsung A8/T295,6007,358893199812187,13981|358893199812187
Liceo Los Andes,263,2021-10-06,13981,2021-07-22,Galaxy Tab A8 2019 Lte,358893199812039,142205,84,22,13,con_comodato_84_22_13,Los Andes,Samsung A8/T295,6007,358893199812039,13981|358893199812039
Liceo Los Andes,263,2021-10-06,13981,2021-07-22,Galaxy Tab A8 2019 Lte,358893199805850,142205,84,22,14,con_comodato_84_22_14,Los Andes,Samsung A8/T295,6007,358893199805850,13981|358893199805850
Liceo Los Andes,263,2021-10-06,13981,2021-07-22,Galaxy Tab A8 2019 Lte,358893199805827,142205,84,22,15,con_comodato_84_22_15,Los Andes,Samsung A8/T295,6007,358893199805827,13981|358893199805827
Liceo Los Andes,263,2021-10-06,13981,2021-07-22,Galaxy Tab A8 2019 Lte,358893199805777,142205,84,22,16,con_comodato_84_22_16,Los Andes,Samsung A8/T295,6007,358893199805777,13981|358893199805777
Liceo Los Andes,263,2021-10-06,13981,2021-07-22,Galaxy Tab A8 2019 Lte,358893199805744,142205,84,22,17,con_comodato_84_22_17,Los Andes,Samsung A8/T295,6007,358893199805744,13981|358893199805744
Liceo Los Andes,263,2021-10-06,13981,2021-07-22,Galaxy Tab A8 2019 Lte,358893199805736,142205,84,22,18,con_comodato_84_22_18,Los Andes,Samsung A8/T295,6007,358893199805736,13981|358893199805736
Liceo Los Andes,263,2021-10-06,13981,2021-07-22,Galaxy Tab A8 2019 Lte,358893199805538,142205,84,22,19,con_comodato_84_22_19,Los Andes,Samsung A8/T295,6007,358893199805538,13981|358893199805538
Liceo Los Andes,263,2021-10-06,13981,2021-07-22,Galaxy Tab A8 2019 Lte,358893199805132,142205,84,22,20,con_comodato_84_22_20,Los Andes,Samsung A8/T295,6007,358893199805132,13981|358893199805132
Liceo Los Andes,263,2021-10-06,13981,2021-07-22,Galaxy Tab A8 2019 Lte,358893199804432,142205,84,22,21,con_comodato_84_22_21,Los Andes,Samsung A8/T295,6007,358893199804432,13981|358893199804432
Liceo Los Andes,263,2021-10-06,13981,2021-07-22,Galaxy Tab A8 2019 Lte,358893199804150,142205,84,22,22,con_comodato_84_22_22,Los Andes,Samsung A8/T295,6007,358893199804150,13981|358893199804150
Liceo Los Andes,263,2021-10-06,13981,2021-07-22,Galaxy Tab A8 2019 Lte,358893199802741,142205,84,22,23,con_comodato_84_22_23,Los Andes,Samsung A8/T295,6007,358893199802741,13981|358893199802741
Liceo Los Andes,263,2021-10-06,13981,2021-07-22,Galaxy Tab A8 2019 Lte,358893199801222,142205,84,22,24,con_comodato_84_22_24,Los Andes,Samsung A8/T295,6007,358893199801222,13981|358893199801222
Liceo Los Andes,263,2021-10-06,13981,2021-07-22,Galaxy Tab A8 2019 Lte,358893199789492,142205,84,22,25,con_comodato_84_22_25,Los Andes,Samsung A8/T295,6007,358893199789492,13981|358893199789492
Liceo Los Andes,263,2021-10-06,13981,2021-07-22,Galaxy Tab A8 2019 Lte,358893199789146,142205,84,22,26,con_comodato_84_22_26,Los Andes,Samsung A8/T295,6007,358893199789146,13981|358893199789146
Liceo Los Andes,263,2021-10-06,13981,2021-07-22,Galaxy Tab A8 2019 Lte,358893199788759,142205,84,22,27,con_comodato_84_22_27,Los Andes,Samsung A8/T295,6007,358893199788759,13981|358893199788759
Liceo Los Andes,263,2021-10-06,13981,2021-07-22,Galaxy Tab A8 2019 Lte,358893199806759,142205,84,22,28,con_comodato_84_22_28,Los Andes,Samsung A8/T295,6007,358893199806759,13981|358893199806759
Liceo Los Andes,263,2021-10-06,13981,2021-07-22,Galaxy Tab A8 2019 Lte,358893199806726,142205,85,23,2,con_comodato_85_23_2,Los Andes,Samsung A8/T295,6007,358893199806726,13981|358893199806726
Liceo Los Andes,263,2021-10-06,13981,2021-07-22,Galaxy Tab A8 2019 Lte,358893199806684,142205,85,23,3,con_comodato_85_23_3,Los Andes,Samsung A8/T295,6007,358893199806684,13981|358893199806684
Liceo Los Andes,263,2021-10-06,13981,2021-07-22,Galaxy Tab A8 2019 Lte,358893199806585,142205,85,23,4,con_comodato_85_23_4,Los Andes,Samsung A8/T295,6007,358893199806585,13981|358893199806585
Liceo Los Andes,263,2021-10-06,13981,2021-07-22,Galaxy Tab A8 2019 Lte,358893199805959,142205,85,23,5,con_comodato_85_23_5,Los Andes,Samsung A8/T295,6007,358893199805959,13981|358893199805959
Liceo Los Andes,263,2021-10-06,13981,2021-07-22,Galaxy Tab A8 2019 Lte,358893199811874,142205,85,23,6,con_comodato_85_23_6,Los Andes,Samsung A8/T295,6007,358893199811874,13981|358893199811874
Liceo Los Andes,263,2021-10-06,13981,2021-07-22,Galaxy Tab A8 2019 Lte,358893199787504,142205,85,23,7,con_comodato_85_23_7,Los Andes,Samsung A8/T295,6007,358893199787504,13981|358893199787504
Liceo Los Andes,263,2021-10-06,13981,2021-07-22,Galaxy Tab A8 2019 Lte,358893199787629,142205,85,23,8,con_comodato_85_23_8,Los Andes,Samsung A8/T295,6007,358893199787629,13981|358893199787629
Liceo Los Andes,263,2021-10-06,13981,2021-07-22,Galaxy Tab A8 2019 Lte,358893199787405,142205,85,23,9,con_comodato_85_23_9,Los Andes,Samsung A8/T295,6007,358893199787405,13981|358893199787405
Liceo Los Andes,263,2021-10-06,13981,2021-07-22,Galaxy Tab A8 2019 Lte,358893199786571,142205,85,23,10,con_comodato_85_23_10,Los Andes,Samsung A8/T295,6007,358893199786571,13981|358893199786571
Liceo Los Andes,263,2021-10-06,13981,2021-07-22,Galaxy Tab A8 2019 Lte,358893199786217,142205,85,23,11,con_comodato_85_23_11,Los Andes,Samsung A8/T295,6007,358893199786217,13981|358893199786217
Liceo Los Andes,263,2021-10-06,13981,2021-07-22,Galaxy Tab A8 2019 Lte,358893199785797,142205,85,23,12,con_comodato_85_23_12,Los Andes,Samsung A8/T295,6007,358893199785797,13981|358893199785797
Liceo Los Andes,263,2021-10-06,13981,2021-07-22,Galaxy Tab A8 2019 Lte,358893199785417,142205,85,23,13,con_comodato_85_23_13,Los Andes,Samsung A8/T295,6007,358893199785417,13981|358893199785417
Liceo Los Andes,263,2021-10-06,13981,2021-07-22,Galaxy Tab A8 2019 Lte,358893199783362,142205,85,23,14,con_comodato_85_23_14,Los Andes,Samsung A8/T295,6007,358893199783362,13981|358893199783362
Liceo Los Andes,263,2021-10-06,13981,2021-07-22,Galaxy Tab A8 2019 Lte,358893196836999,142205,85,23,15,con_comodato_85_23_15,Los Andes,Samsung A8/T295,6007,358893196836999,13981|358893196836999
Liceo Los Andes,263,2021-10-06,13981,2021-07-22,Galaxy Tab A8 2019 Lte,358893199810165,142205,85,23,16,con_comodato_85_23_16,Los Andes,Samsung A8/T295,6007,358893199810165,13981|358893199810165
Liceo Los Andes,263,2021-10-06,13981,2021-07-22,Galaxy Tab A8 2019 Lte,358893199810264,142205,85,23,17,con_comodato_85_23_17,Los Andes,Samsung A8/T295,6007,358893199810264,13981|358893199810264
Liceo Los Andes,263,2021-10-06,13981,2021-07-22,Galaxy Tab A8 2019 Lte,358893199810314,142205,85,23,18,con_comodato_85_23_18,Los Andes,Samsung A8/T295,6007,358893199810314,13981|358893199810314
Liceo Los Andes,263,2021-10-06,13981,2021-07-22,Galaxy Tab A8 2019 Lte,358893199810322,142205,85,23,19,con_comodato_85_23_19,Los Andes,Samsung A8/T295,6007,358893199810322,13981|358893199810322
Liceo Los Andes,263,2021-10-06,13981,2021-07-22,Galaxy Tab A8 2019 Lte,358893199810421,142205,85,23,20,con_comodato_85_23_20,Los Andes,Samsung A8/T295,6007,358893199810421,13981|358893199810421
Liceo Los Andes,263,2021-10-06,13981,2021-07-22,Galaxy Tab A8 2019 Lte,358893199810454,142205,85,23,21,con_comodato_85_23_21,Los Andes,Samsung A8/T295,6007,358893199810454,13981|358893199810454
Liceo Los Andes,263,2021-10-06,13981,2021-07-22,Galaxy Tab A8 2019 Lte,358893199810496,142205,85,23,22,con_comodato_85_23_22,Los Andes,Samsung A8/T295,6007,358893199810496,13981|358893199810496
Liceo Los Andes,263,2021-10-06,13981,2021-07-22,Galaxy Tab A8 2019 Lte,358893199810538,142205,85,23,23,con_comodato_85_23_23,Los Andes,Samsung A8/T295,6007,358893199810538,13981|358893199810538
Liceo Los Andes,263,2021-10-06,13981,2021-07-22,Galaxy Tab A8 2019 Lte,358893199810561,142205,85,23,24,con_comodato_85_23_24,Los Andes,Samsung A8/T295,6007,358893199810561,13981|358893199810561
Liceo Los Andes,263,2021-10-06,13981,2021-07-22,Galaxy Tab A8 2019 Lte,358893199810090,142205,85,23,25,con_comodato_85_23_25,Los Andes,Samsung A8/T295,6007,358893199810090,13981|358893199810090
Liceo Los Andes,263,2021-10-06,13981,2021-07-22,Galaxy Tab A8 2019 Lte,358893199810660,142205,85,23,26,con_comodato_85_23_26,Los Andes,Samsung A8/T295,6007,358893199810660,13981|358893199810660
Liceo Los Andes,263,2021-10-06,13981,2021-07-22,Galaxy Tab A8 2019 Lte,358893199809233,142205,85,23,27,con_comodato_85_23_27,Los Andes,Samsung A8/T295,6007,358893199809233,13981|358893199809233
Liceo Los Andes,263,2021-10-06,13981,2021-07-22,Galaxy Tab A8 2019 Lte,358893199808730,142205,85,23,28,con_comodato_85_23_28,Los Andes,Samsung A8/T295,6007,358893199808730,13981|358893199808730
Liceo Los Andes,263,2021-10-06,13981,2021-07-22,Galaxy Tab A8 2019 Lte,358893199810678,142205,86,24,2,con_comodato_86_24_2,Los Andes,Samsung A8/T295,6007,358893199810678,13981|358893199810678
Liceo Los Andes,263,2021-10-06,13981,2021-07-22,Galaxy Tab A8 2019 Lte,358893199810736,142205,86,24,3,con_comodato_86_24_3,Los Andes,Samsung A8/T295,6007,358893199810736,13981|358893199810736
Liceo Los Andes,263,2021-10-06,13981,2021-07-22,Galaxy Tab A8 2019 Lte,358893199810819,142205,86,24,4,con_comodato_86_24_4,Los Andes,Samsung A8/T295,6007,358893199810819,13981|358893199810819
Liceo Los Andes,263,2021-10-06,13981,2021-07-22,Galaxy Tab A8 2019 Lte,358893199810827,142205,86,24,5,con_comodato_86_24_5,Los Andes,Samsung A8/T295,6007,358893199810827,13981|358893199810827
Liceo Los Andes,263,2021-10-06,13981,2021-07-22,Galaxy Tab A8 2019 Lte,358893199810918,142205,86,24,6,con_comodato_86_24_6,Los Andes,Samsung A8/T295,6007,358893199810918,13981|358893199810918
Liceo Los Andes,263,2021-10-06,13981,2021-07-22,Galaxy Tab A8 2019 Lte,358893199810926,142205,86,24,7,con_comodato_86_24_7,Los Andes,Samsung A8/T295,6007,358893199810926,13981|358893199810926
Liceo Los Andes,263,2021-10-06,13981,2021-07-22,Galaxy Tab A8 2019 Lte,358893199810975,142205,86,24,8,con_comodato_86_24_8,Los Andes,Samsung A8/T295,6007,358893199810975,13981|358893199810975
Liceo Los Andes,263,2021-10-06,13981,2021-07-22,Galaxy Tab A8 2019 Lte,358893199811023,142205,86,24,9,con_comodato_86_24_9,Los Andes,Samsung A8/T295,6007,358893199811023,13981|358893199811023
Liceo Los Andes,263,2021-10-06,13981,2021-07-22,Galaxy Tab A8 2019 Lte,358893199808508,142205,86,24,10,con_comodato_86_24_10,Los Andes,Samsung A8/T295,6007,358893199808508,13981|358893199808508
Liceo Los Andes,263,2021-10-06,13981,2021-07-22,Galaxy Tab A8 2019 Lte,358893199808466,142205,86,24,11,con_comodato_86_24_11,Los Andes,Samsung A8/T295,6007,358893199808466,13981|358893199808466
Liceo Los Andes,263,2021-10-06,13981,2021-07-22,Galaxy Tab A8 2019 Lte,358893199808433,142205,86,24,12,con_comodato_86_24_12,Los Andes,Samsung A8/T295,6007,358893199808433,13981|358893199808433
Liceo Los Andes,263,2021-10-06,13981,2021-07-22,Galaxy Tab A8 2019 Lte,358893199808268,142205,86,24,13,con_comodato_86_24_13,Los Andes,Samsung A8/T295,6007,358893199808268,13981|358893199808268
Liceo Los Andes,263,2021-10-06,13981,2021-07-22,Galaxy Tab A8 2019 Lte,358893199808698,142205,86,24,14,con_comodato_86_24_14,Los Andes,Samsung A8/T295,6007,358893199808698,13981|358893199808698
Liceo Los Andes,263,2021-10-06,13981,2021-07-22,Galaxy Tab A8 2019 Lte,358893199815164,142205,86,24,15,con_comodato_86_24_15,Los Andes,Samsung A8/T295,6007,358893199815164,13981|358893199815164
Liceo Los Andes,263,2021-10-06,13981,2021-07-22,Galaxy Tab A8 2019 Lte,358893199815099,142205,86,24,16,con_comodato_86_24_16,Los Andes,Samsung A8/T295,6007,358893199815099,13981|358893199815099
Liceo Los Andes,263,2021-10-06,13981,2021-07-22,Galaxy Tab A8 2019 Lte,358893199808599,142205,86,24,17,con_comodato_86_24_17,Los Andes,Samsung A8/T295,6007,358893199808599,13981|358893199808599
Liceo Los Andes,263,2021-10-06,13981,2021-07-22,Galaxy Tab A8 2019 Lte,358893199808680,142205,86,24,18,con_comodato_86_24_18,Los Andes,Samsung A8/T295,6007,358893199808680,13981|358893199808680
Liceo Los Andes,263,2021-10-06,13981,2021-07-22,Galaxy Tab A8 2019 Lte,358893199808755,142205,86,24,19,con_comodato_86_24_19,Los Andes,Samsung A8/T295,6007,358893199808755,13981|358893199808755
Liceo Los Andes,263,2021-10-06,13981,2021-07-22,Galaxy Tab A8 2019 Lte,358893199808896,142205,86,24,20,con_comodato_86_24_20,Los Andes,Samsung A8/T295,6007,358893199808896,13981|358893199808896
Liceo Los Andes,263,2021-10-06,13981,2021-07-22,Galaxy Tab A8 2019 Lte,358893199809035,142205,86,24,21,con_comodato_86_24_21,Los Andes,Samsung A8/T295,6007,358893199809035,13981|358893199809035
Liceo Los Andes,263,2021-10-06,13981,2021-07-22,Galaxy Tab A8 2019 Lte,358893199809050,142205,86,24,22,con_comodato_86_24_22,Los Andes,Samsung A8/T295,6007,358893199809050,13981|358893199809050
Liceo Los Andes,263,2021-10-06,13981,2021-07-22,Galaxy Tab A8 2019 Lte,358893199809084,142205,86,24,23,con_comodato_86_24_23,Los Andes,Samsung A8/T295,6007,358893199809084,13981|358893199809084
Liceo Los Andes,263,2021-10-06,13981,2021-07-22,Galaxy Tab A8 2019 Lte,358893199809100,142205,86,24,24,con_comodato_86_24_24,Los Andes,Samsung A8/T295,6007,358893199809100,13981|358893199809100
Liceo Los Andes,263,2021-10-06,13981,2021-07-22,Galaxy Tab A8 2019 Lte,358893199811783,142205,86,24,25,con_comodato_86_24_25,Los Andes,Samsung A8/T295,6007,358893199811783,13981|358893199811783
Liceo Los Andes,263,2021-10-06,13981,2021-07-22,Galaxy Tab A8 2019 Lte,358893199809118,142205,86,24,26,con_comodato_86_24_26,Los Andes,Samsung A8/T295,6007,358893199809118,13981|358893199809118
Liceo Los Andes,263,2021-10-06,13981,2021-07-22,Galaxy Tab A8 2019 Lte,358893199809175,142205,86,24,27,con_comodato_86_24_27,Los Andes,Samsung A8/T295,6007,358893199809175,13981|358893199809175
Liceo Los Andes,263,2021-10-06,13981,2021-07-22,Galaxy Tab A8 2019 Lte,358893199809266,142205,86,24,28,con_comodato_86_24_28,Los Andes,Samsung A8/T295,6007,358893199809266,13981|358893199809266
Liceo Los Andes,263,2021-10-06,13981,2021-07-22,Galaxy Tab A8 2019 Lte,358893199809357,142205,87,25,2,con_comodato_87_25_2,Los Andes,Samsung A8/T295,6007,358893199809357,13981|358893199809357
Liceo Los Andes,263,2021-10-06,13981,2021-07-22,Galaxy Tab A8 2019 Lte,358893199809746,142205,87,25,3,con_comodato_87_25_3,Los Andes,Samsung A8/T295,6007,358893199809746,13981|358893199809746
Liceo Los Andes,263,2021-10-06,13981,2021-07-22,Galaxy Tab A8 2019 Lte,358893199809779,142205,87,25,4,con_comodato_87_25_4,Los Andes,Samsung A8/T295,6007,358893199809779,13981|358893199809779
Liceo Los Andes,263,2021-10-06,13981,2021-07-22,Galaxy Tab A8 2019 Lte,358893199809803,142205,87,25,5,con_comodato_87_25_5,Los Andes,Samsung A8/T295,6007,358893199809803,13981|358893199809803
Liceo Los Andes,263,2021-10-06,13981,2021-07-22,Galaxy Tab A8 2019 Lte,358893199808136,142205,87,25,6,con_comodato_87_25_6,Los Andes,Samsung A8/T295,6007,358893199808136,13981|358893199808136
Liceo Los Andes,263,2021-10-06,13981,2021-07-22,Galaxy Tab A8 2019 Lte,358893199808037,142205,87,25,7,con_comodato_87_25_7,Los Andes,Samsung A8/T295,6007,358893199808037,13981|358893199808037
Liceo Los Andes,263,2021-10-06,13981,2021-07-22,Galaxy Tab A8 2019 Lte,358893199807997,142205,87,25,8,con_comodato_87_25_8,Los Andes,Samsung A8/T295,6007,358893199807997,13981|358893199807997
Liceo Los Andes,263,2021-10-06,13981,2021-07-22,Galaxy Tab A8 2019 Lte,358893199807963,142205,87,25,9,con_comodato_87_25_9,Los Andes,Samsung A8/T295,6007,358893199807963,13981|358893199807963
Liceo Los Andes,263,2021-10-06,13981,2021-07-22,Galaxy Tab A8 2019 Lte,358893199807930,142205,87,25,10,con_comodato_87_25_10,Los Andes,Samsung A8/T295,6007,358893199807930,13981|358893199807930
Liceo Los Andes,263,2021-10-06,13981,2021-07-22,Galaxy Tab A8 2019 Lte,358893199807922,142205,87,25,11,con_comodato_87_25_11,Los Andes,Samsung A8/T295,6007,358893199807922,13981|358893199807922
Liceo Los Andes,263,2021-10-06,13981,2021-07-22,Galaxy Tab A8 2019 Lte,358893199807245,142205,87,25,12,con_comodato_87_25_12,Los Andes,Samsung A8/T295,6007,358893199807245,13981|358893199807245
Cumcumllaque,263,2021-10-06,13981,2021-07-22,Galaxy Tab A8 2019 Lte,358893196922864,142205,87,25,13,con_comodato_87_25_13,Cumcumllaque,Samsung A8/T295,6012,358893196922864,13981|358893196922864
Cumcumllaque,263,2021-10-06,13981,2021-07-22,Galaxy Tab A8 2019 Lte,358893196922542,142205,87,25,14,con_comodato_87_25_14,Cumcumllaque,Samsung A8/T295,6012,358893196922542,13981|358893196922542
Cumcumllaque,263,2021-10-06,13981,2021-07-22,Galaxy Tab A8 2019 Lte,358893196848663,142205,87,25,15,con_comodato_87_25_15,Cumcumllaque,Samsung A8/T295,6012,358893196848663,13981|358893196848663
Cumcumllaque,263,2021-10-06,13981,2021-07-22,Galaxy Tab A8 2019 Lte,358893196922104,142205,87,25,16,con_comodato_87_25_16,Cumcumllaque,Samsung A8/T295,6012,358893196922104,13981|358893196922104
Cumcumllaque,263,2021-10-06,13981,2021-07-22,Galaxy Tab A8 2019 Lte,358893196922161,142205,87,25,17,con_comodato_87_25_17,Cumcumllaque,Samsung A8/T295,6012,358893196922161,13981|358893196922161
Cumcumllaque,263,2021-10-06,13981,2021-07-22,Galaxy Tab A8 2019 Lte,358893196843920,142205,87,25,19,con_comodato_87_25_19,Cumcumllaque,Samsung A8/T295,6012,358893196843920,13981|358893196843920
Cumcumllaque,263,2021-10-06,13981,2021-07-22,Galaxy Tab A8 2019 Lte,358893196843276,142205,87,25,20,con_comodato_87_25_20,Cumcumllaque,Samsung A8/T295,6012,358893196843276,13981|358893196843276
Cumcumllaque,263,2021-10-06,13981,2021-07-22,Galaxy Tab A8 2019 Lte,358893196847475,142205,87,25,21,con_comodato_87_25_21,Cumcumllaque,Samsung A8/T295,6012,358893196847475,13981|358893196847475
Cumcumllaque,263,2021-10-06,13981,2021-07-22,Galaxy Tab A8 2019 Lte,358893196849299,142205,87,25,23,con_comodato_87_25_23,Cumcumllaque,Samsung A8/T295,6012,358893196849299,13981|358893196849299
Cumcumllaque,263,2021-10-06,13981,2021-07-22,Galaxy Tab A8 2019 Lte,358893196851501,142205,87,25,24,con_comodato_87_25_24,Cumcumllaque,Samsung A8/T295,6012,358893196851501,13981|358893196851501
Cumcumllaque,263,2021-10-06,13981,2021-07-22,Galaxy Tab A8 2019 Lte,358893196911016,142205,87,25,25,con_comodato_87_25_25,Cumcumllaque,Samsung A8/T295,6012,358893196911016,13981|358893196911016
Cumcumllaque,263,2021-10-06,13981,2021-07-22,Galaxy Tab A8 2019 Lte,358893196852871,142205,87,25,27,con_comodato_87_25_27,Cumcumllaque,Samsung A8/T295,6012,358893196852871,13981|358893196852871
Cumcumllaque,263,2021-10-06,13981,2021-07-22,Galaxy Tab A8 2019 Lte,358893196921478,142205,87,25,28,con_comodato_87_25_28,Cumcumllaque,Samsung A8/T295,6012,358893196921478,13981|358893196921478
Cumcumllaque,263,2021-10-06,13981,2021-07-22,Galaxy Tab A8 2019 Lte,358893196919548,142205,88,26,2,con_comodato_88_26_2,Cumcumllaque,Samsung A8/T295,6012,358893196919548,13981|358893196919548
Cumcumllaque,263,2021-10-06,13981,2021-07-22,Galaxy Tab A8 2019 Lte,358893196921809,142205,88,26,3,con_comodato_88_26_3,Cumcumllaque,Samsung A8/T295,6012,358893196921809,13981|358893196921809
Cumcumllaque,263,2021-10-06,13981,2021-07-22,Galaxy Tab A8 2019 Lte,358893196921510,142205,88,26,4,con_comodato_88_26_4,Cumcumllaque,Samsung A8/T295,6012,358893196921510,13981|358893196921510
Cumcumllaque,263,2021-10-06,13981,2021-07-22,Galaxy Tab A8 2019 Lte,358893196836759,142205,88,26,5,con_comodato_88_26_5,Cumcumllaque,Samsung A8/T295,6012,358893196836759,13981|358893196836759
Cumcumllaque,263,2021-10-06,13981,2021-07-22,Galaxy Tab A8 2019 Lte,358893196856842,142205,88,26,6,con_comodato_88_26_6,Cumcumllaque,Samsung A8/T295,6012,358893196856842,13981|358893196856842
Cumcumllaque,263,2021-10-06,13981,2021-07-22,Galaxy Tab A8 2019 Lte,358893196922807,142205,88,26,8,con_comodato_88_26_8,Cumcumllaque,Samsung A8/T295,6012,358893196922807,13981|358893196922807
Cumcumllaque,263,2021-10-06,13981,2021-07-22,Galaxy Tab A8 2019 Lte,358893196843680,142205,88,26,9,con_comodato_88_26_9,Cumcumllaque,Samsung A8/T295,6012,358893196843680,13981|358893196843680
Cumcumllaque,263,2021-10-06,13981,2021-07-22,Galaxy Tab A8 2019 Lte,358893196848200,142205,88,26,10,con_comodato_88_26_10,Cumcumllaque,Samsung A8/T295,6012,358893196848200,13981|358893196848200
Cumcumllaque,263,2021-10-06,13981,2021-07-22,Galaxy Tab A8 2019 Lte,358893199812195,142205,88,26,11,con_comodato_88_26_11,Cumcumllaque,Samsung A8/T295,6012,358893199812195,13981|358893199812195
Cumcumllaque,263,2021-10-06,13981,2021-07-22,Galaxy Tab A8 2019 Lte,358893199812377,142205,88,26,12,con_comodato_88_26_12,Cumcumllaque,Samsung A8/T295,6012,358893199812377,13981|358893199812377
Cumcumllaque,263,2021-10-06,13981,2021-07-22,Galaxy Tab A8 2019 Lte,358893199812120,142205,88,26,13,con_comodato_88_26_13,Cumcumllaque,Samsung A8/T295,6012,358893199812120,13981|358893199812120
Cumcumllaque,263,2021-10-06,13981,2021-07-22,Galaxy Tab A8 2019 Lte,358893199797412,142205,88,26,14,con_comodato_88_26_14,Cumcumllaque,Samsung A8/T295,6012,358893199797412,13981|358893199797412
Cumcumllaque,263,2021-10-06,13981,2021-07-22,Galaxy Tab A8 2019 Lte,358893199809704,142205,88,26,15,con_comodato_88_26_15,Cumcumllaque,Samsung A8/T295,6012,358893199809704,13981|358893199809704
Molulco,263,2021-10-06,13981,2021-07-22,Galaxy Tab A8 2019 Lte,358893199809217,142205,88,26,16,con_comodato_88_26_16,Molulco,Samsung A8/T295,6009,358893199809217,13981|358893199809217
Molulco,263,2021-10-06,13981,2021-07-22,Galaxy Tab A8 2019 Lte,358893199797396,142205,88,26,17,con_comodato_88_26_17,Molulco,Samsung A8/T295,6009,358893199797396,13981|358893199797396
Fundo Molulco,263,2021-10-06,13981,2021-07-22,Galaxy Tab A8 2019 Lte,358893199810017,142205,88,26,18,con_comodato_88_26_18,Fundo Molulco,Samsung A8/T295,6011,358893199810017,13981|358893199810017
Fundo Molulco,263,2021-10-06,13981,2021-07-22,Galaxy Tab A8 2019 Lte,358893199808862,142205,88,26,20,con_comodato_88_26_20,Fundo Molulco,Samsung A8/T295,6011,358893199808862,13981|358893199808862
Fundo Molulco,263,2021-10-06,13981,2021-07-22,Galaxy Tab A8 2019 Lte,358893199810058,142205,88,26,21,con_comodato_88_26_21,Fundo Molulco,Samsung A8/T295,6011,358893199810058,13981|358893199810058
Fundo Molulco,263,2021-10-06,13981,2021-07-22,Galaxy Tab A8 2019 Lte,358893199812492,142205,88,26,22,con_comodato_88_26_22,Fundo Molulco,Samsung A8/T295,6011,358893199812492,13981|358893199812492
Fundo Molulco,263,2021-10-06,13981,2021-07-22,Galaxy Tab A8 2019 Lte,358893199816592,142205,88,26,23,con_comodato_88_26_23,Fundo Molulco,Samsung A8/T295,6011,358893199816592,13981|358893199816592
Carén,263,2021-10-06,13981,2021-07-22,Galaxy Tab A8 2019 Lte,358893199812328,142205,88,26,24,con_comodato_88_26_24,Carén,Samsung A8/T295,6017,358893199812328,13981|358893199812328
Carén,263,2021-10-06,13981,2021-07-22,Galaxy Tab A8 2019 Lte,358893199809795,142205,88,26,26,con_comodato_88_26_26,Carén,Samsung A8/T295,6017,358893199809795,13981|358893199809795
