dependencia_original,decreto,fecha_decreto,factura,fecha_factura,modelo_original,serie_original,valor_clp,pagina_pdf,tabla,fila_tabla,id_fila,dependencia,familia,rbd,serie,observacion
Escuela Volcán Llaima,156,2020-06-18,407,2020-05-22,LAPTOP ASUS X407UABV100T,KANOGRO4F74043B,731307,39,1.0,2.0,no_habidos_39_1_2,Volcán Llaima,Asus portátil,19927,KANOGRO4F74043B,10.a
Escuela Volcán Llaima,156,2020-06-18,407,2020-05-22,LAPTOP ASUS X407UABV100T,KAN0GR04F833432,731307,39,1.0,3.0,no_habidos_39_1_3,Volcán Llaima,Asus portátil,19927,KAN0GR04F833432,10.a
Escuela Volcán Llaima,156,2020-06-18,407,2020-05-22,LAPTOP ASUS X407UABV100T,KAN0GR04F863439,731307,39,1.0,4.0,no_habidos_39_1_4,Volcán Llaima,Asus portátil,19927,KAN0GR04F863439,10.a
Escuela Volcán Llaima,156,2020-06-18,407,2020-05-22,LAPTOP ASUS X407UABV100T,KAN0GR04F77843A,731307,39,1.0,5.0,no_habidos_39_1_5,Volcán Llaima,Asus portátil,19927,KAN0GR04F77843A,10.a
Escuela Volcán Llaima,156,2020-06-18,407,2020-05-22,LAPTOP ASUS X407UABV100T,KAN0GR04F86943A,731307,39,1.0,6.0,no_habidos_39_1_6,Volcán Llaima,Asus portátil,19927,KAN0GR04F86943A,10.a
Escuela Volcán Llaima,265,2020-09-16,1220,2020-08-13,TABLET HUAWEI MEDIAPAD T3 7”,8JUBB20302214379,82367,39,1.0,7.0,no_habidos_39_1_7,Volcán Llaima,Huawei T3,19927,8JUBB20302214379,10.a
Escuela Volcán Llaima,265,2020-09-16,1220,2020-08-13,TABLET HUAWEI MEDIAPAD T3 7”,8JUBB20302214368,82367,39,1.0,8.0,no_habidos_39_1_8,Volcán Llaima,Huawei T3,19927,8JUBB20302214368,10.a
Escuela Volcán Llaima,265,2020-09-16,1220,2020-08-13,TABLET HUAWEI MEDIAPAD T3 7”,8JUBB20302214397,82367,39,1.0,9.0,no_habidos_39_1_9,Volcán Llaima,Huawei T3,19927,8JUBB20302214397,10.a
Escuela Volcán Llaima,265,2020-09-16,1220,2020-08-13,TABLET HUAWEI MEDIAPAD T3 7”,8JUBB20302214167,82367,39,1.0,10.0,no_habidos_39_1_10,Volcán Llaima,Huawei T3,19927,8JUBB20302214167,10.a
Escuela Volcán Llaima,265,2020-09-16,1220,2020-08-13,TABLET HUAWEI MEDIAPAD T3 7”,8JUBB20302214202,82367,39,1.0,11.0,no_habidos_39_1_11,Volcán Llaima,Huawei T3,19927,8JUBB20302214202,10.a
Escuela Volcán Llaima,265,2020-09-16,1220,2020-08-13,TABLET HUAWEI MEDIAPAD T3 7”,8JUBB20302214156,82367,39,1.0,12.0,no_habidos_39_1_12,Volcán Llaima,Huawei T3,19927,8JUBB20302214156,10.a
Escuela Volcán Llaima,265,2020-09-16,1220,2020-08-13,TABLET HUAWEI MEDIAPAD T3 7”,8JUBB20302214152,82367,39,1.0,13.0,no_habidos_39_1_13,Volcán Llaima,Huawei T3,19927,8JUBB20302214152,10.a
Escuela Volcán Llaima,265,2020-09-16,1220,2020-08-13,TABLET HUAWEI MEDIAPAD T3 7”,8JUBB20302214147,82367,39,1.0,14.0,no_habidos_39_1_14,Volcán Llaima,Huawei T3,19927,8JUBB20302214147,10.a
Escuela Volcán Llaima,265,2020-09-16,1220,2020-08-13,TABLET HUAWEI MEDIAPAD T3 7”,8JUBB20302214132,82367,39,1.0,15.0,no_habidos_39_1_15,Volcán Llaima,Huawei T3,19927,8JUBB20302214132,10.a
Escuela Volcán Llaima,266,2020-09-16,1221,2020-08-13,TABLET HUAWEI MEDIAPAD T3 7”,8JUBB20302213838,82367,39,1.0,16.0,no_habidos_39_1_16,Volcán Llaima,Huawei T3,19927,8JUBB20302213838,10.a
Escuela Volcán Llaima,266,2020-09-16,1221,2020-08-13,TABLET HUAWEI MEDIAPAD T3 7”,8JUBB20302212205,82367,39,1.0,17.0,no_habidos_39_1_17,Volcán Llaima,Huawei T3,19927,8JUBB20302212205,10.a
Escuela Volcán Llaima,266,2020-09-16,1221,2020-08-13,TABLET HUAWEI MEDIAPAD T3 7”,8JUBB20302212197,82367,39,1.0,18.0,no_habidos_39_1_18,Volcán Llaima,Huawei T3,19927,8JUBB20302212197,10.a
Escuela Volcán Llaima,266,2020-09-16,1221,2020-08-13,TABLET HUAWEI MEDIAPAD T3 7”,8JUBB20302212195,82367,39,1.0,19.0,no_habidos_39_1_19,Volcán Llaima,Huawei T3,19927,8JUBB20302212195,10.a
Escuela Volcán Llaima,266,2020-09-16,1221,2020-08-13,TABLET HUAWEI MEDIAPAD T3 7”,8JUBB20302212192,82367,39,1.0,20.0,no_habidos_39_1_20,Volcán Llaima,Huawei T3,19927,8JUBB20302212192,10.a
Escuela Volcán Llaima,266,2020-09-16,1221,2020-08-13,TABLET HUAWEI MEDIAPAD T3 7”,8JUBB20302212182,82367,39,1.0,21.0,no_habidos_39_1_21,Volcán Llaima,Huawei T3,19927,8JUBB20302212182,10.a
Escuela Volcán Llaima,266,2020-09-16,1221,2020-08-13,TABLET HUAWEI MEDIAPAD T3 7”,8JUBB20302212181,82367,39,1.0,22.0,no_habidos_39_1_22,Volcán Llaima,Huawei T3,19927,8JUBB20302212181,10.a
Escuela Volcán Llaima,266,2020-09-16,1221,2020-08-13,TABLET HUAWEI MEDIAPAD T3 7”,QQ15B92W09,82367,39,1.0,23.0,no_habidos_39_1_23,Volcán Llaima,Huawei T3,19927,QQ15B92W09,10.a
Fundo Molulco,382,2020-12-24,9615,2020-12-10,TABLET LENOVO TAB M8 2GB WIFI 8 ZA5H0070CL,N° serie no identificado,151544,39,1.0,24.0,no_habidos_39_1_24,Fundo Molulco,Lenovo M8,6011,,10.a
Fundo Molulco,382,2020-12-24,9615,2020-12-10,TABLET LENOVO TAB M8 2GB WIFI 8 ZA5H0070CL,N° serie no identificado,151544,39,1.0,25.0,no_habidos_39_1_25,Fundo Molulco,Lenovo M8,6011,,10.a
Fundo Molulco,382,2020-12-24,9615,2020-12-10,TABLET LENOVO TAB M8 2GB WIFI 8 ZA5H0070CL,N° serie no identificado,151544,39,1.0,26.0,no_habidos_39_1_26,Fundo Molulco,Lenovo M8,6011,,10.a
Fundo Molulco,382,2020-12-24,9615,2020-12-10,TABLET LENOVO TAB M8 2GB WIFI 8 ZA5H0070CL,N° serie no identificado,151544,40,2.0,2.0,no_habidos_40_2_2,Fundo Molulco,Lenovo M8,6011,,10.a
Carén,397,2020-12-30,7908,2020-04-06,MLAB TABLET QUAD CORE UNIDAD,N° serie no identificado,44971,40,2.0,3.0,no_habidos_40_2_3,Carén,Mlab 7,6017,,10.a
Carén,397,2020-12-30,7908,2020-04-06,MLAB TABLET QUAD CORE UNIDAD,N° serie no identificado,44971,40,2.0,4.0,no_habidos_40_2_4,Carén,Mlab 7,6017,,10.a
Carén,397,2020-12-30,7908,2020-04-06,MLAB TABLET QUAD CORE UNIDAD,N° serie no identificado,44971,40,2.0,5.0,no_habidos_40_2_5,Carén,Mlab 7,6017,,10.a
Carén,397,2020-12-30,7908,2020-04-06,MLAB TABLET QUAD CORE UNIDAD,N° serie no identificado,44971,40,2.0,6.0,no_habidos_40_2_6,Carén,Mlab 7,6017,,10.a
Carén,397,2020-12-30,7908,2020-04-06,MLAB TABLET QUAD CORE UNIDAD,N° serie no identificado,44971,40,2.0,7.0,no_habidos_40_2_7,Carén,Mlab 7,6017,,10.a
Carén,397,2020-12-30,7908,2020-04-06,MLAB TABLET QUAD CORE UNIDAD,N° serie no identificado,44971,40,2.0,8.0,no_habidos_40_2_8,Carén,Mlab 7,6017,,10.a
Carén,397,2020-12-30,7908,2020-04-06,MLAB TABLET QUAD CORE UNIDAD,N° serie no identificado,44971,40,2.0,9.0,no_habidos_40_2_9,Carén,Mlab 7,6017,,10.a
Cumcumllaque,401,2020-12-30,7907,2020-04-06,MLAB TABLET QUAD CORE,N° serie no identificado,44971,40,2.0,10.0,no_habidos_40_2_10,Cumcumllaque,Mlab 7,6012,,10.a
Cumcumllaque,401,2020-12-30,7907,2020-04-06,MLAB TABLET QUAD CORE,N° serie no identificado,44971,40,2.0,11.0,no_habidos_40_2_11,Cumcumllaque,Mlab 7,6012,,10.a
Cumcumllaque,401,2020-12-30,7907,2020-04-06,MLAB TABLET QUAD CORE,N° serie no identificado,44971,40,2.0,12.0,no_habidos_40_2_12,Cumcumllaque,Mlab 7,6012,,10.a
Cumcumllaque,401,2020-12-30,7907,2020-04-06,MLAB TABLET QUAD CORE,N° serie no identificado,44971,40,2.0,13.0,no_habidos_40_2_13,Cumcumllaque,Mlab 7,6012,,10.a
Cumcumllaque,401,2020-12-30,7907,2020-04-06,MLAB TABLET QUAD CORE,N° serie no identificado,44971,40,2.0,14.0,no_habidos_40_2_14,Cumcumllaque,Mlab 7,6012,,10.a
Cumcumllaque,401,2020-12-30,7907,2020-04-06,MLAB TABLET QUAD CORE,N° serie no identificado,44971,40,2.0,15.0,no_habidos_40_2_15,Cumcumllaque,Mlab 7,6012,,10.a
Cumcumllaque,401,2020-12-30,7907,2020-04-06,MLAB TABLET QUAD CORE,N° serie no identificado,44971,40,2.0,16.0,no_habidos_40_2_16,Cumcumllaque,Mlab 7,6012,,10.a
Cumcumllaque,401,2020-12-30,7907,2020-04-06,MLAB TABLET QUAD CORE,N° serie no identificado,44971,40,2.0,17.0,no_habidos_40_2_17,Cumcumllaque,Mlab 7,6012,,10.a
Cumcumllaque,401,2020-12-30,7907,2020-04-06,MLAB TABLET QUAD CORE,N° serie no identificado,44971,40,2.0,18.0,no_habidos_40_2_18,Cumcumllaque,Mlab 7,6012,,10.a
Cumcumllaque,401,2020-12-30,7907,2020-04-06,MLAB TABLET QUAD CORE,N° serie no identificado,44971,40,2.0,19.0,no_habidos_40_2_19,Cumcumllaque,Mlab 7,6012,,10.a
Cumcumllaque,401,2020-12-30,7907,2020-04-06,MLAB TABLET QUAD CORE,N° serie no identificado,44971,40,2.0,20.0,no_habidos_40_2_20,Cumcumllaque,Mlab 7,6012,,10.a
Cumcumllaque,401,2020-12-30,7907,2020-04-06,MLAB TABLET QUAD CORE,N° serie no identificado,44971,40,2.0,21.0,no_habidos_40_2_21,Cumcumllaque,Mlab 7,6012,,10.a
Cumcumllaque,401,2020-12-30,7907,2020-04-06,MLAB TABLET QUAD CORE,N° serie no identificado,44971,40,2.0,22.0,no_habidos_40_2_22,Cumcumllaque,Mlab 7,6012,,10.a
Cumcumllaque,401,2020-12-30,7907,2020-04-06,MLAB TABLET QUAD CORE,N° serie no identificado,44971,40,2.0,23.0,no_habidos_40_2_23,Cumcumllaque,Mlab 7,6012,,10.a
Cumcumllaque,401,2020-12-30,7907,2020-04-06,MLAB TABLET QUAD CORE,N° serie no identificado,44971,40,2.0,24.0,no_habidos_40_2_24,Cumcumllaque,Mlab 7,6012,,10.a
Cumcumllaque,401,2020-12-30,7907,2020-04-06,MLAB TABLET QUAD CORE,N° serie no identificado,44971,40,2.0,25.0,no_habidos_40_2_25,Cumcumllaque,Mlab 7,6012,,10.a
Cumcumllaque,401,2020-12-30,7907,2020-04-06,MLAB TABLET QUAD CORE,N° serie no identificado,44971,40,2.0,26.0,no_habidos_40_2_26,Cumcumllaque,Mlab 7,6012,,10.a
Cumcumllaque,401,2020-12-30,7907,2020-04-06,MLAB TABLET QUAD CORE,N° serie no identificado,44971,40,2.0,27.0,no_habidos_40_2_27,Cumcumllaque,Mlab 7,6012,,10.a
Cumcumllaque,401,2020-12-30,7907,2020-04-06,MLAB TABLET QUAD CORE,N° serie no identificado,44971,41,3.0,2.0,no_habidos_41_3_2,Cumcumllaque,Mlab 7,6012,,10.a
Cumcumllaque,401,2020-12-30,7907,2020-04-06,MLAB TABLET QUAD CORE,N° serie no identificado,44971,41,3.0,3.0,no_habidos_41_3_3,Cumcumllaque,Mlab 7,6012,,10.a
Cumcumllaque,401,2020-12-30,7907,2020-04-06,MLAB TABLET QUAD CORE,N° serie no identificado,44971,41,3.0,4.0,no_habidos_41_3_4,Cumcumllaque,Mlab 7,6012,,10.a
Cumcumllaque,401,2020-12-30,7907,2020-04-06,MLAB TABLET QUAD CORE,N° serie no identificado,44971,41,3.0,5.0,no_habidos_41_3_5,Cumcumllaque,Mlab 7,6012,,10.a
Molulco,120,2021-05-18,200597,2021-04-22,TABLET SAMSUNG GALAXY T505 TAB A7 10.4” 32 GB LTE,N° serie no identificado,309400,41,3.0,6.0,no_habidos_41_3_6,Molulco,Samsung A7,6009,,10.a
Liceo Los Andes,143,2021-06-03,427,2021-05-04,GALAXY TABLET A 8 2019 LTE,N° serie no identificado,148631,41,3.0,7.0,no_habidos_41_3_7,Los Andes,Samsung A8/T295,6007,,10.a
Liceo Los Andes,143,2021-06-03,427,2021-05-04,GALAXY TABLET A 8 2019 LTE,N° serie no identificado,148631,41,3.0,8.0,no_habidos_41_3_8,Los Andes,Samsung A8/T295,6007,,10.a
Liceo Los Andes,143,2021-06-03,427,2021-05-04,GALAXY TABLET A 8 2019 LTE,N° serie no identificado,148631,41,3.0,9.0,no_habidos_41_3_9,Los Andes,Samsung A8/T295,6007,,10.a
Liceo Los Andes,143,2021-06-03,427,2021-05-04,GALAXY TABLET A 8 2019 LTE,N° serie no identificado,148631,41,3.0,10.0,no_habidos_41_3_10,Los Andes,Samsung A8/T295,6007,,10.a
Liceo Los Andes,143,2021-06-03,427,2021-05-04,GALAXY TABLET A 8 2019 LTE,N° serie no identificado,148631,41,3.0,11.0,no_habidos_41_3_11,Los Andes,Samsung A8/T295,6007,,10.a
Liceo Los Andes,143,2021-06-03,427,2021-05-04,GALAXY TABLET A 8 2019 LTE,N° serie no identificado,148631,41,3.0,12.0,no_habidos_41_3_12,Los Andes,Samsung A8/T295,6007,,10.a
Liceo Los Andes,143,2021-06-03,427,2021-05-04,GALAXY TABLET A 8 2019 LTE,N° serie no identificado,148631,41,3.0,13.0,no_habidos_41_3_13,Los Andes,Samsung A8/T295,6007,,10.a
Liceo Los Andes,143,2021-06-03,427,2021-05-04,GALAXY TABLET A 8 2019 LTE,N° serie no identificado,148631,41,3.0,14.0,no_habidos_41_3_14,Los Andes,Samsung A8/T295,6007,,10.a
Escuela Volcán Llaima,206,2021-08-24,2,2021-07-05,TABLET SAMSUNG GALAXY 8 TAB 4G LTE,355041990295979,130900,41,3.0,15.0,no_habidos_41_3_15,Volcán Llaima,Samsung A8/T295,19927,355041990295979,10.a
Escuela Volcán Llaima,206,2021-08-24,2,2021-07-05,TABLET SAMSUNG GALAXY 8 TAB 4G LTE,355041990293891,130900,41,3.0,16.0,no_habidos_41_3_16,Volcán Llaima,Samsung A8/T295,19927,355041990293891,10.a
Escuela Volcán Llaima,206,2021-08-24,2,2021-07-05,TABLET SAMSUNG GALAXY 8 TAB 4G LTE,355041992257936,130900,41,3.0,17.0,no_habidos_41_3_17,Volcán Llaima,Samsung A8/T295,19927,355041992257936,10.a
Escuela Volcán Llaima,206,2021-08-24,2,2021-07-05,TABLET SAMSUNG GALAXY 8 TAB 4G LTE,355041992257621,130900,41,3.0,18.0,no_habidos_41_3_18,Volcán Llaima,Samsung A8/T295,19927,355041992257621,10.a
Escuela Volcán Llaima,206,2021-08-24,2,2021-07-05,TABLET SAMSUNG GALAXY 8 TAB 4G LTE,355041992254750,130900,41,3.0,19.0,no_habidos_41_3_19,Volcán Llaima,Samsung A8/T295,19927,355041992254750,10.a
Escuela Volcán Llaima,206,2021-08-24,2,2021-07-05,TABLET SAMSUNG GALAXY 8 TAB 4G LTE,355041992248364,130900,41,3.0,20.0,no_habidos_41_3_20,Volcán Llaima,Samsung A8/T295,19927,355041992248364,10.a
Escuela Volcán Llaima,206,2021-08-24,2,2021-07-05,TABLET SAMSUNG GALAXY 8 TAB 4G LTE,359041992249610,130900,41,3.0,21.0,no_habidos_41_3_21,Volcán Llaima,Samsung A8/T295,19927,359041992249610,10.a
Escuela Volcán Llaima,206,2021-08-24,2,2021-07-05,TABLET SAMSUNG GALAXY 8 TAB 4G LTE,355041992250782,130900,41,3.0,22.0,no_habidos_41_3_22,Volcán Llaima,Samsung A8/T295,19927,355041992250782,10.a
Escuela Volcán Llaima,206,2021-08-24,2,2021-07-05,TABLET SAMSUNG GALAXY 8 TAB 4G LTE,358893199669868,130900,41,3.0,23.0,no_habidos_41_3_23,Volcán Llaima,Samsung A8/T295,19927,358893199669868,10.a
Escuela Volcán Llaima,206,2021-08-24,2,2021-07-05,TABLET SAMSUNG GALAXY 8 TAB 4G LTE,355041990295268,130900,41,3.0,24.0,no_habidos_41_3_24,Volcán Llaima,Samsung A8/T295,19927,355041990295268,10.a
Escuela Volcán Llaima,206,2021-08-24,2,2021-07-05,TABLET SAMSUNG GALAXY 8 TAB 4G LTE,355041992254966,130900,41,3.0,25.0,no_habidos_41_3_25,Volcán Llaima,Samsung A8/T295,19927,355041992254966,10.a
Escuela Volcán Llaima,206,2021-08-24,2,2021-07-05,TABLET SAMSUNG GALAXY 8 TAB 4G LTE,355041992250931,130900,41,3.0,26.0,no_habidos_41_3_26,Volcán Llaima,Samsung A8/T295,19927,355041992250931,10.a
Escuela Volcán Llaima,206,2021-08-24,2,2021-07-05,TABLET SAMSUNG GALAXY 8 TAB 4G LTE,355041990288198,130900,41,3.0,27.0,no_habidos_41_3_27,Volcán Llaima,Samsung A8/T295,19927,355041990288198,10.a
Escuela Volcán Llaima,206,2021-08-24,2,2021-07-05,TABLET SAMSUNG GALAXY 8 TAB 4G LTE,355041990294980,130900,42,4.0,2.0,no_habidos_42_4_2,Volcán Llaima,Samsung A8/T295,19927,355041990294980,10.a
Escuela Volcán Llaima,206,2021-08-24,2,2021-07-05,TABLET SAMSUNG GALAXY 8 TAB 4G LTE,355041992247200,130900,42,4.0,3.0,no_habidos_42_4_3,Volcán Llaima,Samsung A8/T295,19927,355041992247200,10.a
Escuela Volcán Llaima,206,2021-08-24,2,2021-07-05,TABLET SAMSUNG GALAXY 8 TAB 4G LTE,355041992252465,130900,42,4.0,4.0,no_habidos_42_4_4,Volcán Llaima,Samsung A8/T295,19927,355041992252465,10.a
Escuela Volcán Llaima,206,2021-08-24,2,2021-07-05,TABLET SAMSUNG GALAXY 8 TAB 4G LTE,355041990295110,130900,42,4.0,5.0,no_habidos_42_4_5,Volcán Llaima,Samsung A8/T295,19927,355041990295110,10.a
Escuela Volcán Llaima,206,2021-08-24,2,2021-07-05,TABLET SAMSUNG GALAXY 8 TAB 4G LTE,355041992259486,130900,42,4.0,6.0,no_habidos_42_4_6,Volcán Llaima,Samsung A8/T295,19927,355041992259486,10.a
Escuela Volcán Llaima,206,2021-08-24,2,2021-07-05,TABLET SAMSUNG GALAXY 8 TAB 4G LTE,355041990296753,130900,42,4.0,7.0,no_habidos_42_4_7,Volcán Llaima,Samsung A8/T295,19927,355041990296753,10.a
Escuela Volcán Llaima,206,2021-08-24,2,2021-07-05,TABLET SAMSUNG GALAXY 8 TAB 4G LTE,355041992257068,130900,42,4.0,8.0,no_habidos_42_4_8,Volcán Llaima,Samsung A8/T295,19927,355041992257068,10.a
Escuela Volcán Llaima,206,2021-08-24,2,2021-07-05,TABLET SAMSUNG GALAXY 8 TAB 4G LTE,355041992250063,130900,42,4.0,9.0,no_habidos_42_4_9,Volcán Llaima,Samsung A8/T295,19927,355041992250063,10.a
Escuela Volcán Llaima,206,2021-08-24,2,2021-07-05,TABLET SAMSUNG GALAXY 8 TAB 4G LTE,355041992254677,130900,42,4.0,10.0,no_habidos_42_4_10,Volcán Llaima,Samsung A8/T295,19927,355041992254677,10.a
Escuela Volcán Llaima,206,2021-08-24,2,2021-07-05,TABLET SAMSUNG GALAXY 8 TAB 4G LTE,355041992257084,130900,42,4.0,11.0,no_habidos_42_4_11,Volcán Llaima,Samsung A8/T295,19927,355041992257084,10.a
Escuela Volcán Llaima,206,2021-08-24,2,2021-07-05,TABLET SAMSUNG GALAXY 8 TAB 4G LTE,355041992257076,130900,42,4.0,12.0,no_habidos_42_4_12,Volcán Llaima,Samsung A8/T295,19927,355041992257076,10.a
Escuela Volcán Llaima,206,2021-08-24,2,2021-07-05,TABLET SAMSUNG GALAXY 8 TAB 4G LTE,355041992254982,130900,42,4.0,13.0,no_habidos_42_4_13,Volcán Llaima,Samsung A8/T295,19927,355041992254982,10.a
Escuela Volcán Llaima,206,2021-08-24,2,2021-07-05,TABLET SAMSUNG GALAXY 8 TAB 4G LTE,355041992246038,130900,42,4.0,14.0,no_habidos_42_4_14,Volcán Llaima,Samsung A8/T295,19927,355041992246038,10.a
Escuela Volcán Llaima,206,2021-08-24,2,2021-07-05,TABLET SAMSUNG GALAXY 8 TAB 4G LTE,355041992257662,130900,42,4.0,15.0,no_habidos_42_4_15,Volcán Llaima,Samsung A8/T295,19927,355041992257662,10.a
Escuela Volcán Llaima,206,2021-08-24,2,2021-07-05,TABLET SAMSUNG GALAXY 8 TAB 4G LTE,355041992246079,130900,42,4.0,16.0,no_habidos_42_4_16,Volcán Llaima,Samsung A8/T295,19927,355041992246079,10.a
Escuela Volcán Llaima,207,2021-08-24,13960,2021-07-02,GALAXY TAB A8 2019 LTE/ T295 SILVER,355041991226635,142681,42,4.0,17.0,no_habidos_42_4_17,Volcán Llaima,Samsung A8/T295,19927,355041991226635,10.a
Escuela Volcán Llaima,207,2021-08-24,13960,2021-07-02,GALAXY TAB A8 2019 LTE/ T295 SILVER,355041991227260,142681,42,4.0,18.0,no_habidos_42_4_18,Volcán Llaima,Samsung A8/T295,19927,355041991227260,10.a
Escuela Volcán Llaima,207,2021-08-24,13960,2021-07-02,GALAXY TAB A8 2019 LTE/ T295 SILVER,355041991227641,142681,42,4.0,19.0,no_habidos_42_4_19,Volcán Llaima,Samsung A8/T295,19927,355041991227641,10.a
Escuela Volcán Llaima,207,2021-08-24,13960,2021-07-02,GALAXY TAB A8 2019 LTE/ T295 SILVER,355041991227849,142681,42,4.0,20.0,no_habidos_42_4_20,Volcán Llaima,Samsung A8/T295,19927,355041991227849,10.a
Escuela Volcán Llaima,207,2021-08-24,13960,2021-07-02,GALAXY TAB A8 2019 LTE/ T295 SILVER,355041991228474,142681,42,4.0,21.0,no_habidos_42_4_21,Volcán Llaima,Samsung A8/T295,19927,355041991228474,10.a
Escuela Volcán Llaima,207,2021-08-24,13960,2021-07-02,GALAXY TAB A8 2019 LTE/ T295 SILVER,355041991228524,142681,42,4.0,22.0,no_habidos_42_4_22,Volcán Llaima,Samsung A8/T295,19927,355041991228524,10.a
Escuela Volcán Llaima,207,2021-08-24,13960,2021-07-02,GALAXY TAB A8 2019 LTE/ T295 SILVER,355041991228896,142681,42,4.0,23.0,no_habidos_42_4_23,Volcán Llaima,Samsung A8/T295,19927,355041991228896,10.a
Escuela Volcán Llaima,207,2021-08-24,13960,2021-07-02,GALAXY TAB A8 2019 LTE/ T295 SILVER,355041991229985,142681,42,4.0,24.0,no_habidos_42_4_24,Volcán Llaima,Samsung A8/T295,19927,355041991229985,10.a
Escuela Volcán Llaima,207,2021-08-24,13960,2021-07-02,GALAXY TAB A8 2019 LTE/ T295 SILVER,355041991230504,142681,42,4.0,25.0,no_habidos_42_4_25,Volcán Llaima,Samsung A8/T295,19927,355041991230504,10.a
Escuela Volcán Llaima,207,2021-08-24,13960,2021-07-02,GALAXY TAB A8 2019 LTE/ T295 SILVER,3588931991230590,142681,42,4.0,26.0,no_habidos_42_4_26,Volcán Llaima,Samsung A8/T295,19927,3588931991230590,10.a
Escuela Volcán Llaima,207,2021-08-24,13960,2021-07-02,GALAXY TAB A8 2019 LTE/ T295 SILVER,355041991236360,142681,42,4.0,27.0,no_habidos_42_4_27,Volcán Llaima,Samsung A8/T295,19927,355041991236360,10.a
Escuela Volcán Llaima,207,2021-08-24,13960,2021-07-02,GALAXY TAB A8 2019 LTE/ T295 SILVER,355041991238705,142681,43,5.0,2.0,no_habidos_43_5_2,Volcán Llaima,Samsung A8/T295,19927,355041991238705,10.a
Escuela Volcán Llaima,207,2021-08-24,13960,2021-07-02,GALAXY TAB A8 2019 LTE/ T295 SILVER,355041991239596,142681,43,5.0,3.0,no_habidos_43_5_3,Volcán Llaima,Samsung A8/T295,19927,355041991239596,10.a
Escuela Volcán Llaima,207,2021-08-24,13960,2021-07-02,GALAXY TAB A8 2019 LTE/ T295 SILVER,358893199779949,142681,43,5.0,4.0,no_habidos_43_5_4,Volcán Llaima,Samsung A8/T295,19927,358893199779949,10.a
Escuela Volcán Llaima,207,2021-08-24,13960,2021-07-02,GALAXY TAB A8 2019 LTE/ T295 SILVER,358893199781036,142681,43,5.0,5.0,no_habidos_43_5_5,Volcán Llaima,Samsung A8/T295,19927,358893199781036,10.a
Escuela Volcán Llaima,207,2021-08-24,13960,2021-07-02,GALAXY TAB A8 2019 LTE/ T295 SILVER,358893199782422,142681,43,5.0,6.0,no_habidos_43_5_6,Volcán Llaima,Samsung A8/T295,19927,358893199782422,10.a
Escuela Volcán Llaima,207,2021-08-24,13960,2021-07-02,GALAXY TAB A8 2019 LTE/ T295 SILVER,358893199785334,142681,43,5.0,7.0,no_habidos_43_5_7,Volcán Llaima,Samsung A8/T295,19927,358893199785334,10.a
Escuela Volcán Llaima,207,2021-08-24,13960,2021-07-02,GALAXY TAB A8 2019 LTE/ T295 SILVER,358893199786530,142681,43,5.0,8.0,no_habidos_43_5_8,Volcán Llaima,Samsung A8/T295,19927,358893199786530,10.a
Escuela Volcán Llaima,207,2021-08-24,13960,2021-07-02,GALAXY TAB A8 2019 LTE/ T295 SILVER,358893199786860,142681,43,5.0,9.0,no_habidos_43_5_9,Volcán Llaima,Samsung A8/T295,19927,358893199786860,10.a
Escuela Volcán Llaima,207,2021-08-24,13960,2021-07-02,GALAXY TAB A8 2019 LTE/ T295 SILVER,358893199787140,142681,43,5.0,10.0,no_habidos_43_5_10,Volcán Llaima,Samsung A8/T295,19927,358893199787140,10.a
Escuela Volcán Llaima,207,2021-08-24,13960,2021-07-02,GALAXY TAB A8 2019 LTE/ T295 SILVER,355041991226023,142681,43,5.0,11.0,no_habidos_43_5_11,Volcán Llaima,Samsung A8/T295,19927,355041991226023,10.a
Escuela Volcán Llaima,207,2021-08-24,13960,2021-07-02,GALAXY TAB A8 2019 LTE/ T295 SILVER,355041991238291,142681,43,5.0,12.0,no_habidos_43_5_12,Volcán Llaima,Samsung A8/T295,19927,355041991238291,10.a
Escuela Volcán Llaima,207,2021-08-24,13960,2021-07-02,GALAXY TAB A8 2019 LTE/ T295 SILVER,355041991237467,142681,43,5.0,13.0,no_habidos_43_5_13,Volcán Llaima,Samsung A8/T295,19927,355041991237467,10.a
Escuela Volcán Llaima,207,2021-08-24,13960,2021-07-02,GALAXY TAB A8 2019 LTE/ T295 SILVER,358893199781994,142681,43,5.0,14.0,no_habidos_43_5_14,Volcán Llaima,Samsung A8/T295,19927,358893199781994,10.a
Escuela Volcán Llaima,207,2021-08-24,13960,2021-07-02,GALAXY TAB A8 2019 LTE/ T295 SILVER,358893199779071,142681,43,5.0,15.0,no_habidos_43_5_15,Volcán Llaima,Samsung A8/T295,19927,358893199779071,10.a
Escuela Volcán Llaima,207,2021-08-24,13960,2021-07-02,GALAXY TAB A8 2019 LTE/ T295 SILVER,355041990304151,142681,43,5.0,16.0,no_habidos_43_5_16,Volcán Llaima,Samsung A8/T295,19927,355041990304151,10.a
Escuela Volcán Llaima,207,2021-08-24,13960,2021-07-02,GALAXY TAB A8 2019 LTE/ T295 SILVER,358893199802014,142681,43,5.0,17.0,no_habidos_43_5_17,Volcán Llaima,Samsung A8/T295,19927,358893199802014,10.a
Escuela Volcán Llaima,207,2021-08-24,13960,2021-07-02,GALAXY TAB A8 2019 LTE/ T295 SILVER,358893199802428,142681,43,5.0,18.0,no_habidos_43_5_18,Volcán Llaima,Samsung A8/T295,19927,358893199802428,10.a
Escuela Volcán Llaima,207,2021-08-24,13960,2021-07-02,GALAXY TAB A8 2019 LTE/ T295 SILVER,358893199800760,142681,43,5.0,19.0,no_habidos_43_5_19,Volcán Llaima,Samsung A8/T295,19927,358893199800760,10.a
Escuela Volcán Llaima,207,2021-08-24,13960,2021-07-02,GALAXY TAB A8 2019 LTE/ T295 SILVER,358893199810520,142681,43,5.0,20.0,no_habidos_43_5_20,Volcán Llaima,Samsung A8/T295,19927,358893199810520,10.a
Escuela Volcán Llaima,207,2021-08-24,13960,2021-07-02,GALAXY TAB A8 2019 LTE/ T295 SILVER,358893199816618,142681,43,5.0,21.0,no_habidos_43_5_21,Volcán Llaima,Samsung A8/T295,19927,358893199816618,10.a
Escuela Volcán Llaima,207,2021-08-24,13960,2021-07-02,GALAXY TAB A8 2019 LTE/ T295 SILVER,358893199808615,142681,43,5.0,22.0,no_habidos_43_5_22,Volcán Llaima,Samsung A8/T295,19927,358893199808615,10.a
Escuela Volcán Llaima,207,2021-08-24,13960,2021-07-02,GALAXY TAB A8 2019 LTE/ T295 SILVER,358893199808342,142681,43,5.0,23.0,no_habidos_43_5_23,Volcán Llaima,Samsung A8/T295,19927,358893199808342,10.a
Escuela Volcán Llaima,207,2021-08-24,13960,2021-07-02,GALAXY TAB A8 2019 LTE/ T295 SILVER,358893199810488,142681,43,5.0,24.0,no_habidos_43_5_24,Volcán Llaima,Samsung A8/T295,19927,358893199810488,10.a
Escuela Volcán Llaima,207,2021-08-24,13960,2021-07-02,GALAXY TAB A8 2019 LTE/ T295 SILVER,358893199808151,142681,43,5.0,25.0,no_habidos_43_5_25,Volcán Llaima,Samsung A8/T295,19927,358893199808151,10.a
Escuela Volcán Llaima,207,2021-08-24,13960,2021-07-02,GALAXY TAB A8 2019 LTE/ T295 SILVER,358893199811908,142681,43,5.0,26.0,no_habidos_43_5_26,Volcán Llaima,Samsung A8/T295,19927,358893199811908,10.a
Escuela Volcán Llaima,207,2021-08-24,13960,2021-07-02,GALAXY TAB A8 2019 LTE/ T295 SILVER,358893199812138,142681,43,5.0,27.0,no_habidos_43_5_27,Volcán Llaima,Samsung A8/T295,19927,358893199812138,10.a
Escuela Volcán Llaima,207,2021-08-24,13960,2021-07-02,GALAXY TAB A8 2019 LTE/ T295 SILVER,355041991226262,142681,44,6.0,2.0,no_habidos_44_6_2,Volcán Llaima,Samsung A8/T295,19927,355041991226262,10.a
Escuela Volcán Llaima,207,2021-08-24,13960,2021-07-02,GALAXY TAB A8 2019 LTE/ T295 SILVER,355041991234647,142681,44,6.0,3.0,no_habidos_44_6_3,Volcán Llaima,Samsung A8/T295,19927,355041991234647,10.a
Escuela Volcán Llaima,207,2021-08-24,13960,2021-07-02,GALAXY TAB A8 2019 LTE/ T295 SILVER,355041991233425,142681,44,6.0,4.0,no_habidos_44_6_4,Volcán Llaima,Samsung A8/T295,19927,355041991233425,10.a
Escuela Volcán Llaima,207,2021-08-24,13960,2021-07-02,GALAXY TAB A8 2019 LTE/ T295 SILVER,355041991236286,142681,44,6.0,5.0,no_habidos_44_6_5,Volcán Llaima,Samsung A8/T295,19927,355041991236286,10.a
Escuela Volcán Llaima,207,2021-08-24,13960,2021-07-02,GALAXY TAB A8 2019 LTE/ T295 SILVER,355041991225652,142681,44,6.0,6.0,no_habidos_44_6_6,Volcán Llaima,Samsung A8/T295,19927,355041991225652,10.a
Escuela Volcán Llaima,207,2021-08-24,13960,2021-07-02,GALAXY TAB A8 2019 LTE/ T295 SILVER,355041991226254,142681,44,6.0,7.0,no_habidos_44_6_7,Volcán Llaima,Samsung A8/T295,19927,355041991226254,10.a
Escuela Volcán Llaima,207,2021-08-24,13960,2021-07-02,GALAXY TAB A8 2019 LTE/ T295 SILVER,358893199781366,142681,44,6.0,8.0,no_habidos_44_6_8,Volcán Llaima,Samsung A8/T295,19927,358893199781366,10.a
Escuela Volcán Llaima,207,2021-08-24,13960,2021-07-02,GALAXY TAB A8 2019 LTE/ T295 SILVER,358893199785938,142681,44,6.0,9.0,no_habidos_44_6_9,Volcán Llaima,Samsung A8/T295,19927,358893199785938,10.a
Escuela Volcán Llaima,207,2021-08-24,13960,2021-07-02,GALAXY TAB A8 2019 LTE/ T295 SILVER,358893199785391,142681,44,6.0,10.0,no_habidos_44_6_10,Volcán Llaima,Samsung A8/T295,19927,358893199785391,10.a
Escuela Volcán Llaima,207,2021-08-24,13960,2021-07-02,GALAXY TAB A8 2019 LTE/ T295 SILVER,358893199788262,142681,44,6.0,11.0,no_habidos_44_6_11,Volcán Llaima,Samsung A8/T295,19927,358893199788262,10.a
Escuela Volcán Llaima,207,2021-08-24,13960,2021-07-02,GALAXY TAB A8 2019 LTE/ T295 SILVER,358893199780004,142681,44,6.0,12.0,no_habidos_44_6_12,Volcán Llaima,Samsung A8/T295,19927,358893199780004,10.a
Escuela Volcán Llaima,207,2021-08-24,13960,2021-07-02,GALAXY TAB A8 2019 LTE/ T295 SILVER,358893199782083,142681,44,6.0,13.0,no_habidos_44_6_13,Volcán Llaima,Samsung A8/T295,19927,358893199782083,10.a
Escuela Volcán Llaima,207,2021-08-24,13960,2021-07-02,GALAXY TAB A8 2019 LTE/ T295 SILVER,358893199778594,142681,44,6.0,14.0,no_habidos_44_6_14,Volcán Llaima,Samsung A8/T295,19927,358893199778594,10.a
Escuela Volcán Llaima,207,2021-08-24,13960,2021-07-02,GALAXY TAB A8 2019 LTE/ T295 SILVER,358893199787769,142681,44,6.0,15.0,no_habidos_44_6_15,Volcán Llaima,Samsung A8/T295,19927,358893199787769,10.a
Escuela Volcán Llaima,207,2021-08-24,13960,2021-07-02,GALAXY TAB A8 2019 LTE/ T295 SILVER,358893199778685,142681,44,6.0,16.0,no_habidos_44_6_16,Volcán Llaima,Samsung A8/T295,19927,358893199778685,10.a
Escuela Volcán Llaima,207,2021-08-24,13960,2021-07-02,GALAXY TAB A8 2019 LTE/ T295 SILVER,358893199802154,142681,44,6.0,17.0,no_habidos_44_6_17,Volcán Llaima,Samsung A8/T295,19927,358893199802154,10.a
Escuela Volcán Llaima,207,2021-08-24,13960,2021-07-02,GALAXY TAB A8 2019 LTE/ T295 SILVER,358893199797453,142681,44,6.0,18.0,no_habidos_44_6_18,Volcán Llaima,Samsung A8/T295,19927,358893199797453,10.a
Escuela Volcán Llaima,207,2021-08-24,13960,2021-07-02,GALAXY TAB A8 2019 LTE/ T295 SILVER,358893199797669,142681,44,6.0,19.0,no_habidos_44_6_19,Volcán Llaima,Samsung A8/T295,19927,358893199797669,10.a
Escuela Volcán Llaima,207,2021-08-24,13960,2021-07-02,GALAXY TAB A8 2019 LTE/ T295 SILVER,358893199779212,142681,44,6.0,20.0,no_habidos_44_6_20,Volcán Llaima,Samsung A8/T295,19927,358893199779212,10.a
Escuela Volcán Llaima,207,2021-08-24,13960,2021-07-02,GALAXY TAB A8 2019 LTE/ T295 SILVER,358893199779980,142681,44,6.0,21.0,no_habidos_44_6_21,Volcán Llaima,Samsung A8/T295,19927,358893199779980,10.a
Escuela Volcán Llaima,207,2021-08-24,13960,2021-07-02,GALAXY TAB A8 2019 LTE/ T295 SILVER,N° serie no identificado,142681,44,6.0,22.0,no_habidos_44_6_22,Volcán Llaima,Samsung A8/T295,19927,,10.a
Escuela Volcán Llaima,207,2021-08-24,13960,2021-07-02,GALAXY TAB A8 2019 LTE/ T295 SILVER,N° serie no identificado,142681,44,6.0,23.0,no_habidos_44_6_23,Volcán Llaima,Samsung A8/T295,19927,,10.a
Escuela Volcán Llaima,207,2021-08-24,13960,2021-07-02,GALAXY TAB A8 2019 LTE/ T295 SILVER,N° serie no identificado,142681,44,6.0,24.0,no_habidos_44_6_24,Volcán Llaima,Samsung A8/T295,19927,,10.a
Escuela Volcán Llaima,207,2021-08-24,13960,2021-07-02,GALAXY TAB A8 2019 LTE/ T295 SILVER,N° serie no identificado,142681,44,6.0,25.0,no_habidos_44_6_25,Volcán Llaima,Samsung A8/T295,19927,,10.a
Escuela Volcán Llaima,207,2021-08-24,13960,2021-07-02,GALAXY TAB A8 2019 LTE/ T295 SILVER,N° serie no identificado,142681,44,6.0,26.0,no_habidos_44_6_26,Volcán Llaima,Samsung A8/T295,19927,,10.a
Escuela Volcán Llaima,207,2021-08-24,13960,2021-07-02,GALAXY TAB A8 2019 LTE/ T295 SILVER,N° serie no identificado,142681,44,6.0,27.0,no_habidos_44_6_27,Volcán Llaima,Samsung A8/T295,19927,,10.a
Escuela Volcán Llaima,207,2021-08-24,13960,2021-07-02,GALAXY TAB A8 2019 LTE/ T295 SILVER,N° serie no identificado,142681,45,7.0,2.0,no_habidos_45_7_2,Volcán Llaima,Samsung A8/T295,19927,,10.a
Escuela Volcán Llaima,207,2021-08-24,13960,2021-07-02,GALAXY TAB A8 2019 LTE/ T295 SILVER,N° serie no identificado,142681,45,7.0,3.0,no_habidos_45_7_3,Volcán Llaima,Samsung A8/T295,19927,,10.a
Escuela Volcán Llaima,207,2021-08-24,13960,2021-07-02,GALAXY TAB A8 2019 LTE/ T295 SILVER,N° serie no identificado,142681,45,7.0,4.0,no_habidos_45_7_4,Volcán Llaima,Samsung A8/T295,19927,,10.a
Escuela Volcán Llaima,207,2021-08-24,13960,2021-07-02,GALAXY TAB A8 2019 LTE/ T295 SILVER,N° serie no identificado,142681,45,7.0,5.0,no_habidos_45_7_5,Volcán Llaima,Samsung A8/T295,19927,,10.a
Escuela Volcán Llaima,207,2021-08-24,13960,2021-07-02,GALAXY TAB A8 2019 LTE/ T295 SILVER,N° serie no identificado,142681,45,7.0,6.0,no_habidos_45_7_6,Volcán Llaima,Samsung A8/T295,19927,,10.a
Escuela Volcán Llaima,207,2021-08-24,13960,2021-07-02,GALAXY TAB A8 2019 LTE/ T295 SILVER,N° serie no identificado,142681,45,7.0,7.0,no_habidos_45_7_7,Volcán Llaima,Samsung A8/T295,19927,,10.a
Escuela Volcán Llaima,207,2021-08-24,13960,2021-07-02,GALAXY TAB A8 2019 LTE/ T295 SILVER,N° serie no identificado,142681,45,7.0,8.0,no_habidos_45_7_8,Volcán Llaima,Samsung A8/T295,19927,,10.a
Escuela Volcán Llaima,207,2021-08-24,13960,2021-07-02,GALAXY TAB A8 2019 LTE/ T295 SILVER,N° serie no identificado,142681,45,7.0,9.0,no_habidos_45_7_9,Volcán Llaima,Samsung A8/T295,19927,,10.a
Escuela Volcán Llaima,207,2021-08-24,13960,2021-07-02,GALAXY TAB A8 2019 LTE/ T295 SILVER,N° serie no identificado,142681,45,7.0,10.0,no_habidos_45_7_10,Volcán Llaima,Samsung A8/T295,19927,,10.a
Escuela Volcán Llaima,207,2021-08-24,13960,2021-07-02,GALAXY TAB A8 2019 LTE/ T295 SILVER,N° serie no identificado,142681,45,7.0,11.0,no_habidos_45_7_11,Volcán Llaima,Samsung A8/T295,19927,,10.a
Escuela Volcán Llaima,207,2021-08-24,13960,2021-07-02,GALAXY TAB A8 2019 LTE/ T295 SILVER,N° serie no identificado,142681,45,7.0,12.0,no_habidos_45_7_12,Volcán Llaima,Samsung A8/T295,19927,,10.a
Escuela Volcán Llaima,207,2021-08-24,13960,2021-07-02,GALAXY TAB A8 2019 LTE/ T295 SILVER,N° serie no identificado,142681,45,7.0,13.0,no_habidos_45_7_13,Volcán Llaima,Samsung A8/T295,19927,,10.a
Escuela Volcán Llaima,207,2021-08-24,13960,2021-07-02,GALAXY TAB A8 2019 LTE/ T295 SILVER,N° serie no identificado,142681,45,7.0,14.0,no_habidos_45_7_14,Volcán Llaima,Samsung A8/T295,19927,,10.a
Escuela Volcán Llaima,207,2021-08-24,13960,2021-07-02,GALAXY TAB A8 2019 LTE/ T295 SILVER,N° serie no identificado,142681,45,7.0,15.0,no_habidos_45_7_15,Volcán Llaima,Samsung A8/T295,19927,,10.a
Escuela Volcán Llaima,207,2021-08-24,13960,2021-07-02,GALAXY TAB A8 2019 LTE/ T295 SILVER,N° serie no identificado,142681,45,7.0,16.0,no_habidos_45_7_16,Volcán Llaima,Samsung A8/T295,19927,,10.a
Escuela Volcán Llaima,207,2021-08-24,13960,2021-07-02,GALAXY TAB A8 2019 LTE/ T295 SILVER,N° serie no identificado,142681,45,7.0,17.0,no_habidos_45_7_17,Volcán Llaima,Samsung A8/T295,19927,,10.a
Escuela Volcán Llaima,207,2021-08-24,13960,2021-07-02,GALAXY TAB A8 2019 LTE/ T295 SILVER,N° serie no identificado,142681,45,7.0,18.0,no_habidos_45_7_18,Volcán Llaima,Samsung A8/T295,19927,,10.a
Escuela Volcán Llaima,207,2021-08-24,13960,2021-07-02,GALAXY TAB A8 2019 LTE/ T295 SILVER,N° serie no identificado,142681,45,7.0,19.0,no_habidos_45_7_19,Volcán Llaima,Samsung A8/T295,19927,,10.a
Escuela Volcán Llaima,207,2021-08-24,13960,2021-07-02,GALAXY TAB A8 2019 LTE/ T295 SILVER,N° serie no identificado,142681,45,7.0,20.0,no_habidos_45_7_20,Volcán Llaima,Samsung A8/T295,19927,,10.a
Escuela Volcán Llaima,207,2021-08-24,13960,2021-07-02,GALAXY TAB A8 2019 LTE/ T295 SILVER,N° serie no identificado,142681,45,7.0,21.0,no_habidos_45_7_21,Volcán Llaima,Samsung A8/T295,19927,,10.a
Escuela Volcán Llaima,207,2021-08-24,13960,2021-07-02,GALAXY TAB A8 2019 LTE/ T295 SILVER,N° serie no identificado,142681,45,7.0,22.0,no_habidos_45_7_22,Volcán Llaima,Samsung A8/T295,19927,,10.a
Escuela Volcán Llaima,207,2021-08-24,13960,2021-07-02,GALAXY TAB A8 2019 LTE/ T295 SILVER,N° serie no identificado,142681,45,7.0,23.0,no_habidos_45_7_23,Volcán Llaima,Samsung A8/T295,19927,,10.a
Escuela Volcán Llaima,207,2021-08-24,13960,2021-07-02,GALAXY TAB A8 2019 LTE/ T295 SILVER,N° serie no identificado,142681,45,7.0,24.0,no_habidos_45_7_24,Volcán Llaima,Samsung A8/T295,19927,,10.a
Escuela Volcán Llaima,207,2021-08-24,13960,2021-07-02,GALAXY TAB A8 2019 LTE/ T295 SILVER,N° serie no identificado,142681,45,7.0,25.0,no_habidos_45_7_25,Volcán Llaima,Samsung A8/T295,19927,,10.a
Escuela Volcán Llaima,207,2021-08-24,13960,2021-07-02,GALAXY TAB A8 2019 LTE/ T295 SILVER,N° serie no identificado,142681,45,7.0,26.0,no_habidos_45_7_26,Volcán Llaima,Samsung A8/T295,19927,,10.a
Escuela Volcán Llaima,207,2021-08-24,13960,2021-07-02,GALAXY TAB A8 2019 LTE/ T295 SILVER,N° serie no identificado,142681,45,7.0,27.0,no_habidos_45_7_27,Volcán Llaima,Samsung A8/T295,19927,,10.a
Escuela Volcán Llaima,207,2021-08-24,13960,2021-07-02,GALAXY TAB A8 2019 LTE/ T295 SILVER,N° serie no identificado,142681,46,8.0,2.0,no_habidos_46_8_2,Volcán Llaima,Samsung A8/T295,19927,,10.a
Escuela Volcán Llaima,207,2021-08-24,13960,2021-07-02,GALAXY TAB A8 2019 LTE/ T295 SILVER,N° serie no identificado,142681,46,8.0,3.0,no_habidos_46_8_3,Volcán Llaima,Samsung A8/T295,19927,,10.a
Escuela Volcán Llaima,207,2021-08-24,13960,2021-07-02,GALAXY TAB A8 2019 LTE/ T295 SILVER,N° serie no identificado,142681,46,8.0,4.0,no_habidos_46_8_4,Volcán Llaima,Samsung A8/T295,19927,,10.a
Escuela Volcán Llaima,207,2021-08-24,13960,2021-07-02,GALAXY TAB A8 2019 LTE/ T295 SILVER,N° serie no identificado,142681,46,8.0,5.0,no_habidos_46_8_5,Volcán Llaima,Samsung A8/T295,19927,,10.a
Escuela Volcán Llaima,207,2021-08-24,13960,2021-07-02,GALAXY TAB A8 2019 LTE/ T295 SILVER,N° serie no identificado,142681,46,8.0,6.0,no_habidos_46_8_6,Volcán Llaima,Samsung A8/T295,19927,,10.a
Escuela Volcán Llaima,207,2021-08-24,13960,2021-07-02,GALAXY TAB A8 2019 LTE/ T295 SILVER,N° serie no identificado,142681,46,8.0,7.0,no_habidos_46_8_7,Volcán Llaima,Samsung A8/T295,19927,,10.a
Escuela Volcán Llaima,207,2021-08-24,13960,2021-07-02,GALAXY TAB A8 2019 LTE/ T295 SILVER,N° serie no identificado,142681,46,8.0,8.0,no_habidos_46_8_8,Volcán Llaima,Samsung A8/T295,19927,,10.a
Escuela Volcán Llaima,207,2021-08-24,13960,2021-07-02,GALAXY TAB A8 2019 LTE/ T295 SILVER,N° serie no identificado,142681,46,8.0,9.0,no_habidos_46_8_9,Volcán Llaima,Samsung A8/T295,19927,,10.a
Escuela Volcán Llaima,207,2021-08-24,13960,2021-07-02,GALAXY TAB A8 2019 LTE/ T295 SILVER,N° serie no identificado,142681,46,8.0,10.0,no_habidos_46_8_10,Volcán Llaima,Samsung A8/T295,19927,,10.a
Escuela Volcán Llaima,207,2021-08-24,13960,2021-07-02,GALAXY TAB A8 2019 LTE/ T295 SILVER,N° serie no identificado,142681,46,8.0,11.0,no_habidos_46_8_11,Volcán Llaima,Samsung A8/T295,19927,,10.a
Escuela Volcán Llaima,207,2021-08-24,13960,2021-07-02,GALAXY TAB A8 2019 LTE/ T295 SILVER,N° serie no identificado,142681,46,8.0,12.0,no_habidos_46_8_12,Volcán Llaima,Samsung A8/T295,19927,,10.a
Escuela Volcán Llaima,207,2021-08-24,13960,2021-07-02,GALAXY TAB A8 2019 LTE/ T295 SILVER,N° serie no identificado,142681,46,8.0,13.0,no_habidos_46_8_13,Volcán Llaima,Samsung A8/T295,19927,,10.a
Escuela Volcán Llaima,207,2021-08-24,13960,2021-07-02,GALAXY TAB A8 2019 LTE/ T295 SILVER,N° serie no identificado,142681,46,8.0,14.0,no_habidos_46_8_14,Volcán Llaima,Samsung A8/T295,19927,,10.a
Escuela Volcán Llaima,207,2021-08-24,13960,2021-07-02,GALAXY TAB A8 2019 LTE/ T295 SILVER,N° serie no identificado,142681,46,8.0,15.0,no_habidos_46_8_15,Volcán Llaima,Samsung A8/T295,19927,,10.a
Liceo Los Andes,228,2021-09-09,13982,2021-07-22,GALAXY TAB A8 2019 LTE/ T295 SILVER,358893199329760,142205,46,8.0,16.0,no_habidos_46_8_16,Los Andes,Samsung A8/T295,6007,358893199329760,10.a
Liceo Los Andes,228,2021-09-09,13982,2021-07-22,GALAXY TAB A8 2019 LTE/ T295 SILVER,358893199796828,142205,46,8.0,17.0,no_habidos_46_8_17,Los Andes,Samsung A8/T295,6007,358893199796828,10.a
Liceo Los Andes,228,2021-09-09,13982,2021-07-22,GALAXY TAB A8 2019 LTE/ T295 SILVER,358893199326774,142205,46,8.0,18.0,no_habidos_46_8_18,Los Andes,Samsung A8/T295,6007,358893199326774,10.a
Liceo Los Andes,228,2021-09-09,13982,2021-07-22,GALAXY TAB A8 2019 LTE/ T295 SILVER,358893199326824,142205,46,8.0,19.0,no_habidos_46_8_19,Los Andes,Samsung A8/T295,6007,358893199326824,10.a
Liceo Los Andes,228,2021-09-09,13982,2021-07-22,GALAXY TAB A8 2019 LTE/ T295 SILVER,358893199018983,142205,46,8.0,20.0,no_habidos_46_8_20,Los Andes,Samsung A8/T295,6007,358893199018983,10.a
Liceo Los Andes,228,2021-09-09,13982,2021-07-22,GALAXY TAB A8 2019 LTE/ T295 SILVER,358893199329737,142205,46,8.0,21.0,no_habidos_46_8_21,Los Andes,Samsung A8/T295,6007,358893199329737,10.a
Liceo Los Andes,228,2021-09-09,13982,2021-07-22,GALAXY TAB A8 2019 LTE/ T295 SILVER,358893199018843,142205,46,8.0,22.0,no_habidos_46_8_22,Los Andes,Samsung A8/T295,6007,358893199018843,10.a
Liceo Los Andes,228,2021-09-09,13982,2021-07-22,GALAXY TAB A8 2019 LTE/ T295 SILVER,358893199018322,142205,46,8.0,23.0,no_habidos_46_8_23,Los Andes,Samsung A8/T295,6007,358893199018322,10.a
Liceo Los Andes,228,2021-09-09,13982,2021-07-22,GALAXY TAB A8 2019 LTE/ T295 SILVER,358893199817137,142205,46,8.0,24.0,no_habidos_46_8_24,Los Andes,Samsung A8/T295,6007,358893199817137,10.a
Liceo Los Andes,228,2021-09-09,13982,2021-07-22,GALAXY TAB A8 2019 LTE/ T295 SILVER,358893199815131,142205,46,8.0,25.0,no_habidos_46_8_25,Los Andes,Samsung A8/T295,6007,358893199815131,10.a
Liceo Los Andes,228,2021-09-09,13982,2021-07-22,GALAXY TAB A8 2019 LTE/ T295 SILVER,358893199815149,142205,46,8.0,26.0,no_habidos_46_8_26,Los Andes,Samsung A8/T295,6007,358893199815149,10.a
Liceo Los Andes,228,2021-09-09,13982,2021-07-22,GALAXY TAB A8 2019 LTE/ T295 SILVER,358893199813359,142205,46,8.0,27.0,no_habidos_46_8_27,Los Andes,Samsung A8/T295,6007,358893199813359,10.a
Liceo Los Andes,228,2021-09-09,13982,2021-07-22,GALAXY TAB A8 2019 LTE/ T295 SILVER,358893199810702,142205,47,9.0,2.0,no_habidos_47_9_2,Los Andes,Samsung A8/T295,6007,358893199810702,10.a
Liceo Los Andes,228,2021-09-09,13982,2021-07-22,GALAXY TAB A8 2019 LTE/ T295 SILVER,358893199809449,142205,47,9.0,3.0,no_habidos_47_9_3,Los Andes,Samsung A8/T295,6007,358893199809449,10.a
Liceo Los Andes,228,2021-09-09,13982,2021-07-22,GALAXY TAB A8 2019 LTE/ T295 SILVER,358893199809126,142205,47,9.0,4.0,no_habidos_47_9_4,Los Andes,Samsung A8/T295,6007,358893199809126,10.a
Liceo Los Andes,228,2021-09-09,13982,2021-07-22,GALAXY TAB A8 2019 LTE/ T295 SILVER,358893199897057,142205,47,9.0,5.0,no_habidos_47_9_5,Los Andes,Samsung A8/T295,6007,358893199897057,10.a
Liceo Los Andes,228,2021-09-09,13982,2021-07-22,GALAXY TAB A8 2019 LTE,358893199799038,142205,47,9.0,6.0,no_habidos_47_9_6,Los Andes,Samsung A8/T295,6007,358893199799038,10.a
Liceo Los Andes,228,2021-09-09,13982,2021-07-22,GALAXY TAB A8 2019 LTE,358893199799046,142205,47,9.0,7.0,no_habidos_47_9_7,Los Andes,Samsung A8/T295,6007,358893199799046,10.a
Liceo Los Andes,228,2021-09-09,13982,2021-07-22,GALAXY TAB A8 2019 LTE,358893199799061,142205,47,9.0,8.0,no_habidos_47_9_8,Los Andes,Samsung A8/T295,6007,358893199799061,10.a
Liceo Los Andes,228,2021-09-09,13982,2021-07-22,GALAXY TAB A8 2019 LTE,358893199799103,142205,47,9.0,9.0,no_habidos_47_9_9,Los Andes,Samsung A8/T295,6007,358893199799103,10.a
Liceo Los Andes,228,2021-09-09,13982,2021-07-22,GALAXY TAB A8 2019 LTE,358893199799053,142205,47,9.0,10.0,no_habidos_47_9_10,Los Andes,Samsung A8/T295,6007,358893199799053,10.a
Liceo Los Andes,228,2021-09-09,13982,2021-07-22,GALAXY TAB A8 2019 LTE,358893199807104,142205,47,9.0,11.0,no_habidos_47_9_11,Los Andes,Samsung A8/T295,6007,358893199807104,10.a
Liceo Los Andes,228,2021-09-09,13982,2021-07-22,GALAXY TAB A8 2019 LTE,358893199808409,142205,47,9.0,12.0,no_habidos_47_9_12,Los Andes,Samsung A8/T295,6007,358893199808409,10.a
Liceo Los Andes,228,2021-09-09,13982,2021-07-22,GALAXY TAB A8 2019 LTE,358893199808516,142205,47,9.0,13.0,no_habidos_47_9_13,Los Andes,Samsung A8/T295,6007,358893199808516,10.a
Liceo Los Andes,228,2021-09-09,13982,2021-07-22,GALAXY TAB A8 2019 LTE,358893199808573,142205,47,9.0,14.0,no_habidos_47_9_14,Los Andes,Samsung A8/T295,6007,358893199808573,10.a
Liceo Los Andes,228,2021-09-09,13982,2021-07-22,GALAXY TAB A8 2019 LTE,358893199319126,142205,47,9.0,15.0,no_habidos_47_9_15,Los Andes,Samsung A8/T295,6007,358893199319126,10.a
Liceo Los Andes,228,2021-09-09,13982,2021-07-22,GALAXY TAB A8 2019 LTE,358893199322559,142205,47,9.0,16.0,no_habidos_47_9_16,Los Andes,Samsung A8/T295,6007,358893199322559,10.a
Liceo Los Andes,228,2021-09-09,13982,2021-07-22,GALAXY TAB A8 2019 LTE,358893199324571,142205,47,9.0,17.0,no_habidos_47_9_17,Los Andes,Samsung A8/T295,6007,358893199324571,10.a
Liceo Los Andes,228,2021-09-09,13982,2021-07-22,GALAXY TAB A8 2019 LTE,358893199325305,142205,47,9.0,18.0,no_habidos_47_9_18,Los Andes,Samsung A8/T295,6007,358893199325305,10.a
Liceo Los Andes,228,2021-09-09,13982,2021-07-22,GALAXY TAB A8 2019 LTE,358893199325560,142205,47,9.0,19.0,no_habidos_47_9_19,Los Andes,Samsung A8/T295,6007,358893199325560,10.a
Liceo Los Andes,228,2021-09-09,13982,2021-07-22,GALAXY TAB A8 2019 LTE,358893199024460,142205,47,9.0,20.0,no_habidos_47_9_20,Los Andes,Samsung A8/T295,6007,358893199024460,10.a
Liceo Los Andes,228,2021-09-09,13982,2021-07-22,GALAXY TAB A8 2019 LTE,358893199809381,142205,47,9.0,21.0,no_habidos_47_9_21,Los Andes,Samsung A8/T295,6007,358893199809381,10.a
Escuela Volcán Llaima,229,2021-09-09,13985,2021-07-23,LENOVO TAB P11 11” 6GB RAM 128 GB WIFI LTE TECLADO Y LAPIZ,HA1D2H7K,349999,47,9.0,22.0,no_habidos_47_9_22,Volcán Llaima,Lenovo P11 + teclado/lápiz,19927,HA1D2H7K,10.a
Escuela Volcán Llaima,229,2021-09-09,13985,2021-07-23,LENOVO TAB P11 11” 6GB RAM 128 GB WIFI LTE TECLADO Y LAPIZ,HA1E6L12,349999,47,9.0,23.0,no_habidos_47_9_23,Volcán Llaima,Lenovo P11 + teclado/lápiz,19927,HA1E6L12,10.a
Escuela Volcán Llaima,229,2021-09-09,13985,2021-07-23,LENOVO TAB P11 11” 6GB RAM 128 GB WIFI LTE TECLADO Y LAPIZ,HA1E6J4T,349999,47,9.0,24.0,no_habidos_47_9_24,Volcán Llaima,Lenovo P11 + teclado/lápiz,19927,HA1E6J4T,10.a
Escuela Volcán Llaima,229,2021-09-09,13985,2021-07-23,LENOVO TAB P11 11” 6GB RAM 128 GB WIFI LTE TECLADO Y LAPIZ,HA1DKAT8,349999,47,9.0,25.0,no_habidos_47_9_25,Volcán Llaima,Lenovo P11 + teclado/lápiz,19927,HA1DKAT8,10.a
Escuela Volcán Llaima,229,2021-09-09,13985,2021-07-23,LENOVO TAB P11 11” 6GB RAM 128 GB WIFI LTE TECLADO Y LAPIZ,HA1DPMZC,349999,47,9.0,26.0,no_habidos_47_9_26,Volcán Llaima,Lenovo P11 + teclado/lápiz,19927,HA1DPMZC,10.a
Escuela Volcán Llaima,229,2021-09-09,13985,2021-07-23,LENOVO TAB P11 11” 6GB RAM 128 GB WIFI LTE TECLADO Y LAPIZ,HA1D3BXY,349999,47,9.0,27.0,no_habidos_47_9_27,Volcán Llaima,Lenovo P11 + teclado/lápiz,19927,HA1D3BXY,10.a
Escuela Volcán Llaima,229,2021-09-09,13985,2021-07-23,LENOVO TAB P11 11” 6GB RAM 128 GB WIFI LTE TECLADO Y LAPIZ,HA1D39Z5,349999,48,10.0,2.0,no_habidos_48_10_2,Volcán Llaima,Lenovo P11 + teclado/lápiz,19927,HA1D39Z5,10.a
Escuela Volcán Llaima,229,2021-09-09,13985,2021-07-23,LENOVO TAB P11 11” 6GB RAM 128 GB WIFI LTE TECLADO Y LAPIZ,HA1D39TV,349999,48,10.0,3.0,no_habidos_48_10_3,Volcán Llaima,Lenovo P11 + teclado/lápiz,19927,HA1D39TV,10.a
Escuela Volcán Llaima,229,2021-09-09,13985,2021-07-23,LENOVO TAB P11 11” 6GB RAM 128 GB WIFI LTE TECLADO Y LAPIZ,HA1D37W0,349999,48,10.0,4.0,no_habidos_48_10_4,Volcán Llaima,Lenovo P11 + teclado/lápiz,19927,HA1D37W0,10.a
Escuela Volcán Llaima,229,2021-09-09,13985,2021-07-23,LENOVO TAB P11 11” 6GB RAM 128 GB WIFI LTE TECLADO Y LAPIZ,HA1D37VH,349999,48,10.0,5.0,no_habidos_48_10_5,Volcán Llaima,Lenovo P11 + teclado/lápiz,19927,HA1D37VH,10.a
Escuela Volcán Llaima,229,2021-09-09,13985,2021-07-23,LENOVO TAB P11 11” 6GB RAM 128 GB WIFI LTE TECLADO Y LAPIZ,HA1D360M,349999,48,10.0,6.0,no_habidos_48_10_6,Volcán Llaima,Lenovo P11 + teclado/lápiz,19927,HA1D360M,10.a
Escuela Volcán Llaima,229,2021-09-09,13985,2021-07-23,LENOVO TAB P11 11” 6GB RAM 128 GB WIFI LTE TECLADO Y LAPIZ,HA1D360J,349999,48,10.0,7.0,no_habidos_48_10_7,Volcán Llaima,Lenovo P11 + teclado/lápiz,19927,HA1D360J,10.a
Escuela Volcán Llaima,229,2021-09-09,13985,2021-07-23,LENOVO TAB P11 11” 6GB RAM 128 GB WIFI LTE TECLADO Y LAPIZ,HA1D35ZF,349999,48,10.0,8.0,no_habidos_48_10_8,Volcán Llaima,Lenovo P11 + teclado/lápiz,19927,HA1D35ZF,10.a
Escuela Volcán Llaima,229,2021-09-09,13985,2021-07-23,LENOVO TAB P11 11” 6GB RAM 128 GB WIFI LTE TECLADO Y LAPIZ,HA1D342Z,349999,48,10.0,9.0,no_habidos_48_10_9,Volcán Llaima,Lenovo P11 + teclado/lápiz,19927,HA1D342Z,10.a
Escuela Volcán Llaima,229,2021-09-09,13985,2021-07-23,LENOVO TAB P11 11” 6GB RAM 128 GB WIFI LTE TECLADO Y LAPIZ,HA1D2W1C,349999,48,10.0,10.0,no_habidos_48_10_10,Volcán Llaima,Lenovo P11 + teclado/lápiz,19927,HA1D2W1C,10.a
Escuela Volcán Llaima,229,2021-09-09,13985,2021-07-23,LENOVO TAB P11 11” 6GB RAM 128 GB WIFI LTE TECLADO Y LAPIZ,HA1D2W1T,349999,48,10.0,11.0,no_habidos_48_10_11,Volcán Llaima,Lenovo P11 + teclado/lápiz,19927,HA1D2W1T,10.a
Escuela Volcán Llaima,229,2021-09-09,13985,2021-07-23,LENOVO TAB P11 11” 6GB RAM 128 GB WIFI LTE TECLADO Y LAPIZ,HA1D2TAS,349999,48,10.0,12.0,no_habidos_48_10_12,Volcán Llaima,Lenovo P11 + teclado/lápiz,19927,HA1D2TAS,10.a
Escuela Volcán Llaima,229,2021-09-09,13985,2021-07-23,LENOVO TAB P11 11” 6GB RAM 128 GB WIFI LTE TECLADO Y LAPIZ,HA1D2T5G,349999,48,10.0,13.0,no_habidos_48_10_13,Volcán Llaima,Lenovo P11 + teclado/lápiz,19927,HA1D2T5G,10.a
Escuela Volcán Llaima,229,2021-09-09,13985,2021-07-23,LENOVO TAB P11 11” 6GB RAM 128 GB WIFI LTE TECLADO Y LAPIZ,HA1D2RDB,349999,48,10.0,14.0,no_habidos_48_10_14,Volcán Llaima,Lenovo P11 + teclado/lápiz,19927,HA1D2RDB,10.a
Escuela Volcán Llaima,229,2021-09-09,13985,2021-07-23,LENOVO TAB P11 11” 6GB RAM 128 GB WIFI LTE TECLADO Y LAPIZ,HA1D2M5N,349999,48,10.0,15.0,no_habidos_48_10_15,Volcán Llaima,Lenovo P11 + teclado/lápiz,19927,HA1D2M5N,10.a
Escuela Volcán Llaima,229,2021-09-09,13985,2021-07-23,LENOVO TAB P11 11” 6GB RAM 128 GB WIFI LTE TECLADO Y LAPIZ,HA1D2M4L,349999,48,10.0,16.0,no_habidos_48_10_16,Volcán Llaima,Lenovo P11 + teclado/lápiz,19927,HA1D2M4L,10.a
Escuela Volcán Llaima,229,2021-09-09,13985,2021-07-23,LENOVO TAB P11 11” 6GB RAM 128 GB WIFI LTE TECLADO Y LAPIZ,HA1D2K93,349999,48,10.0,17.0,no_habidos_48_10_17,Volcán Llaima,Lenovo P11 + teclado/lápiz,19927,HA1D2K93,10.a
Escuela Volcán Llaima,229,2021-09-09,13985,2021-07-23,LENOVO TAB P11 11” 6GB RAM 128 GB WIFI LTE TECLADO Y LAPIZ,HA1D2K8M,349999,48,10.0,18.0,no_habidos_48_10_18,Volcán Llaima,Lenovo P11 + teclado/lápiz,19927,HA1D2K8M,10.a
Escuela Volcán Llaima,229,2021-09-09,13985,2021-07-23,LENOVO TAB P11 11” 6GB RAM 128 GB WIFI LTE TECLADO Y LAPIZ,HA1D2HAB,349999,48,10.0,19.0,no_habidos_48_10_19,Volcán Llaima,Lenovo P11 + teclado/lápiz,19927,HA1D2HAB,10.a
Escuela Volcán Llaima,229,2021-09-09,13985,2021-07-23,LENOVO TAB P11 11” 6GB RAM 128 GB WIFI LTE TECLADO Y LAPIZ,HA1D2FEN,349999,48,10.0,20.0,no_habidos_48_10_20,Volcán Llaima,Lenovo P11 + teclado/lápiz,19927,HA1D2FEN,10.a
Escuela Volcán Llaima,229,2021-09-09,13985,2021-07-23,LENOVO TAB P11 11” 6GB RAM 128 GB WIFI LTE TECLADO Y LAPIZ,HA1D2F8P,349999,48,10.0,21.0,no_habidos_48_10_21,Volcán Llaima,Lenovo P11 + teclado/lápiz,19927,HA1D2F8P,10.a
Escuela Volcán Llaima,229,2021-09-09,13985,2021-07-23,LENOVO TAB P11 11” 6GB RAM 128 GB WIFI LTE TECLADO Y LAPIZ,HA1E8H2P,349999,48,10.0,22.0,no_habidos_48_10_22,Volcán Llaima,Lenovo P11 + teclado/lápiz,19927,HA1E8H2P,10.a
Escuela Volcán Llaima,229,2021-09-09,13985,2021-07-23,LENOVO TAB P11 11” 6GB RAM 128 GB WIFI LTE TECLADO Y LAPIZ,HA1E8H06,349999,48,10.0,23.0,no_habidos_48_10_23,Volcán Llaima,Lenovo P11 + teclado/lápiz,19927,HA1E8H06,10.a
Escuela Volcán Llaima,229,2021-09-09,13985,2021-07-23,LENOVO TAB P11 11” 6GB RAM 128 GB WIFI LTE TECLADO Y LAPIZ,HA1E8F3M,349999,48,10.0,24.0,no_habidos_48_10_24,Volcán Llaima,Lenovo P11 + teclado/lápiz,19927,HA1E8F3M,10.a
Escuela Volcán Llaima,229,2021-09-09,13985,2021-07-23,LENOVO TAB P11 11” 6GB RAM 128 GB WIFI LTE TECLADO Y LAPIZ,HA1E8CZ6,349999,48,10.0,25.0,no_habidos_48_10_25,Volcán Llaima,Lenovo P11 + teclado/lápiz,19927,HA1E8CZ6,10.a
Escuela Volcán Llaima,229,2021-09-09,13985,2021-07-23,LENOVO TAB P11 11” 6GB RAM 128 GB WIFI LTE TECLADO Y LAPIZ,HA1E896L,349999,48,10.0,26.0,no_habidos_48_10_26,Volcán Llaima,Lenovo P11 + teclado/lápiz,19927,HA1E896L,10.a
Escuela Volcán Llaima,229,2021-09-09,13985,2021-07-23,LENOVO TAB P11 11” 6GB RAM 128 GB WIFI LTE TECLADO Y LAPIZ,HA1E891C,349999,48,10.0,27.0,no_habidos_48_10_27,Volcán Llaima,Lenovo P11 + teclado/lápiz,19927,HA1E891C,10.a
Escuela Volcán Llaima,229,2021-09-09,13985,2021-07-23,LENOVO TAB P11 11” 6GB RAM 128 GB WIFI LTE TECLADO Y LAPIZ,HA1E876L,349999,49,11.0,2.0,no_habidos_49_11_2,Volcán Llaima,Lenovo P11 + teclado/lápiz,19927,HA1E876L,10.a
Escuela Volcán Llaima,229,2021-09-09,13985,2021-07-23,LENOVO TAB P11 11” 6GB RAM 128 GB WIFI LTE TECLADO Y LAPIZ,HA1E875Q,349999,49,11.0,3.0,no_habidos_49_11_3,Volcán Llaima,Lenovo P11 + teclado/lápiz,19927,HA1E875Q,10.a
Escuela Volcán Llaima,229,2021-09-09,13985,2021-07-23,LENOVO TAB P11 11” 6GB RAM 128 GB WIFI LTE TECLADO Y LAPIZ,HA1E857Q,349999,49,11.0,4.0,no_habidos_49_11_4,Volcán Llaima,Lenovo P11 + teclado/lápiz,19927,HA1E857Q,10.a
Escuela Volcán Llaima,229,2021-09-09,13985,2021-07-23,LENOVO TAB P11 11” 6GB RAM 128 GB WIFI LTE TECLADO Y LAPIZ,HA1E838A,349999,49,11.0,5.0,no_habidos_49_11_5,Volcán Llaima,Lenovo P11 + teclado/lápiz,19927,HA1E838A,10.a
Escuela Volcán Llaima,229,2021-09-09,13985,2021-07-23,LENOVO TAB P11 11” 6GB RAM 128 GB WIFI LTE TECLADO Y LAPIZ,HA1E836P,349999,49,11.0,6.0,no_habidos_49_11_6,Volcán Llaima,Lenovo P11 + teclado/lápiz,19927,HA1E836P,10.a
Escuela Volcán Llaima,229,2021-09-09,13985,2021-07-23,LENOVO TAB P11 11” 6GB RAM 128 GB WIFI LTE TECLADO Y LAPIZ,HA1E83AT,349999,49,11.0,7.0,no_habidos_49_11_7,Volcán Llaima,Lenovo P11 + teclado/lápiz,19927,HA1E83AT,10.a
Escuela Volcán Llaima,229,2021-09-09,13985,2021-07-23,LENOVO TAB P11 11” 6GB RAM 128 GB WIFI LTE TECLADO Y LAPIZ,HA1E81CA,349999,49,11.0,8.0,no_habidos_49_11_8,Volcán Llaima,Lenovo P11 + teclado/lápiz,19927,HA1E81CA,10.a
Escuela Volcán Llaima,229,2021-09-09,13985,2021-07-23,LENOVO TAB P11 11” 6GB RAM 128 GB WIFI LTE TECLADO Y LAPIZ,HA1E81BG,349999,49,11.0,9.0,no_habidos_49_11_9,Volcán Llaima,Lenovo P11 + teclado/lápiz,19927,HA1E81BG,10.a
Escuela Volcán Llaima,229,2021-09-09,13985,2021-07-23,LENOVO TAB P11 11” 6GB RAM 128 GB WIFI LTE TECLADO Y LAPIZ,HA1E81AD,349999,49,11.0,10.0,no_habidos_49_11_10,Volcán Llaima,Lenovo P11 + teclado/lápiz,19927,HA1E81AD,10.a
Escuela Volcán Llaima,229,2021-09-09,13985,2021-07-23,LENOVO TAB P11 11” 6GB RAM 128 GB WIFI LTE TECLADO Y LAPIZ,HA1E816Y,349999,49,11.0,11.0,no_habidos_49_11_11,Volcán Llaima,Lenovo P11 + teclado/lápiz,19927,HA1E816Y,10.a
Escuela Volcán Llaima,229,2021-09-09,13985,2021-07-23,LENOVO TAB P11 11” 6GB RAM 128 GB WIFI LTE TECLADO Y LAPIZ,HA1E814X,349999,49,11.0,12.0,no_habidos_49_11_12,Volcán Llaima,Lenovo P11 + teclado/lápiz,19927,HA1E814X,10.a
Escuela Volcán Llaima,229,2021-09-09,13985,2021-07-23,LENOVO TAB P11 11” 6GB RAM 128 GB WIFI LTE TECLADO Y LAPIZ,HA1E7ZAP,349999,49,11.0,13.0,no_habidos_49_11_13,Volcán Llaima,Lenovo P11 + teclado/lápiz,19927,HA1E7ZAP,10.a
Escuela Volcán Llaima,229,2021-09-09,13985,2021-07-23,LENOVO TAB P11 11” 6GB RAM 128 GB WIFI LTE TECLADO Y LAPIZ,HA1E7XBT,349999,49,11.0,14.0,no_habidos_49_11_14,Volcán Llaima,Lenovo P11 + teclado/lápiz,19927,HA1E7XBT,10.a
Escuela Volcán Llaima,229,2021-09-09,13985,2021-07-23,LENOVO TAB P11 11” 6GB RAM 128 GB WIFI LTE TECLADO Y LAPIZ,HA1D2F7T,349999,49,11.0,15.0,no_habidos_49_11_15,Volcán Llaima,Lenovo P11 + teclado/lápiz,19927,HA1D2F7T,10.a
Escuela Volcán Llaima,229,2021-09-09,13985,2021-07-23,LENOVO TAB P11 11” 6GB RAM 128 GB WIFI LTE TECLADO Y LAPIZ,HA1D1ENW,349999,49,11.0,16.0,no_habidos_49_11_16,Volcán Llaima,Lenovo P11 + teclado/lápiz,19927,HA1D1ENW,10.a
Escuela Volcán Llaima,229,2021-09-09,13985,2021-07-23,LENOVO TAB P11 11” 6GB RAM 128 GB WIFI LTE TECLADO Y LAPIZ,HA1D18M9,349999,49,11.0,17.0,no_habidos_49_11_17,Volcán Llaima,Lenovo P11 + teclado/lápiz,19927,HA1D18M9,10.a
Escuela Volcán Llaima,229,2021-09-09,13985,2021-07-23,LENOVO TAB P11 11” 6GB RAM 128 GB WIFI LTE TECLADO Y LAPIZ,HA1D16KY,349999,49,11.0,18.0,no_habidos_49_11_18,Volcán Llaima,Lenovo P11 + teclado/lápiz,19927,HA1D16KY,10.a
Escuela Volcán Llaima,229,2021-09-09,13985,2021-07-23,LENOVO TAB P11 11” 6GB RAM 128 GB WIFI LTE TECLADO Y LAPIZ,HA1EAA2C,349999,49,11.0,19.0,no_habidos_49_11_19,Volcán Llaima,Lenovo P11 + teclado/lápiz,19927,HA1EAA2C,10.a
Escuela Volcán Llaima,229,2021-09-09,13985,2021-07-23,LENOVO TAB P11 11” 6GB RAM 128 GB WIFI LTE TECLADO Y LAPIZ,HA1EAA1G,349999,49,11.0,20.0,no_habidos_49_11_20,Volcán Llaima,Lenovo P11 + teclado/lápiz,19927,HA1EAA1G,10.a
Escuela Volcán Llaima,229,2021-09-09,13985,2021-07-23,LENOVO TAB P11 11” 6GB RAM 128 GB WIFI LTE TECLADO Y LAPIZ,HA1EA9Z3,349999,49,11.0,21.0,no_habidos_49_11_21,Volcán Llaima,Lenovo P11 + teclado/lápiz,19927,HA1EA9Z3,10.a
Escuela Volcán Llaima,229,2021-09-09,13985,2021-07-23,LENOVO TAB P11 11” 6GB RAM 128 GB WIFI LTE TECLADO Y LAPIZ,HA1EA9YX,349999,49,11.0,22.0,no_habidos_49_11_22,Volcán Llaima,Lenovo P11 + teclado/lápiz,19927,HA1EA9YX,10.a
Escuela Volcán Llaima,229,2021-09-09,13985,2021-07-23,LENOVO TAB P11 11” 6GB RAM 128 GB WIFI LTE TECLADO Y LAPIZ,HA1EA82Y,349999,49,11.0,23.0,no_habidos_49_11_23,Volcán Llaima,Lenovo P11 + teclado/lápiz,19927,HA1EA82Y,10.a
Escuela Volcán Llaima,229,2021-09-09,13985,2021-07-23,LENOVO TAB P11 11” 6GB RAM 128 GB WIFI LTE TECLADO Y LAPIZ,HA1EAB2X,349999,49,11.0,24.0,no_habidos_49_11_24,Volcán Llaima,Lenovo P11 + teclado/lápiz,19927,HA1EAB2X,10.a
Escuela Volcán Llaima,229,2021-09-09,13985,2021-07-23,LENOVO TAB P11 11” 6GB RAM 128 GB WIFI LTE TECLADO Y LAPIZ,HA1EA64X,349999,49,11.0,25.0,no_habidos_49_11_25,Volcán Llaima,Lenovo P11 + teclado/lápiz,19927,HA1EA64X,10.a
Escuela Volcán Llaima,229,2021-09-09,13985,2021-07-23,LENOVO TAB P11 11” 6GB RAM 128 GB WIFI LTE TECLADO Y LAPIZ,HA1EA64C,349999,49,11.0,26.0,no_habidos_49_11_26,Volcán Llaima,Lenovo P11 + teclado/lápiz,19927,HA1EA64C,10.a
Escuela Volcán Llaima,229,2021-09-09,13985,2021-07-23,LENOVO TAB P11 11” 6GB RAM 128 GB WIFI LTE TECLADO Y LAPIZ,HA1EA638,349999,49,11.0,27.0,no_habidos_49_11_27,Volcán Llaima,Lenovo P11 + teclado/lápiz,19927,HA1EA638,10.a
Escuela Volcán Llaima,229,2021-09-09,13985,2021-07-23,LENOVO TAB P11 11” 6GB RAM 128 GB WIFI LTE TECLADO Y LAPIZ,HA1EA62W,349999,50,12.0,2.0,no_habidos_50_12_2,Volcán Llaima,Lenovo P11 + teclado/lápiz,19927,HA1EA62W,10.a
Escuela Volcán Llaima,229,2021-09-09,13985,2021-07-23,LENOVO TAB P11 11” 6GB RAM 128 GB WIFI LTE TECLADO Y LAPIZ,HA1EA60R,349999,50,12.0,3.0,no_habidos_50_12_3,Volcán Llaima,Lenovo P11 + teclado/lápiz,19927,HA1EA60R,10.a
Escuela Volcán Llaima,229,2021-09-09,13985,2021-07-23,LENOVO TAB P11 11” 6GB RAM 128 GB WIFI LTE TECLADO Y LAPIZ,HA1EA416,349999,50,12.0,4.0,no_habidos_50_12_4,Volcán Llaima,Lenovo P11 + teclado/lápiz,19927,HA1EA416,10.a
Escuela Volcán Llaima,229,2021-09-09,13985,2021-07-23,LENOVO TAB P11 11” 6GB RAM 128 GB WIFI LTE TECLADO Y LAPIZ,HA1EA3XV,349999,50,12.0,5.0,no_habidos_50_12_5,Volcán Llaima,Lenovo P11 + teclado/lápiz,19927,HA1EA3XV,10.a
Escuela Volcán Llaima,229,2021-09-09,13985,2021-07-23,LENOVO TAB P11 11” 6GB RAM 128 GB WIFI LTE TECLADO Y LAPIZ,HA1EA3XQ,349999,50,12.0,6.0,no_habidos_50_12_6,Volcán Llaima,Lenovo P11 + teclado/lápiz,19927,HA1EA3XQ,10.a
Escuela Volcán Llaima,229,2021-09-09,13985,2021-07-23,LENOVO TAB P11 11” 6GB RAM 128 GB WIFI LTE TECLADO Y LAPIZ,HA1EA22G,349999,50,12.0,7.0,no_habidos_50_12_7,Volcán Llaima,Lenovo P11 + teclado/lápiz,19927,HA1EA22G,10.a
Escuela Volcán Llaima,229,2021-09-09,13985,2021-07-23,LENOVO TAB P11 11” 6GB RAM 128 GB WIFI LTE TECLADO Y LAPIZ,HA1EA20W,349999,50,12.0,8.0,no_habidos_50_12_8,Volcán Llaima,Lenovo P11 + teclado/lápiz,19927,HA1EA20W,10.a
Escuela Volcán Llaima,229,2021-09-09,13985,2021-07-23,LENOVO TAB P11 11” 6GB RAM 128 GB WIFI LTE TECLADO Y LAPIZ,HA1EA1ZX,349999,50,12.0,9.0,no_habidos_50_12_9,Volcán Llaima,Lenovo P11 + teclado/lápiz,19927,HA1EA1ZX,10.a
Escuela Volcán Llaima,229,2021-09-09,13985,2021-07-23,LENOVO TAB P11 11” 6GB RAM 128 GB WIFI LTE TECLADO Y LAPIZ,HA1EA02S,349999,50,12.0,10.0,no_habidos_50_12_10,Volcán Llaima,Lenovo P11 + teclado/lápiz,19927,HA1EA02S,10.a
Escuela Volcán Llaima,229,2021-09-09,13985,2021-07-23,LENOVO TAB P11 11” 6GB RAM 128 GB WIFI LTE TECLADO Y LAPIZ,HA1EA007,349999,50,12.0,11.0,no_habidos_50_12_11,Volcán Llaima,Lenovo P11 + teclado/lápiz,19927,HA1EA007,10.a
Escuela Volcán Llaima,229,2021-09-09,13985,2021-07-23,LENOVO TAB P11 11” 6GB RAM 128 GB WIFI LTE TECLADO Y LAPIZ,HA1E9ZZX,349999,50,12.0,12.0,no_habidos_50_12_12,Volcán Llaima,Lenovo P11 + teclado/lápiz,19927,HA1E9ZZX,10.a
Escuela Volcán Llaima,229,2021-09-09,13985,2021-07-23,LENOVO TAB P11 11” 6GB RAM 128 GB WIFI LTE TECLADO Y LAPIZ,HA1E9Y2S,349999,50,12.0,13.0,no_habidos_50_12_13,Volcán Llaima,Lenovo P11 + teclado/lápiz,19927,HA1E9Y2S,10.a
Escuela Volcán Llaima,229,2021-09-09,13985,2021-07-23,LENOVO TAB P11 11” 6GB RAM 128 GB WIFI LTE TECLADO Y LAPIZ,HA1E9Y2K,349999,50,12.0,14.0,no_habidos_50_12_14,Volcán Llaima,Lenovo P11 + teclado/lápiz,19927,HA1E9Y2K,10.a
Escuela Volcán Llaima,229,2021-09-09,13985,2021-07-23,LENOVO TAB P11 11” 6GB RAM 128 GB WIFI LTE TECLADO Y LAPIZ,HA1E9WAQ,349999,50,12.0,15.0,no_habidos_50_12_15,Volcán Llaima,Lenovo P11 + teclado/lápiz,19927,HA1E9WAQ,10.a
Escuela Volcán Llaima,229,2021-09-09,13985,2021-07-23,LENOVO TAB P11 11” 6GB RAM 128 GB WIFI LTE TECLADO Y LAPIZ,HA1E9W35,349999,50,12.0,16.0,no_habidos_50_12_16,Volcán Llaima,Lenovo P11 + teclado/lápiz,19927,HA1E9W35,10.a
Escuela Volcán Llaima,229,2021-09-09,13985,2021-07-23,LENOVO TAB P11 11” 6GB RAM 128 GB WIFI LTE TECLADO Y LAPIZ,HA1E9T3W,349999,50,12.0,17.0,no_habidos_50_12_17,Volcán Llaima,Lenovo P11 + teclado/lápiz,19927,HA1E9T3W,10.a
Escuela Volcán Llaima,229,2021-09-09,13985,2021-07-23,LENOVO TAB P11 11” 6GB RAM 128 GB WIFI LTE TECLADO Y LAPIZ,HA1E9R4T,349999,50,12.0,18.0,no_habidos_50_12_18,Volcán Llaima,Lenovo P11 + teclado/lápiz,19927,HA1E9R4T,10.a
Escuela Volcán Llaima,229,2021-09-09,13985,2021-07-23,LENOVO TAB P11 11” 6GB RAM 128 GB WIFI LTE TECLADO Y LAPIZ,HA1E9P77,349999,50,12.0,19.0,no_habidos_50_12_19,Volcán Llaima,Lenovo P11 + teclado/lápiz,19927,HA1E9P77,10.a
Escuela Volcán Llaima,229,2021-09-09,13985,2021-07-23,LENOVO TAB P11 11” 6GB RAM 128 GB WIFI LTE TECLADO Y LAPIZ,HA1E9P74,349999,50,12.0,20.0,no_habidos_50_12_20,Volcán Llaima,Lenovo P11 + teclado/lápiz,19927,HA1E9P74,10.a
Escuela Volcán Llaima,229,2021-09-09,13985,2021-07-23,LENOVO TAB P11 11” 6GB RAM 128 GB WIFI LTE TECLADO Y LAPIZ,HA1E9P5G,349999,50,12.0,21.0,no_habidos_50_12_21,Volcán Llaima,Lenovo P11 + teclado/lápiz,19927,HA1E9P5G,10.a
Escuela Volcán Llaima,229,2021-09-09,13985,2021-07-23,LENOVO TAB P11 11” 6GB RAM 128 GB WIFI LTE TECLADO Y LAPIZ,HA1E9M9Z,349999,50,12.0,22.0,no_habidos_50_12_22,Volcán Llaima,Lenovo P11 + teclado/lápiz,19927,HA1E9M9Z,10.a
Escuela Volcán Llaima,229,2021-09-09,13985,2021-07-23,LENOVO TAB P11 11” 6GB RAM 128 GB WIFI LTE TECLADO Y LAPIZ,HA1E9M9B,349999,50,12.0,23.0,no_habidos_50_12_23,Volcán Llaima,Lenovo P11 + teclado/lápiz,19927,HA1E9M9B,10.a
Escuela Volcán Llaima,229,2021-09-09,13985,2021-07-23,LENOVO TAB P11 11” 6GB RAM 128 GB WIFI LTE TECLADO Y LAPIZ,HA1E9M5Y,349999,50,12.0,24.0,no_habidos_50_12_24,Volcán Llaima,Lenovo P11 + teclado/lápiz,19927,HA1E9M5Y,10.a
Escuela Volcán Llaima,229,2021-09-09,13985,2021-07-23,LENOVO TAB P11 11” 6GB RAM 128 GB WIFI LTE TECLADO Y LAPIZ,HA1E9KBW,349999,50,12.0,25.0,no_habidos_50_12_25,Volcán Llaima,Lenovo P11 + teclado/lápiz,19927,HA1E9KBW,10.a
Escuela Volcán Llaima,229,2021-09-09,13985,2021-07-23,LENOVO TAB P11 11” 6GB RAM 128 GB WIFI LTE TECLADO Y LAPIZ,HA1E9K93,349999,50,12.0,26.0,no_habidos_50_12_26,Volcán Llaima,Lenovo P11 + teclado/lápiz,19927,HA1E9K93,10.a
Escuela Volcán Llaima,229,2021-09-09,13985,2021-07-23,LENOVO TAB P11 11” 6GB RAM 128 GB WIFI LTE TECLADO Y LAPIZ,HA1E9HBP,349999,50,12.0,27.0,no_habidos_50_12_27,Volcán Llaima,Lenovo P11 + teclado/lápiz,19927,HA1E9HBP,10.a
Escuela Volcán Llaima,229,2021-09-09,13985,2021-07-23,LENOVO TAB P11 11” 6GB RAM 128 GB WIFI LTE TECLADO Y LAPIZ,HA1E9HA7,349999,51,13.0,2.0,no_habidos_51_13_2,Volcán Llaima,Lenovo P11 + teclado/lápiz,19927,HA1E9HA7,10.a
Escuela Volcán Llaima,229,2021-09-09,13985,2021-07-23,LENOVO TAB P11 11” 6GB RAM 128 GB WIFI LTE TECLADO Y LAPIZ,HA1E9F3L,349999,51,13.0,3.0,no_habidos_51_13_3,Volcán Llaima,Lenovo P11 + teclado/lápiz,19927,HA1E9F3L,10.a
Escuela Volcán Llaima,229,2021-09-09,13985,2021-07-23,LENOVO TAB P11 11” 6GB RAM 128 GB WIFI LTE TECLADO Y LAPIZ,HA1E9FEJ,349999,51,13.0,4.0,no_habidos_51_13_4,Volcán Llaima,Lenovo P11 + teclado/lápiz,19927,HA1E9FEJ,10.a
Escuela Volcán Llaima,229,2021-09-09,13985,2021-07-23,LENOVO TAB P11 11” 6GB RAM 128 GB WIFI LTE TECLADO Y LAPIZ,HA1E9FCT,349999,51,13.0,5.0,no_habidos_51_13_5,Volcán Llaima,Lenovo P11 + teclado/lápiz,19927,HA1E9FCT,10.a
Escuela Volcán Llaima,229,2021-09-09,13985,2021-07-23,LENOVO TAB P11 11” 6GB RAM 128 GB WIFI LTE TECLADO Y LAPIZ,HA1E9DCZ,349999,51,13.0,6.0,no_habidos_51_13_6,Volcán Llaima,Lenovo P11 + teclado/lápiz,19927,HA1E9DCZ,10.a
Escuela Volcán Llaima,229,2021-09-09,13985,2021-07-23,LENOVO TAB P11 11” 6GB RAM 128 GB WIFI LTE TECLADO Y LAPIZ,HA1EPDBB,349999,51,13.0,7.0,no_habidos_51_13_7,Volcán Llaima,Lenovo P11 + teclado/lápiz,19927,HA1EPDBB,10.a
Escuela Volcán Llaima,229,2021-09-09,13985,2021-07-23,LENOVO TAB P11 11” 6GB RAM 128 GB WIFI LTE TECLADO Y LAPIZ,HA1E99FJ,349999,51,13.0,8.0,no_habidos_51_13_8,Volcán Llaima,Lenovo P11 + teclado/lápiz,19927,HA1E99FJ,10.a
Escuela Volcán Llaima,229,2021-09-09,13985,2021-07-23,LENOVO TAB P11 11” 6GB RAM 128 GB WIFI LTE TECLADO Y LAPIZ,HA1E99EA,349999,51,13.0,9.0,no_habidos_51_13_9,Volcán Llaima,Lenovo P11 + teclado/lápiz,19927,HA1E99EA,10.a
Escuela Volcán Llaima,229,2021-09-09,13985,2021-07-23,LENOVO TAB P11 11” 6GB RAM 128 GB WIFI LTE TECLADO Y LAPIZ,HA1E97LK,349999,51,13.0,10.0,no_habidos_51_13_10,Volcán Llaima,Lenovo P11 + teclado/lápiz,19927,HA1E97LK,10.a
Escuela Volcán Llaima,229,2021-09-09,13985,2021-07-23,LENOVO TAB P11 11” 6GB RAM 128 GB WIFI LTE TECLADO Y LAPIZ,HA1E95KL,349999,51,13.0,11.0,no_habidos_51_13_11,Volcán Llaima,Lenovo P11 + teclado/lápiz,19927,HA1E95KL,10.a
Escuela Volcán Llaima,229,2021-09-09,13985,2021-07-23,LENOVO TAB P11 11” 6GB RAM 128 GB WIFI LTE TECLADO Y LAPIZ,HA1E93H3,349999,51,13.0,12.0,no_habidos_51_13_12,Volcán Llaima,Lenovo P11 + teclado/lápiz,19927,HA1E93H3,10.a
Escuela Volcán Llaima,229,2021-09-09,13985,2021-07-23,LENOVO TAB P11 11” 6GB RAM 128 GB WIFI LTE TECLADO Y LAPIZ,HA1E93GH,349999,51,13.0,13.0,no_habidos_51_13_13,Volcán Llaima,Lenovo P11 + teclado/lápiz,19927,HA1E93GH,10.a
Escuela Volcán Llaima,229,2021-09-09,13985,2021-07-23,LENOVO TAB P11 11” 6GB RAM 128 GB WIFI LTE TECLADO Y LAPIZ,HA1E91LL,349999,51,13.0,14.0,no_habidos_51_13_14,Volcán Llaima,Lenovo P11 + teclado/lápiz,19927,HA1E91LL,10.a
Escuela Volcán Llaima,229,2021-09-09,13985,2021-07-23,LENOVO TAB P11 11” 6GB RAM 128 GB WIFI LTE TECLADO Y LAPIZ,HA1E8ZLH,349999,51,13.0,15.0,no_habidos_51_13_15,Volcán Llaima,Lenovo P11 + teclado/lápiz,19927,HA1E8ZLH,10.a
Escuela Volcán Llaima,229,2021-09-09,13985,2021-07-23,LENOVO TAB P11 11” 6GB RAM 128 GB WIFI LTE TECLADO Y LAPIZ,HA1E8ZJ4,349999,51,13.0,16.0,no_habidos_51_13_16,Volcán Llaima,Lenovo P11 + teclado/lápiz,19927,HA1E8ZJ4,10.a
Escuela Volcán Llaima,229,2021-09-09,13985,2021-07-23,LENOVO TAB P11 11” 6GB RAM 128 GB WIFI LTE TECLADO Y LAPIZ,HA1E8XKP,349999,51,13.0,17.0,no_habidos_51_13_17,Volcán Llaima,Lenovo P11 + teclado/lápiz,19927,HA1E8XKP,10.a
Escuela Volcán Llaima,229,2021-09-09,13985,2021-07-23,LENOVO TAB P11 11” 6GB RAM 128 GB WIFI LTE TECLADO Y LAPIZ,HA1E8STA,349999,51,13.0,18.0,no_habidos_51_13_18,Volcán Llaima,Lenovo P11 + teclado/lápiz,19927,HA1E8STA,10.a
Escuela Volcán Llaima,229,2021-09-09,13985,2021-07-23,LENOVO TAB P11 11” 6GB RAM 128 GB WIFI LTE TECLADO Y LAPIZ,HA1CV59P,349999,51,13.0,19.0,no_habidos_51_13_19,Volcán Llaima,Lenovo P11 + teclado/lápiz,19927,HA1CV59P,10.a
Escuela Volcán Llaima,229,2021-09-09,13985,2021-07-23,LENOVO TAB P11 11” 6GB RAM 128 GB WIFI LTE TECLADO Y LAPIZ,HA1E91KD,349999,51,13.0,20.0,no_habidos_51_13_20,Volcán Llaima,Lenovo P11 + teclado/lápiz,19927,HA1E91KD,10.a
Escuela Volcán Llaima,229,2021-09-09,13985,2021-07-23,LENOVO TAB P11 11” 6GB RAM 128 GB WIFI LTE TECLADO Y LAPIZ,HA1D37YJ,349999,51,13.0,21.0,no_habidos_51_13_21,Volcán Llaima,Lenovo P11 + teclado/lápiz,19927,HA1D37YJ,10.a
Escuela Volcán Llaima,229,2021-09-09,13985,2021-07-23,LENOVO TAB P11 11” 6GB RAM 128 GB WIFI LTE TECLADO Y LAPIZ,HA1D2W46,349999,51,13.0,22.0,no_habidos_51_13_22,Volcán Llaima,Lenovo P11 + teclado/lápiz,19927,HA1D2W46,10.a
Escuela Volcán Llaima,229,2021-09-09,13985,2021-07-23,LENOVO TAB P11 11” 6GB RAM 128 GB WIFI LTE TECLADO Y LAPIZ,HA1CVK85,349999,51,13.0,23.0,no_habidos_51_13_23,Volcán Llaima,Lenovo P11 + teclado/lápiz,19927,HA1CVK85,10.a
Escuela Volcán Llaima,229,2021-09-09,13985,2021-07-23,LENOVO TAB P11 11” 6GB RAM 128 GB WIFI LTE TECLADO Y LAPIZ,HA1D0TWV,349999,51,13.0,24.0,no_habidos_51_13_24,Volcán Llaima,Lenovo P11 + teclado/lápiz,19927,HA1D0TWV,10.a
Escuela Volcán Llaima,229,2021-09-09,13985,2021-07-23,LENOVO TAB P11 11” 6GB RAM 128 GB WIFI LTE TECLADO Y LAPIZ,HA1D0WQF,349999,51,13.0,25.0,no_habidos_51_13_25,Volcán Llaima,Lenovo P11 + teclado/lápiz,19927,HA1D0WQF,10.a
Escuela Volcán Llaima,229,2021-09-09,13985,2021-07-23,LENOVO TAB P11 11” 6GB RAM 128 GB WIFI LTE TECLADO Y LAPIZ,HA1E6L3P,349999,51,13.0,26.0,no_habidos_51_13_26,Volcán Llaima,Lenovo P11 + teclado/lápiz,19927,HA1E6L3P,10.a
Escuela Volcán Llaima,229,2021-09-09,13985,2021-07-23,LENOVO TAB P11 11” 6GB RAM 128 GB WIFI LTE TECLADO Y LAPIZ,HA1D39VA,349999,51,13.0,27.0,no_habidos_51_13_27,Volcán Llaima,Lenovo P11 + teclado/lápiz,19927,HA1D39VA,10.a
Escuela Volcán Llaima,229,2021-09-09,13985,2021-07-23,LENOVO TAB P11 11” 6GB RAM 128 GB WIFI LTE TECLADO Y LAPIZ,HA1D39WE,349999,52,14.0,2.0,no_habidos_52_14_2,Volcán Llaima,Lenovo P11 + teclado/lápiz,19927,HA1D39WE,10.a
Escuela Volcán Llaima,229,2021-09-09,13985,2021-07-23,LENOVO TAB P11 11” 6GB RAM 128 GB WIFI LTE TECLADO Y LAPIZ,HA1D0WVQ,349999,52,14.0,3.0,no_habidos_52_14_3,Volcán Llaima,Lenovo P11 + teclado/lápiz,19927,HA1D0WVQ,10.a
Escuela Volcán Llaima,229,2021-09-09,13985,2021-07-23,LENOVO TAB P11 11” 6GB RAM 128 GB WIFI LTE TECLADO Y LAPIZ,HA1D37TE,349999,52,14.0,4.0,no_habidos_52_14_4,Volcán Llaima,Lenovo P11 + teclado/lápiz,19927,HA1D37TE,10.a
Escuela Volcán Llaima,229,2021-09-09,13985,2021-07-23,LENOVO TAB P11 11” 6GB RAM 128 GB WIFI LTE TECLADO Y LAPIZ,HA1CVE64,349999,52,14.0,5.0,no_habidos_52_14_5,Volcán Llaima,Lenovo P11 + teclado/lápiz,19927,HA1CVE64,10.a
Escuela Volcán Llaima,229,2021-09-09,13985,2021-07-23,LENOVO TAB P11 11” 6GB RAM 128 GB WIFI LTE TECLADO Y LAPIZ,HA1E9KAC,349999,52,14.0,6.0,no_habidos_52_14_6,Volcán Llaima,Lenovo P11 + teclado/lápiz,19927,HA1E9KAC,10.a
Escuela Volcán Llaima,229,2021-09-09,13985,2021-07-23,LENOVO TAB P11 11” 6GB RAM 128 GB WIFI LTE TECLADO Y LAPIZ,HA1E8SPD,349999,52,14.0,7.0,no_habidos_52_14_7,Volcán Llaima,Lenovo P11 + teclado/lápiz,19927,HA1E8SPD,10.a
Escuela Volcán Llaima,229,2021-09-09,13985,2021-07-23,LENOVO TAB P11 11” 6GB RAM 128 GB WIFI LTE TECLADO Y LAPIZ,HA1E8QM7,349999,52,14.0,8.0,no_habidos_52_14_8,Volcán Llaima,Lenovo P11 + teclado/lápiz,19927,HA1E8QM7,10.a
Escuela Volcán Llaima,229,2021-09-09,13985,2021-07-23,LENOVO TAB P11 11” 6GB RAM 128 GB WIFI LTE TECLADO Y LAPIZ,HA1E8NT9,349999,52,14.0,9.0,no_habidos_52_14_9,Volcán Llaima,Lenovo P11 + teclado/lápiz,19927,HA1E8NT9,10.a
Escuela Volcán Llaima,229,2021-09-09,13985,2021-07-23,LENOVO TAB P11 11” 6GB RAM 128 GB WIFI LTE TECLADO Y LAPIZ,HA1E7VF2,349999,52,14.0,10.0,no_habidos_52_14_10,Volcán Llaima,Lenovo P11 + teclado/lápiz,19927,HA1E7VF2,10.a
Escuela Volcán Llaima,229,2021-09-09,13985,2021-07-23,LENOVO TAB P11 11” 6GB RAM 128 GB WIFI LTE TECLADO Y LAPIZ,HA1E7SGV,349999,52,14.0,11.0,no_habidos_52_14_11,Volcán Llaima,Lenovo P11 + teclado/lápiz,19927,HA1E7SGV,10.a
Escuela Volcán Llaima,229,2021-09-09,13985,2021-07-23,LENOVO TAB P11 11” 6GB RAM 128 GB WIFI LTE TECLADO Y LAPIZ,HA1E7SFK,349999,52,14.0,12.0,no_habidos_52_14_12,Volcán Llaima,Lenovo P11 + teclado/lápiz,19927,HA1E7SFK,10.a
Escuela Volcán Llaima,229,2021-09-09,13985,2021-07-23,LENOVO TAB P11 11” 6GB RAM 128 GB WIFI LTE TECLADO Y LAPIZ,HA1E7SEX,349999,52,14.0,13.0,no_habidos_52_14_13,Volcán Llaima,Lenovo P11 + teclado/lápiz,19927,HA1E7SEX,10.a
Escuela Volcán Llaima,229,2021-09-09,13985,2021-07-23,LENOVO TAB P11 11” 6GB RAM 128 GB WIFI LTE TECLADO Y LAPIZ,HA1E7SD1,349999,52,14.0,14.0,no_habidos_52_14_14,Volcán Llaima,Lenovo P11 + teclado/lápiz,19927,HA1E7SD1,10.a
Escuela Volcán Llaima,229,2021-09-09,13985,2021-07-23,LENOVO TAB P11 11” 6GB RAM 128 GB WIFI LTE TECLADO Y LAPIZ,HA1E7SC3,349999,52,14.0,15.0,no_habidos_52_14_15,Volcán Llaima,Lenovo P11 + teclado/lápiz,19927,HA1E7SC3,10.a
Escuela Volcán Llaima,229,2021-09-09,13985,2021-07-23,LENOVO TAB P11 11” 6GB RAM 128 GB WIFI LTE TECLADO Y LAPIZ,HA1E7QDJ,349999,52,14.0,16.0,no_habidos_52_14_16,Volcán Llaima,Lenovo P11 + teclado/lápiz,19927,HA1E7QDJ,10.a
Escuela Volcán Llaima,229,2021-09-09,13985,2021-07-23,LENOVO TAB P11 11” 6GB RAM 128 GB WIFI LTE TECLADO Y LAPIZ,HA1E7NGM,349999,52,14.0,17.0,no_habidos_52_14_17,Volcán Llaima,Lenovo P11 + teclado/lápiz,19927,HA1E7NGM,10.a
Escuela Volcán Llaima,229,2021-09-09,13985,2021-07-23,LENOVO TAB P11 11” 6GB RAM 128 GB WIFI LTE TECLADO Y LAPIZ,HA1E76Y6,349999,52,14.0,18.0,no_habidos_52_14_18,Volcán Llaima,Lenovo P11 + teclado/lápiz,19927,HA1E76Y6,10.a
Escuela Volcán Llaima,229,2021-09-09,13985,2021-07-23,LENOVO TAB P11 11” 6GB RAM 128 GB WIFI LTE TECLADO Y LAPIZ,HA1CVBDC,349999,52,14.0,19.0,no_habidos_52_14_19,Volcán Llaima,Lenovo P11 + teclado/lápiz,19927,HA1CVBDC,10.a
Escuela Volcán Llaima,229,2021-09-09,13985,2021-07-23,LENOVO TAB P11 11” 6GB RAM 128 GB WIFI LTE TECLADO Y LAPIZ,HA1CTXMW,349999,52,14.0,20.0,no_habidos_52_14_20,Volcán Llaima,Lenovo P11 + teclado/lápiz,19927,HA1CTXMW,10.a
Escuela Volcán Llaima,229,2021-09-09,13985,2021-07-23,LENOVO TAB P11 11” 6GB RAM 128 GB WIFI LTE TECLADO Y LAPIZ,HA1D14Q3,349999,52,14.0,21.0,no_habidos_52_14_21,Volcán Llaima,Lenovo P11 + teclado/lápiz,19927,HA1D14Q3,10.a
Escuela Volcán Llaima,229,2021-09-09,13985,2021-07-23,LENOVO TAB P11 11” 6GB RAM 128 GB WIFI LTE TECLADO Y LAPIZ,HA1D10Q4,349999,52,14.0,22.0,no_habidos_52_14_22,Volcán Llaima,Lenovo P11 + teclado/lápiz,19927,HA1D10Q4,10.a
Escuela Volcán Llaima,229,2021-09-09,13985,2021-07-23,LENOVO TAB P11 11” 6GB RAM 128 GB WIFI LTE TECLADO Y LAPIZ,HA1D0WPD,349999,52,14.0,23.0,no_habidos_52_14_23,Volcán Llaima,Lenovo P11 + teclado/lápiz,19927,HA1D0WPD,10.a
Escuela Volcán Llaima,229,2021-09-09,13985,2021-07-23,LENOVO TAB P11 11” 6GB RAM 128 GB WIFI LTE TECLADO Y LAPIZ,HA1D0PVY,349999,52,14.0,24.0,no_habidos_52_14_24,Volcán Llaima,Lenovo P11 + teclado/lápiz,19927,HA1D0PVY,10.a
Escuela Volcán Llaima,229,2021-09-09,13985,2021-07-23,LENOVO TAB P11 11” 6GB RAM 128 GB WIFI LTE TECLADO Y LAPIZ,HA1DOMXR,349999,52,14.0,25.0,no_habidos_52_14_25,Volcán Llaima,Lenovo P11 + teclado/lápiz,19927,HA1DOMXR,10.a
Escuela Volcán Llaima,229,2021-09-09,13985,2021-07-23,LENOVO TAB P11 11” 6GB RAM 128 GB WIFI LTE TECLADO Y LAPIZ,HA1DOL6B,349999,52,14.0,26.0,no_habidos_52_14_26,Volcán Llaima,Lenovo P11 + teclado/lápiz,19927,HA1DOL6B,10.a
Escuela Volcán Llaima,229,2021-09-09,13985,2021-07-23,LENOVO TAB P11 11” 6GB RAM 128 GB WIFI LTE TECLADO Y LAPIZ,HA1CVK3Q,349999,52,14.0,27.0,no_habidos_52_14_27,Volcán Llaima,Lenovo P11 + teclado/lápiz,19927,HA1CVK3Q,10.a
Escuela Volcán Llaima,229,2021-09-09,13985,2021-07-23,LENOVO TAB P11 11” 6GB RAM 128 GB WIFI LTE TECLADO Y LAPIZ,HA1CVH5Y,349999,53,15.0,2.0,no_habidos_53_15_2,Volcán Llaima,Lenovo P11 + teclado/lápiz,19927,HA1CVH5Y,10.a
Escuela Volcán Llaima,229,2021-09-09,13985,2021-07-23,LENOVO TAB P11 11” 6GB RAM 128 GB WIFI LTE TECLADO Y LAPIZ,HA21CVH3X,349999,53,15.0,3.0,no_habidos_53_15_3,Volcán Llaima,Lenovo P11 + teclado/lápiz,19927,HA21CVH3X,10.a
Escuela Volcán Llaima,229,2021-09-09,13985,2021-07-23,LENOVO TAB P11 11” 6GB RAM 128 GB WIFI LTE TECLADO Y LAPIZ,HA1CVF69,349999,53,15.0,4.0,no_habidos_53_15_4,Volcán Llaima,Lenovo P11 + teclado/lápiz,19927,HA1CVF69,10.a
Escuela Volcán Llaima,229,2021-09-09,13985,2021-07-23,LENOVO TAB P11 11” 6GB RAM 128 GB WIFI LTE TECLADO Y LAPIZ,HA1CVD89,349999,53,15.0,5.0,no_habidos_53_15_5,Volcán Llaima,Lenovo P11 + teclado/lápiz,19927,HA1CVD89,10.a
Escuela Volcán Llaima,229,2021-09-09,13985,2021-07-23,LENOVO TAB P11 11” 6GB RAM 128 GB WIFI LTE TECLADO Y LAPIZ,HA1CVBB8,349999,53,15.0,6.0,no_habidos_53_15_6,Volcán Llaima,Lenovo P11 + teclado/lápiz,19927,HA1CVBB8,10.a
Escuela Volcán Llaima,229,2021-09-09,13985,2021-07-23,LENOVO TAB P11 11” 6GB RAM 128 GB WIFI LTE TECLADO Y LAPIZ,HA1CVB9N,349999,53,15.0,7.0,no_habidos_53_15_7,Volcán Llaima,Lenovo P11 + teclado/lápiz,19927,HA1CVB9N,10.a
Escuela Volcán Llaima,229,2021-09-09,13985,2021-07-23,LENOVO TAB P11 11” 6GB RAM 128 GB WIFI LTE TECLADO Y LAPIZ,HA1CV9A7,349999,53,15.0,8.0,no_habidos_53_15_8,Volcán Llaima,Lenovo P11 + teclado/lápiz,19927,HA1CV9A7,10.a
Escuela Volcán Llaima,229,2021-09-09,13985,2021-07-23,LENOVO TAB P11 11” 6GB RAM 128 GB WIFI LTE TECLADO Y LAPIZ,HA1CV78Z,349999,53,15.0,9.0,no_habidos_53_15_9,Volcán Llaima,Lenovo P11 + teclado/lápiz,19927,HA1CV78Z,10.a
Escuela Volcán Llaima,229,2021-09-09,13985,2021-07-23,LENOVO TAB P11 11” 6GB RAM 128 GB WIFI LTE TECLADO Y LAPIZ,HA1CV3GQ,349999,53,15.0,10.0,no_habidos_53_15_10,Volcán Llaima,Lenovo P11 + teclado/lápiz,19927,HA1CV3GQ,10.a
Escuela Volcán Llaima,229,2021-09-09,13985,2021-07-23,LENOVO TAB P11 11” 6GB RAM 128 GB WIFI LTE TECLADO Y LAPIZ,HA1CV3DP,349999,53,15.0,11.0,no_habidos_53_15_11,Volcán Llaima,Lenovo P11 + teclado/lápiz,19927,HA1CV3DP,10.a
Escuela Volcán Llaima,229,2021-09-09,13985,2021-07-23,LENOVO TAB P11 11” 6GB RAM 128 GB WIFI LTE TECLADO Y LAPIZ,HA1CV3CQ,349999,53,15.0,12.0,no_habidos_53_15_12,Volcán Llaima,Lenovo P11 + teclado/lápiz,19927,HA1CV3CQ,10.a
Escuela Volcán Llaima,229,2021-09-09,13985,2021-07-23,LENOVO TAB P11 11” 6GB RAM 128 GB WIFI LTE TECLADO Y LAPIZ,HA1E9W2R,349999,53,15.0,13.0,no_habidos_53_15_13,Volcán Llaima,Lenovo P11 + teclado/lápiz,19927,HA1E9W2R,10.a
Escuela Volcán Llaima,229,2021-09-09,13985,2021-07-23,LENOVO TAB P11 11” 6GB RAM 128 GB WIFI LTE TECLADO Y LAPIZ,HA1E9T2W,349999,53,15.0,14.0,no_habidos_53_15_14,Volcán Llaima,Lenovo P11 + teclado/lápiz,19927,HA1E9T2W,10.a
Escuela Volcán Llaima,229,2021-09-09,13985,2021-07-23,LENOVO TAB P11 11” 6GB RAM 128 GB WIFI LTE TECLADO Y LAPIZ,HA1D0N1C,349999,53,15.0,15.0,no_habidos_53_15_15,Volcán Llaima,Lenovo P11 + teclado/lápiz,19927,HA1D0N1C,10.a
Escuela Volcán Llaima,229,2021-09-09,13985,2021-07-23,LENOVO TAB P11 11” 6GB RAM 128 GB WIFI LTE TECLADO Y LAPIZ,HA1E9Y3C,349999,53,15.0,16.0,no_habidos_53_15_16,Volcán Llaima,Lenovo P11 + teclado/lápiz,19927,HA1E9Y3C,10.a
Escuela Volcán Llaima,229,2021-09-09,13985,2021-07-23,LENOVO TAB P11 11” 6GB RAM 128 GB WIFI LTE TECLADO Y LAPIZ,HA1D0RTL,349999,53,15.0,17.0,no_habidos_53_15_17,Volcán Llaima,Lenovo P11 + teclado/lápiz,19927,HA1D0RTL,10.a
Escuela Volcán Llaima,229,2021-09-09,13985,2021-07-23,LENOVO TAB P11 11” 6GB RAM 128 GB WIFI LTE TECLADO Y LAPIZ,HA1CTVXT,349999,53,15.0,18.0,no_habidos_53_15_18,Volcán Llaima,Lenovo P11 + teclado/lápiz,19927,HA1CTVXT,10.a
Escuela Volcán Llaima,229,2021-09-09,13985,2021-07-23,LENOVO TAB P11 11” 6GB RAM 128 GB WIFI LTE TECLADO Y LAPIZ,HA1D2R4W,349999,53,15.0,19.0,no_habidos_53_15_19,Volcán Llaima,Lenovo P11 + teclado/lápiz,19927,HA1D2R4W,10.a
Escuela Volcán Llaima,229,2021-09-09,13985,2021-07-23,LENOVO TAB P11 11” 6GB RAM 128 GB WIFI LTE TECLADO Y LAPIZ,HA1E9R6W,349999,53,15.0,20.0,no_habidos_53_15_20,Volcán Llaima,Lenovo P11 + teclado/lápiz,19927,HA1E9R6W,10.a
Escuela Volcán Llaima,229,2021-09-09,13985,2021-07-23,LENOVO TAB P11 11” 6GB RAM 128 GB WIFI LTE TECLADO Y LAPIZ,HA1D1ELS,349999,53,15.0,21.0,no_habidos_53_15_21,Volcán Llaima,Lenovo P11 + teclado/lápiz,19927,HA1D1ELS,10.a
Escuela Volcán Llaima,229,2021-09-09,13985,2021-07-23,LENOVO TAB P11 11” 6GB RAM 128 GB WIFI LTE TECLADO Y LAPIZ,HA1E9R5E,349999,53,15.0,22.0,no_habidos_53_15_22,Volcán Llaima,Lenovo P11 + teclado/lápiz,19927,HA1E9R5E,10.a
Escuela Volcán Llaima,229,2021-09-09,13985,2021-07-23,LENOVO TAB P11 11” 6GB RAM 128 GB WIFI LTE TECLADO Y LAPIZ,HA1D0YVY,349999,53,15.0,23.0,no_habidos_53_15_23,Volcán Llaima,Lenovo P11 + teclado/lápiz,19927,HA1D0YVY,10.a
Escuela Volcán Llaima,229,2021-09-09,13985,2021-07-23,LENOVO TAB P11 11” 6GB RAM 128 GB WIFI LTE TECLADO Y LAPIZ,HA1E8ZHX,349999,53,15.0,24.0,no_habidos_53_15_24,Volcán Llaima,Lenovo P11 + teclado/lápiz,19927,HA1E8ZHX,10.a
Escuela Volcán Llaima,229,2021-09-09,13985,2021-07-23,LENOVO TAB P11 11” 6GB RAM 128 GB WIFI LTE TECLADO Y LAPIZ,HA1D14M6,349999,53,15.0,25.0,no_habidos_53_15_25,Volcán Llaima,Lenovo P11 + teclado/lápiz,19927,HA1D14M6,10.a
Escuela Volcán Llaima,229,2021-09-09,13985,2021-07-23,LENOVO TAB P11 11” 6GB RAM 128 GB WIFI LTE TECLADO Y LAPIZ,HA1CVF68,349999,53,15.0,26.0,no_habidos_53_15_26,Volcán Llaima,Lenovo P11 + teclado/lápiz,19927,HA1CVF68,10.a
Escuela Volcán Llaima,229,2021-09-09,13985,2021-07-23,LENOVO TAB P11 11” 6GB RAM 128 GB WIFI LTE TECLADO Y LAPIZ,HA1E6L39,349999,53,15.0,27.0,no_habidos_53_15_27,Volcán Llaima,Lenovo P11 + teclado/lápiz,19927,HA1E6L39,10.a
Escuela Volcán Llaima,229,2021-09-09,13985,2021-07-23,LENOVO TAB P11 11” 6GB RAM 128 GB WIFI LTE TECLADO Y LAPIZ,HA1E8B0P,349999,54,16.0,2.0,no_habidos_54_16_2,Volcán Llaima,Lenovo P11 + teclado/lápiz,19927,HA1E8B0P,10.a
Escuela Volcán Llaima,229,2021-09-09,13985,2021-07-23,LENOVO TAB P11 11” 6GB RAM 128 GB WIFI LTE TECLADO Y LAPIZ,HA1E8XKJ,349999,54,16.0,3.0,no_habidos_54_16_3,Volcán Llaima,Lenovo P11 + teclado/lápiz,19927,HA1E8XKJ,10.a
Escuela Volcán Llaima,229,2021-09-09,13985,2021-07-23,LENOVO TAB P11 11” 6GB RAM 128 GB WIFI LTE TECLADO Y LAPIZ,N° serie no identificado,349999,54,16.0,4.0,no_habidos_54_16_4,Volcán Llaima,Lenovo P11 + teclado/lápiz,19927,,10.a
Escuela Volcán Llaima,229,2021-09-09,13985,2021-07-23,LENOVO TAB P11 11” 6GB RAM 128 GB WIFI LTE TECLADO Y LAPIZ,N° serie no identificado,349999,54,16.0,5.0,no_habidos_54_16_5,Volcán Llaima,Lenovo P11 + teclado/lápiz,19927,,10.a
Escuela Volcán Llaima,229,2021-09-09,13985,2021-07-23,LENOVO TAB P11 11” 6GB RAM 128 GB WIFI LTE TECLADO Y LAPIZ,N° serie no identificado,349999,54,16.0,6.0,no_habidos_54_16_6,Volcán Llaima,Lenovo P11 + teclado/lápiz,19927,,10.a
Escuela Volcán Llaima,229,2021-09-09,13985,2021-07-23,LENOVO TAB P11 11” 6GB RAM 128 GB WIFI LTE TECLADO Y LAPIZ,N° serie no identificado,349999,54,16.0,7.0,no_habidos_54_16_7,Volcán Llaima,Lenovo P11 + teclado/lápiz,19927,,10.a
Escuela Volcán Llaima,229,2021-09-09,13985,2021-07-23,LENOVO TAB P11 11” 6GB RAM 128 GB WIFI LTE TECLADO Y LAPIZ,N° serie no identificado,349999,54,16.0,8.0,no_habidos_54_16_8,Volcán Llaima,Lenovo P11 + teclado/lápiz,19927,,10.a
Escuela Volcán Llaima,229,2021-09-09,13985,2021-07-23,LENOVO TAB P11 11” 6GB RAM 128 GB WIFI LTE TECLADO Y LAPIZ,N° serie no identificado,349999,54,16.0,9.0,no_habidos_54_16_9,Volcán Llaima,Lenovo P11 + teclado/lápiz,19927,,10.a
Escuela Volcán Llaima,229,2021-09-09,13985,2021-07-23,LENOVO TAB P11 11” 6GB RAM 128 GB WIFI LTE TECLADO Y LAPIZ,N° serie no identificado,349999,54,16.0,10.0,no_habidos_54_16_10,Volcán Llaima,Lenovo P11 + teclado/lápiz,19927,,10.a
Escuela Volcán Llaima,229,2021-09-09,13985,2021-07-23,LENOVO TAB P11 11” 6GB RAM 128 GB WIFI LTE TECLADO Y LAPIZ,N° serie no identificado,349999,54,16.0,11.0,no_habidos_54_16_11,Volcán Llaima,Lenovo P11 + teclado/lápiz,19927,,10.a
Escuela Volcán Llaima,229,2021-09-09,13985,2021-07-23,LENOVO TAB P11 11” 6GB RAM 128 GB WIFI LTE TECLADO Y LAPIZ,N° serie no identificado,349999,54,16.0,12.0,no_habidos_54_16_12,Volcán Llaima,Lenovo P11 + teclado/lápiz,19927,,10.a
Escuela Volcán Llaima,229,2021-09-09,13985,2021-07-23,LENOVO TAB P11 11” 6GB RAM 128 GB WIFI LTE TECLADO Y LAPIZ,N° serie no identificado,349999,54,16.0,13.0,no_habidos_54_16_13,Volcán Llaima,Lenovo P11 + teclado/lápiz,19927,,10.a
Escuela Volcán Llaima,229,2021-09-09,13985,2021-07-23,LENOVO TAB P11 11” 6GB RAM 128 GB WIFI LTE TECLADO Y LAPIZ,N° serie no identificado,349999,54,16.0,14.0,no_habidos_54_16_14,Volcán Llaima,Lenovo P11 + teclado/lápiz,19927,,10.a
Escuela Volcán Llaima,229,2021-09-09,13985,2021-07-23,LENOVO TAB P11 11” 6GB RAM 128 GB WIFI LTE TECLADO Y LAPIZ,N° serie no identificado,349999,54,16.0,15.0,no_habidos_54_16_15,Volcán Llaima,Lenovo P11 + teclado/lápiz,19927,,10.a
Escuela Volcán Llaima,229,2021-09-09,13985,2021-07-23,LENOVO TAB P11 11” 6GB RAM 128 GB WIFI LTE TECLADO Y LAPIZ,N° serie no identificado,349999,54,16.0,16.0,no_habidos_54_16_16,Volcán Llaima,Lenovo P11 + teclado/lápiz,19927,,10.a
Escuela Volcán Llaima,229,2021-09-09,13985,2021-07-23,LENOVO TAB P11 11” 6GB RAM 128 GB WIFI LTE TECLADO Y LAPIZ,N° serie no identificado,349999,54,16.0,17.0,no_habidos_54_16_17,Volcán Llaima,Lenovo P11 + teclado/lápiz,19927,,10.a
Escuela Volcán Llaima,229,2021-09-09,13985,2021-07-23,LENOVO TAB P11 11” 6GB RAM 128 GB WIFI LTE TECLADO Y LAPIZ,N° serie no identificado,349999,54,16.0,18.0,no_habidos_54_16_18,Volcán Llaima,Lenovo P11 + teclado/lápiz,19927,,10.a
Escuela Volcán Llaima,229,2021-09-09,13985,2021-07-23,LENOVO TAB P11 11” 6GB RAM 128 GB WIFI LTE TECLADO Y LAPIZ,N° serie no identificado,349999,54,16.0,19.0,no_habidos_54_16_19,Volcán Llaima,Lenovo P11 + teclado/lápiz,19927,,10.a
Escuela Volcán Llaima,229,2021-09-09,13985,2021-07-23,LENOVO TAB P11 11” 6GB RAM 128 GB WIFI LTE TECLADO Y LAPIZ,N° serie no identificado,349999,54,16.0,20.0,no_habidos_54_16_20,Volcán Llaima,Lenovo P11 + teclado/lápiz,19927,,10.a
Escuela Volcán Llaima,229,2021-09-09,13985,2021-07-23,LENOVO TAB P11 11” 6GB RAM 128 GB WIFI LTE TECLADO Y LAPIZ,N° serie no identificado,349999,54,16.0,21.0,no_habidos_54_16_21,Volcán Llaima,Lenovo P11 + teclado/lápiz,19927,,10.a
Escuela Volcán Llaima,229,2021-09-09,13985,2021-07-23,LENOVO TAB P11 11” 6GB RAM 128 GB WIFI LTE TECLADO Y LAPIZ,N° serie no identificado,349999,54,16.0,22.0,no_habidos_54_16_22,Volcán Llaima,Lenovo P11 + teclado/lápiz,19927,,10.a
Escuela Volcán Llaima,229,2021-09-09,13985,2021-07-23,LENOVO TAB P11 11” 6GB RAM 128 GB WIFI LTE TECLADO Y LAPIZ,N° serie no identificado,349999,54,16.0,23.0,no_habidos_54_16_23,Volcán Llaima,Lenovo P11 + teclado/lápiz,19927,,10.a
Escuela Volcán Llaima,229,2021-09-09,13985,2021-07-23,LENOVO TAB P11 11” 6GB RAM 128 GB WIFI LTE TECLADO Y LAPIZ,N° serie no identificado,349999,54,16.0,24.0,no_habidos_54_16_24,Volcán Llaima,Lenovo P11 + teclado/lápiz,19927,,10.a
Escuela Volcán Llaima,229,2021-09-09,13985,2021-07-23,LENOVO TAB P11 11” 6GB RAM 128 GB WIFI LTE TECLADO Y LAPIZ,N° serie no identificado,349999,54,16.0,25.0,no_habidos_54_16_25,Volcán Llaima,Lenovo P11 + teclado/lápiz,19927,,10.a
Escuela Volcán Llaima,229,2021-09-09,13985,2021-07-23,LENOVO TAB P11 11” 6GB RAM 128 GB WIFI LTE TECLADO Y LAPIZ,N° serie no identificado,349999,54,16.0,26.0,no_habidos_54_16_26,Volcán Llaima,Lenovo P11 + teclado/lápiz,19927,,10.a
Escuela Volcán Llaima,229,2021-09-09,13985,2021-07-23,LENOVO TAB P11 11” 6GB RAM 128 GB WIFI LTE TECLADO Y LAPIZ,N° serie no identificado,349999,54,16.0,27.0,no_habidos_54_16_27,Volcán Llaima,Lenovo P11 + teclado/lápiz,19927,,10.a
Escuela Volcán Llaima,229,2021-09-09,13985,2021-07-23,LENOVO TAB P11 11” 6GB RAM 128 GB WIFI LTE TECLADO Y LAPIZ,N° serie no identificado,349999,55,17.0,2.0,no_habidos_55_17_2,Volcán Llaima,Lenovo P11 + teclado/lápiz,19927,,10.a
Escuela Volcán Llaima,229,2021-09-09,13985,2021-07-23,LENOVO TAB P11 11” 6GB RAM 128 GB WIFI LTE TECLADO Y LAPIZ,N° serie no identificado,349999,55,17.0,3.0,no_habidos_55_17_3,Volcán Llaima,Lenovo P11 + teclado/lápiz,19927,,10.a
Escuela Volcán Llaima,229,2021-09-09,13985,2021-07-23,LENOVO TAB P11 11” 6GB RAM 128 GB WIFI LTE TECLADO Y LAPIZ,N° serie no identificado,349999,55,17.0,4.0,no_habidos_55_17_4,Volcán Llaima,Lenovo P11 + teclado/lápiz,19927,,10.a
Escuela Volcán Llaima,229,2021-09-09,13985,2021-07-23,LENOVO TAB P11 11” 6GB RAM 128 GB WIFI LTE TECLADO Y LAPIZ,N° serie no identificado,349999,55,17.0,5.0,no_habidos_55_17_5,Volcán Llaima,Lenovo P11 + teclado/lápiz,19927,,10.a
Escuela Volcán Llaima,229,2021-09-09,13985,2021-07-23,LENOVO TAB P11 11” 6GB RAM 128 GB WIFI LTE TECLADO Y LAPIZ,N° serie no identificado,349999,55,17.0,6.0,no_habidos_55_17_6,Volcán Llaima,Lenovo P11 + teclado/lápiz,19927,,10.a
Escuela Volcán Llaima,229,2021-09-09,13985,2021-07-23,LENOVO TAB P11 11” 6GB RAM 128 GB WIFI LTE TECLADO Y LAPIZ,N° serie no identificado,349999,55,17.0,7.0,no_habidos_55_17_7,Volcán Llaima,Lenovo P11 + teclado/lápiz,19927,,10.a
Escuela Volcán Llaima,229,2021-09-09,13985,2021-07-23,LENOVO TAB P11 11” 6GB RAM 128 GB WIFI LTE TECLADO Y LAPIZ,N° serie no identificado,349999,55,17.0,8.0,no_habidos_55_17_8,Volcán Llaima,Lenovo P11 + teclado/lápiz,19927,,10.a
Liceo Los Andes,230,2021-09-09,13995,2021-07-28,LENOVO TAB P11 11” 6GB RAM 128 GB WIFI LTE TECLADO Y LAPIZ,HA1BQRWR,349999,55,17.0,9.0,no_habidos_55_17_9,Los Andes,Lenovo P11 + teclado/lápiz,6007,HA1BQRWR,10.a
Liceo Los Andes,230,2021-09-09,13995,2021-07-28,LENOVO TAB P11 11” 6GB RAM 128 GB WIFI LTE TECLADO Y LAPIZ,HA1CV2V7,349999,55,17.0,10.0,no_habidos_55_17_10,Los Andes,Lenovo P11 + teclado/lápiz,6007,HA1CV2V7,10.a
Liceo Los Andes,230,2021-09-09,13995,2021-07-28,LENOVO TAB P11 11” 6GB RAM 128 GB WIFI LTE TECLADO Y LAPIZ,HA1CV3EC,349999,55,17.0,11.0,no_habidos_55_17_11,Los Andes,Lenovo P11 + teclado/lápiz,6007,HA1CV3EC,10.a
Liceo Los Andes,230,2021-09-09,13995,2021-07-28,LENOVO TAB P11 11” 6GB RAM 128 GB WIFI LTE TECLADO Y LAPIZ,HA1D3BRX,349999,55,17.0,12.0,no_habidos_55_17_12,Los Andes,Lenovo P11 + teclado/lápiz,6007,HA1D3BRX,10.a
Liceo Los Andes,230,2021-09-09,13995,2021-07-28,LENOVO TAB P11 11” 6GB RAM 128 GB WIFI LTE TECLADO Y LAPIZ,HA1CVDB2,349999,55,17.0,13.0,no_habidos_55_17_13,Los Andes,Lenovo P11 + teclado/lápiz,6007,HA1CVDB2,10.a
Liceo Los Andes,230,2021-09-09,13995,2021-07-28,LENOVO TAB P11 11” 6GB RAM 128 GB WIFI LTE TECLADO Y LAPIZ,HA1D0RY2,349999,55,17.0,14.0,no_habidos_55_17_14,Los Andes,Lenovo P11 + teclado/lápiz,6007,HA1D0RY2,10.a
Liceo Los Andes,230,2021-09-09,13995,2021-07-28,LENOVO TAB P11 11” 6GB RAM 128 GB WIFI LTE TECLADO Y LAPIZ,HA1CV7BV,349999,55,17.0,15.0,no_habidos_55_17_15,Los Andes,Lenovo P11 + teclado/lápiz,6007,HA1CV7BV,10.a
Liceo Los Andes,230,2021-09-09,13995,2021-07-28,LENOVO TAB P11 11” 6GB RAM 128 GB WIFI LTE TECLADO Y LAPIZ,HA1D0TT3,349999,55,17.0,16.0,no_habidos_55_17_16,Los Andes,Lenovo P11 + teclado/lápiz,6007,HA1D0TT3,10.a
Liceo Los Andes,230,2021-09-09,13995,2021-07-28,LENOVO TAB P11 11” 6GB RAM 128 GB WIFI LTE TECLADO Y LAPIZ,HA1CVQX1,349999,55,17.0,17.0,no_habidos_55_17_17,Los Andes,Lenovo P11 + teclado/lápiz,6007,HA1CVQX1,10.a
Liceo Los Andes,230,2021-09-09,13995,2021-07-28,LENOVO TAB P11 11” 6GB RAM 128 GB WIFI LTE TECLADO Y LAPIZ,HA1CTXKQ,349999,55,17.0,18.0,no_habidos_55_17_18,Los Andes,Lenovo P11 + teclado/lápiz,6007,HA1CTXKQ,10.a
Liceo Los Andes,230,2021-09-09,13995,2021-07-28,LENOVO TAB P11 11” 6GB RAM 128 GB WIFI LTE TECLADO Y LAPIZ,HA1BR39X,349999,55,17.0,19.0,no_habidos_55_17_19,Los Andes,Lenovo P11 + teclado/lápiz,6007,HA1BR39X,10.a
Liceo Los Andes,230,2021-09-09,13995,2021-07-28,LENOVO TAB P11 11” 6GB RAM 128 GB WIFI LTE TECLADO Y LAPIZ,HA1D0N2Q,349999,55,17.0,20.0,no_habidos_55_17_20,Los Andes,Lenovo P11 + teclado/lápiz,6007,HA1D0N2Q,10.a
Liceo Los Andes,230,2021-09-09,13995,2021-07-28,LENOVO TAB P11 11” 6GB RAM 128 GB WIFI LTE TECLADO Y LAPIZ,HA1D0RW9,349999,55,17.0,21.0,no_habidos_55_17_21,Los Andes,Lenovo P11 + teclado/lápiz,6007,HA1D0RW9,10.a
Liceo Los Andes,230,2021-09-09,13995,2021-07-28,LENOVO TAB P11 11” 6GB RAM 128 GB WIFI LTE TECLADO Y LAPIZ,HA1D2M9F,349999,55,17.0,22.0,no_habidos_55_17_22,Los Andes,Lenovo P11 + teclado/lápiz,6007,HA1D2M9F,10.a
Liceo Los Andes,230,2021-09-09,13995,2021-07-28,LENOVO TAB P11 11” 6GB RAM 128 GB WIFI LTE TECLADO Y LAPIZ,HA1CVM21,349999,55,17.0,23.0,no_habidos_55_17_23,Los Andes,Lenovo P11 + teclado/lápiz,6007,HA1CVM21,10.a
Liceo Los Andes,230,2021-09-09,13995,2021-07-28,LENOVO TAB P11 11” 6GB RAM 128 GB WIFI LTE TECLADO Y LAPIZ,HA1CVH9E,349999,55,17.0,24.0,no_habidos_55_17_24,Los Andes,Lenovo P11 + teclado/lápiz,6007,HA1CVH9E,10.a
Liceo Los Andes,230,2021-09-09,13995,2021-07-28,LENOVO TAB P11 11” 6GB RAM 128 GB WIFI LTE TECLADO Y LAPIZ,HA1D16HM,349999,55,17.0,25.0,no_habidos_55_17_25,Los Andes,Lenovo P11 + teclado/lápiz,6007,HA1D16HM,10.a
Liceo Los Andes,230,2021-09-09,13995,2021-07-28,LENOVO TAB P11 11” 6GB RAM 128 GB WIFI LTE TECLADO Y LAPIZ,HA1D0PXT,349999,55,17.0,26.0,no_habidos_55_17_26,Los Andes,Lenovo P11 + teclado/lápiz,6007,HA1D0PXT,10.a
Liceo Los Andes,230,2021-09-09,13995,2021-07-28,LENOVO TAB P11 11” 6GB RAM 128 GB WIFI LTE TECLADO Y LAPIZ,HA1D2Y2X,349999,55,17.0,27.0,no_habidos_55_17_27,Los Andes,Lenovo P11 + teclado/lápiz,6007,HA1D2Y2X,10.a
Liceo Los Andes,230,2021-09-09,13995,2021-07-28,LENOVO TAB P11 11” 6GB RAM 128 GB WIFI LTE TECLADO Y LAPIZ,HA1D0RSY,349999,56,18.0,2.0,no_habidos_56_18_2,Los Andes,Lenovo P11 + teclado/lápiz,6007,HA1D0RSY,10.a
Liceo Los Andes,230,2021-09-09,13995,2021-07-28,LENOVO TAB P11 11” 6GB RAM 128 GB WIFI LTE TECLADO Y LAPIZ,HA1D18H2,349999,56,18.0,3.0,no_habidos_56_18_3,Los Andes,Lenovo P11 + teclado/lápiz,6007,HA1D18H2,10.a
Liceo Los Andes,230,2021-09-09,13995,2021-07-28,LENOVO TAB P11 11” 6GB RAM 128 GB WIFI LTE TECLADO Y LAPIZ,HA1D10R8,349999,56,18.0,4.0,no_habidos_56_18_4,Los Andes,Lenovo P11 + teclado/lápiz,6007,HA1D10R8,10.a
Liceo Los Andes,230,2021-09-09,13995,2021-07-28,LENOVO TAB P11 11” 6GB RAM 128 GB WIFI LTE TECLADO Y LAPIZ,4ª1CVM68,349999,56,18.0,5.0,no_habidos_56_18_5,Los Andes,Lenovo P11 + teclado/lápiz,6007,4a1CVM68,10.a
Liceo Los Andes,230,2021-09-09,13995,2021-07-28,LENOVO TAB P11 11” 6GB RAM 128 GB WIFI LTE TECLADO Y LAPIZ,HA1CVHAQ,349999,56,18.0,6.0,no_habidos_56_18_6,Los Andes,Lenovo P11 + teclado/lápiz,6007,HA1CVHAQ,10.a
Liceo Los Andes,230,2021-09-09,13995,2021-07-28,LENOVO TAB P11 11” 6GB RAM 128 GB WIFI LTE TECLADO Y LAPIZ,HA1BR78V,349999,56,18.0,7.0,no_habidos_56_18_7,Los Andes,Lenovo P11 + teclado/lápiz,6007,HA1BR78V,10.a
Liceo Los Andes,230,2021-09-09,13995,2021-07-28,LENOVO TAB P11 11” 6GB RAM 128 GB WIFI LTE TECLADO Y LAPIZ,HA1BREMZ,349999,56,18.0,8.0,no_habidos_56_18_8,Los Andes,Lenovo P11 + teclado/lápiz,6007,HA1BREMZ,10.a
Liceo Los Andes,230,2021-09-09,13995,2021-07-28,LENOVO TAB P11 11” 6GB RAM 128 GB WIFI LTE TECLADO Y LAPIZ,HA1D2P6B,349999,56,18.0,9.0,no_habidos_56_18_9,Los Andes,Lenovo P11 + teclado/lápiz,6007,HA1D2P6B,10.a
Liceo Los Andes,230,2021-09-09,13995,2021-07-28,LENOVO TAB P11 11” 6GB RAM 128 GB WIFI LTE TECLADO Y LAPIZ,HA1BRATG,349999,56,18.0,10.0,no_habidos_56_18_10,Los Andes,Lenovo P11 + teclado/lápiz,6007,HA1BRATG,10.a
Liceo Los Andes,230,2021-09-09,13995,2021-07-28,LENOVO TAB P11 11” 6GB RAM 128 GB WIFI LTE TECLADO Y LAPIZ,HA1CVDCZ,349999,56,18.0,11.0,no_habidos_56_18_11,Los Andes,Lenovo P11 + teclado/lápiz,6007,HA1CVDCZ,10.a
Liceo Los Andes,230,2021-09-09,13995,2021-07-28,LENOVO TAB P11 11” 6GB RAM 128 GB WIFI LTE TECLADO Y LAPIZ,N° serie no identificado,349999,56,18.0,12.0,no_habidos_56_18_12,Los Andes,Lenovo P11 + teclado/lápiz,6007,,10.a
Liceo Los Andes,230,2021-09-09,13995,2021-07-28,LENOVO TAB P11 11” 6GB RAM 128 GB WIFI LTE TECLADO Y LAPIZ,N° serie no identificado,349999,56,18.0,13.0,no_habidos_56_18_13,Los Andes,Lenovo P11 + teclado/lápiz,6007,,10.a
Liceo Los Andes,230,2021-09-09,13995,2021-07-28,LENOVO TAB P11 11” 6GB RAM 128 GB WIFI LTE TECLADO Y LAPIZ,N° serie no identificado,349999,56,18.0,14.0,no_habidos_56_18_14,Los Andes,Lenovo P11 + teclado/lápiz,6007,,10.a
Liceo Los Andes,230,2021-09-09,13995,2021-07-28,LENOVO TAB P11 11” 6GB RAM 128 GB WIFI LTE TECLADO Y LAPIZ,N° serie no identificado,349999,56,18.0,15.0,no_habidos_56_18_15,Los Andes,Lenovo P11 + teclado/lápiz,6007,,10.a
Liceo Los Andes,230,2021-09-09,13995,2021-07-28,LENOVO TAB P11 11” 6GB RAM 128 GB WIFI LTE TECLADO Y LAPIZ,N° serie no identificado,349999,56,18.0,16.0,no_habidos_56_18_16,Los Andes,Lenovo P11 + teclado/lápiz,6007,,10.a
Liceo Los Andes,230,2021-09-09,13995,2021-07-28,LENOVO TAB P11 11” 6GB RAM 128 GB WIFI LTE TECLADO Y LAPIZ,N° serie no identificado,349999,56,18.0,17.0,no_habidos_56_18_17,Los Andes,Lenovo P11 + teclado/lápiz,6007,,10.a
Liceo Los Andes,230,2021-09-09,13995,2021-07-28,LENOVO TAB P11 11” 6GB RAM 128 GB WIFI LTE TECLADO Y LAPIZ,N° serie no identificado,349999,56,18.0,18.0,no_habidos_56_18_18,Los Andes,Lenovo P11 + teclado/lápiz,6007,,10.a
Escuela Volcán Llaima,259,2021-10-06,3684,2021-07-09,TABLET SAMSUNG GALAXY T295 TAB A 8 PUL NEGRA 4G,355041994671050,154700,56,18.0,19.0,no_habidos_56_18_19,Volcán Llaima,Samsung A8/T295,19927,355041994671050,10.a
Escuela Volcán Llaima,259,2021-10-06,3684,2021-07-09,TABLET SAMSUNG GALAXY T295 TAB A 8 PUL NEGRA 4G,355041994671630,154700,56,18.0,20.0,no_habidos_56_18_20,Volcán Llaima,Samsung A8/T295,19927,355041994671630,10.a
Carén,263,2021-10-06,13981,2021-07-22,GALAXY TAB A8 2019 LTE,358893199812328,142205,56,18.0,21.0,no_habidos_56_18_21,Carén,Samsung A8/T295,6017,358893199812328,10.a
Carén,263,2021-10-06,13981,2021-07-22,GALAXY TAB A8 2019 LTE,358893199809795,142205,56,18.0,22.0,no_habidos_56_18_22,Carén,Samsung A8/T295,6017,358893199809795,10.a
Cumcumllaque,263,2021-10-06,13981,2021-07-22,GALAXY TAB A8 2019 LTE,358893196922864,142205,56,18.0,23.0,no_habidos_56_18_23,Cumcumllaque,Samsung A8/T295,6012,358893196922864,10.a
Cumcumllaque,263,2021-10-06,13981,2021-07-22,GALAXY TAB A8 2019 LTE,358893196922542,142205,56,18.0,24.0,no_habidos_56_18_24,Cumcumllaque,Samsung A8/T295,6012,358893196922542,10.a
Cumcumllaque,263,2021-10-06,13981,2021-07-22,GALAXY TAB A8 2019 LTE,358893196848663,142205,56,18.0,25.0,no_habidos_56_18_25,Cumcumllaque,Samsung A8/T295,6012,358893196848663,10.a
Cumcumllaque,263,2021-10-06,13981,2021-07-22,GALAXY TAB A8 2019 LTE,358893196922104,142205,56,18.0,26.0,no_habidos_56_18_26,Cumcumllaque,Samsung A8/T295,6012,358893196922104,10.a
Cumcumllaque,263,2021-10-06,13981,2021-07-22,GALAXY TAB A8 2019 LTE,358893196922161,142205,56,18.0,27.0,no_habidos_56_18_27,Cumcumllaque,Samsung A8/T295,6012,358893196922161,10.a
Cumcumllaque,263,2021-10-06,13981,2021-07-22,GALAXY TAB A8 2019 LTE,358893196843920,142205,57,19.0,2.0,no_habidos_57_19_2,Cumcumllaque,Samsung A8/T295,6012,358893196843920,10.a
Cumcumllaque,263,2021-10-06,13981,2021-07-22,GALAXY TAB A8 2019 LTE,358893196843276,142205,57,19.0,3.0,no_habidos_57_19_3,Cumcumllaque,Samsung A8/T295,6012,358893196843276,10.a
Cumcumllaque,263,2021-10-06,13981,2021-07-22,GALAXY TAB A8 2019 LTE,358893196847475,142205,57,19.0,4.0,no_habidos_57_19_4,Cumcumllaque,Samsung A8/T295,6012,358893196847475,10.a
Cumcumllaque,263,2021-10-06,13981,2021-07-22,GALAXY TAB A8 2019 LTE,358893196849299,142205,57,19.0,5.0,no_habidos_57_19_5,Cumcumllaque,Samsung A8/T295,6012,358893196849299,10.a
Cumcumllaque,263,2021-10-06,13981,2021-07-22,GALAXY TAB A8 2019 LTE,358893196851501,142205,57,19.0,6.0,no_habidos_57_19_6,Cumcumllaque,Samsung A8/T295,6012,358893196851501,10.a
Cumcumllaque,263,2021-10-06,13981,2021-07-22,GALAXY TAB A8 2019 LTE,358893196911016,142205,57,19.0,7.0,no_habidos_57_19_7,Cumcumllaque,Samsung A8/T295,6012,358893196911016,10.a
Cumcumllaque,263,2021-10-06,13981,2021-07-22,GALAXY TAB A8 2019 LTE,358893196852871,142205,57,19.0,8.0,no_habidos_57_19_8,Cumcumllaque,Samsung A8/T295,6012,358893196852871,10.a
Cumcumllaque,263,2021-10-06,13981,2021-07-22,GALAXY TAB A8 2019 LTE,358893196921478,142205,57,19.0,9.0,no_habidos_57_19_9,Cumcumllaque,Samsung A8/T295,6012,358893196921478,10.a
Cumcumllaque,263,2021-10-06,13981,2021-07-22,GALAXY TAB A8 2019 LTE,358893196919548,142205,57,19.0,10.0,no_habidos_57_19_10,Cumcumllaque,Samsung A8/T295,6012,358893196919548,10.a
Cumcumllaque,263,2021-10-06,13981,2021-07-22,GALAXY TAB A8 2019 LTE,358893196921809,142205,57,19.0,11.0,no_habidos_57_19_11,Cumcumllaque,Samsung A8/T295,6012,358893196921809,10.a
Cumcumllaque,263,2021-10-06,13981,2021-07-22,GALAXY TAB A8 2019 LTE,358893196921510,142205,57,19.0,12.0,no_habidos_57_19_12,Cumcumllaque,Samsung A8/T295,6012,358893196921510,10.a
Cumcumllaque,263,2021-10-06,13981,2021-07-22,GALAXY TAB A8 2019 LTE,358893196836759,142205,57,19.0,13.0,no_habidos_57_19_13,Cumcumllaque,Samsung A8/T295,6012,358893196836759,10.a
Cumcumllaque,263,2021-10-06,13981,2021-07-22,GALAXY TAB A8 2019 LTE,358893196856842,142205,57,19.0,14.0,no_habidos_57_19_14,Cumcumllaque,Samsung A8/T295,6012,358893196856842,10.a
Cumcumllaque,263,2021-10-06,13981,2021-07-22,GALAXY TAB A8 2019 LTE,358893196922807,142205,57,19.0,15.0,no_habidos_57_19_15,Cumcumllaque,Samsung A8/T295,6012,358893196922807,10.a
Cumcumllaque,263,2021-10-06,13981,2021-07-22,GALAXY TAB A8 2019 LTE,358893196843680,142205,57,19.0,16.0,no_habidos_57_19_16,Cumcumllaque,Samsung A8/T295,6012,358893196843680,10.a
Cumcumllaque,263,2021-10-06,13981,2021-07-22,GALAXY TAB A8 2019 LTE,358893196848200,142205,57,19.0,17.0,no_habidos_57_19_17,Cumcumllaque,Samsung A8/T295,6012,358893196848200,10.a
Cumcumllaque,263,2021-10-06,13981,2021-07-22,GALAXY TAB A8 2019 LTE,358893199812195,142205,57,19.0,18.0,no_habidos_57_19_18,Cumcumllaque,Samsung A8/T295,6012,358893199812195,10.a
Cumcumllaque,263,2021-10-06,13981,2021-07-22,GALAXY TAB A8 2019 LTE,358893199812377,142205,57,19.0,19.0,no_habidos_57_19_19,Cumcumllaque,Samsung A8/T295,6012,358893199812377,10.a
Cumcumllaque,263,2021-10-06,13981,2021-07-22,GALAXY TAB A8 2019 LTE,358893199812120,142205,57,19.0,20.0,no_habidos_57_19_20,Cumcumllaque,Samsung A8/T295,6012,358893199812120,10.a
Cumcumllaque,263,2021-10-06,13981,2021-07-22,GALAXY TAB A8 2019 LTE,358893199797412,142205,57,19.0,21.0,no_habidos_57_19_21,Cumcumllaque,Samsung A8/T295,6012,358893199797412,10.a
Cumcumllaque,263,2021-10-06,13981,2021-07-22,GALAXY TAB A8 2019 LTE,358893199809704,142205,57,19.0,22.0,no_habidos_57_19_22,Cumcumllaque,Samsung A8/T295,6012,358893199809704,10.a
Diferentes Establecimientos,263,2021-10-06,13981,2021-07-22,GALAXY TAB A8 2019 LTE,N° serie no identificado,142205,57,19.0,23.0,no_habidos_57_19_23,Sin distribución por escuela,Samsung A8/T295,,,10.a
Diferentes Establecimientos,263,2021-10-06,13981,2021-07-22,GALAXY TAB A8 2019 LTE,N° serie no identificado,142205,57,19.0,24.0,no_habidos_57_19_24,Sin distribución por escuela,Samsung A8/T295,,,10.a
Diferentes Establecimientos,263,2021-10-06,13981,2021-07-22,GALAXY TAB A8 2019 LTE,N° serie no identificado,142205,57,19.0,25.0,no_habidos_57_19_25,Sin distribución por escuela,Samsung A8/T295,,,10.a
Diferentes Establecimientos,263,2021-10-06,13981,2021-07-22,GALAXY TAB A8 2019 LTE,N° serie no identificado,142205,57,19.0,26.0,no_habidos_57_19_26,Sin distribución por escuela,Samsung A8/T295,,,10.a
Diferentes Establecimientos,263,2021-10-06,13981,2021-07-22,GALAXY TAB A8 2019 LTE,N° serie no identificado,142205,57,19.0,27.0,no_habidos_57_19_27,Sin distribución por escuela,Samsung A8/T295,,,10.a
Diferentes Establecimientos,263,2021-10-06,13981,2021-07-22,GALAXY TAB A8 2019 LTE,N° serie no identificado,142205,58,20.0,2.0,no_habidos_58_20_2,Sin distribución por escuela,Samsung A8/T295,,,10.a
Diferentes Establecimientos,263,2021-10-06,13981,2021-07-22,GALAXY TAB A8 2019 LTE,N° serie no identificado,142205,58,20.0,3.0,no_habidos_58_20_3,Sin distribución por escuela,Samsung A8/T295,,,10.a
Diferentes Establecimientos,263,2021-10-06,13981,2021-07-22,GALAXY TAB A8 2019 LTE,N° serie no identificado,142205,58,20.0,4.0,no_habidos_58_20_4,Sin distribución por escuela,Samsung A8/T295,,,10.a
Diferentes Establecimientos,263,2021-10-06,13981,2021-07-22,GALAXY TAB A8 2019 LTE,N° serie no identificado,142205,58,20.0,5.0,no_habidos_58_20_5,Sin distribución por escuela,Samsung A8/T295,,,10.a
Diferentes Establecimientos,263,2021-10-06,13981,2021-07-22,GALAXY TAB A8 2019 LTE,N° serie no identificado,142205,58,20.0,6.0,no_habidos_58_20_6,Sin distribución por escuela,Samsung A8/T295,,,10.a
Diferentes Establecimientos,263,2021-10-06,13981,2021-07-22,GALAXY TAB A8 2019 LTE,N° serie no identificado,142205,58,20.0,7.0,no_habidos_58_20_7,Sin distribución por escuela,Samsung A8/T295,,,10.a
Diferentes Establecimientos,263,2021-10-06,13981,2021-07-22,GALAXY TAB A8 2019 LTE,N° serie no identificado,142205,58,20.0,8.0,no_habidos_58_20_8,Sin distribución por escuela,Samsung A8/T295,,,10.a
Diferentes Establecimientos,263,2021-10-06,13981,2021-07-22,GALAXY TAB A8 2019 LTE,N° serie no identificado,142205,58,20.0,9.0,no_habidos_58_20_9,Sin distribución por escuela,Samsung A8/T295,,,10.a
Diferentes Establecimientos,263,2021-10-06,13981,2021-07-22,GALAXY TAB A8 2019 LTE,N° serie no identificado,142205,58,20.0,10.0,no_habidos_58_20_10,Sin distribución por escuela,Samsung A8/T295,,,10.a
Diferentes Establecimientos,263,2021-10-06,13981,2021-07-22,GALAXY TAB A8 2019 LTE,N° serie no identificado,142205,58,20.0,11.0,no_habidos_58_20_11,Sin distribución por escuela,Samsung A8/T295,,,10.a
Diferentes Establecimientos,263,2021-10-06,13981,2021-07-22,GALAXY TAB A8 2019 LTE,N° serie no identificado,142205,58,20.0,12.0,no_habidos_58_20_12,Sin distribución por escuela,Samsung A8/T295,,,10.a
Diferentes Establecimientos,263,2021-10-06,13981,2021-07-22,GALAXY TAB A8 2019 LTE,N° serie no identificado,142205,58,20.0,13.0,no_habidos_58_20_13,Sin distribución por escuela,Samsung A8/T295,,,10.a
Diferentes Establecimientos,263,2021-10-06,13981,2021-07-22,GALAXY TAB A8 2019 LTE,N° serie no identificado,142205,58,20.0,14.0,no_habidos_58_20_14,Sin distribución por escuela,Samsung A8/T295,,,10.a
Escuela Volcán Llaima,263,2021-10-06,13981,2021-07-22,GALAXY TAB A8 2019 LTE,358893199815800,142205,58,20.0,15.0,no_habidos_58_20_15,Volcán Llaima,Samsung A8/T295,19927,358893199815800,10.a
Escuela Volcán Llaima,263,2021-10-06,13981,2021-07-22,GALAXY TAB A8 2019 LTE,358893199815933,142205,58,20.0,16.0,no_habidos_58_20_16,Volcán Llaima,Samsung A8/T295,19927,358893199815933,10.a
Escuela Volcán Llaima,263,2021-10-06,13981,2021-07-22,GALAXY TAB A8 2019 LTE,358893199815354,142205,58,20.0,17.0,no_habidos_58_20_17,Volcán Llaima,Samsung A8/T295,19927,358893199815354,10.a
Escuela Volcán Llaima,263,2021-10-06,13981,2021-07-22,GALAXY TAB A8 2019 LTE,358893199815347,142205,58,20.0,18.0,no_habidos_58_20_18,Volcán Llaima,Samsung A8/T295,19927,358893199815347,10.a
Fundo Molulco,263,2021-10-06,13981,2021-07-22,GALAXY TAB A8 2019 LTE,358893199810017,142205,58,20.0,19.0,no_habidos_58_20_19,Fundo Molulco,Samsung A8/T295,6011,358893199810017,10.a
Fundo Molulco,263,2021-10-06,13981,2021-07-22,GALAXY TAB A8 2019 LTE,358893199808862,142205,58,20.0,20.0,no_habidos_58_20_20,Fundo Molulco,Samsung A8/T295,6011,358893199808862,10.a
Fundo Molulco,263,2021-10-06,13981,2021-07-22,GALAXY TAB A8 2019 LTE,358893199810058,142205,58,20.0,21.0,no_habidos_58_20_21,Fundo Molulco,Samsung A8/T295,6011,358893199810058,10.a
Fundo Molulco,263,2021-10-06,13981,2021-07-22,GALAXY TAB A8 2019 LTE,358893199812492,142205,58,20.0,22.0,no_habidos_58_20_22,Fundo Molulco,Samsung A8/T295,6011,358893199812492,10.a
Fundo Molulco,263,2021-10-06,13981,2021-07-22,GALAXY TAB A8 2019 LTE,358893199816592,142205,58,20.0,23.0,no_habidos_58_20_23,Fundo Molulco,Samsung A8/T295,6011,358893199816592,10.a
Liceo Los Andes,263,2021-10-06,13981,2021-07-22,GALAXY TAB A8 2019 LTE,358893199809811,142205,58,20.0,24.0,no_habidos_58_20_24,Los Andes,Samsung A8/T295,6007,358893199809811,10.a
Liceo Los Andes,263,2021-10-06,13981,2021-07-22,GALAXY TAB A8 2019 LTE,358893199809845,142205,58,20.0,25.0,no_habidos_58_20_25,Los Andes,Samsung A8/T295,6007,358893199809845,10.a
Liceo Los Andes,263,2021-10-06,13981,2021-07-22,GALAXY TAB A8 2019 LTE,358893199809852,142205,58,20.0,26.0,no_habidos_58_20_26,Los Andes,Samsung A8/T295,6007,358893199809852,10.a
Liceo Los Andes,263,2021-10-06,13981,2021-07-22,GALAXY TAB A8 2019 LTE,358893199809878,142205,58,20.0,27.0,no_habidos_58_20_27,Los Andes,Samsung A8/T295,6007,358893199809878,10.a
Liceo Los Andes,263,2021-10-06,13981,2021-07-22,GALAXY TAB A8 2019 LTE,358893199810793,142205,59,21.0,2.0,no_habidos_59_21_2,Los Andes,Samsung A8/T295,6007,358893199810793,10.a
Liceo Los Andes,263,2021-10-06,13981,2021-07-22,GALAXY TAB A8 2019 LTE,358893199811494,142205,59,21.0,3.0,no_habidos_59_21_3,Los Andes,Samsung A8/T295,6007,358893199811494,10.a
Liceo Los Andes,263,2021-10-06,13981,2021-07-22,GALAXY TAB A8 2019 LTE,358893199811114,142205,59,21.0,4.0,no_habidos_59_21_4,Los Andes,Samsung A8/T295,6007,358893199811114,10.a
Liceo Los Andes,263,2021-10-06,13981,2021-07-22,GALAXY TAB A8 2019 LTE,358893199811130,142205,59,21.0,5.0,no_habidos_59_21_5,Los Andes,Samsung A8/T295,6007,358893199811130,10.a
Liceo Los Andes,263,2021-10-06,13981,2021-07-22,GALAXY TAB A8 2019 LTE,358893199811049,142205,59,21.0,6.0,no_habidos_59_21_6,Los Andes,Samsung A8/T295,6007,358893199811049,10.a
Liceo Los Andes,263,2021-10-06,13981,2021-07-22,GALAXY TAB A8 2019 LTE,358893199811478,142205,59,21.0,7.0,no_habidos_59_21_7,Los Andes,Samsung A8/T295,6007,358893199811478,10.a
Liceo Los Andes,263,2021-10-06,13981,2021-07-22,GALAXY TAB A8 2019 LTE,358893199811353,142205,59,21.0,8.0,no_habidos_59_21_8,Los Andes,Samsung A8/T295,6007,358893199811353,10.a
Liceo Los Andes,263,2021-10-06,13981,2021-07-22,GALAXY TAB A8 2019 LTE,358893199811411,142205,59,21.0,9.0,no_habidos_59_21_9,Los Andes,Samsung A8/T295,6007,358893199811411,10.a
Liceo Los Andes,263,2021-10-06,13981,2021-07-22,GALAXY TAB A8 2019 LTE,358893199811320,142205,59,21.0,10.0,no_habidos_59_21_10,Los Andes,Samsung A8/T295,6007,358893199811320,10.a
Liceo Los Andes,263,2021-10-06,13981,2021-07-22,GALAXY TAB A8 2019 LTE,358893199806965,142205,59,21.0,11.0,no_habidos_59_21_11,Los Andes,Samsung A8/T295,6007,358893199806965,10.a
Liceo Los Andes,263,2021-10-06,13981,2021-07-22,GALAXY TAB A8 2019 LTE,358893199806882,142205,59,21.0,12.0,no_habidos_59_21_12,Los Andes,Samsung A8/T295,6007,358893199806882,10.a
Liceo Los Andes,263,2021-10-06,13981,2021-07-22,GALAXY TAB A8 2019 LTE,358893199806825,142205,59,21.0,13.0,no_habidos_59_21_13,Los Andes,Samsung A8/T295,6007,358893199806825,10.a
Liceo Los Andes,263,2021-10-06,13981,2021-07-22,GALAXY TAB A8 2019 LTE,358893199811213,142205,59,21.0,14.0,no_habidos_59_21_14,Los Andes,Samsung A8/T295,6007,358893199811213,10.a
Liceo Los Andes,263,2021-10-06,13981,2021-07-22,GALAXY TAB A8 2019 LTE,358893199811189,142205,59,21.0,15.0,no_habidos_59_21_15,Los Andes,Samsung A8/T295,6007,358893199811189,10.a
Liceo Los Andes,263,2021-10-06,13981,2021-07-22,GALAXY TAB A8 2019 LTE,358893199811700,142205,59,21.0,16.0,no_habidos_59_21_16,Los Andes,Samsung A8/T295,6007,358893199811700,10.a
Liceo Los Andes,263,2021-10-06,13981,2021-07-22,GALAXY TAB A8 2019 LTE,358893199811601,142205,59,21.0,17.0,no_habidos_59_21_17,Los Andes,Samsung A8/T295,6007,358893199811601,10.a
Liceo Los Andes,263,2021-10-06,13981,2021-07-22,GALAXY TAB A8 2019 LTE,358893199811585,142205,59,21.0,18.0,no_habidos_59_21_18,Los Andes,Samsung A8/T295,6007,358893199811585,10.a
Liceo Los Andes,263,2021-10-06,13981,2021-07-22,GALAXY TAB A8 2019 LTE,358893199815081,142205,59,21.0,19.0,no_habidos_59_21_19,Los Andes,Samsung A8/T295,6007,358893199815081,10.a
Liceo Los Andes,263,2021-10-06,13981,2021-07-22,GALAXY TAB A8 2019 LTE,358893199815024,142205,59,21.0,20.0,no_habidos_59_21_20,Los Andes,Samsung A8/T295,6007,358893199815024,10.a
Liceo Los Andes,263,2021-10-06,13981,2021-07-22,GALAXY TAB A8 2019 LTE,358893199812591,142205,59,21.0,21.0,no_habidos_59_21_21,Los Andes,Samsung A8/T295,6007,358893199812591,10.a
Liceo Los Andes,263,2021-10-06,13981,2021-07-22,GALAXY TAB A8 2019 LTE,358893199812567,142205,59,21.0,22.0,no_habidos_59_21_22,Los Andes,Samsung A8/T295,6007,358893199812567,10.a
Liceo Los Andes,263,2021-10-06,13981,2021-07-22,GALAXY TAB A8 2019 LTE,358893199812500,142205,59,21.0,23.0,no_habidos_59_21_23,Los Andes,Samsung A8/T295,6007,358893199812500,10.a
Liceo Los Andes,263,2021-10-06,13981,2021-07-22,GALAXY TAB A8 2019 LTE,358893199812187,142205,59,21.0,24.0,no_habidos_59_21_24,Los Andes,Samsung A8/T295,6007,358893199812187,10.a
Liceo Los Andes,263,2021-10-06,13981,2021-07-22,GALAXY TAB A8 2019 LTE,358893199812039,142205,59,21.0,25.0,no_habidos_59_21_25,Los Andes,Samsung A8/T295,6007,358893199812039,10.a
Liceo Los Andes,263,2021-10-06,13981,2021-07-22,GALAXY TAB A8 2019 LTE,358893199805850,142205,59,21.0,26.0,no_habidos_59_21_26,Los Andes,Samsung A8/T295,6007,358893199805850,10.a
Liceo Los Andes,263,2021-10-06,13981,2021-07-22,GALAXY TAB A8 2019 LTE,358893199805827,142205,59,21.0,27.0,no_habidos_59_21_27,Los Andes,Samsung A8/T295,6007,358893199805827,10.a
Liceo Los Andes,263,2021-10-06,13981,2021-07-22,GALAXY TAB A8 2019 LTE,358893199805777,142205,60,22.0,2.0,no_habidos_60_22_2,Los Andes,Samsung A8/T295,6007,358893199805777,10.a
Liceo Los Andes,263,2021-10-06,13981,2021-07-22,GALAXY TAB A8 2019 LTE,358893199805744,142205,60,22.0,3.0,no_habidos_60_22_3,Los Andes,Samsung A8/T295,6007,358893199805744,10.a
Liceo Los Andes,263,2021-10-06,13981,2021-07-22,GALAXY TAB A8 2019 LTE,358893199805736,142205,60,22.0,4.0,no_habidos_60_22_4,Los Andes,Samsung A8/T295,6007,358893199805736,10.a
Liceo Los Andes,263,2021-10-06,13981,2021-07-22,GALAXY TAB A8 2019 LTE,358893199805538,142205,60,22.0,5.0,no_habidos_60_22_5,Los Andes,Samsung A8/T295,6007,358893199805538,10.a
Liceo Los Andes,263,2021-10-06,13981,2021-07-22,GALAXY TAB A8 2019 LTE,358893199805132,142205,60,22.0,6.0,no_habidos_60_22_6,Los Andes,Samsung A8/T295,6007,358893199805132,10.a
Liceo Los Andes,263,2021-10-06,13981,2021-07-22,GALAXY TAB A8 2019 LTE,358893199804432,142205,60,22.0,7.0,no_habidos_60_22_7,Los Andes,Samsung A8/T295,6007,358893199804432,10.a
Liceo Los Andes,263,2021-10-06,13981,2021-07-22,GALAXY TAB A8 2019 LTE,358893199804150,142205,60,22.0,8.0,no_habidos_60_22_8,Los Andes,Samsung A8/T295,6007,358893199804150,10.a
Liceo Los Andes,263,2021-10-06,13981,2021-07-22,GALAXY TAB A8 2019 LTE,358893199802741,142205,60,22.0,9.0,no_habidos_60_22_9,Los Andes,Samsung A8/T295,6007,358893199802741,10.a
Liceo Los Andes,263,2021-10-06,13981,2021-07-22,GALAXY TAB A8 2019 LTE,358893199801222,142205,60,22.0,10.0,no_habidos_60_22_10,Los Andes,Samsung A8/T295,6007,358893199801222,10.a
Liceo Los Andes,263,2021-10-06,13981,2021-07-22,GALAXY TAB A8 2019 LTE,358893199789492,142205,60,22.0,11.0,no_habidos_60_22_11,Los Andes,Samsung A8/T295,6007,358893199789492,10.a
Liceo Los Andes,263,2021-10-06,13981,2021-07-22,GALAXY TAB A8 2019 LTE,358893199789146,142205,60,22.0,12.0,no_habidos_60_22_12,Los Andes,Samsung A8/T295,6007,358893199789146,10.a
Liceo Los Andes,263,2021-10-06,13981,2021-07-22,GALAXY TAB A8 2019 LTE,358893199788759,142205,60,22.0,13.0,no_habidos_60_22_13,Los Andes,Samsung A8/T295,6007,358893199788759,10.a
Liceo Los Andes,263,2021-10-06,13981,2021-07-22,GALAXY TAB A8 2019 LTE,358893199806759,142205,60,22.0,14.0,no_habidos_60_22_14,Los Andes,Samsung A8/T295,6007,358893199806759,10.a
Liceo Los Andes,263,2021-10-06,13981,2021-07-22,GALAXY TAB A8 2019 LTE,358893199806726,142205,60,22.0,15.0,no_habidos_60_22_15,Los Andes,Samsung A8/T295,6007,358893199806726,10.a
Liceo Los Andes,263,2021-10-06,13981,2021-07-22,GALAXY TAB A8 2019 LTE,358893199806684,142205,60,22.0,16.0,no_habidos_60_22_16,Los Andes,Samsung A8/T295,6007,358893199806684,10.a
Liceo Los Andes,263,2021-10-06,13981,2021-07-22,GALAXY TAB A8 2019 LTE,358893199806585,142205,60,22.0,17.0,no_habidos_60_22_17,Los Andes,Samsung A8/T295,6007,358893199806585,10.a
Liceo Los Andes,263,2021-10-06,13981,2021-07-22,GALAXY TAB A8 2019 LTE,358893199805959,142205,60,22.0,18.0,no_habidos_60_22_18,Los Andes,Samsung A8/T295,6007,358893199805959,10.a
Liceo Los Andes,263,2021-10-06,13981,2021-07-22,GALAXY TAB A8 2019 LTE,358893199811874,142205,60,22.0,19.0,no_habidos_60_22_19,Los Andes,Samsung A8/T295,6007,358893199811874,10.a
Liceo Los Andes,263,2021-10-06,13981,2021-07-22,GALAXY TAB A8 2019 LTE,358893199787504,142205,60,22.0,20.0,no_habidos_60_22_20,Los Andes,Samsung A8/T295,6007,358893199787504,10.a
Liceo Los Andes,263,2021-10-06,13981,2021-07-22,GALAXY TAB A8 2019 LTE,358893199787629,142205,60,22.0,21.0,no_habidos_60_22_21,Los Andes,Samsung A8/T295,6007,358893199787629,10.a
Liceo Los Andes,263,2021-10-06,13981,2021-07-22,GALAXY TAB A8 2019 LTE,358893199787405,142205,60,22.0,22.0,no_habidos_60_22_22,Los Andes,Samsung A8/T295,6007,358893199787405,10.a
Liceo Los Andes,263,2021-10-06,13981,2021-07-22,GALAXY TAB A8 2019 LTE,358893199786571,142205,60,22.0,23.0,no_habidos_60_22_23,Los Andes,Samsung A8/T295,6007,358893199786571,10.a
Liceo Los Andes,263,2021-10-06,13981,2021-07-22,GALAXY TAB A8 2019 LTE,358893199786217,142205,60,22.0,24.0,no_habidos_60_22_24,Los Andes,Samsung A8/T295,6007,358893199786217,10.a
Liceo Los Andes,263,2021-10-06,13981,2021-07-22,GALAXY TAB A8 2019 LTE,358893199785797,142205,60,22.0,25.0,no_habidos_60_22_25,Los Andes,Samsung A8/T295,6007,358893199785797,10.a
Liceo Los Andes,263,2021-10-06,13981,2021-07-22,GALAXY TAB A8 2019 LTE,358893199785417,142205,60,22.0,26.0,no_habidos_60_22_26,Los Andes,Samsung A8/T295,6007,358893199785417,10.a
Liceo Los Andes,263,2021-10-06,13981,2021-07-22,GALAXY TAB A8 2019 LTE,358893199783362,142205,60,22.0,27.0,no_habidos_60_22_27,Los Andes,Samsung A8/T295,6007,358893199783362,10.a
Liceo Los Andes,263,2021-10-06,13981,2021-07-22,GALAXY TAB A8 2019 LTE,358893196836999,142205,61,23.0,2.0,no_habidos_61_23_2,Los Andes,Samsung A8/T295,6007,358893196836999,10.a
Liceo Los Andes,263,2021-10-06,13981,2021-07-22,GALAXY TAB A8 2019 LTE,358893199810165,142205,61,23.0,3.0,no_habidos_61_23_3,Los Andes,Samsung A8/T295,6007,358893199810165,10.a
Liceo Los Andes,263,2021-10-06,13981,2021-07-22,GALAXY TAB A8 2019 LTE,358893199810264,142205,61,23.0,4.0,no_habidos_61_23_4,Los Andes,Samsung A8/T295,6007,358893199810264,10.a
Liceo Los Andes,263,2021-10-06,13981,2021-07-22,GALAXY TAB A8 2019 LTE,358893199810314,142205,61,23.0,5.0,no_habidos_61_23_5,Los Andes,Samsung A8/T295,6007,358893199810314,10.a
Liceo Los Andes,263,2021-10-06,13981,2021-07-22,GALAXY TAB A8 2019 LTE,358893199810322,142205,61,23.0,6.0,no_habidos_61_23_6,Los Andes,Samsung A8/T295,6007,358893199810322,10.a
Liceo Los Andes,263,2021-10-06,13981,2021-07-22,GALAXY TAB A8 2019 LTE,358893199810421,142205,61,23.0,7.0,no_habidos_61_23_7,Los Andes,Samsung A8/T295,6007,358893199810421,10.a
Liceo Los Andes,263,2021-10-06,13981,2021-07-22,GALAXY TAB A8 2019 LTE,358893199810454,142205,61,23.0,8.0,no_habidos_61_23_8,Los Andes,Samsung A8/T295,6007,358893199810454,10.a
Liceo Los Andes,263,2021-10-06,13981,2021-07-22,GALAXY TAB A8 2019 LTE,358893199810496,142205,61,23.0,9.0,no_habidos_61_23_9,Los Andes,Samsung A8/T295,6007,358893199810496,10.a
Liceo Los Andes,263,2021-10-06,13981,2021-07-22,GALAXY TAB A8 2019 LTE,358893199810538,142205,61,23.0,10.0,no_habidos_61_23_10,Los Andes,Samsung A8/T295,6007,358893199810538,10.a
Liceo Los Andes,263,2021-10-06,13981,2021-07-22,GALAXY TAB A8 2019 LTE,358893199810561,142205,61,23.0,11.0,no_habidos_61_23_11,Los Andes,Samsung A8/T295,6007,358893199810561,10.a
Liceo Los Andes,263,2021-10-06,13981,2021-07-22,GALAXY TAB A8 2019 LTE,358893199810090,142205,61,23.0,12.0,no_habidos_61_23_12,Los Andes,Samsung A8/T295,6007,358893199810090,10.a
Liceo Los Andes,263,2021-10-06,13981,2021-07-22,GALAXY TAB A8 2019 LTE,358893199810660,142205,61,23.0,13.0,no_habidos_61_23_13,Los Andes,Samsung A8/T295,6007,358893199810660,10.a
Liceo Los Andes,263,2021-10-06,13981,2021-07-22,GALAXY TAB A8 2019 LTE,358893199809233,142205,61,23.0,14.0,no_habidos_61_23_14,Los Andes,Samsung A8/T295,6007,358893199809233,10.a
Liceo Los Andes,263,2021-10-06,13981,2021-07-22,GALAXY TAB A8 2019 LTE,358893199808730,142205,61,23.0,15.0,no_habidos_61_23_15,Los Andes,Samsung A8/T295,6007,358893199808730,10.a
Liceo Los Andes,263,2021-10-06,13981,2021-07-22,GALAXY TAB A8 2019 LTE,358893199810678,142205,61,23.0,16.0,no_habidos_61_23_16,Los Andes,Samsung A8/T295,6007,358893199810678,10.a
Liceo Los Andes,263,2021-10-06,13981,2021-07-22,GALAXY TAB A8 2019 LTE,358893199810736,142205,61,23.0,17.0,no_habidos_61_23_17,Los Andes,Samsung A8/T295,6007,358893199810736,10.a
Liceo Los Andes,263,2021-10-06,13981,2021-07-22,GALAXY TAB A8 2019 LTE,358893199810819,142205,61,23.0,18.0,no_habidos_61_23_18,Los Andes,Samsung A8/T295,6007,358893199810819,10.a
Liceo Los Andes,263,2021-10-06,13981,2021-07-22,GALAXY TAB A8 2019 LTE,358893199810827,142205,61,23.0,19.0,no_habidos_61_23_19,Los Andes,Samsung A8/T295,6007,358893199810827,10.a
Liceo Los Andes,263,2021-10-06,13981,2021-07-22,GALAXY TAB A8 2019 LTE,358893199810918,142205,61,23.0,20.0,no_habidos_61_23_20,Los Andes,Samsung A8/T295,6007,358893199810918,10.a
Liceo Los Andes,263,2021-10-06,13981,2021-07-22,GALAXY TAB A8 2019 LTE,358893199810926,142205,61,23.0,21.0,no_habidos_61_23_21,Los Andes,Samsung A8/T295,6007,358893199810926,10.a
Liceo Los Andes,263,2021-10-06,13981,2021-07-22,GALAXY TAB A8 2019 LTE,358893199810975,142205,61,23.0,22.0,no_habidos_61_23_22,Los Andes,Samsung A8/T295,6007,358893199810975,10.a
Liceo Los Andes,263,2021-10-06,13981,2021-07-22,GALAXY TAB A8 2019 LTE,358893199811023,142205,61,23.0,23.0,no_habidos_61_23_23,Los Andes,Samsung A8/T295,6007,358893199811023,10.a
Liceo Los Andes,263,2021-10-06,13981,2021-07-22,GALAXY TAB A8 2019 LTE,358893199808508,142205,61,23.0,24.0,no_habidos_61_23_24,Los Andes,Samsung A8/T295,6007,358893199808508,10.a
Liceo Los Andes,263,2021-10-06,13981,2021-07-22,GALAXY TAB A8 2019 LTE,358893199808466,142205,61,23.0,25.0,no_habidos_61_23_25,Los Andes,Samsung A8/T295,6007,358893199808466,10.a
Liceo Los Andes,263,2021-10-06,13981,2021-07-22,GALAXY TAB A8 2019 LTE,358893199808433,142205,61,23.0,26.0,no_habidos_61_23_26,Los Andes,Samsung A8/T295,6007,358893199808433,10.a
Liceo Los Andes,263,2021-10-06,13981,2021-07-22,GALAXY TAB A8 2019 LTE,358893199808268,142205,61,23.0,27.0,no_habidos_61_23_27,Los Andes,Samsung A8/T295,6007,358893199808268,10.a
Liceo Los Andes,263,2021-10-06,13981,2021-07-22,GALAXY TAB A8 2019 LTE,358893199808698,142205,62,24.0,2.0,no_habidos_62_24_2,Los Andes,Samsung A8/T295,6007,358893199808698,10.a
Liceo Los Andes,263,2021-10-06,13981,2021-07-22,GALAXY TAB A8 2019 LTE,358893199815164,142205,62,24.0,3.0,no_habidos_62_24_3,Los Andes,Samsung A8/T295,6007,358893199815164,10.a
Liceo Los Andes,263,2021-10-06,13981,2021-07-22,GALAXY TAB A8 2019 LTE,358893199815099,142205,62,24.0,4.0,no_habidos_62_24_4,Los Andes,Samsung A8/T295,6007,358893199815099,10.a
Liceo Los Andes,263,2021-10-06,13981,2021-07-22,GALAXY TAB A8 2019 LTE,358893199808599,142205,62,24.0,5.0,no_habidos_62_24_5,Los Andes,Samsung A8/T295,6007,358893199808599,10.a
Liceo Los Andes,263,2021-10-06,13981,2021-07-22,GALAXY TAB A8 2019 LTE,358893199808680,142205,62,24.0,6.0,no_habidos_62_24_6,Los Andes,Samsung A8/T295,6007,358893199808680,10.a
Liceo Los Andes,263,2021-10-06,13981,2021-07-22,GALAXY TAB A8 2019 LTE,358893199808755,142205,62,24.0,7.0,no_habidos_62_24_7,Los Andes,Samsung A8/T295,6007,358893199808755,10.a
Liceo Los Andes,263,2021-10-06,13981,2021-07-22,GALAXY TAB A8 2019 LTE,358893199808896,142205,62,24.0,8.0,no_habidos_62_24_8,Los Andes,Samsung A8/T295,6007,358893199808896,10.a
Liceo Los Andes,263,2021-10-06,13981,2021-07-22,GALAXY TAB A8 2019 LTE,358893199809035,142205,62,24.0,9.0,no_habidos_62_24_9,Los Andes,Samsung A8/T295,6007,358893199809035,10.a
Liceo Los Andes,263,2021-10-06,13981,2021-07-22,GALAXY TAB A8 2019 LTE,358893199809050,142205,62,24.0,10.0,no_habidos_62_24_10,Los Andes,Samsung A8/T295,6007,358893199809050,10.a
Liceo Los Andes,263,2021-10-06,13981,2021-07-22,GALAXY TAB A8 2019 LTE,358893199809084,142205,62,24.0,11.0,no_habidos_62_24_11,Los Andes,Samsung A8/T295,6007,358893199809084,10.a
Liceo Los Andes,263,2021-10-06,13981,2021-07-22,GALAXY TAB A8 2019 LTE,358893199809100,142205,62,24.0,12.0,no_habidos_62_24_12,Los Andes,Samsung A8/T295,6007,358893199809100,10.a
Liceo Los Andes,263,2021-10-06,13981,2021-07-22,GALAXY TAB A8 2019 LTE,358893199811783,142205,62,24.0,13.0,no_habidos_62_24_13,Los Andes,Samsung A8/T295,6007,358893199811783,10.a
Liceo Los Andes,263,2021-10-06,13981,2021-07-22,GALAXY TAB A8 2019 LTE,358893199809118,142205,62,24.0,14.0,no_habidos_62_24_14,Los Andes,Samsung A8/T295,6007,358893199809118,10.a
Liceo Los Andes,263,2021-10-06,13981,2021-07-22,GALAXY TAB A8 2019 LTE,358893199809175,142205,62,24.0,15.0,no_habidos_62_24_15,Los Andes,Samsung A8/T295,6007,358893199809175,10.a
Liceo Los Andes,263,2021-10-06,13981,2021-07-22,GALAXY TAB A8 2019 LTE,358893199809266,142205,62,24.0,16.0,no_habidos_62_24_16,Los Andes,Samsung A8/T295,6007,358893199809266,10.a
Liceo Los Andes,263,2021-10-06,13981,2021-07-22,GALAXY TAB A8 2019 LTE,358893199809357,142205,62,24.0,17.0,no_habidos_62_24_17,Los Andes,Samsung A8/T295,6007,358893199809357,10.a
Liceo Los Andes,263,2021-10-06,13981,2021-07-22,GALAXY TAB A8 2019 LTE,358893199809746,142205,62,24.0,18.0,no_habidos_62_24_18,Los Andes,Samsung A8/T295,6007,358893199809746,10.a
Liceo Los Andes,263,2021-10-06,13981,2021-07-22,GALAXY TAB A8 2019 LTE,358893199809779,142205,62,24.0,19.0,no_habidos_62_24_19,Los Andes,Samsung A8/T295,6007,358893199809779,10.a
Liceo Los Andes,263,2021-10-06,13981,2021-07-22,GALAXY TAB A8 2019 LTE,358893199809803,142205,62,24.0,20.0,no_habidos_62_24_20,Los Andes,Samsung A8/T295,6007,358893199809803,10.a
Liceo Los Andes,263,2021-10-06,13981,2021-07-22,GALAXY TAB A8 2019 LTE,358893199808136,142205,62,24.0,21.0,no_habidos_62_24_21,Los Andes,Samsung A8/T295,6007,358893199808136,10.a
Liceo Los Andes,263,2021-10-06,13981,2021-07-22,GALAXY TAB A8 2019 LTE,358893199808037,142205,62,24.0,22.0,no_habidos_62_24_22,Los Andes,Samsung A8/T295,6007,358893199808037,10.a
Liceo Los Andes,263,2021-10-06,13981,2021-07-22,GALAXY TAB A8 2019 LTE,358893199807997,142205,62,24.0,23.0,no_habidos_62_24_23,Los Andes,Samsung A8/T295,6007,358893199807997,10.a
Liceo Los Andes,263,2021-10-06,13981,2021-07-22,GALAXY TAB A8 2019 LTE,358893199807963,142205,62,24.0,24.0,no_habidos_62_24_24,Los Andes,Samsung A8/T295,6007,358893199807963,10.a
Liceo Los Andes,263,2021-10-06,13981,2021-07-22,GALAXY TAB A8 2019 LTE,358893199807930,142205,62,24.0,25.0,no_habidos_62_24_25,Los Andes,Samsung A8/T295,6007,358893199807930,10.a
Liceo Los Andes,263,2021-10-06,13981,2021-07-22,GALAXY TAB A8 2019 LTE,358893199807922,142205,62,24.0,26.0,no_habidos_62_24_26,Los Andes,Samsung A8/T295,6007,358893199807922,10.a
Liceo Los Andes,263,2021-10-06,13981,2021-07-22,GALAXY TAB A8 2019 LTE,358893199807245,142205,62,24.0,27.0,no_habidos_62_24_27,Los Andes,Samsung A8/T295,6007,358893199807245,10.a
Molulco,263,2021-10-06,13981,2021-07-22,GALAXY TAB A8 2019 LTE,358893199809217,142205,63,25.0,2.0,no_habidos_63_25_2,Molulco,Samsung A8/T295,6009,358893199809217,10.a
Molulco,263,2021-10-06,13981,2021-07-22,GALAXY TAB A8 2019 LTE,358893199797396,142205,63,25.0,3.0,no_habidos_63_25_3,Molulco,Samsung A8/T295,6009,358893199797396,10.a
,,,,,,,82367,22,,,tabla3_sin_serie_1,Volcán Llaima,Huawei T3,19927,,10.b
,,,,,,,82367,22,,,tabla3_sin_serie_2,Volcán Llaima,Huawei T3,19927,,10.b
,,,,,,,240190,22,,,tabla4_impresora_1,Molulco,Impresora Epson,6009,,10.c
