RBD,NOM_RBD,NOM_COM_RBD,COD_DEPE,RURAL_RBD,ESTADO_ESTAB,MAT_TOTAL,ENS_01
1,LICEO POLITECNICO ARICA,ARICA,6,0,1,840,463
2,PARVULARIO LAS ESPIGUITAS,ARICA,6,0,1,121,10
3,ESC. PEDRO VICENTE GUTIERREZ TORRES,ARICA,6,1,1,588,165
4,LICEO OCTAVIO PALMA PEREZ,ARICA,6,0,1,1203,310
5,JOVINA NARANJO FERNANDEZ,ARICA,6,0,1,797,110
7,L. POLI. ANTONIO VARAS DE LA BARRA,ARICA,6,0,1,1098,410
8,COLEGIO INTEGRADO EDUARDO FREI MONTALVA,ARICA,6,0,1,691,10
9,ESCUELA REPUBLICA DE ISRAEL,ARICA,6,0,1,1426,10
10,ESCUELA REPUBLICA DE FRANCIA,ARICA,6,0,1,158,10
11,ESC. GRAL. PEDRO LAGOS MARCHANT,ARICA,6,0,1,349,10
12,ESCUELA GRAL JOSE MIGUEL CARRERA,ARICA,6,0,1,326,10
13,ESCUELA MANUEL RODRIGUEZ ERDOYZA,ARICA,6,0,1,262,10
14,ESCUELA ROMULO J. PENA MATURANA,ARICA,6,0,1,362,10
15,LICEO BICENTENARIO ARTISTICO DR. JUAN NOE CREVANI,ARICA,6,0,1,398,110
16,ESCUELA REGIMIENTO RANCAGUA,ARICA,6,0,1,296,10
17,ESCUELA SUBTTE. LUIS CRUZ MARTINEZ,ARICA,6,0,1,426,10
18,ESC. COMTE. JUAN JOSE SAN MARTIN,ARICA,6,0,1,325,10
19,ESC. HUMBERTO VALENZUELA GARCIA,ARICA,6,0,1,299,10
20,ESCUELA TUCAPEL,ARICA,6,0,1,447,10
21,ESCUELA CARLOS GUIRAO MASSIF,ARICA,6,0,3,0,0
22,ESCUELA GABRIELA MISTRAL,ARICA,6,0,1,839,10
25,COLEGIO CENTENARIO DE ARICA,ARICA,6,0,1,827,10
26,ESCUELA REPUBLICA DE ARGENTINA,ARICA,6,0,1,261,10
27,ESCUELA ESMERALDA,ARICA,6,0,1,304,10
28,ESCUELA RICARDO SILVA ARRIAGADA,ARICA,6,0,1,757,10
29,ESCUELA AMERICA,ARICA,6,0,1,601,10
30,ESCUELA DR. RICARDO OLEA GUERRA,ARICA,6,0,1,158,212
31,ESCUELA DARIO SALAS DIAZ,ARICA,6,1,1,393,10
32,LICEO AGRICOLA JOSE ABELARDO NUNEZ M.,ARICA,6,1,1,819,10
33,ESCUELA CARLOS CONDELL DE LA HAZA,ARICA,6,1,1,198,10
35,ESCUELA GRAL. MANUEL BAQUEDANO,ARICA,6,1,1,136,10
36,ESCUELA IGNACIO CARRERA PINTO,ARICA,6,0,1,331,10
38,ESCUELA ESPAÑA,ARICA,6,1,1,498,10
39,ESCUELA PAMPA ALGODONAL,ARICA,6,1,1,79,10
41,ESCUELA VALLE DE CHACA,ARICA,6,1,1,77,110
42,ESCUELA MOLINOS LLUTA,ARICA,6,1,1,25,110
43,JARDIN INFANTIL CEPILLIN,ARICA,3,0,1,26,10
44,JARDIN INFANTIL PEQUENILANDIA,ARICA,3,0,3,0,0
45,COLEGIO ITALIANO SANTA ANA,ARICA,3,0,1,862,10
46,JARDIN INFANTIL SAN ANDRES,ARICA,3,0,3,0,0
47,J.  I. KURUMI,ARICA,4,0,1,0,0
49,JARDIN INFANTIL PADRE LUIS GALLARDO,ARICA,3,0,1,23,10
50,COLEGIO ADVENTISTA DE ARICA,ARICA,3,0,1,536,110
51,ESCUELA PARTICULAR REPÚBLICA DEL ECUADOR,ARICA,3,0,3,0,0
52,LICEO BICENTENARIO DOMINGO SANTA MARIA,ARICA,3,0,1,3962,10
55,JARDIN INFANTIL MONTESSORI GARDEN,ARICA,3,0,3,0,0
56,COLEGIO SAN MARCOS DE ARICA,ARICA,3,0,1,997,10
57,JARDIN INFANTIL ZORZALITO,ARICA,3,0,3,0,0
58,JARDIN INFANTIL PETETE J.M. BORGOÐO,ARICA,3,0,2,0,0
59,COLEGIO SAN JORGE,ARICA,4,0,1,525,10
60,COLEGIO ALEMAN DE ARICA,ARICA,3,0,1,1000,10
65,J.  I.  SOLDADITO DE PLOMO,ARICA,4,0,2,0,0
66,JARDIN INFANTIL PLUTO,ARICA,3,0,1,1,10
67,ABRAHAM LINCOLN SCHOOL,ARICA,3,0,1,762,10
69,JUNIOR COLLEGE,ARICA,4,0,1,739,10
70,ESCUELA VALLE DE ESQUINA,CAMARONES,6,1,1,10,110
72,LICEO VALLE DE CODPA,CAMARONES,6,1,1,76,110
73,ESCUELA VALLE DE COBIJA,CAMARONES,6,1,1,0,0
74,ESCUELA VALLE DE CAMARONES,CAMARONES,6,1,1,12,110
75,ESCUELA VALLE DE GUANACAGUA,CAMARONES,6,1,1,2,110
76,ESCUELA VALLE DE CUYA,CAMARONES,6,1,1,6,110
78,LICEO GRANADEROS,PUTRE,6,1,1,239,10
79,ESCUELA EL MARQUEZ,PUTRE,6,1,1,6,110
81,ESCUELA PAYACHATAS,PUTRE,6,1,1,2,110
82,ESCUELA SAN FRANCISCO DE ASIS,PUTRE,6,1,1,3,110
83,ESCUELA COTA COTANI,PUTRE,6,1,1,0,0
84,ESCUELA LOS ALAMOS,PUTRE,6,1,1,3,110
86,ESCUELA SAN SANTIAGO DE BELEN,PUTRE,6,1,1,4,110
87,ESCUELA ANCOLACANE,GENERAL LAGOS,6,1,1,4,110
88,ESCUELA ALCERRECA,GENERAL LAGOS,6,1,1,0,0
89,ESCUELA HUMAPALCA,GENERAL LAGOS,6,1,1,4,110
90,ESCUELA INTERNADO VISVIRI,GENERAL LAGOS,6,1,1,48,110
91,ESCUELA COSAPILLA,GENERAL LAGOS,6,1,1,4,110
92,ESCUELA CHISLLUMA,GENERAL LAGOS,6,1,1,4,110
93,ESCUELA CHUJLLUTA,GENERAL LAGOS,6,1,1,5,110
94,ESCUELA GUACOYO,GENERAL LAGOS,6,1,1,7,110
95,ESCUELA COLPITAS,GENERAL LAGOS,6,1,1,1,110
97,INST. COM. DE IQUIQUE BALDOMERO WOLNITZKY,IQUIQUE,6,0,1,608,410
98,CENTRO DE DIAGNOSTICO,IQUIQUE,3,0,3,0,0
100,ESCUELA,IQUIQUE,6,0,3,0,0
101,HOGAR ESTUDIANTIL,IQUIQUE,6,0,3,0,0
102,ESC.EDUC.ESPECIAL FLOR DEL INCA,IQUIQUE,6,0,1,181,212
103,ESC.EDUC.GRAL.BAS.Y DES.ART.VIOLETA PARRA,IQUIQUE,6,0,1,490,110
105,CENTRO DE CAPACITACION LABORAL,IQUIQUE,6,0,1,68,212
106,INSTITUTO DEL MAR ALMIRANTE CARLOS CONDEL,IQUIQUE,5,0,1,557,110
107,LICEO LIBERT. GRAL.BERNARDO O´HIGGINS,IQUIQUE,6,0,1,639,110
108,LICEO POLITEC. JOSE GUTIERREZ DE LA FUEN,IQUIQUE,6,0,1,722,510
109,COLEGIO DEPORTIVO TEC. PROF. ELENA DUVAUCHELLE CABEZON,IQUIQUE,6,0,1,923,110
110,LICEO BICENTENARIO DOMINGO SANTA MARIA DE IQQ.,IQUIQUE,6,0,1,936,10
111,ESCUELA GABRIELA MISTRAL,IQUIQUE,6,0,1,662,10
112,ESCUELA EDUARDO LLANOS,IQUIQUE,6,0,1,668,10
113,ESCUELA ALMIRANTE PATRICIO LYNCH,IQUIQUE,6,0,1,927,10
114,ESCUELA PLACIDO VILLARROEL,IQUIQUE,6,0,1,503,10
115,ESCUELA JAVIERA CARRERA VERDUGO,IQUIQUE,6,0,2,0,0
116,COLEGIO REPUBLICA DE CROACIA,IQUIQUE,6,0,1,689,10
117,ESCUELA PAULA JARAQUEMADA ALQUIZAR,IQUIQUE,6,0,1,674,10
119,ESCUELA CENTENARIO,IQUIQUE,6,0,1,658,10
120,LICEO COM.Y TEC.ARTURO PRAT CHACON,IQUIQUE,6,0,2,0,0
122,ESCUELA THILDA PORTILLO OLIVARES,IQUIQUE,6,0,1,308,10
123,COLEGIO ESPANA,IQUIQUE,6,0,1,554,10
124,LICEO LUIS CRUZ MARTINEZ,IQUIQUE,6,0,1,1170,310
125,ESCUELA PROFESOR MANUEL CASTRO RAMOS,IQUIQUE,6,0,1,1090,10
126,COLEGIO REPUBLICA DE ITALIA,IQUIQUE,6,0,1,661,10
127,LICEO MARIA AUXILIADORA,IQUIQUE,3,0,1,879,110
128,JARDIN INFANTIL LITTLE GARDEN,IQUIQUE,3,0,3,0,0
129,LICEO SUPERIOR GABRIELA MISTRAL,IQUIQUE,3,0,1,320,10
130,COLEGIO NORTH COLLEGE,IQUIQUE,3,0,1,352,110
131,COLEGIO ESCASCE,IQUIQUE,3,0,1,397,110
132,COLEGIO BAJO MOLLE,IQUIQUE,3,0,1,1863,10
133,COLEGIO ADVENTISTA DE IQUIQUE,IQUIQUE,3,0,1,742,10
134,LICEO ATENEA,IQUIQUE,3,0,1,339,110
136,J.  I.  CAPULLITO,IQUIQUE,4,0,1,0,0
138,COLEGIO HERMANOS CARRERA,IQUIQUE,4,0,3,0,0
139,JARDIN INFANTIL CONEJITO,IQUIQUE,4,0,1,0,0
143,LICEO TRINITY COLLEGE,IQUIQUE,4,0,3,0,0
144,COLEGIO IQUIQUE YOUNG SCHOOL,IQUIQUE,3,0,1,357,110
145,HISPANO BRITANICO,IQUIQUE,4,0,3,0,0
147,COLEGIO DON BOSCO,IQUIQUE,4,0,3,0,0
148,IQUIQUE ENGLISH COLLEGE,IQUIQUE,4,0,3,0,0
150,LICEO AMERICAN COLLEGE,IQUIQUE,4,0,3,0,0
151,CINDERELLA S SCHOOL,IQUIQUE,4,0,3,0,0
154,ESCUELA BASICA FRONTERIZA,HUARA,2,1,1,39,110
156,ESCUELA PISAGUA,HUARA,2,1,1,41,10
158,ESCUELA CHIAPA,HUARA,2,1,1,3,110
159,ESCUELA JAINA,HUARA,2,1,1,4,110
160,ESCUELA PACHICA,HUARA,2,1,1,47,10
161,LICEO DE HUARA,HUARA,2,1,1,506,10
162,ESCUELA SIBAYA,HUARA,2,1,1,53,110
165,ESCUELA CHUSMIZA,HUARA,2,1,1,2,110
167,ESCUELA CAMINA,CAMIÑA,2,1,1,153,10
168,ESCUELA CUISAMA,CAMIÑA,2,1,1,4,110
169,ESCUELA QUISTAGAMA,CAMIÑA,2,1,1,5,110
170,ESCUELA NAMA,CAMIÑA,2,1,1,8,110
171,ESCUELA APAMILCA,CAMIÑA,2,1,1,7,110
172,ESCUELA CHAPIQUILTA,CAMIÑA,2,1,1,7,110
173,ESCUELA MOQUELLA,CAMIÑA,2,1,1,12,110
174,ESCUELA FRANCIA,CAMIÑA,2,1,1,22,110
175,ESCUELA YALA YALA,CAMIÑA,2,1,1,4,110
177,ESCUELA BASICA CARIQUIMA,COLCHANE,2,1,1,16,110
178,LICEO TECNICO PROFESIONAL COLCHANE,COLCHANE,2,1,1,200,10
179,ESCUELA BASICA MAUQUE,COLCHANE,2,1,1,0,0
184,ESCUELA BASICA ESCAPINA,COLCHANE,2,1,3,0,0
185,ESCUELA BASICA PISIGA-CHOQUE,COLCHANE,2,1,1,8,110
186,ESCUELA BASICA ENQUELGA,COLCHANE,2,1,1,6,110
187,ESCUELA VERTIENTE DEL SABER,PICA,2,1,1,299,10
188,ESC. MATILLA DE NUEVA EXTREMADURA,PICA,2,1,1,235,10
191,LIC. ALCDE.SERGIO GONZALEZ GUTIERREZ,POZO ALMONTE,1,1,1,951,310
192,ESCUELA BASICA MAMINA,POZO ALMONTE,1,1,1,28,10
193,ESCUELA BASICA POZO ALMONTE,POZO ALMONTE,1,1,1,697,10
195,ESCUELA BASICA LA TIRANA,POZO ALMONTE,1,1,1,300,10
196,ESCUELA BASICA HUATACONDO,POZO ALMONTE,1,1,1,13,110
198,ESCUELA BASICA LA HUAYCA,POZO ALMONTE,1,1,1,113,10
199,LICEO DOMINGO LATRILLE LASTAUNOU,TOCOPILLA,2,0,1,710,110
200,LICEO POLITÉCNICO BICENTENARIO DE EXCELENCIA DIEGO PORTALES PALAZUELOS,TOCOPILLA,2,0,1,714,310
201,ESCUELA CARLOS CONDELL DE LA HAZA,TOCOPILLA,2,0,1,536,10
203,ESCUELA PABLO NERUDA,TOCOPILLA,2,0,1,478,10
204,ESCUELA L.GRAL.BERNARDO O´HIGGINS R.,TOCOPILLA,2,0,1,668,10
205,ESCUELA ARTURO PRAT CHACON,TOCOPILLA,2,0,1,420,10
206,ESCUELA ESTADOS UNIDOS DE NORTEAMERICA,TOCOPILLA,2,0,1,351,10
207,ESC. ESPECIAL PEDRO AGUIRRE CERDA,TOCOPILLA,2,0,1,84,212
208,COLEGIO BICENTENARIO SAGRADA FAMILIA,TOCOPILLA,3,0,1,1187,10
209,ESC. PARV. EL CAMELLITO,TOCOPILLA,4,0,3,0,0
210,ESCUELA ARTURO PEREZ CANTO,MARÍA ELENA,2,0,1,663,10
211,LICEO H.C. T.P. MARIA ELENA,MARÍA ELENA,2,0,1,295,310
214,ESCUELA IGNACIO CARRERA PINTO,MARÍA ELENA,2,1,1,28,110
217,LICEO BICENTENARIO LUIS CRUZ MARTINEZ,CALAMA,1,0,1,1036,310
218,LICEO FRANCISCO DE AGUIRRE,CALAMA,1,0,1,504,310
219,LICEO BICENTENARIO POLITECNICO CESAREO AGUIRRE GOYENECHEA,CALAMA,1,0,1,1047,510
220,LICEO MINERO AMÉRICA,CALAMA,1,0,1,1011,510
222,CENTRO EDUC.INTEGRAL DE ADULTOS C.E.I.A,CALAMA,1,0,1,514,165
223,ESCUELA CLAUDIO ARRAU,CALAMA,1,0,1,678,110
224,ESCUELA GRECIA,CALAMA,1,0,1,966,110
225,ESCUELA REPUBLICA DE BOLIVIA,CALAMA,1,0,1,980,110
226,ESCUELA BASICA EMILIO SOTOMAYOR,CALAMA,1,0,1,982,110
227,ESCUELA BASICA PRESIDENTE BALMACEDA,CALAMA,1,0,1,1555,110
228,ESCUELA BASICA VADO DE TOPATER,CALAMA,1,0,1,617,110
229,ESCUELA REPUBLICA DE CHILE,CALAMA,1,0,1,897,110
230,ESCUELA BASICA ANDRES BELLO,CALAMA,1,0,1,637,110
231,ESCUELA BASICA JOHN FITZGERALD KENNEDY,CALAMA,1,0,1,715,110
232,ESCUELA BASICA PEDRO VERGARA KELLER,CALAMA,1,0,1,643,110
234,ESCUELA REPUBLICA DE ECUADOR,CALAMA,1,0,3,0,0
235,ESCUELA JARDIN INFANTIL EL PRINCIPITO,CALAMA,1,0,3,0,0
236,ESCUELA DE PARVULOS LAS ABEJITAS,CALAMA,1,0,1,219,10
237,ESCUELA DE PARVULOS LLAMITO BLANCO,CALAMA,1,0,1,250,10
238,ESCUELA DIFERENCIAL LOA,CALAMA,1,0,1,190,212
239,ESCUELA BASICA 21 DE MAYO,CALAMA,1,0,1,669,110
240,ESCUELA BASICA REPUBLICA DE FRANCIA,CALAMA,1,0,1,631,110
241,ESCUELA PARVULARIA LAS ARDILLAS,CALAMA,1,0,1,199,10
243,ESCUELA BASICA PUKARA,CALAMA,1,1,1,27,110
244,ESCUELA DE PARVULOS LOS ENANITOS,CALAMA,1,0,1,269,10
245,ESCUELA DE PARVULOS PAPELUCHO,CALAMA,1,0,1,120,10
246,ESCUELA BASICA SENORA DE LA CANDELARIA,CALAMA,1,1,1,21,10
248,ESCUELA BASICA SAN JOSE,CALAMA,1,1,1,9,110
249,ESCUELA BASICA SAN ANDRES,CALAMA,1,1,2,0,0
251,ESCUELA BASICA SAN SANTIAGO,CALAMA,1,1,3,0,0
252,ESCUELA BASICA SAN FRANCISCO,CALAMA,1,1,1,107,110
253,COLEGIO ADVENTISTA DE CALAMA,CALAMA,3,0,1,1067,10
254,FUNDACION EDUCACIONAL COLEGIO NUESTRA SEÑORA DE AYQUINA,CALAMA,3,0,1,910,110
255,COLEGIO EJERCITO DE SALVACION,CALAMA,3,0,1,1189,10
256,INSTITUTO OBISPO SILVA LEZAETA,CALAMA,3,0,1,1800,110
257,COLEGIO CHUQUICAMATA,CALAMA,4,0,1,1068,110
259,ESC. PARV. JESUS DE NAZARETH,CALAMA,4,0,1,33,10
261,ESCUELA DE PARRVULOS CAPITAN RAFAEL TORREBLANCA,CALAMA,4,0,3,0,0
262,ESCUELA DE PARVULOS MICKEY MOUSE,CALAMA,3,0,1,196,10
265,ESCUELA DE PARVULOS LOS CONEJITOS,CALAMA,1,0,1,133,10
268,ESC. BASICA RURAL SAN ANTONIO DE PADUA,OLLAGÜE,2,1,1,47,110
269,ESCUELA BASICA SAN PEDRO DE ATACAMA,SAN PEDRO DE ATACAMA,2,0,1,1021,10
270,COMPLEJO EDUCACIONAL TOCONAO,SAN PEDRO DE ATACAMA,2,1,1,331,10
271,ESCUELA BASICA CAMAR,SAN PEDRO DE ATACAMA,2,1,1,11,110
273,ESCUELA BASICA SOLOR,SAN PEDRO DE ATACAMA,2,1,1,30,110
274,ESCUELA BASICA SAN ROQUE,SAN PEDRO DE ATACAMA,2,1,1,22,110
275,ESCUELA BASICA ANDINA,SAN PEDRO DE ATACAMA,2,1,1,3,110
276,ESCUELA BASICA TALABRE,SAN PEDRO DE ATACAMA,2,1,1,7,110
277,ESCUELA BASICA SAN BARTOLOME,SAN PEDRO DE ATACAMA,2,1,1,35,10
279,LICEO INDUSTRIAL EULOGIO GORDO MONEO,ANTOFAGASTA,1,0,1,2073,510
280,LICEO COMERCIAL JERARDO MUNOZ CAMPOS,ANTOFAGASTA,1,0,1,1492,110
282,LICEO A. RENDIC I. ANEXO C. REHABILIT. SOCIAL,ANTOFAGASTA,1,0,1,16,165
283,LICEO TECNICO ANTOFAGASTA,ANTOFAGASTA,1,0,1,1160,610
284,LICEO DE HOMBRES DE ANTOFAGASTA MARIO BAHAMONDE SILVA,ANTOFAGASTA,1,0,1,1227,10
285,LICEO BICENTENARIO MARTA NAREA DIAZ,ANTOFAGASTA,1,0,1,1053,10
286,LICEO LA PORTADA,ANTOFAGASTA,1,0,1,858,310
287,LICEO DOMINGO HERRERA RIVERA,ANTOFAGASTA,1,0,1,1019,110
288,ESCUELA JAPON,ANTOFAGASTA,1,0,1,969,110
289,ESCUELA ESPANA,ANTOFAGASTA,1,0,1,671,10
291,ESCUELA PADRE GUSTAVO LE PAIGE DE WALQUE,ANTOFAGASTA,1,0,1,1046,10
292,ESCUELA REPUBLICA DE ITALIA,ANTOFAGASTA,1,0,1,820,10
293,ESCUELA JOSE PAPIC RADNIC,ANTOFAGASTA,1,0,1,1235,10
294,ESCUELA PROFESORA LJUBICA DOMIC WUTH,ANTOFAGASTA,1,0,1,767,110
296,ESCUELA REPUBLICA DE LOS ESTADOS UNIDOS,ANTOFAGASTA,1,0,1,617,10
297,ESCUELA ALCALDE MAXIMILIANO POBLETE,ANTOFAGASTA,1,0,1,617,10
298,ESCUELA DARIO SALAS DIAZ,ANTOFAGASTA,1,0,1,564,10
299,ESCUELA GRECIA,ANTOFAGASTA,1,0,3,0,0
301,ESCUELA ROMULO J. PENA MATURANA,ANTOFAGASTA,1,0,1,621,10
302,ESCUELA JUAN LOPEZ,ANTOFAGASTA,1,0,1,594,10
303,ESCUELA REPUBLICA ARGENTINA,ANTOFAGASTA,1,0,1,503,10
304,LICEO BICENTENARIO ANDRÉS SABELLA,ANTOFAGASTA,1,0,1,1334,10
305,ESCUELA HUMBERTO GONZALEZ ECHEGOYEN,ANTOFAGASTA,1,0,1,1019,10
306,ESCUELA HUANCHACA,ANTOFAGASTA,1,0,1,330,10
307,ESCUELA DE PARVULOS MARCELA PAZ,ANTOFAGASTA,1,0,1,249,10
308,ESCUELA DE ADULTOS DR.ANTONIO RENDIC,ANTOFAGASTA,1,0,3,0,0
310,ESCUELA CLAUDIO MATTE PEREZ,ANTOFAGASTA,1,0,1,529,10
311,ESC DIFERENCIAL JUAN SANDOVAL CARRASCO,ANTOFAGASTA,1,0,1,201,212
312,ESCUELA ECUADOR,ANTOFAGASTA,1,0,1,704,10
313,ESCUELA ARTURO PRAT,ANTOFAGASTA,1,0,1,1227,10
315,ESCUELA HEROES DE LA CONCEPCION,ANTOFAGASTA,1,0,1,513,10
316,ESCUELA LAS AMERICAS PROFESOR JUSTO VALLADARES ORELLANA,ANTOFAGASTA,1,0,1,413,10
317,ESCUELA LAS ROCAS,ANTOFAGASTA,1,0,1,1026,10
318,ESCUELA EDDA CUNEO DONNAGIO,ANTOFAGASTA,1,0,1,318,10
319,ESCUELA LA BANDERA,ANTOFAGASTA,1,0,1,879,10
320,LICEO ARTISTICO DE ANTOFAGASTA `ARMANDO CARRERA GONZALEZ`,ANTOFAGASTA,1,0,1,941,10
321,ESCUELA BASICA SIMON BOLIVAR PALACIOS,ANTOFAGASTA,1,0,3,0,0
322,ESCUELA GENERAL MANUEL BAQUEDANO,ANTOFAGASTA,1,0,1,592,10
324,ESCUELA FUNDACION MINERA ESCONDIDA,ANTOFAGASTA,1,0,1,509,10
326,ESCUELA SANTIAGO AMENGUAL B.,ANTOFAGASTA,1,0,1,619,10
327,ESCUELA PEDRO AGUIRRE CERDA,ANTOFAGASTA,1,0,3,0,0
329,LICEO BICENTENARIO INSTITUTO JOSÉ MAZA SANCHO,ANTOFAGASTA,1,0,1,655,10
330,ESCUELA DE PARVULOS LOS PINGUINITOS,ANTOFAGASTA,1,0,1,154,10
332,ESCUELA GABRIELA MISTRAL,ANTOFAGASTA,1,0,1,560,10
333,ESCUELA DE PARVULOS BLANCA NIEVES,ANTOFAGASTA,1,0,1,220,10
335,COLEGIO MISIONERO JOSE LANCASTER,ANTOFAGASTA,3,0,1,624,10
336,LICEO EXPERIMENTAL ARTISTICO-APLICACION,ANTOFAGASTA,3,0,1,1341,110
337,COLEGIO SANTA TERESITA,ANTOFAGASTA,3,0,1,979,110
340,CENTRO TRATAMIEN.INTEGRAL RAYITO DE SOL,ANTOFAGASTA,3,0,1,132,212
341,COLEGIO ADVENTISTA DE ANTOFAGASTA,ANTOFAGASTA,3,0,1,798,110
342,COLEGIO INGLES SAN JOSE,ANTOFAGASTA,3,0,1,1326,10
343,ESCUELA PRESBITERIANA,ANTOFAGASTA,3,0,1,683,10
344,COLEGIO SANTA EMILIA,ANTOFAGASTA,3,0,1,985,10
349,ESC. PARV. LAS ARDILLITAS 1,ANTOFAGASTA,4,0,1,0,0
350,COLEGIO LIDIA MORENO,ANTOFAGASTA,3,0,1,749,110
352,ESC. PARV. PAPELUCHO,ANTOFAGASTA,4,0,1,0,0
353,ESC. PARV. GRETCHEN,ANTOFAGASTA,4,0,2,0,0
354,COL. KID'S SCHOOL,ANTOFAGASTA,4,0,1,0,0
355,COLEGIO BINACIONAL CHILENO AMERICANO DE ANTOFAGASTA(EX INS. CHILENO NORTEAMERICANO CULTURA),ANTOFAGASTA,4,0,3,0,0
356,COLEGIO CORAZON DE MARIA,ANTOFAGASTA,3,0,1,1111,10
357,COL. SAN LUIS,ANTOFAGASTA,4,0,1,1000,10
358,INS. SANTA MARIA,ANTOFAGASTA,4,0,1,444,10
361,COL. THE ANTOFAGASTA BRITISH SCHOOL,ANTOFAGASTA,4,0,1,909,10
363,COL. GIANT,ANTOFAGASTA,4,0,3,0,0
364,COL. ANTOFAGASTA,ANTOFAGASTA,4,0,1,670,10
365,COLEGIO EAGLE SCHOOL,ANTOFAGASTA,3,0,1,875,10
366,HRVATSKA SKOLA S. ESTEBAN (EX-J. SKOLA),ANTOFAGASTA,4,0,1,1056,10
367,COMPLEJO EDUCATIVO JUAN JOSE LATORRE BENAVENT,MEJILLONES,2,0,1,1678,10
368,ESCUELA BASICA JULIA HERRERA VARAS,MEJILLONES,2,0,1,1202,10
369,ESCUELA LUCILA GODOY ALCAYAGA,MEJILLONES,2,1,1,17,110
370,ESCUELA ESTACION BAQUEDANO,SIERRA GORDA,2,0,1,165,10
371,COMPLEJO EDUCATIVO CARACOLES,SIERRA GORDA,2,0,1,163,10
372,LICEO POLITECNICO JOSE MIGUEL QUIROZ,TALTAL,2,0,1,489,110
373,LICEO JUAN CORTES-MONROY CORTES,TALTAL,2,0,1,520,110
374,ESCUELA HOGAR VICTORIANO QUINTEROS SOTO,TALTAL,2,0,1,434,10
375,ESCUELA VICTOR CARVAJAL MEZA,TALTAL,2,0,1,539,10
377,ESCUELA PARANAL,TALTAL,2,1,1,31,110
378,ESCUELA PARTICULAR BERNARDO O'HIGGINS,TALTAL,3,0,3,0,0
379,LICEO FEDERICO VARELA,CHAÑARAL,6,0,1,718,310
380,ESCUELA BÁSICA DIEGO PORTALES PALAZUELOS,CHAÑARAL,6,0,1,314,10
381,ESCUELA BÁSICA PEDRO LUJAN,CHAÑARAL,6,0,1,136,10
382,"ESCUELA GASPAR CABRALES, ARTÍSTICA Y DEPORTIVA",CHAÑARAL,6,0,1,352,10
383,ESCUELA BÁSICA DIFERENCIAL JOSÉ LUIS OLIVARES ARANCIBIA,CHAÑARAL,6,0,1,61,212
384,LICEO BICENTENARIO  MANUEL MAGALHAES MEDLING,DIEGO DE ALMAGRO,6,0,1,546,310
385,ESCUELA DE POTRERILLOS,DIEGO DE ALMAGRO,6,0,3,0,0
386,ESCUELA ALIRO LAMAS CASTILLO,DIEGO DE ALMAGRO,6,0,1,597,10
387,ESCUELA BÁSICA EMPERATRIZ SEPÚLVEDA LANDEROS,DIEGO DE ALMAGRO,6,1,1,36,110
388,COLEGIO MATILDE TRASLAVINA VILLALON,DIEGO DE ALMAGRO,3,1,3,0,0
389,ESCUELA ESPECIAL ROSITA AZUL,DIEGO DE ALMAGRO,3,0,3,0,0
390,ESCUELA COEDUCACIONAL PARTICULAR,DIEGO DE ALMAGRO,3,0,1,527,10
391,ESCUELA COEDUCACIONAL PARTICULAR OSCAR Y,DIEGO DE ALMAGRO,3,0,3,0,0
392,LICEO DIEGO DE ALMEIDA,DIEGO DE ALMAGRO,3,0,1,589,110
396,INSTITUTO COMERCIAL ALEJANDRO RIVERA DÍAZ,COPIAPÓ,6,0,1,810,410
397,LICEO TÉCNICO PROFESIONAL EDWIN LATORRE RIVERO,COPIAPÓ,6,0,1,121,165
399,LICEO JOSÉ ANTONIO CARVAJAL,COPIAPÓ,6,0,1,993,310
400,LICEO BICENTENARIO MERCEDES FRITIS MACKENNEY,COPIAPÓ,6,0,1,985,110
401,ESCUELA BERNARDO O HIGGINS,COPIAPÓ,6,0,1,840,10
402,ESCUELA RUDECINDO ARMANDO PENA CARRASCO,COPIAPÓ,6,0,3,0,0
403,ESCUELA LAURA ROBLES SILVA,COPIAPÓ,6,0,1,525,10
404,ESCUELA EDUCACIÓN DIFERENCIAL MARÍA LUZ LANZA PIZARRO,COPIAPÓ,6,0,1,143,212
405,ESCUELA LOS ESTANDARTES,COPIAPÓ,6,0,1,578,10
406,ESCUELA VICENTE SEPÚLVEDA ROJO,COPIAPÓ,6,0,1,763,10
407,ESCUELA JESÚS FERNÁNDEZ HIDALGO,COPIAPÓ,6,0,1,384,10
408,ESCUELA PEDRO LEÓN GALLO,COPIAPÓ,6,0,1,955,10
410,ESCUELA JOSÉ MANSO DE VELASCO,COPIAPÓ,6,0,1,622,10
411,ESCUELA LAS CANTERAS,COPIAPÓ,6,0,1,600,10
413,ESCUELA LAS BRISAS,COPIAPÓ,6,0,1,201,10
415,LICEO DE MÚSICA DE COPIAPÓ HUGO GARRIDO GAETE,COPIAPÓ,6,0,1,962,110
416,ESCUELA ABRAHAM SEPÚLVEDA PIZARRO,COPIAPÓ,6,0,1,699,10
417,COLEGIO BUEN PASTOR,COPIAPÓ,6,0,1,689,10
418,ESCUELA ISABEL PEÑA MORALES,COPIAPÓ,6,0,1,885,10
419,ESCUELA HERNÁN MÁRQUEZ HUERTA,COPIAPÓ,6,0,1,646,10
420,LICEO FERNANDO ARIZTÍA RUIZ,COPIAPÓ,6,0,1,1675,10
421,ESCUELA BRUNO ZAVALA FREDES,COPIAPÓ,6,0,1,944,10
423,ESCUELA SAN PEDRO,COPIAPÓ,6,1,1,373,10
427,ESCUELA LUIS CRUZ MARTÍNEZ,COPIAPÓ,6,0,1,407,10
429,LICEO CATÓLICO ATACAMA,COPIAPÓ,3,0,1,2151,10
430,LICEO POLITÉCNICO BELÉN,COPIAPÓ,3,0,1,1025,10
431,LICEO SAGRADO CORAZÓN,COPIAPÓ,3,0,1,877,10
433,COLEGIO ADVENTISTA DE COPIAPÓ,COPIAPÓ,3,0,1,1026,110
434,ESCUELA SAN VICENTE DE PAUL,COPIAPÓ,3,0,1,851,10
435,COLEGIO PARTIC. LUIS KATUNAR ZAFARANIC,COPIAPÓ,4,0,3,0,0
437,ESCUELA TÉCNICO PROFESIONAL,COPIAPÓ,3,0,1,1233,310
438,LICEO MANUEL BLANCO ENCALADA,CALDERA,6,0,1,619,310
439,ESCUELA TOTORAL,COPIAPÓ,6,1,1,3,110
440,COLEGIO PARROQUIAL PADRE NEGRO,CALDERA,3,0,1,1165,10
441,ESCUELA DE CONCENTRACIÓN,TIERRA AMARILLA,6,0,1,174,10
442,ESCUELA VICTOR MANUEL SÁNCHEZ CABAÑAS,TIERRA AMARILLA,6,0,1,406,10
444,ESCUELA LUIS URIBE ORREGO,TIERRA AMARILLA,6,0,1,304,10
445,ESCUELA PAUL HARRIS,TIERRA AMARILLA,6,1,1,45,10
446,ESCUELA AMOLANAS,TIERRA AMARILLA,6,1,1,34,10
447,ESCUELA SAN ANTONIO,TIERRA AMARILLA,6,1,1,5,110
448,LICEO PEDRO TRONCOSO MACHUCA,VALLENAR,6,0,1,878,310
449,LICEO JOSÉ SANTOS OSSA,VALLENAR,6,0,1,631,510
450,ESCUELA HERMANOS CARRERA,VALLENAR,6,0,1,290,10
452,ESCUELA GABRIELA MISTRAL,VALLENAR,6,0,1,388,10
453,ESCUELA IGNACIO CARRERA PINTO,VALLENAR,6,0,1,754,10
454,ESCUELA GREGORIO CASTILLO MARÍN,VALLENAR,6,0,1,883,10
455,ESCUELA REPÚBLICA DE LOS ESTADOS UNIDOS,VALLENAR,6,0,1,353,10
456,ESCUELA EDUCACIÓN DIFERENCIAL LUIS IRIARTE IRIARTE,VALLENAR,6,0,1,104,212
458,ESCUELA ARTURO PÉREZ CANTO,VALLENAR,6,0,1,344,10
459,ESCUELA BÁSICA ESPAÑA,VALLENAR,6,0,1,470,10
461,ESCUELA LUIS CRUZ MARTÍNEZ,VALLENAR,6,0,1,311,10
462,ESCUELA JOSÉ CAROCA LAFLOR,VALLENAR,6,0,1,377,10
463,ESCUELA BÁSICA ROBERTO CUADRA ALQUINTA,VALLENAR,6,0,1,126,10
464,ESCUELA BÁSICA GUALBERTO KONG FERNÁNDEZ,VALLENAR,6,0,1,613,10
466,ESCUELA BASICA JAVIERA CARRERA,VALLENAR,6,1,2,0,0
467,ESCUELA HERNÁN ARAVENA CONTRERAS,VALLENAR,6,1,1,5,110
468,ESCUELA BÁSICA IGNACIO FRANCO GALLO,VALLENAR,6,1,1,19,110
469,ESCUELA BÁSICA JUSTINO LEIVA AMOR,VALLENAR,6,1,1,40,110
471,ESCUELA BÁSICA SARA BEMBOW VILLEGAS,VALLENAR,6,1,1,61,10
472,ESCUELA DE HACIENDA LAS VENTANAS,VALLENAR,6,1,3,0,0
475,ESCUELA BASICA CAMARONES,VALLENAR,6,1,3,0,0
476,ESCUELA BÁSICA SOR TERESA DE LOS ANDES,VALLENAR,6,1,1,71,10
477,ESCUELA HIPOLITO CORTES GARROTE,ALTO DEL CARMEN,6,1,3,0,0
478,LICEO SANTA MARTA,VALLENAR,3,0,1,1218,10
479,LICEO SAN FRANCISCO,VALLENAR,3,0,1,975,10
480,COLEGIO INGLES LAICO,VALLENAR,4,0,3,0,0
481,ESCUELA BÁSICA ALEJANDRO NOEMI HUERTA,FREIRINA,6,0,1,370,10
482,ESCUELA FORTUNATO SOZA RODRÍGUEZ,FREIRINA,6,1,1,54,10
483,ESCUELA SAMUEL E. CASTILLO LOPEZ,FREIRINA,6,1,1,54,110
484,ESCUELA DE MAITENCILLO,FREIRINA,6,1,1,75,10
485,ESCUELA BÁSICA YERBAS BUENAS,VALLENAR,6,1,1,16,110
486,LICEO JAPÓN,HUASCO,6,0,1,508,310
487,ESCUELA BÁSICA JOSÉ MIGUEL CARRERA,HUASCO,6,0,1,391,10
489,ESCUELA EL OLIVAR,HUASCO,6,0,1,377,10
490,ESCUELA PABLO NERUDA,HUASCO,6,1,1,13,110
492,COLEGIO PARTICULAR ENGLISH COLLEGE,HUASCO,3,0,1,274,10
493,ESCUELA EDUCADOR ARTURO ALVEAR RAMOS,ALTO DEL CARMEN,6,1,1,186,10
495,ESCUELA AGLADE MARÍN VARGAS,ALTO DEL CARMEN,6,1,1,9,110
496,ESCUELA DE CHOLLAY,ALTO DEL CARMEN,6,1,1,13,110
497,ESCUELA DE LA PAMPA,ALTO DEL CARMEN,6,1,1,10,110
498,ESCUELA ALGARROBILLA,ALTO DEL CARMEN,6,1,1,2,110
499,ESCUELA RICARDO CAMPILLAY CONTRERAS,ALTO DEL CARMEN,6,1,1,203,10
500,ESCUELA BÁSICA RURAL EL TAMBO,ALTO DEL CARMEN,6,1,1,7,110
501,ESCUELA DE RETAMO,ALTO DEL CARMEN,6,1,3,0,0
502,ESCUELA DE LAS MARQUESAS,ALTO DEL CARMEN,6,1,1,6,110
503,ESCUELA DE LAS BREAS,ALTO DEL CARMEN,6,1,1,6,110
504,ESCUELA GABRIELA MISTRAL,ALTO DEL CARMEN,6,1,1,14,110
505,ESCUELA,ALTO DEL CARMEN,6,0,3,0,0
506,ESCUELA DE LOS PERALES,ALTO DEL CARMEN,6,1,2,0,0
508,ESCUELA DE CHIGUINTO,ALTO DEL CARMEN,6,1,1,5,110
509,ESCUELA BÁSICA ALDECIRA ALVAREZ A.,ALTO DEL CARMEN,6,1,2,0,0
511,ESCUELA ALICIA FREDES,ALTO DEL CARMEN,6,1,3,0,0
512,ESCUELA DE LA VEGA,ALTO DEL CARMEN,6,1,3,0,0
513,ESCUELA DE LA HIGUERITA,ALTO DEL CARMEN,6,1,3,0,0
514,ESCUELA DE EL CORRAL,ALTO DEL CARMEN,6,1,1,5,110
515,CENTRO DE DIAGNOSTICO,LA SERENA,3,0,3,0,0
516,LICEO GABRIELA MISTRAL DE LA SERENA,LA SERENA,1,0,1,716,110
517,LICEO GREGORIO CORDOVEZ,LA SERENA,1,0,1,922,110
518,LICEO TECNICO MARTA BRUNET,LA SERENA,1,0,1,567,410
519,COLEGIO ARTURO PRAT CHACON,LA SERENA,1,0,1,837,10
520,COLEGIO JOSE GASPAR MARIN ESQUIVEL,LA SERENA,1,0,3,0,0
521,COLEGIO VICTOR DOMINGO SILVA,LA SERENA,1,0,1,507,10
522,COLEGIO JAVIERA CARRERA,LA SERENA,1,0,1,408,10
523,ESCUELA ALONSO DE ERCILLA,LA SERENA,1,0,1,229,10
525,COLEGIO JAPON,LA SERENA,1,0,1,518,10
526,COLEGIO JOSE MANUEL BALMACEDA,LA SERENA,1,0,1,547,10
527,COLEGIO HEROES DE LA CONCEPCION,LA SERENA,1,0,1,519,10
528,ESCUELA GERMAN RIESCO,LA SERENA,1,0,1,391,10
529,COLEGIO MANUEL RODRIGUEZ,LA SERENA,1,0,1,123,212
530,COLEGIO GABRIEL GONZALEZ VIDELA,LA SERENA,1,0,1,901,10
531,COLEGIO PEDRO AGUIRRE CERDA,LA SERENA,1,0,1,457,10
532,CEN.ED.INT.DE ADUL.ESTER VILLARREAL CASTILLO,LA SERENA,1,0,1,374,165
533,COLEGIO DARIO SALAS,LA SERENA,1,0,1,31,110
534,COLEGIO VILLA SAN BARTOLOME,LA SERENA,1,0,1,447,10
535,COLEGIO JOSE MIGUEL CARRERA,LA SERENA,1,0,1,664,10
536,COLEGIO DEPORTIVO OLIMPICO,LA SERENA,1,0,1,249,10
537,COLEGIO LUIS BRAILLE,LA SERENA,1,0,1,36,213
539,COLEGIO DE ALGARROBITO,LA SERENA,1,0,1,200,10
540,ESCUELA DE ISLON,LA SERENA,1,0,1,118,10
542,ESCUELA DE LAMBERT,LA SERENA,1,0,1,164,10
543,COLEGIO ALTOVALSOL,LA SERENA,1,1,1,181,10
544,ESCUELA DE EL MILAGRO,LA SERENA,1,1,1,40,216
546,COLEGIO COQUIMBITO,LA SERENA,1,0,1,159,10
548,ESCUELA DE COLONIA ALFALFARES,LA SERENA,1,0,1,139,10
549,ESCUELA DE LOS CORRALES,LA SERENA,1,1,3,0,0
550,ESCUELA DE ALMIRANTE LATORRE,LA SERENA,1,1,1,2,110
551,ESCUELA DE LAS ROJAS,LA SERENA,1,1,1,182,10
552,ESCUELA DE CHACAY ALTO,LA SERENA,1,1,1,0,0
553,ESCUELA DE BELLAVISTA,LA SERENA,1,1,2,0,0
554,ESCUELA DE PELICANA,LA SERENA,1,1,1,14,110
556,ESCUELA DE ROMERO,LA SERENA,1,1,1,171,10
557,ESCUELA DE SATURNO,LA SERENA,1,1,1,263,10
558,COLEGIO PUNTA DE TEATINOS,LA SERENA,1,1,1,9,110
559,COLEGIO AGUA GRANDE,LA SERENA,1,1,3,0,0
560,COLEGIO QUEBRADA DE TALCA,LA SERENA,1,1,1,189,10
561,COLEGIO EL ROMERAL,LA SERENA,1,1,1,37,110
562,COLEGIO CALETA SAN PEDRO,LA SERENA,1,1,1,311,10
563,COLEGIO LA LAJA,LA SERENA,1,1,3,0,0
564,COLEGIO LA ESTRELLA,LA SERENA,1,1,1,13,110
565,COLEGIO ADVENTISTA LA SERENA,LA SERENA,3,0,1,912,10
566,COLEGIO ISABEL RIQUELME,LA SERENA,3,0,1,303,10
567,COLEGIO SAN FRANCISCO COLL,LA SERENA,3,0,1,1217,10
568,COLEGIO SAN ANTONIO,LA SERENA,3,0,1,570,10
570,COLEGIO ELENA BETTINI,LA SERENA,3,0,1,617,10
571,ESC.ESPEC.LOS PENSAMIENTOS DE JUAN XXIII,LA SERENA,3,0,1,55,212
573,ESCUELA PARTICULAR TERESA VIDELA DE G,LA SERENA,3,0,1,701,10
574,ESCUELA INDUSTRIAL SALESIANA SAN RAMON,LA SERENA,3,0,1,1070,110
575,COLEGIO PROVIDENCIA,LA SERENA,3,0,1,847,110
577,COLEGIO JULIA DE LA BARRA CAMPOS,LA SERENA,3,0,3,0,0
578,LICEO BICENTENARIO DE EXCELENCIA IGNACIO CARRERA PINTO,LA SERENA,1,0,1,419,110
579,COLEGIO SEMINARIO CONCILIAR,LA SERENA,3,0,1,1288,110
580,COLEGIO GERONIMO RENDIC,LA SERENA,4,0,1,1375,10
581,ESCUELA EXPERIMENTAL DE MUSICA JORGE PEÑA HEN,LA SERENA,3,0,1,786,10
582,COLEGIO ANDRES BELLO,LA SERENA,4,0,1,563,110
583,COLEGIO SAGRADOS CORAZONES,LA SERENA,3,0,1,1112,10
584,JARDIN INFANTIL MONTESSORI,LA SERENA,4,0,3,0,0
585,COLEGIO THE INTERNATIONAL SCHOOL,LA SERENA,4,0,1,828,10
587,COLEGIO SERENA,LA SERENA,4,0,1,269,110
589,COLEGIO SANTO DOMINGO,LA SERENA,3,0,1,368,110
590,COLEGIO PARTICULAR SAN JOSE,LA SERENA,4,0,1,801,10
591,COLEGIO INGLES CATOLICO,LA SERENA,4,0,1,838,10
592,COLEGIO MARIA AUXILIADORA,LA SERENA,4,0,3,0,0
594,COLEGIO FRANCISCO DE AGUIRRE,LA SERENA,3,0,3,0,0
597,COLEGIO PEDRO PABLO MUÑOZ,LA HIGUERA,2,0,1,376,10
598,ESCUELA DE PUNTA DE CHOROS,LA HIGUERA,2,1,1,30,110
599,ESCUELA JOSE SANTOS OSSA,LA HIGUERA,2,1,1,142,10
600,ESCUELA DE AGUA GRANDE,LA HIGUERA,2,1,3,0,0
601,ESCUELA DE LOS MORROS,LA HIGUERA,2,1,3,0,0
602,ESCUELA BASICA CARLOS CONDELL,LA HIGUERA,2,1,1,163,10
604,ESCUELA DE PUNTA COLORADA,LA HIGUERA,2,1,1,29,110
606,ESCUELA BASICA SAN ANDRES,LA HIGUERA,2,1,1,25,110
607,ESCUELA LOS PAJARITOS,LA HIGUERA,2,0,3,0,0
608,ESCUELA DE LOS CHOROS,LA HIGUERA,2,1,1,18,110
609,LICEO BICENTENARIO DE EXCELENCIA INSTITUTO SUPERIOR DE COMERCIO DE COQUIMBO,COQUIMBO,6,0,1,838,410
610,LICEO INDUSTRIAL JOSE TOMAS DE URMENETA,COQUIMBO,6,0,1,547,510
611,LICEO DIEGO PORTALES,COQUIMBO,6,0,1,446,310
612,ESCUELA GUILLERMO CERECEDA,COQUIMBO,6,0,1,274,10
613,COLEGIO DE ARTES CLAUDIO ARRAU,COQUIMBO,6,0,1,787,10
614,ESCUELA PRESIDENTE ANIBAL PINTO,COQUIMBO,6,0,1,289,10
615,ESCUELA COQUIMBO,COQUIMBO,6,0,1,268,10
616,ESCUELA CARDENAL JOSE MARIA CARO,COQUIMBO,6,0,1,599,10
617,COLEGIO SANTA CECILIA,COQUIMBO,6,0,1,247,10
618,ESCUELA SANTO TOMAS DE AQUINO,COQUIMBO,6,0,1,603,10
620,ESCUELA JOSE ALFARO ALFARO,COQUIMBO,6,0,1,503,10
621,ESCUELA BASICA MARIO MUNOZ SILVA,COQUIMBO,6,0,1,222,10
623,CENTRO LABORAL JEAN PIAGET,COQUIMBO,6,0,1,49,212
624,ESCUELA DIFERENCIAL JUAN SANDOVAL C.,COQUIMBO,6,0,1,72,212
625,ESCUELA TOMASA OLIVARES CAAMANO,COQUIMBO,6,0,1,193,10
626,ESCUELA BASICA DAVID LEON TAPIA,COQUIMBO,6,0,1,695,10
628,ESCUELA DE PENUELAS,COQUIMBO,6,0,1,246,10
629,COLEGIO PABLO NERUDA,COQUIMBO,6,1,1,761,10
630,COLEGIO LA HERRADURA,COQUIMBO,6,0,1,349,10
631,ESCUELA SAN RAFAEL,COQUIMBO,6,0,1,420,10
632,ESCUELA BASICA MANUEL DE SALAS,COQUIMBO,6,0,1,392,10
634,ESCUELA DE HUACHALALUME,COQUIMBO,6,1,1,51,110
635,ESCUELA DE TOTORALILLO,COQUIMBO,6,1,1,19,110
637,ESCUELA LUCILA GODOY ALCAYAGA,COQUIMBO,6,0,1,265,10
638,ESCUELA DE CAMARONES,COQUIMBO,6,1,1,0,0
639,ESCUELA DE LAS BARRANCAS,COQUIMBO,6,1,1,136,10
640,ESCUELA DE EL MOLLACO,COQUIMBO,6,1,2,0,0
641,ESCUELA DE LAS CARDAS,COQUIMBO,6,1,1,32,110
642,ESCUELA DE EL PENON,COQUIMBO,6,1,1,156,110
643,ESCUELA DE TAMBILLOS,COQUIMBO,6,1,1,181,10
644,ESCUELA DE PUERTO ALDEA,COQUIMBO,6,1,1,38,110
645,ESCUELA DE EL TANGUE,COQUIMBO,6,1,1,20,110
646,COLEGIO BERNARDO O´HIGGINS,COQUIMBO,3,0,1,1747,10
647,COLEGIO MANUEL MONTT,COQUIMBO,3,0,1,506,110
648,COLEGIO SANTA MARTA,COQUIMBO,3,0,1,1150,10
649,COLEGIO PARTICULAR GABRIELA MISTRAL,COQUIMBO,3,0,1,1480,10
650,ESCUELA PARTICULAR METODISTA,COQUIMBO,3,0,1,396,10
654,COLEGIO INGLES JOHN KENNEDY,COQUIMBO,4,0,3,0,0
655,COLEGIO PARTICULAR SAN IGNACIO,COQUIMBO,3,0,1,401,10
656,LICEO BICENTENARIO DE EXCELENCIA LICEO PEDRO REGALADO S. VIDELA O.,ANDACOLLO,6,0,1,310,310
657,ESCUELA LUIS CRUZ MARTINEZ,ANDACOLLO,6,0,1,189,10
658,ESCUELA PATRICIO LYNCH,ANDACOLLO,6,1,1,254,10
659,ESCUELA PADRE BLAS HERNANDEZ SANCHEZ,ANDACOLLO,6,1,1,9,110
660,ESCUELA DE EL TORO,ANDACOLLO,6,1,3,0,0
661,ESCUELA LUIS AMENABAR OSSA,ANDACOLLO,6,1,1,27,110
662,ESCUELA DE MAITENCILLO,ANDACOLLO,6,1,1,15,110
663,ESCUELA PADRE CLARET,ANDACOLLO,3,0,3,0,0
664,COLEGIO PARROQUIAL DE ANDACOLLO,ANDACOLLO,3,0,1,890,10
665,LICEO CARLOS ROBERTO MONDACA CORTES,VICUÑA,2,0,1,470,299
666,ESCUELA BASICA LUCILA GODOY ALCAYAGA,VICUÑA,2,0,1,258,10
668,ESCUELA EDMUNDO VIDAL CARDENAS,VICUÑA,2,0,1,380,10
669,ESCUELA NEFTALI REYES,VICUÑA,2,0,1,149,10
671,ESCUELA RIOS DE ELQUI,VICUÑA,2,0,1,116,10
672,ESCUELA DE DIAGUITAS JUAN TORRES M.,VICUÑA,2,0,1,160,10
673,ESCUELA JOSE ABELARDO NUNEZ,VICUÑA,2,0,1,159,10
674,ESCUELA DE VINITA ALTA,VICUÑA,2,1,1,4,110
675,ESCUELA,VICUÑA,2,0,3,0,0
676,ESCUELA DE SAN CARLOS,VICUÑA,2,1,1,9,110
678,ESCUELA AMELIA BARAHONA MUJICA,VICUÑA,2,1,1,26,10
680,ESCUELA FEDERICO BARNES PAYNE,VICUÑA,2,0,1,77,10
681,ESCUELA DE EL ARENAL,VICUÑA,2,1,1,22,110
682,ESCUELA DAGOBERTO CAMPOS NUNEZ,VICUÑA,2,0,1,131,10
683,ESCUELA DE LA CALERA,VICUÑA,2,1,1,18,110
685,ESCUELA DE LA POLVADA,VICUÑA,2,1,3,0,0
686,ESCUELA BÁSICA MARIO AQUILES RODRIGUEZ,PAIGUANO,2,1,1,52,10
687,ESCUELA DE HUANTA,VICUÑA,2,1,1,2,110
688,ESCUELA DE CHAPILCA,VICUÑA,2,1,1,14,110
689,ESCUELA DE VARILLAR,VICUÑA,2,1,1,3,110
690,LICEO BICENTENARIO DE EXCELENCIA COLEGIO ANTONIO VARAS,VICUÑA,3,0,1,959,10
691,ESCUELA MUNICIPAL CIELO CLARO--PAIHUANO,PAIGUANO,2,0,1,176,10
692,ESCUELA JERONIMO GODOY VILLANUEVA,PAIGUANO,2,0,1,190,10
693,ESCUELA BASICA HECTOR MANUEL HERNANDEZ,PAIGUANO,2,1,1,5,110
694,ESCUELA GABRIELA MISTRAL,PAIGUANO,2,1,1,130,10
695,ESCUELA BASICA SANTIAGO BUERAS A.,PAIGUANO,2,1,1,1,110
696,ESCUELA MUNICIPAL LA ORTIGA,PAIGUANO,2,1,1,10,110
697,ESCUELA MUNICIPAL ALCOHUAZ,PAIGUANO,2,1,1,8,110
699,ESCUELA MARIA ISABEL PERALTA P.,PAIGUANO,2,1,1,7,110
701,LICEO ESTELA AVILA MOLINA,OVALLE,2,0,1,590,310
704,LICEO ALEJANDRO ALVAREZ JOFRE,OVALLE,2,0,1,972,110
705,LICEO BICENTENARIO DE EXCELENCIA  POLITECNICO DE OVALLE,OVALLE,2,0,1,1053,510
706,COLEGIO FRAY JORGE,OVALLE,2,0,1,654,10
707,ESCUELA BASICA HELENE LANG,OVALLE,2,0,1,488,10
708,ESCUELA ANTONIO TIRADO LANAS,OVALLE,2,0,1,343,10
709,ESCUELA BASICA OSCAR ARAYA MOLINA,OVALLE,2,0,1,300,10
710,ESCUELA BASICA JOSE TOMAS OVALLE B.,OVALLE,2,0,1,270,10
711,ESCUELA GUARDIAMARINA ERNESTO RIQUELME V,OVALLE,2,0,1,327,10
712,ESCUELA BÁSICA ARTURO ALESSANDRI PALMA,OVALLE,2,0,1,640,10
713,ESCUELA ARTURO VILLALON SIEULANNE,OVALLE,2,0,1,286,10
714,ESCUELA BASICA VISTA HERMOSA,OVALLE,2,0,1,508,10
715,ESCUELA BASICA BERNARDO O¦HIGGINS RIQUELME,OVALLE,2,0,1,206,10
716,ESC.PADRE JOSEPH BENEDIKT STEGMEIER,OVALLE,2,0,1,333,10
718,ESCUELA MARCOS MACUADA OGALDE,OVALLE,2,0,1,167,10
719,COLEGIO YUNGAY,OVALLE,2,0,1,106,212
721,ESCUELA BASICA FLORENCIO ESPINOZA LOPEZ,OVALLE,2,0,1,538,10
722,ESC. HEBERTO VELAZQUEZ VELAZQUEZ,OVALLE,2,0,1,271,10
723,ESCUELA VILLORRIO EL TALHUEN,OVALLE,2,1,1,14,110
724,ESCUELA BASICA CALETA EL MAITEN,OVALLE,2,1,1,4,110
725,ESCUELA EL CRISOL,OVALLE,2,1,1,202,10
726,ESCUELA QUEBRADA SECA DE SOTAQUI,OVALLE,2,1,1,0,0
727,ESCUELA LA PALOMA,OVALLE,2,1,1,3,110
728,ESCUELA EL ALGARROBO,OVALLE,2,1,1,2,110
729,ESCUELA BASICA LOS OLIVOS,OVALLE,2,1,1,55,10
730,ESCUELA BASICA LUCIA NUNEZ DE LA CUADRA,OVALLE,2,1,1,127,10
731,ESCUELA EL TRAPICHE,OVALLE,2,1,1,41,10
732,ESCUELA HIGUERITAS UNIDAS,OVALLE,2,1,3,0,0
733,ESCUELA SANTA CRISTINA,OVALLE,2,1,1,61,10
735,ESCUELA LA QUIROGA,OVALLE,2,1,1,4,110
736,ESCUELA BASICA LOS SOSSAS,OVALLE,2,1,1,8,110
737,ESCUELA BASICA VALENTIN LETELIER,OVALLE,2,1,1,143,10
738,ESCUELA BASICA PEJERREYES,OVALLE,2,1,3,0,0
739,ESCUELA BASICA JULIO MONTT SALAMANCA,OVALLE,2,1,3,0,0
740,ESCUELA PEDRO ENRIQUE ALFONSO BARRIOS,OVALLE,2,1,1,107,10
741,ESCUELA SONORA,OVALLE,2,1,3,0,0
743,ESCUELA CARACHILLA,OVALLE,2,1,1,68,10
744,ESCUELA ORURO,OVALLE,2,1,1,10,110
745,ESCUELA LA HIGUERA DE PALOMA,OVALLE,2,1,1,0,0
746,ESCUELA EL SAUCE,OVALLE,2,1,1,5,110
747,ESCUELA CERRO TAMAYA,OVALLE,2,1,1,134,10
749,ESCUELA TRANQUE RECOLETA,OVALLE,2,1,1,1,110
750,ESCUELA ELVIRA DEL CARMEN OCHOA AVILES,OVALLE,2,0,1,110,10
752,ESCUELA VALLE HERMOSO,OVALLE,2,1,1,7,110
753,ESC.BAS.JUAN PABLO ARTIGUES PENAFIEL,OVALLE,2,1,1,157,10
754,ESCUELA LA ARAUCANA,OVALLE,2,1,1,19,110
755,ESCUELA CANELILLA,OVALLE,2,1,1,3,110
756,ESCUELA SANTA CATALINA,OVALLE,2,1,1,9,110
757,ESCUELA BASICA EL GUINDO,OVALLE,2,1,1,93,10
758,ESCUELA CORDILLERA,OVALLE,2,1,1,8,110
759,ESCUELA BASICA GASPAR CABRALES,OVALLE,2,1,1,16,110
760,ESCUELA LAS LOMAS DE PUNILLA,OVALLE,2,1,1,9,110
761,ESCUELA SAN EUGENIO,OVALLE,2,1,3,0,0
762,ESCUELA CALETA EL TORO,OVALLE,2,1,1,17,110
763,COLEGIO SAN JUAN BAUTISTA,OVALLE,3,0,1,1220,10
766,COLEGIO SANTA MARIA EUFRASIA,OVALLE,3,0,1,1734,10
767,COLEGIO PARTICULAR GABRIELA MISTRAL,OVALLE,3,0,1,472,110
768,COLEGIO LA PROVIDENCIA,OVALLE,3,0,1,970,110
769,COLEGIO SAN VIATOR,OVALLE,3,0,1,1236,10
770,COLEGIO AMALIA ERRAZURIZ,OVALLE,4,0,1,587,10
771,ESCUELA PARTICULAR EL ARRAYAN,OVALLE,3,1,1,0,0
772,LICEO AGRICOLA DE OVALLE TADEO PERRY BARN,OVALLE,5,0,1,517,510
773,ESCUELA SAMO ALTO,RÍO HURTADO,2,1,1,75,10
774,COLEGIO PICHASCA,RÍO HURTADO,2,1,1,246,10
775,ESCUELA BASICA DE FUNDINA,RÍO HURTADO,2,1,1,10,110
776,ES.BAS.SAN PEDRO DE RIO HURTADO,RÍO HURTADO,2,1,1,3,110
777,ESC.BASICA HIJOS DE EL CHANAR,RÍO HURTADO,2,1,1,10,110
778,ESCUELA BASICA LAS BREAS,RÍO HURTADO,2,1,1,17,110
780,ESCUELA BASICA TABAQUEROS,RÍO HURTADO,2,1,1,14,110
783,ESCUELA DOCTOR JOSE LUIS ARRANO,ANDACOLLO,6,1,1,5,110
784,ESCUELA BASICA HUAMPULLA,RÍO HURTADO,2,1,1,1,110
785,ESCUELA BASICA LOS MAITENES DE SAMO ALTO,RÍO HURTADO,2,1,1,1,110
786,ESCUELA BASICA LA HUERTA,RÍO HURTADO,2,1,1,2,110
787,ESCUELA BASICA MORRILLOS,RÍO HURTADO,2,1,1,2,110
788,ESCUELA BASICA VADO DE MORRILLOS,RÍO HURTADO,2,1,1,4,110
789,ESCUELA EL ESPINAL DE RIO HURTADO,RÍO HURTADO,2,1,1,7,110
790,ESCUELA BASICA EL ROMERAL,RÍO HURTADO,2,1,1,7,110
791,ESCUELA EL BOSQUE,RÍO HURTADO,2,1,3,0,0
792,ESCUELA BASICA ESTANCIA EL SAUCE,RÍO HURTADO,2,1,1,5,110
793,ESCUELA BASICA DE SERON,RÍO HURTADO,2,1,1,54,10
795,ESC.BASICA DOMINGO SANTA MARIA GONZALEZ,ANDACOLLO,6,1,1,3,110
797,ESCUELA LOS MAITENES DE SERON,RÍO HURTADO,2,1,1,3,110
798,ESCUELA EL PALQUI,MONTE PATRIA,2,0,1,752,10
799,COLEGIO REPUBLICA DE CHILE,MONTE PATRIA,2,0,1,604,10
800,ESCUELA HUATULAME,MONTE PATRIA,2,0,1,149,10
802,LICEO BICENTENARIO DE EXCELENCIA LICEO PRESIDENTE EDUARDO FREI MONTALVA,MONTE PATRIA,2,0,1,604,310
803,ESC.CONCENTRACION FRONTERIZA DE TULAHUEN,MONTE PATRIA,2,0,1,180,10
804,ESCUELA BASICA WENCESLAO VARGAS,MONTE PATRIA,2,1,1,193,10
805,ESCUELA EL MAQUI,MONTE PATRIA,2,1,1,6,110
806,ESCUELA FRONTERA LAS RAMADAS,MONTE PATRIA,2,1,1,16,110
807,ESCUELA EL MAITEN,MONTE PATRIA,2,1,1,3,110
808,ESCUELA BASICA TULAHUEN PONIENTE,MONTE PATRIA,2,1,3,0,0
809,ESCUELA DE HUANILLA,MONTE PATRIA,2,1,1,5,110
810,ESCUELA CENTRAL HIDROELECTRICA LOS MOLLE,MONTE PATRIA,2,1,1,9,110
811,ESCUELA VARILLAR,MONTE PATRIA,2,1,3,0,0
812,ESCUELA SOL DE LAS PRADERAS,MONTE PATRIA,2,1,1,7,110
813,ESCUELA BASICA LA UNION,MONTE PATRIA,2,1,1,6,110
814,ESCUELA BASICA EL TAYAN,MONTE PATRIA,2,1,1,15,110
816,ESCUELA GUSTAVO CONTRERAS CASTRO,MONTE PATRIA,2,1,1,4,110
817,ESCUELA NUEVA ESPERANZA DE PEJERREYES,MONTE PATRIA,2,1,1,14,110
818,ESCUELA LOS CLONQUIS,MONTE PATRIA,2,1,1,2,110
819,ESCUELA BUENAVENTURA,MONTE PATRIA,2,1,1,2,110
820,ESCUELA SOL DEL CUYANO,MONTE PATRIA,2,1,1,10,110
821,ESCUELA DE FLOR DEL VALLE,MONTE PATRIA,2,1,1,208,10
822,ESCUELA JUNTAS,MONTE PATRIA,2,1,1,147,10
823,ESCUELA BASICA COLLIGUAY,MONTE PATRIA,2,1,1,8,110
824,ESCUELA HEROES DE CHILE,MONTE PATRIA,2,1,1,5,110
825,ESCUELA BASICA PABLO NERUDA,MONTE PATRIA,2,1,1,4,110
826,ESCUELA BASICA HACIENDA VALDIVIA,MONTE PATRIA,2,1,1,2,110
827,COLEGIO RIO GRANDE,MONTE PATRIA,2,0,1,193,10
828,ESCUELA FLOR DE LOS ANDES,MONTE PATRIA,2,1,3,0,0
830,ESCUELA MARCELA PAZ,MONTE PATRIA,2,1,1,10,110
831,ESCUELA VALLE NEVADO,MONTE PATRIA,2,1,3,0,0
833,ESCUELA SANTA BERNARDITA,MONTE PATRIA,2,1,1,102,10
834,ESCUELA SARGENTO CANDELARIA PEREZ,MONTE PATRIA,2,1,2,0,0
835,ESCUELA CARMELA PRAT,MONTE PATRIA,2,1,1,6,110
836,ESCUELA INES DE SUAREZ,MONTE PATRIA,2,1,1,7,110
837,ESCUELA ESPERANZA DE HUANA,MONTE PATRIA,2,1,1,54,10
838,ESCUELA PROFESOR MANUEL ORTIZ QUINTANA,MONTE PATRIA,2,1,1,31,110
839,ESCUELA CHILECITO,MONTE PATRIA,2,1,1,35,10
840,ESCUELA OMAR ELORZA SMITH,MONTE PATRIA,2,1,2,0,0
841,ESCUELA PULPICA,MONTE PATRIA,2,1,3,0,0
842,ESCUELA BASICA LA MOLLACANA,MONTE PATRIA,2,1,3,0,0
843,ESCUELA LOS PERALES DE CAMPANARIO,MONTE PATRIA,2,1,1,1,110
844,ESCUELA PARTICULAR CERRILLOS DE RAPEL,MONTE PATRIA,3,1,1,13,110
845,LICEO BICENTENARIO DE EXCELENCIA LICEO SAMUEL ROMAN ROJAS,COMBARBALÁ,2,0,1,549,310
847,ESCUELA BASICA AMERICA,COMBARBALÁ,2,0,1,714,10
848,ESCUELA ALEJANDRO CHELEN ROJAS,MONTE PATRIA,2,0,1,321,10
849,ESCUELA BASICA JUANITA FERNANDEZ SOLAR,COMBARBALÁ,2,1,1,124,10
850,ESCUELA JUAN LUIS SAN FUENTES,COMBARBALÁ,2,1,1,37,110
851,ESCUELA BASICA ARTURO PEREZ CANTO,COMBARBALÁ,2,1,1,70,10
852,ESCUELA BASICA PEDRO DE VALDIVIA,COMBARBALÁ,2,1,1,108,10
853,ESCUELA DOMINGO FAUSTINO SARMIENTO,COMBARBALÁ,2,1,2,0,0
854,ESCUELA RAFAEL SOTOMAYOR,COMBARBALÁ,2,1,3,0,0
856,ESCUELA IRENE MORALES,COMBARBALÁ,2,1,2,0,0
857,ESCUELA LOS MORALES,MONTE PATRIA,2,1,1,40,110
859,ESCUELA REBECA MATTE DE INIGUEZ,COMBARBALÁ,2,1,1,1,110
861,ESCUELA BASICA MANUEL BAQUEDANO,COMBARBALÁ,2,1,2,0,0
862,ESCUELA ESTRELLA DE BELEN,COMBARBALÁ,2,1,1,5,110
864,ESCUELA BASICA VIOLETA PARRA SANDOVAL,COMBARBALÁ,2,1,1,4,110
865,ESCUELA BASICA DANIEL BARROS GREZ,COMBARBALÁ,2,1,1,5,110
866,ESCUELA BASICA OSCAR CASTRO ZUNIGA,COMBARBALÁ,2,1,2,0,0
867,ESCUELA SAN JUDAS TADEO DE CARCAMO,MONTE PATRIA,2,1,2,0,0
868,ESCUELA AMERICA DE SUR,COMBARBALÁ,2,1,1,12,110
869,ESCUELA BASICA REBECA PONCE DE LEON V.,COMBARBALÁ,2,1,1,3,110
870,ESCUELA BASICA CAMILO HENRIQUEZ GONZALEZ,COMBARBALÁ,2,1,1,21,110
871,ESCUELA BASICA LUIS ENRIQUE BOU PEREZ,COMBARBALÁ,2,1,1,26,110
872,ESCUELA BASICA ROSITA OHIGGINS,COMBARBALÁ,2,1,1,3,110
874,ESCUELA BASICA LAURITA VICUNA,COMBARBALÁ,2,1,2,0,0
875,ESCUELA BASICA PEDRO LIRA RENCORET,COMBARBALÁ,2,1,1,0,0
876,ESCUELA BASICA CLAUDIO MATTE,COMBARBALÁ,2,1,1,84,10
878,ESCUELA JOSE JOAQUIN VALLEJOS,COMBARBALÁ,2,1,2,0,0
879,ESCUELA BASICA BENJAMIN VICUNA MACKENNA,COMBARBALÁ,2,1,1,4,110
881,ESCUELA BASICA MARIA QUITERIA RAMIREZ,COMBARBALÁ,2,1,3,0,0
882,ESCUELA CINCO DE ABRIL,COMBARBALÁ,2,1,2,0,0
883,ESCUELA BASICA SAN LUIS AMIGO Y FERRER,COMBARBALÁ,2,1,2,0,0
884,ESCUELA BASICA JUAN FRANCISCO GONZALEZ,COMBARBALÁ,2,1,2,0,0
885,ESCUELA BASICA JESUS DE NAZARETH,COMBARBALÁ,2,1,3,0,0
886,ESCUELA LA VARIOLA,MONTE PATRIA,2,1,1,2,110
887,ESCUELA BASICA CAUPOLICAN,COMBARBALÁ,2,1,1,4,110
888,ESCUELA BASICA BOSQUE DE QUILLAY,COMBARBALÁ,2,1,1,3,110
889,ESCUELA BASICA PAUL HARRIS,COMBARBALÁ,2,1,2,0,0
890,ESCUELA PARTICULAR LOS SAPOS,COMBARBALÁ,3,1,1,5,110
891,ESCUELA PARTICULAR RINCON DE LAS CHILCAS,COMBARBALÁ,3,1,1,3,110
892,ESCUELA PARTICULAR EL DURAZNO,COMBARBALÁ,3,1,1,18,110
893,ESCUELA PARTICULAR EL DIVISADERO,COMBARBALÁ,3,1,3,0,0
896,ESCUELA PARTICULAR LA COLORADA,COMBARBALÁ,3,1,1,12,110
897,ESCUELA BELGICA,PUNITAQUI,2,0,1,307,10
898,ESCUELA BASICA AMANDA LABARCA,PUNITAQUI,2,1,3,0,0
899,ESCUELA LUZ DE LUNA,PUNITAQUI,2,1,1,0,0
900,ESCUELA BASICA LA HIGUERA DE QUILE,PUNITAQUI,2,1,1,5,110
901,ESCUELA VINA VIEJA,PUNITAQUI,2,1,3,0,0
902,ESCUELA BASICA ELENA CAFFARENA,OVALLE,2,1,1,1,110
904,ESCUELA CAMPO LINDO,OVALLE,2,1,1,2,110
905,ESCUELA CHALINGA,OVALLE,2,1,1,78,10
906,ESCUELA LOS CANELOS,OVALLE,2,1,1,5,110
907,ESCUELA HIJOS DEL PERAL,PUNITAQUI,2,1,1,4,110
908,ESCUELA TABALI,OVALLE,2,1,1,88,10
909,ESCUELA LOS AZAHARES DE CERRO BLANCO,OVALLE,2,1,1,5,110
910,ESC.BASICA SAN ANTONIO DE LA VILLA,OVALLE,2,1,1,52,10
911,ESCUELA LOS TRIGOS,OVALLE,2,1,1,2,110
912,ESCUELA CAMARICO VIEJO,OVALLE,2,1,2,0,0
914,ESCUELA PENA BLANCA,OVALLE,2,1,1,0,0
915,ESCUELA MARCOS RIGOBERTO PIZARRO ARAYA,OVALLE,2,1,1,72,10
916,ESCUELA BARRAZA BAJO,OVALLE,2,1,2,0,0
917,ESCUELA RINCON DE LA CALERA,OVALLE,2,1,1,2,110
919,ESCUELA PUEBLO NUEVO,PUNITAQUI,2,1,3,0,0
920,ESCUELA ALTAR BAJO,PUNITAQUI,2,1,3,0,0
921,ESCUELA MINA DELIRIO,PUNITAQUI,2,1,3,0,0
922,ESCUELA BASICA LAS NIPAS,PUNITAQUI,2,1,2,0,0
923,ESCUELA EL MAQUI DE QUILE,PUNITAQUI,2,1,1,0,0
924,ESCUELA LOS ACACIOS,OVALLE,2,1,1,44,10
925,ESCUELA BASICA VILLA LOS QUILES,PUNITAQUI,2,1,1,5,110
926,ESCUELA ALTAR ALTO,PUNITAQUI,2,1,3,0,0
928,ESCUELA BASICA GRANEROS,PUNITAQUI,2,1,1,7,110
929,ESCUELA LOS NOGALES,OVALLE,2,1,1,125,10
931,ESCUELA SAN ANTONIO DE PADUA,PUNITAQUI,2,1,1,14,110
932,ESCUELA UNION CAMPESINA,OVALLE,2,1,1,142,10
933,ESCUELA LAS CRUCES,PUNITAQUI,2,1,1,7,110
934,ESCUELA BEATRIZ VEGA VEGA,PUNITAQUI,2,1,1,11,110
935,ESCUELA SALALA,OVALLE,2,1,1,11,110
936,ESCUELA EL ESPINAL,OVALLE,2,1,1,3,110
937,ESCUELA ALCONES BAJOS,OVALLE,2,1,1,96,10
939,ESCUELA ALMENDRO DE QUILE,PUNITAQUI,2,1,1,2,110
940,ESCUELA SAN PEDRO,PUNITAQUI,2,1,1,14,110
941,ESCUELA BASICA MINERAL DE TALCA,OVALLE,2,1,2,0,0
942,ESCUELA BASICA EL DURAZNO DE SOCOS,OVALLE,2,1,3,0,0
943,ESCUELA PADRE PABLO DIEHL HARTMAN,OVALLE,2,1,1,12,110
945,ESCUELA SOL NACIENTE,PUNITAQUI,2,1,1,30,110
946,ESCUELA TERESITA DE LOS ANDES,PUNITAQUI,2,1,1,192,10
947,ESCUELA AURORA DE CHILE,OVALLE,2,1,1,151,10
948,ESCUELA BASICA LAS AGUILAS,OVALLE,2,1,2,0,0
949,ESCUELA EL DURAZNO DE QUILE,PUNITAQUI,2,1,1,0,0
950,ESCUELA LA CEBADAS,OVALLE,2,1,1,3,110
951,ESCUELA LA CALERA DE SAN JULIAN,OVALLE,2,1,1,0,0
952,ESCUELA BASICA LOS CIENAGOS,OVALLE,2,1,1,1,110
953,ESCUELA PATRICIO ZEBALLOS,OVALLE,2,1,1,55,110
954,ESCUELA EL AJIAL DE QUILE,PUNITAQUI,2,1,1,10,110
955,ESCUELA VILLA LOS CORRALES,PUNITAQUI,2,1,1,6,110
956,ESCUELA PORTEZUELOS BLANCOS,PUNITAQUI,2,1,1,5,110
957,ESCUELA EL CIENAGO,PUNITAQUI,2,1,1,4,110
959,COLEGIO PARTICULAR SALI HOCHSCHILD,PUNITAQUI,3,0,1,490,10
960,ESCUELA PARTICULAR EL LLANITO,PUNITAQUI,3,1,1,5,110
962,ESCUELA ALGARROBO DE HORNILLOS,OVALLE,2,1,1,0,0
963,ESCUELA PARTICULAR EL TENIENTE,OVALLE,3,1,1,1,110
964,ESCUELA BASICA MUNICIPAL DE ADULTOS,ILLAPEL,2,0,1,170,167
967,LICEO BICENTENARIO DE EXCELENCIA LICEO DOMINGO ORTIZ DE ROZAS,ILLAPEL,2,0,1,617,110
968,LICEO POLITECNICO PABLO RODRIGUEZ CAVIEDES,ILLAPEL,2,0,1,550,510
969,ESCUELA BASICA VALLE DEL CHOAPA,ILLAPEL,2,0,1,506,10
970,ESCUELA JUAN CARRASCO RISCO,ILLAPEL,2,0,1,271,10
971,ESCUELA BASICA SAN RAFAEL DE ROZAS,ILLAPEL,2,0,1,356,10
972,ESCUELA BASICA JORGE ARACENA RAMOS,ILLAPEL,2,0,1,251,10
973,ESCUELA BASICA CLEMENCIA VILLARROEL,ILLAPEL,2,1,1,153,10
974,ESCUELA BASICA CAMILO HENRIQUEZ,ILLAPEL,2,1,1,77,10
976,ESCUELA BASICA LAS PALMERAS DE LIMAHUIDA,ILLAPEL,2,1,1,124,10
977,ESCUELA BASICA GRACIELA DIAZ ALLENDE,ILLAPEL,2,1,1,86,10
978,ESCUELA BASICA MATANCILLA,ILLAPEL,2,1,1,1,110
979,ESCUELA LA COLONIA,ILLAPEL,2,1,3,0,0
981,ESCUELA BASICA CHOAPA LINDO,ILLAPEL,2,1,1,6,110
982,ESCUELA BASICA VILLA LOS NARANJOS,ILLAPEL,2,0,1,406,10
983,ESCUELA BASICA LAS LILAS DE TUNGA NORTE,ILLAPEL,2,1,2,0,0
984,ESCUELA BASICA TUNGA SUR,ILLAPEL,2,1,1,4,110
985,ESCUELA BASICA ASIENTO VIEJO,ILLAPEL,2,1,1,12,110
986,ESCUELA BASICA LAS CHINCHILLAS DE COCOU,ILLAPEL,2,1,1,3,110
987,COLEGIO SANTA TERESA,ILLAPEL,3,0,1,1146,10
988,LICEO PARTICULAR LUIS ALBERTO VERA,ILLAPEL,3,0,1,341,310
990,ESCUELA PARTICULAR LAS CANAS,ILLAPEL,3,1,1,225,10
991,ESCUELA PARTICULAR QUEBRADA EL PERAL,ILLAPEL,3,1,1,3,110
993,ESCUELA PARTICULAR CANELILLO ALTO,ILLAPEL,3,1,1,17,110
994,ESCUELA PARTICULAR RINCON DEL ROMERO,ILLAPEL,3,1,1,1,110
995,ESCUELA PARTICULAR CAREN,ILLAPEL,3,1,1,25,110
996,ESCUELA PARTICULAR EL LANCO,ILLAPEL,3,1,1,1,110
997,ESCUELA PARTICULAR QUEBRADA DE CARCAMO,ILLAPEL,3,1,1,0,0
998,ESCUELA PARTICULAR ILTA,ILLAPEL,3,1,1,8,110
999,ESCUELA PARTICULAR 18 DE SEPTIEMBRE,ILLAPEL,3,1,1,3,110
1000,ESCUELA PARTICULAR SAN ENRIQUE,ILLAPEL,3,1,1,0,0
1001,ESCUELA PARTICULAR HERMINIA RAMOS,ILLAPEL,3,1,1,3,110
1002,ESCUELA PARTICULAR EL SOCAVON,ILLAPEL,3,1,1,4,110
1003,ESCUELA PARTICULAR SAN ROMUALDO,ILLAPEL,3,1,2,0,0
1004,ESCUELA PARTICULAR LA CAPILLA,ILLAPEL,3,1,1,6,110
1005,ESCUELA PARTICULAR RINCON DE TUNGA,ILLAPEL,3,1,1,6,110
1006,ESCUELA MANUEL JOSE IRARRAZAVAL,ILLAPEL,3,1,1,37,110
1007,ESCUELA PARTICULAR CANAS DE MICHIO,ILLAPEL,3,1,2,0,0
1008,ESCUELA PARTICULAR QUILLAICILLO,ILLAPEL,3,1,1,2,110
1010,ESCUELA PARTICULAR CUYUNTAGUA,ILLAPEL,3,1,1,4,110
1011,ESCUELA PARTICULAR MACUCO,ILLAPEL,3,1,1,2,110
1013,LICEO DE SALAMANCA,SALAMANCA,2,0,1,449,110
1014,ESCUELA MATILDE SALAMANCA,SALAMANCA,2,0,1,283,10
1015,ESCUELA BASICA DIAGUITAS DE CHALINGA,SALAMANCA,2,0,1,255,10
1016,ESCUELA TRANQUILLA,SALAMANCA,2,1,1,102,10
1017,ESCUELA BASICA BERTA HIDALGO BARAHONA,SALAMANCA,2,1,1,59,10
1018,ESCUELA EL TAMBO,SALAMANCA,2,1,1,73,10
1019,ESCUELA BASICA CHILLEPIN,SALAMANCA,2,1,1,217,10
1020,ESCUELA BASICA GUISELA GAMBOA SALINAS,SALAMANCA,2,1,1,138,10
1021,ESCUELA ZAPALLAR,SALAMANCA,2,1,3,0,0
1022,ESCUELA COIRON,SALAMANCA,2,1,1,75,10
1023,ESCUELA BASICA EL TEBAL,SALAMANCA,2,1,3,0,0
1024,ESCUELA LLIMPO,SALAMANCA,2,1,2,0,0
1025,ESCUELA LA HIGUERILLA,SALAMANCA,2,1,2,0,0
1027,ESCUELA BASICA QUELEN BAJO,SALAMANCA,2,1,1,12,110
1028,ESC.BASICA SANTA ROSA,SALAMANCA,2,1,3,0,0
1029,ESCUELA BASICA CUNLAGUA,SALAMANCA,2,1,3,0,0
1030,ESC.BASICA GUILLERMO BARRIOS VARGAS,SALAMANCA,2,1,1,23,110
1031,ESCUELA BASICA JULIO ECHAVARRIA,SALAMANCA,2,1,1,70,10
1032,ESCUELA BASICA SAN AGUSTIN,SALAMANCA,2,1,1,19,110
1033,ESCUELA BASICA PANGUESILLO,SALAMANCA,2,1,1,99,10
1034,ESCUELA LOS CORRALES,SALAMANCA,2,1,1,40,110
1036,COLEGIO PARTICULAR SAN FRANCISCO DE ASIS,SALAMANCA,3,0,1,1157,10
1037,ESCUELA PARTICULAR HUANQUE,SALAMANCA,3,1,1,5,110
1038,ESCUELA PARTICULAR EL PALQUIAL,SALAMANCA,3,1,1,9,110
1039,ESCUELA BASICA JORQUERA,SALAMANCA,2,1,3,0,0
1040,ESCUELA PARTICULAR LAS JARILLAS,SALAMANCA,3,1,3,0,0
1041,ESCUELA PARTICULAR CAJON DE QUELEN,SALAMANCA,3,1,1,21,110
1042,ESCUELA MUNICIPAL COLLIGUAY,SALAMANCA,2,1,1,9,110
1044,ESCUELA PARTICULAR MANQUEHUA,SALAMANCA,3,1,1,3,110
1045,ESCUELA PARTICULAR PUNTA NUEVA,SALAMANCA,3,1,1,12,110
1046,ESCUELA PARTICULAR PLANTA PELADEROS,SALAMANCA,3,1,1,9,110
1047,ESCUELA PARTICULAR VALLE CAMISAS,SALAMANCA,3,1,1,11,110
1048,LICEO NICOLAS FEDERICO LOHSE VARGAS,LOS VILOS,2,0,1,772,310
1049,COLEGIO DIEGO DE ALMAGRO,LOS VILOS,2,0,1,707,10
1050,ESCUELA BASICA ERCOLE BENCINI,LOS VILOS,2,0,1,265,10
1051,ESCUELA BASICA TERESA CANNON DE B.,LOS VILOS,2,1,1,371,10
1052,ESCUELA BASICA PABLO BARRIOLHET,LOS VILOS,2,1,1,144,10
1053,ESCUELA BASICA FORJADORES DE CHILE,LOS VILOS,2,1,1,31,110
1054,ESCUELA,LOS VILOS,2,1,3,0,0
1055,ESCUELA LOS MAQUIS,LOS VILOS,2,1,1,21,110
1059,ESCUELA CLARA VIAL ORREGO,LOS VILOS,2,1,1,179,10
1061,ESCUELA TILAMA,LOS VILOS,2,1,1,12,110
1062,ESC.PDTE.FEDERICO ERRAZURIZ ECHAURREN,LOS VILOS,2,1,1,4,110
1063,ESCUELA,LOS VILOS,2,1,1,5,110
1064,ESCUELA BASICA EL QUELON,LOS VILOS,2,1,1,3,110
1065,ESCUELA BASICA EL MANZANO,LOS VILOS,2,1,1,8,110
1066,ESCUELA PARTICULAR DIVINA PROVIDENCIA,LOS VILOS,3,0,1,714,10
1067,ESCUELA PARTICULAR EL MOLLAR,LOS VILOS,3,1,3,0,0
1068,ESCUELA PARTICULAR CULIMO,LOS VILOS,3,1,1,6,110
1069,ESCUELA PARTICULAR MINA LAS VACAS,LOS VILOS,3,1,1,4,110
1070,ESCUELA PARTICULAR PUPIO,LOS VILOS,3,1,3,0,0
1071,ESCUELA PARTICULAR EL ROMERO,LOS VILOS,3,1,1,2,110
1072,ESCUELA PARTICULAR INFIERNILLO,LOS VILOS,3,1,1,17,110
1073,ESCUELA PARTICULAR EL RINCON,LOS VILOS,3,1,3,0,0
1075,ESCUELA PARTICULAR HACIENDA MAURO,LOS VILOS,3,1,3,0,0
1076,ESCUELA PARTICULAR MAIMALICAN,LOS VILOS,3,1,1,7,110
1077,ESCUELA BASICA HECTOR JORQUERA VALENCIA,CANELA,2,0,1,372,10
1078,ESCUELA BASICA JUAN ANTONIO RIOS,CANELA,2,1,1,133,10
1079,ESCUELA BASICA ALHUEMILLA,CANELA,2,1,3,0,0
1080,ESC.BASICA JOSE ANTONIO ECHAVARRIA,CANELA,2,1,3,0,0
1081,ESC.BASICA EUSEBIO LILLO ROBLES,CANELA,2,1,3,0,0
1082,ESC.BASICA MERCEDES MARIN DEL SOLAR,CANELA,2,1,1,2,110
1083,ESCUELA BASICA CARQUINDANO,CANELA,2,1,1,6,110
1084,ESCUELA BASICA JABONERIA,CANELA,2,1,1,2,110
1085,ESCUELA BASICA PABLO NERUDA,CANELA,2,1,3,0,0
1086,ESCUELA BASICA MARIANO LATORRE,CANELA,2,1,3,0,0
1087,ESCUELA BASICA CANELA ALTA,CANELA,2,0,1,294,10
1089,ESC.BASICA DIEGO DUBLE URRUTIA,CANELA,2,1,3,0,0
1090,ESC.BASICA CARLOS IBANEZ DEL CAMPO,CANELA,2,1,3,0,0
1092,ESCUELA BASICA MINCHA NORTE,CANELA,2,1,1,18,110
1093,ESCUELA BASICA ATELCURA ALTA,CANELA,2,1,1,2,110
1094,ESCUELA BASICA POZA HONDA,CANELA,2,1,1,0,0
1095,ESCUELA BASICA SARGENTO ALDEA,CANELA,2,1,1,5,110
1096,ESCUELA BASICA LOS POZOS,CANELA,2,1,1,22,110
1097,ESCUELA BASICA ESPIRITU SANTO,CANELA,2,1,3,0,0
1098,ESCUELA BASICA LO VAROLI,CANELA,2,1,3,0,0
1099,ESCUELA VIOLETA PARRA,CANELA,2,1,1,38,110
1100,ESC.BASICA CARLOS VIAL ESPANTOSO,CANELA,2,1,1,91,10
1101,ESCUELA BASICA JOSE MIGUEL CARRERA,CANELA,2,1,1,7,110
1102,ESCUELA BASICA BALDOMERO LILLO FIGUEROA,CANELA,2,1,1,2,110
1103,ESCUELA BASICA  VICTOR DOMINGO SILVA,CANELA,2,1,2,0,0
1104,ESCUELA LA CORTADERA,CANELA,2,1,1,14,110
1105,ESCUELA BASICA MANUEL ROJAS,CANELA,2,1,3,0,0
1106,ESC.BASICA JOSE SANTOS GONZALEZ,CANELA,2,1,3,0,0
1108,ESCUELA BASICA MARTA BRUNETT,CANELA,2,1,1,5,110
1109,ESCUELA BASICA GABRIELA MISTRAL,CANELA,2,1,1,9,110
1112,ESCUELA PARTICULAR EL POTRERO,CANELA,3,1,3,0,0
1113,ESCUELA BASICA SALVADOR REYES,CANELA,2,1,1,3,110
1114,ESCUELA PARTICULAR EL CHILCAL,CANELA,3,1,1,3,110
1115,ESC.BASICA JUAN GUZMAN CRUCHAGA,CANELA,2,1,2,0,0
1116,ESCUELA PARTICULAR CANELILLA,CANELA,3,1,1,1,110
1117,ESCUELA PARTICULAR LOS TOMES,CANELA,3,1,1,2,110
1119,COLEGIO PARTICULAR SANTA MARIA,LA LIGUA,3,0,1,485,110
1120,CENTRO DE EDUCACION DE ADULTOS LA LIGUA,LA LIGUA,2,0,1,58,363
1121,LICEO PULMAHUE DE LA LIGUA,LA LIGUA,2,0,1,561,299
1122,ESCUELA REPUBLICA DE VENEZUELA,LA LIGUA,2,0,1,339,10
1123,ESCUELA GABRIELA MISTRAL,LA LIGUA,2,0,1,742,10
1125,ESCUELA DIEGO PORTALES,LA LIGUA,2,0,1,153,10
1126,ESCUELA ESPECIAL SOL NACIENTE,LA LIGUA,2,0,1,34,212
1128,ESCUELA COMUNIDADES DE VALLE HERMOSO,LA LIGUA,2,1,1,284,10
1129,ESCUELA ANGEL MENAY,LA LIGUA,2,1,1,13,110
1130,ESC. BASICA LOS HORNOS DE HUAQUEN,LA LIGUA,2,1,1,30,110
1131,ESC. BASICA CASAS VIEJAS DE LONGOTOMA,LA LIGUA,2,1,1,23,110
1132,ESCUELA BASICA POZA VERDE,LA LIGUA,2,1,1,161,110
1133,ESC.BASICA LAS CASAS DE HUAQUEN,LA LIGUA,2,1,1,66,110
1134,CARMEN SANCHEZ ARAYA,LA LIGUA,2,1,1,21,110
1135,ESCUELA BASICA LOS MOLLES,LA LIGUA,2,1,1,61,110
1136,ESCUELA BASICA PUYANCON,LA LIGUA,2,1,1,77,110
1137,ESCUELA BASICA HORTENCIA POWELL S.,LA LIGUA,2,1,1,10,110
1139,ESCUELA MINISTRO GOMEZ MILLAS,LA LIGUA,2,1,1,40,10
1140,ESCUELA BASICA CARLOS ARIZTIA RUIZ,LA LIGUA,2,1,1,37,110
1142,ESCUELA LA CANELA,LA LIGUA,2,1,1,61,110
1143,ESCUELA BASICA QUEBRADILLA,LA LIGUA,2,1,1,36,110
1144,ESCUELA BASICA PICHICUY,LA LIGUA,2,1,1,43,110
1145,ESCUELA ENRIQUE DOLL ROJAS,LA LIGUA,2,1,1,43,110
1147,ESCUELA FERNANDO GARCIA OLDINI,PETORCA,2,1,1,108,10
1148,LICEO JOSE MANUEL BORGONO NUNEZ,PETORCA,2,0,1,464,10
1149,LICEO CORDILLERA,PETORCA,2,1,1,160,10
1150,ESCUELA BASICA NEFTALI REYES B.,PETORCA,2,1,1,7,110
1151,ESCUELA BASICA VILLA SANTA ANA,PETORCA,2,1,1,7,110
1152,ESCUELA EDUARDO FREI MONTALVA,PETORCA,2,1,1,79,10
1153,ESCUELA BASICA EL CRUCERO,PETORCA,2,1,1,3,110
1154,ESCUELA RAUL ESCOBAR VARAS,PETORCA,2,1,2,0,0
1156,ESCUELA BASICA G-24,PETORCA,2,1,1,42,110
1157,ESCUELA BASICA LOS ALAMOS EL SOBRANTE,PETORCA,2,1,1,33,10
1158,ESCUELA BASICA BENANCIO PEREZ,PETORCA,2,1,1,6,110
1160,ESCUELA HOGAR FRONTERIZA DE CHALACO,PETORCA,2,1,1,13,10
1161,ESCUELA BASICA PEDEGUA,PETORCA,2,1,1,167,10
1162,ESCUELA PARTICULAR JUAN PABLO II,PETORCA,3,1,1,37,10
1164,COL. CATOLICO PDTE.MANUEL MONTT,PETORCA,3,0,1,461,10
1166,COLEGIO SAGRADO CORAZON,PETORCA,3,1,1,127,10
1167,LICEO Y ESCUELA MUNICIPAL,CABILDO,2,0,1,539,310
1168,ESCUELA HANS WENKE MENGERS,CABILDO,2,0,1,340,10
1170,ESCUELA BASICA VALLE DE ARTIFICIO,CABILDO,2,0,1,149,10
1171,ESCUELA BASICA LA FRONTERA DE ALICAHUE,CABILDO,2,1,1,15,110
1173,ESCUELA ESTER SILVA SOMARRIVA BARTOLILLO,CABILDO,2,1,1,125,10
1174,ESCUELA BASICA SAN LORENZO,CABILDO,2,1,1,104,10
1175,ESCUELA BASICA,CABILDO,2,1,3,0,0
1176,ESCUELA PABLO NERUDA,CABILDO,2,1,1,35,10
1177,ESCUELA BASICA CERRO NEGRO,CABILDO,2,1,2,0,0
1178,ESCUELA BASICA LA VINA,CABILDO,2,1,1,160,10
1179,ESCUELA BASICA MANUEL RODRIGUEZ,CABILDO,2,1,3,0,0
1180,ESCUELA BASICA G-45,CABILDO,2,1,1,237,10
1181,ESCUELA BASICA LOS ANGELES,CABILDO,2,1,1,9,110
1182,ESCUELA BASICA G-47,CABILDO,2,1,1,10,110
1183,LICEO BICENTENARIO DE ZAPALLAR,ZAPALLAR,2,0,1,627,10
1184,COLEGIO TECNICO PROFESIONAL MERCEDES MATURANA GALLARDO,ZAPALLAR,2,1,1,488,10
1185,ESCUELA BALNEARIO CACHAGUA,ZAPALLAR,2,0,1,164,110
1187,ESCUELA,ZAPALLAR,2,1,3,0,0
1189,ESCUELA BASICA AURELIO DURAN ALMENDRO,ZAPALLAR,2,1,1,292,10
1190,COLEGIO PARROQUIAL FRANCISCO DIDIER,ZAPALLAR,3,0,1,470,10
1191,ESCUELA PAPUDO,PAPUDO,2,0,1,330,10
1192,ESCUELA RURAL PULLALLY,PAPUDO,2,1,1,296,10
1194,LICEO MAXIMILIANO SALAS MARCHAN,LOS ANDES,2,0,1,1248,110
1195,LICEO COMERCIAL DE LOS ANDES,LOS ANDES,5,0,1,811,310
1196,LICEO BICENTENARIO TÉCNICO AMANCAY,LOS ANDES,2,0,1,427,410
1197,ESCUELA ESPANA,LOS ANDES,2,0,1,955,10
1198,LICEO REPUBLICA ARGENTINA,LOS ANDES,2,0,1,306,10
1199,LICEO POLITECNICO AMERICA,LOS ANDES,2,0,1,294,299
1200,ESCUELA JOHN KENNEDY,LOS ANDES,2,0,1,253,10
1201,ESCUELA ESPECIAL VALLE ANDINO,LOS ANDES,2,0,1,85,212
1202,ESCUELA FERROVIARIA,LOS ANDES,2,0,1,271,10
1203,ESCUELA GABRIELA MISTRAL,LOS ANDES,2,0,1,236,10
1204,ESCUELA BASICA GRAL.JOSE MIGUEL CARRERA,LOS ANDES,2,0,1,190,10
1206,C.E.I.A DR. OSVALDO ROJAS GONZALEZ,LOS ANDES,2,0,1,435,165
1208,ESCUELA BASICA RIO BLANCO,LOS ANDES,2,1,1,110,10
1210,ESCUELA EL SAUCE,LOS ANDES,2,0,1,267,10
1211,ESCUELA IGNACIO CARRERA PINTO,LOS ANDES,2,0,1,283,10
1212,ESCUELA JUAN GOMEZ MILLAS,SAN FELIPE,2,1,1,57,10
1213,LICEO PARTICULAR MIXTO LOS ANDES,LOS ANDES,3,0,1,1736,10
1214,COLEGIO MARIA AUXILIADORA,LOS ANDES,3,0,1,681,110
1215,ESCUELA PARTICULAR SAN JOSE,LOS ANDES,3,0,1,726,10
1216,ESCUELA PARTICULAR HUMBERTO CASARINO,LOS ANDES,3,0,1,379,10
1217,LICEO SANTA CLARA,LOS ANDES,3,0,1,817,10
1218,ESCUELA PARTICULAR JEAN PIAGET,LOS ANDES,3,0,1,434,10
1220,ESCUELA PARTICULAR N°27 EDÉN DEL NIÑO,LOS ANDES,3,0,1,339,10
1221,COLEGIO ALCAZAR,LOS ANDES,3,0,1,299,10
1225,INSTITUTO CHACABUCO,LOS ANDES,4,0,1,1195,10
1226,COLEGIO MARIA MONTESSORI,LOS ANDES,4,0,1,291,10
1228,ESCUELA PARTICULAR SAN LORENZO,LOS ANDES,4,0,3,0,0
1229,COLEGIO PARTICULAR BREGA COLLEGE,LOS ANDES,4,0,1,375,10
1230,VILLA MINERA ANDINA,LOS ANDES,4,0,3,0,0
1233,ESCUELA PABLO NERUDA,SAN ESTEBAN,2,0,1,470,10
1234,ESC. BASICA SILVIO ZENTENO VERGARA,SAN ESTEBAN,2,0,1,225,10
1235,ESCUELA LO CALVO,SAN ESTEBAN,2,1,1,187,10
1237,ESCUELA BÁSICA PADRE HUMBERTO MUÑOZ R.,SAN ESTEBAN,2,1,1,4,110
1238,ESCUELA INCLUSIVA SAN LORENZO,SAN ESTEBAN,2,0,1,58,10
1239,ESCUELA HERMANO FERNANDO DE LA FUENTE,SAN ESTEBAN,2,1,1,9,110
1240,ESCUELA RIO COLORADO,SAN ESTEBAN,2,1,1,48,10
1243,ESCUELA EL COBRE,SAN ESTEBAN,2,1,1,19,10
1244,ESCUELA SAN FRANCISCO,SAN ESTEBAN,2,1,1,9,110
1245,ESCUELA EL CORAZON,SAN ESTEBAN,2,0,1,206,10
1246,ESCUELA BÁSICA LIBERTAD,SAN ESTEBAN,2,0,1,219,10
1247,ESCUELA BASICA MARIA ISABEL DE BROWN,CALLE LARGA,2,0,1,158,10
1248,ESCUELA BASICA LA PAMPILLA,CALLE LARGA,2,0,1,254,10
1249,ESCUELA BASICA PEDRO AGUIRRE CERDA,CALLE LARGA,2,0,1,218,10
1250,ESCUELA VICTOR KOERNER,CALLE LARGA,2,0,1,143,10
1251,ESCUELA BASICA CRISTO REDENTOR,CALLE LARGA,2,1,1,230,10
1252,ESCUELA BASICA VALLE ALEGRE,CALLE LARGA,2,1,1,54,10
1254,ESCUELA ALTO DEL PUERTO,CALLE LARGA,2,1,2,0,0
1255,INSTITUTO AGRICOLA PASCUAL BABURIZZA,CALLE LARGA,3,0,1,413,110
1256,COLEGIO PARTICULAR SAN JOSE,CALLE LARGA,3,0,1,251,10
1257,CENTRO DE FORMACIÓN ACADÉMICA PERFECTO DE LA FUENTE DEL VILLAR,RINCONADA,2,0,1,551,10
1258,ESCUELA BASICA EMIGDIO GALDAMES ROBLES,RINCONADA,2,0,1,158,10
1259,ESCUELA BASICA MANUEL LEON SALINAS,RINCONADA,2,0,1,119,10
1260,LICEO PARROQUIAL TERESITA DE LOS ANDES,RINCONADA,3,0,1,536,10
1261,LICEO DOCTOR ROBERTO HUMERES O.,SAN FELIPE,2,0,1,281,110
1262,LICEO BICENTENARIO GUILLERMO RICHARDS CUEVAS,SAN FELIPE,5,0,1,1149,510
1263,LICEO BICENTENARIO CORINA URBINA VILLANUEVA,SAN FELIPE,2,0,1,637,10
1264,LICEO SAN FELIPE,SAN FELIPE,2,0,1,390,10
1265,ESCUELA BASICA BERNARDO O HIGGINS R.,SAN FELIPE,2,0,1,253,10
1266,ESCUELA MANUEL RODRIGUEZ ERDOIZA,SAN FELIPE,2,0,1,95,10
1268,ESCUELA BASICA JOSE DE SAN MARTIN,SAN FELIPE,2,0,1,799,10
1269,ESCUELA JOHN F KENNEDY,SAN FELIPE,2,0,1,286,10
1271,ESCUELA JOSÉ ANTONIO MANSO DE VELASCO,SAN FELIPE,2,0,1,327,10
1273,ESCUELA SAN RAFAEL,SAN FELIPE,2,1,1,47,10
1274,ESCUELA ALMENDRAL,SAN FELIPE,2,0,1,201,10
1275,ESCUELA BUEN PASTOR,SAN FELIPE,2,0,1,238,10
1276,ESCUELA ESPECIAL SAGRADO CORAZON,SAN FELIPE,2,0,1,133,212
1277,ESCUELA LEOPOLDO AHUMADA LEMUS,SAN FELIPE,2,0,3,0,0
1279,ESCUELA CARMELA CARVAJAL DE PRAT,SAN FELIPE,2,0,1,206,10
1280,ESCUELA 21 DE MAYO,SAN FELIPE,2,0,1,172,10
1281,ESCUELA REPUBLICA ARGENTINA,SAN FELIPE,2,0,1,201,10
1282,ESCUELA BUCALEMITO,SAN FELIPE,2,1,1,109,10
1283,ESCUELA HERIBERTO BERMUDEZ CRUZ,SAN FELIPE,2,1,1,44,10
1285,ESCUELA MATEO COKLJAT K,SAN FELIPE,2,1,1,126,10
1286,ESCUELA BASICA CAROLINA OCAMPO GARCIA,SAN FELIPE,2,1,1,118,10
1287,ESCUELA JOSE BERNARDO SUAREZ,SAN FELIPE,2,1,1,124,10
1288,INSTITUTO ABDON CIFUENTES,SAN FELIPE,4,0,1,900,10
1289,COLEGIO ASSUNTA PALLOTA,SAN FELIPE,3,0,1,331,310
1290,COLEGIO SANTA JUANA DE ARCO,SAN FELIPE,3,0,1,610,10
1291,COLEGIO JOSE AGUSTIN GOMEZ,SAN FELIPE,3,0,1,508,10
1292,COLEGIO ALONSO DE ERCILLA,SAN FELIPE,3,0,1,1319,10
1294,COLEGIO PARTICULAR PUMANQUE,SAN FELIPE,3,0,1,643,10
1296,COLEGIO RELIGIOSAS CARMELITAS,SAN FELIPE,4,0,3,0,0
1297,COLEGIO PART.LAS CAMPANITAS DE ACONCAGU,SAN FELIPE,4,0,3,0,0
1299,COLEGIO DIEGO PORTALES,SAN FELIPE,4,0,3,0,0
1300,ESCUELA AGRICOLA DE SAN FELIPE,SAN FELIPE,5,0,1,513,310
1301,LICEO MANUEL MARIN,PUTAENDO,2,0,1,299,10
1302,LICEO RINCONADA DE SILVA,PUTAENDO,2,0,1,229,10
1304,ESCUELA PASO HISTORICO EL TARTARO,PUTAENDO,2,1,1,110,10
1305,ESCUELA RENACER,PUTAENDO,2,1,1,137,10
1306,ESCUELA,PUTAENDO,2,1,3,0,0
1307,ESCUELA SAN ALBERTO,PUTAENDO,2,1,1,159,10
1308,ESCUELA ALEJANDRINA CARVAJAL ASPEE,PUTAENDO,2,1,1,31,10
1309,ESCUELA EDUARDO BECERRA BASCUNAN,PUTAENDO,2,1,1,44,10
1310,ESCUELA MARIA LEIVA DE IBANEZ,PUTAENDO,2,1,1,68,10
1311,ESCUELA EL AVE MARIA,CALERA,3,0,1,326,110
1312,ESC. BAS. GASTON ORMAZABAL CABRERA,PUTAENDO,2,0,1,101,10
1313,ESCUELA CATAN DABIKE,PUTAENDO,2,1,1,91,10
1314,ESCUELA JUSTO ESTAY,PUTAENDO,2,1,3,0,0
1315,ESCUELA PARTICULAR ANDRES BELLO,LOS ANDES,3,0,3,0,0
1316,COLEGIO MARIE POUSSEPIN,PUTAENDO,3,0,1,722,10
1318,LICEO DARIO SALAS,SANTA MARÍA,2,0,1,390,10
1319,ESCUELA ESPECIAL MARÍA REBECA ESPÍNOLA ESPINOSA DE SANTA MARÍA,SANTA MARÍA,2,0,1,31,212
1321,ESCUELA GUILLERMO BANADOS HONORATO,SANTA MARÍA,2,1,1,183,10
1322,ESCUELA LA HIGUERA,SANTA MARÍA,2,1,1,49,10
1323,ESCUELA SANTA FILOMENA,SANTA MARÍA,2,1,1,63,10
1325,ESCUELA BASICA AURORA VELASCO PEREZ,SANTA MARÍA,2,0,1,57,10
1326,ESCUELA JULIO TEJEDOR ZUNIGA,SANTA MARÍA,2,1,1,81,10
1327,COLEGIO BICENTENARIO SANTA MARÍA DE ACONCAGUA,SANTA MARÍA,3,0,1,925,10
1328,ESCUELA INDEPENDENCIA,PANQUEHUE,2,0,1,191,10
1329,ESCUELA EMA LOBOS REYES,PANQUEHUE,2,0,1,173,10
1330,ESCUELA EL ESCORIAL,PANQUEHUE,2,1,3,0,0
1331,ESCUELA BASICA FRAY CAMILO HENRIQUEZ,PANQUEHUE,2,1,1,116,10
1332,ESCUELA BASICA VINA ERRAZURIZ,PANQUEHUE,2,1,1,105,10
1333,ESCUELA JORGE BARROS BEAUCHEF,PANQUEHUE,2,0,1,149,10
1335,LICEO BICENTENARIO LICEO POLITECNICO LLAY LLAY,LLAILLAY,2,0,1,665,310
1336,ESCUELA AGUSTIN EDWARDS,LLAILLAY,2,0,1,407,10
1337,ESCUELA HEROES DE IQUIQUE,LLAILLAY,2,0,1,141,10
1338,ESCUELA NACIONES UNIDAS,LLAILLAY,2,0,1,246,10
1339,ESCUELA ELISA LATTAPIAT VARGAS,LLAILLAY,2,0,1,222,10
1340,ESCUELA HERMINIA ORTEGA DE CROXATO,LLAILLAY,2,0,1,196,10
1341,ESCUELA BASICA EL PORVENIR,LLAILLAY,2,1,1,256,10
1342,ESCUELA LAS PALMAS,LLAILLAY,2,1,1,118,10
1343,ESCUELA LAS PENAS,LLAILLAY,2,1,1,76,10
1344,ESCUELA ENRIQUE MEIGGS,LLAILLAY,2,1,2,0,0
1345,ESCUELA LAS VEGAS,LLAILLAY,2,1,1,65,10
1346,ESCUELA JORGE PRIETO LETELIER,LLAILLAY,2,1,1,84,10
1347,LICEO MENESIANO SAGRADO CORAZON,LLAILLAY,3,0,1,965,10
1349,COLEGIO SALVADOR GONZALEZ,LLAILLAY,3,0,1,353,10
1350,ESC.PARTICULAR MARIA LETELIER DE PRIETO,LLAILLAY,3,0,1,570,10
1352,ESCUELA MARIA TERESA DEL CANTO,CATEMU,2,0,1,396,10
1353,ESCUELA SAN JOSE DE CATEMU,CATEMU,2,1,1,162,10
1354,LICEO BICENTENARIO POLIVALENTE FERNANDO SILVA CASTELLÓN,CATEMU,2,0,1,448,310
1355,ESCUELA EL COBRE,CATEMU,2,1,1,165,10
1356,ESC REBECA JOHNSON GARCIA-HUIDOBRO,CATEMU,2,1,1,56,110
1357,ESCUELA LA COLONIA,CATEMU,2,1,3,0,0
1358,ESCUELA BASICA EL NILHUE,CATEMU,2,1,1,154,10
1359,ESCUELA BASICA LOS CERRILLOS,CATEMU,2,1,1,144,10
1360,ESCUELA BASICA SANTA MARGARITA,CATEMU,2,0,1,117,10
1361,COLEGIO PARTICULAR CALIFORNIA,CATEMU,3,0,1,401,10
1362,ESCUELA AGRICOLA SALESIANA F. HUIDOBRO,CATEMU,3,0,1,360,110
1363,LICEO SANTIAGO ESCUTI ORREGO,QUILLOTA,2,0,1,592,10
1364,COLEGIO VALLE DE QUILLOTA,QUILLOTA,2,0,1,594,10
1366,LICEO COMERCIAL DE QUILLOTA,QUILLOTA,2,0,1,408,410
1367,COLEGIO ROBERTO MATTA,QUILLOTA,2,0,1,391,110
1368,COLEGIO CANADÁ,QUILLOTA,2,0,1,571,10
1369,ESCUELA SUPERIOR Nº 1,QUILLOTA,2,0,1,220,10
1370,COLEGIO REPÚBLICA DE MÉXICO,QUILLOTA,2,0,1,452,10
1371,COLEGIO BICENTENARIO ARAUCO,QUILLOTA,2,0,1,973,10
1373,ESCUELA BASICA,QUILLOTA,2,0,3,0,0
1374,ESCUELA ESPECIAL LOS PALTOS,QUILLOTA,2,0,1,66,212
1375,ESCUELA DE DEPORTES,QUILLOTA,2,0,3,0,0
1376,ESCUELA BASICA RAMON FREIRE,QUILLOTA,2,0,3,0,0
1377,ESCUELA NUESTRO MUNDO,QUILLOTA,2,0,1,284,10
1378,ESCUELA BASICA ABEL GUERRERO AGUIRRE,QUILLOTA,2,1,1,264,10
1383,ESCUELA BASICA JAIME PAVEZ BADILLA,QUILLOTA,2,1,3,0,0
1384,COLEGIO CUMBRES DE BOCO,QUILLOTA,2,0,1,245,10
1385,ESCUELA BASICA LA PALMA,QUILLOTA,2,0,1,226,10
1386,ESCUELA DE SAN ISIDRO,QUILLOTA,2,1,3,0,0
1387,ESCUELA EDUCACION GENERAL BASICA,QUILLOTA,2,1,3,0,0
1388,ESCUELA BASICA MANZANAR,QUILLOTA,2,1,3,0,0
1389,ESCUELA CRISTINA DURAN,QUILLOTA,2,1,1,80,10
1390,ESCUELA BASICA LAS PATAGUAS,QUILLOTA,2,1,1,123,10
1391,LICEO COMERCIAL PARTICULAR,QUILLOTA,4,0,2,0,0
1392,COLEGIO FRANCISCO DE MIRANDA,QUILLOTA,3,0,1,542,110
1393,COLEGIO NIÑO JESUS DE PRAGA,QUILLOTA,3,0,1,725,10
1394,ESCUELA PART. SAGRADOS CORAZONES,CALERA,3,0,1,76,10
1395,COLEGIO SAN PEDRO NOLASCO DE QUILLOTA,QUILLOTA,3,0,1,1037,10
1397,ESCUELA PARTICULAR INDUSTRIAL E. BERTELSEN TEMPLE,QUILLOTA,3,0,1,1424,10
1400,CTRO. DE ESTUDIOS PARA JOVENES Y ADULTOS EDUCACION PARA TODOS,QUILLOTA,3,0,1,278,165
1402,CENTRO EDUCACIONAL ARCO IRIS BAJO EL SOL,QUILLOTA,3,0,1,83,212
1403,COL.NTRA.SEÑORA DEL HUERTO,QUILLOTA,4,0,1,692,10
1404,INSTITUTO RAFAEL ARIZTIA,QUILLOTA,4,0,1,1533,10
1405,COLEGIO INGLES DE QUILLOTA,QUILLOTA,3,0,1,991,10
1406,COLEGIO PAIDEIA,QUILLOTA,4,0,3,0,0
1408,ASOCIACION CRISTIANA FEMENINA,QUILLOTA,4,0,2,0,0
1409,JARDIN INFANTIL OSO YOGUI,QUILLOTA,4,0,3,0,0
1412,COLEGIO ROBERT AND ROSE,QUILLOTA,4,0,1,427,10
1413,COLEGIO QUILLOTA ENGLISH COLLEGE,QUILLOTA,3,0,2,0,0
1414,COLEGIO LEONARDO DA VINCI,LA CRUZ,2,0,1,511,10
1416,COLEGIO MARIA ALONSO CHACON,LA CRUZ,2,0,1,232,10
1417,COLEGIO BOLONIA,LA CRUZ,2,1,1,157,10
1418,ESCUELA BASICA,LA CRUZ,2,1,1,65,10
1419,COLEGIO DOMINGO SANTA CRUZ WILSON,LA CRUZ,2,1,1,103,10
1421,LICEO SAN ISIDRO,LA CRUZ,3,0,1,384,10
1422,LICEO PEDRO DE VALDIVIA,CALERA,2,0,1,315,165
1423,ESCUELA BASICA JOSEFINA HUICI,CALERA,2,0,1,160,10
1424,ESCUELA BASICA IRMA SAPIAIN,CALERA,2,0,1,216,10
1425,LICEO BICENTENARIO COMPLEJO EDUCACIONAL LAS ACACIAS DE ARTIFICIO,CALERA,2,0,1,451,10
1426,ESCUELA BASICA ALMIRANTE LATORRE,CALERA,2,0,3,0,0
1427,ESCUELA BASICA PALESTINA,CALERA,2,0,1,168,10
1428,ESCUELA ESPECIAL JESUS DE NAZARETH,CALERA,2,0,1,77,212
1430,ESCUELA BASICA GABRIELA MISTRAL,CALERA,2,0,1,162,10
1431,ESCUELA BASICA SANTA ROSA DEL HUERTO,CALERA,2,0,1,188,10
1433,ESCUELA BASICA EL LIBERTADOR,CALERA,2,0,1,147,10
1434,ESCUELA DE DEPORTES,CALERA,2,0,3,0,0
1435,ESCUELA BASICA VILLA LA FLORIDA,CALERA,2,1,1,136,10
1436,LICEO PARTICULAR SAN JOSE,CALERA,3,0,1,1040,10
1437,COLEGIO TERESA BROWN DE ARIZTIA,CALERA,3,0,1,707,10
1438,COLEGIO SAULO DE TARSO,CALERA,3,0,1,114,110
1440,COLEGIO LUCERO,CALERA,4,0,1,133,110
1441,BARRIO ESTADIO MUNICIPAL,CALERA,4,0,1,0,0
1442,COLEGIO JOHN CRANE,CALERA,3,0,1,262,110
1443,LICEO INDUSTRIAL A-16 OSCAR CORONA BARAHO,CALERA,5,0,1,744,510
1444,LICEO MUNICIPAL JUAN RUSQUE PORTAL,NOGALES,2,0,1,458,10
1445,COLEGIO EL MELÓN,NOGALES,2,0,1,638,10
1447,ESCUELA BASICA ULDA ARACENA GONZALEZ,NOGALES,2,0,1,370,10
1448,ESCUELA BASICA LA PENA,NOGALES,2,1,1,124,10
1449,COLEGIO CARMELITA FELIPE CORTÉS,NOGALES,3,0,1,572,10
1450,COLEGIO SANTA ISABEL,NOGALES,3,0,1,766,10
1452,ESCUELA PARTICULAR BAMBI,NOGALES,4,0,3,0,0
1453,LICEO MUNICIPAL LUIS LABORDA,HIJUELAS,2,0,1,734,10
1454,ESCUELA ADRIANA RIQUELME NUNEZ,HIJUELAS,2,0,1,114,10
1455,ESCUELA MONICA HURTADO EDWARDS,HIJUELAS,2,1,1,178,10
1456,ESCUELA ANA JESUS IBACACHE,HIJUELAS,2,1,1,117,10
1457,ESCUELA BASICA BENJAMIN MATTE LARRAIN,HIJUELAS,2,1,1,157,10
1458,ESCUELA BASICA LA SOMBRA,HIJUELAS,2,1,1,109,10
1459,ESCUELA BASICA RABUCO,HIJUELAS,2,1,1,209,10
1460,ESCUELA BASICA CALIXTO OVALLE URZUA,HIJUELAS,2,1,1,17,110
1461,ESCUELA MONTE CARMELO,CALERA,2,1,1,89,10
1462,ESCUELA BASICA LOS TILOS DE HUALCAPO,HIJUELAS,2,1,1,63,10
1464,LICEO DE LIMACHE,LIMACHE,2,0,1,799,310
1465,ESCUELA COEDUC TTE HERNAN MERINO CORREA,LIMACHE,2,0,1,467,10
1466,ESCUELA SUPERIOR MIXTA Nº88,LIMACHE,2,0,1,489,10
1467,LICEO BICENTENARIO COLEGIO PASIÓN DE JESÚS DE LIMACHE,LIMACHE,2,0,1,526,10
1468,COLEGIO BRASILIA,LIMACHE,2,0,1,371,10
1469,ESCUELA BASICA HEROES DE CHILE,LIMACHE,2,0,1,429,10
1470,ESCUELA DE DEPORTES,LIMACHE,2,0,3,0,0
1471,ESCUELA LIMACHITO,LIMACHE,2,0,1,220,10
1472,ESCUELA BASICA LOS MAITENES,LIMACHE,2,0,1,227,10
1473,ESCUELA TABOLANGO,LIMACHE,2,1,1,64,10
1474,ESCUELA BASICA PUENTE COLMO,CONCÓN,2,0,1,334,10
1475,ESC. BASICA TRANQUE LLIU LLIU,LIMACHE,2,1,1,54,10
1476,ESCUELA BASICA QUINTA,LIMACHE,2,1,3,0,0
1478,COLEGIO DE LA SANTA CRUZ,LIMACHE,3,0,1,554,10
1479,ESCUELA ROSA MARTINEZ,LIMACHE,3,0,3,0,0
1481,COLEGIO INGLES RELIGIOSAS PASIONISTAS,LIMACHE,3,0,3,0,0
1482,COLEGIO LIMACHE COLLEGE,LIMACHE,3,0,1,750,10
1483,ESCUELA PARTICULAR MICAELA DESMAISSIERES,LIMACHE,3,0,1,245,10
1484,ESCUELA PARTICULAR INST. SANTA MARIA,LIMACHE,3,0,1,951,10
1485,JARDIN INFANT. LAS ARDILLITAS SALTARINA,NOGALES,4,0,3,0,0
1488,ESCUELA MONTEVIDEO,OLMUÉ,2,0,1,369,10
1489,LICEO DE OLMUE,OLMUÉ,2,0,1,241,310
1490,ESCUELA BÁSICA QUEBRADA DE ALVARADO,OLMUÉ,2,1,1,258,10
1491,ESCUELA BASICA LO NARVAEZ,OLMUÉ,2,0,1,220,10
1492,ESCUELA BASICA,OLMUÉ,2,1,3,0,0
1493,ESCUELA LA DORMIDA,OLMUÉ,2,1,1,39,10
1495,ESCUELA LA RAMAYANA,OLMUÉ,2,1,1,10,110
1496,ESCUELA LAS PALMAS DEL NIÑO DIOS,OLMUÉ,2,1,1,89,10
1497,ESCUELA LA LOMA DE LA VEGA,OLMUÉ,2,1,3,0,0
1498,ESCUELA LAS BELLOTAS DE LA VEGA,OLMUÉ,2,1,1,91,10
1500,COLEGIO PART. IGNACIO CARRERA PINTO,OLMUÉ,3,0,1,937,10
1502,INST.SUP.COMERCIO FCO.ARAYA BENNET,VALPARAÍSO,6,0,1,745,410
1503,ESCUELA INDUSTRIAL SUPERIOR DE VALPARAISO,VALPARAÍSO,5,0,1,828,310
1504,LICEO TÉCNICO DE VALPARAÍSO,VALPARAÍSO,6,0,1,1139,310
1506,CENTRO EDUCATIVO FLORIDA,VALPARAÍSO,6,0,1,131,10
1507,CENTRO EDUCATIVO HORIZONTE,VALPARAÍSO,6,0,1,351,165
1508,CENTRO EDUCATIVO GRAN BRETAÑA,VALPARAÍSO,6,0,1,146,212
1509,CENTRO EDUCATIVO LUZ DE ESPERANZA,VALPARAÍSO,6,0,1,40,212
1510,ESCUELA ESPECIAL DE LENGUAJE LIBERTADOR DE LA PATRIA BERNARDO O`HIGGINS,VALPARAÍSO,6,0,1,80,214
1511,CENTRO EDUCATIVO REINO DE SUECIA,VALPARAÍSO,6,0,1,119,10
1514,ESCUELA HERNAN OLGUIN,VALPARAÍSO,6,0,1,224,10
1515,LICEO EDUARDO DE LA BARRA,VALPARAÍSO,6,0,1,1225,110
1516,LICEO TECNOLÓGICO ALFREDO NAZAR FERES,VALPARAÍSO,6,0,1,408,10
1517,LICEO MATILDE BRANDAU DE ROSS,VALPARAÍSO,6,0,1,501,10
1518,LICEO MARIA LUISA BOMBAL,VALPARAÍSO,6,0,1,256,10
1519,LICEO TECNICO PROFESIONAL BARON,VALPARAÍSO,6,0,1,116,510
1520,LICEO BICENTENARIO MARITIMO DE VALPARAISO,VALPARAÍSO,6,0,1,553,110
1521,LICEO DE NINAS MARIA FRANCK DE MACDOUGAL,VALPARAÍSO,6,0,1,360,10
1522,COLEGIO PEDRO MONTT,VALPARAÍSO,6,0,1,241,10
1523,ESCUELA NACIONES UNIDAS,VALPARAÍSO,6,0,1,413,10
1524,ESCUELA REPUBLICA ARABE SIRIA,VALPARAÍSO,6,0,1,189,10
1525,LICEO BICENTENARIO INSTITUTO TÉCNICO PROFESIONAL MARTÍTIMO DE VALPARAÍSO,VALPARAÍSO,6,0,1,779,510
1526,ESCUELA REPUBLICA DEL PARAGUAY,VALPARAÍSO,6,0,1,224,10
1528,ESCUELA GASPAR CABRALES,VALPARAÍSO,6,0,1,257,10
1529,ESCUELA GRECIA,VALPARAÍSO,6,0,1,555,10
1533,ESCUELA ALEMANIA,VALPARAÍSO,6,0,1,222,10
1534,ESCUELA REPUBLICA DEL URUGUAY,VALPARAÍSO,6,0,1,533,10
1535,INST.TEC.PROF.MARITIMO DE VALPARAISO,VALPARAÍSO,6,0,3,0,0
1536,ESCUELA AMERICA,VALPARAÍSO,6,0,1,332,10
1537,ESCUELA RAMON BARROS LUCO,VALPARAÍSO,6,0,1,271,10
1538,ESCUELA JUAN JOSE LATORRE B,VALPARAÍSO,6,0,1,144,10
1540,ESCUELA BLAS CUEVAS RAMON ALLENDE,VALPARAÍSO,6,0,1,98,10
1541,ESCUELA REPUBLICA DE EL SALVADOR,VALPARAÍSO,6,0,1,160,10
1542,ESCUELA JOAQUIN EDWARDS BELLO,VALPARAÍSO,6,0,1,401,10
1543,ESCUELA JORGE ALESSANDRI RODRIGUEZ,VALPARAÍSO,6,0,1,214,10
1545,ESCUELA JAPON,VALPARAÍSO,6,0,3,0,0
1547,ESCUELA CARABINERO PEDRO A. CARIAGA M.,VALPARAÍSO,6,0,1,100,10
1548,ESCUELA DIEGO PORTALES PALAZUELOS,VALPARAÍSO,6,0,1,87,10
1549,ESCUELA REPUBLICA DE MEXICO,VALPARAÍSO,6,0,1,674,10
1550,ESCUELA PACIFICO,VALPARAÍSO,6,0,1,129,10
1551,ESCUELA MONTEDONICO,VALPARAÍSO,6,0,1,148,10
1552,ESCUELA ESTADOS UNIDOS DE NORTEAMERICA,VALPARAÍSO,6,0,3,0,0
1553,ESCUELA ESPANA,VALPARAÍSO,6,0,1,301,10
1554,COLEGIO PABLO NERUDA,VALPARAÍSO,6,0,1,207,10
1555,ESCUELA REPUBLICA DE ISRAEL,VALPARAÍSO,6,0,1,154,10
1556,ESCUELA ELEUTERIO RAMIREZ,VALPARAÍSO,6,0,1,77,10
1557,ESCUELA VILLA BERLIN,VALPARAÍSO,6,0,1,187,10
1559,ESCUELA BASICA FEDERICO ALBERT,VALPARAÍSO,6,0,2,0,0
1560,ESCUELA CAMILO MORI,VALPARAÍSO,6,0,3,0,0
1563,ESCUELA JUAN WACQUEZ MOURFIN,VALPARAÍSO,6,0,1,95,10
1567,ESCUELA BASICA DAVID BEN GURION,VALPARAÍSO,6,0,1,100,10
1568,ESCUELA REPUBLICA ARGENTINA,VALPARAÍSO,6,0,1,194,10
1569,ESCUELA PILOTO 1° LUIS PARDO VILLALON,VALPARAÍSO,6,0,1,390,10
1570,ESCUELA BASICA CIRUJANO VIDELA,VALPARAÍSO,6,0,1,269,10
1571,ESCUELA SAN JUDAS TADEO,VALPARAÍSO,6,0,1,57,10
1573,ESCUELA DR. ERNESTO QUIROZ WEBER,VALPARAÍSO,6,0,1,164,10
1577,ESCUELA BÁSICA INTERCULTURAL LAGUNA VERDE,VALPARAÍSO,6,0,1,248,10
1578,ESCUELA TTE. JULIO A. ALLENDE OVALLE,VALPARAÍSO,6,0,1,213,10
1579,LICEO SANTA TERESA,VALPARAÍSO,3,0,1,363,10
1580,COLEGIO PRESBIT. DAVID TRUMBULL,VALPARAÍSO,3,0,3,0,0
1581,LICEO JUANA ROSS DE EDWARDS,VALPARAÍSO,3,0,1,1256,10
1582,COLEGIO LUTERANO CONCORDIA,VALPARAÍSO,3,0,1,791,10
1583,COLEGIO JEANNE DARC VALPARAISO,VALPARAÍSO,3,0,1,228,10
1584,COLEGIO NOCTURNO RUBEN CASTRO,VALPARAÍSO,3,0,1,100,363
1585,LICEO COEDUCACIONAL LA IGUALDAD,VALPARAÍSO,3,0,1,890,10
1586,COLEGIO CARLOS COUSINO,VALPARAÍSO,3,0,1,940,10
1587,COLEGIO MARIA AUXILIADORA,VALPARAÍSO,3,0,1,802,10
1588,COLEGIO NTRA.SRA.DE LA MISERICORDIA,VALPARAÍSO,3,0,1,535,10
1590,COLEGIO SALESIANO VALPARAISO,VALPARAÍSO,3,0,1,1618,10
1593,ESCUELA PARTICULAR SANTA ANA,VALPARAÍSO,3,0,1,445,10
1594,COLEGIO SAN DAMIAN DE MOLOKAI,VALPARAÍSO,3,0,1,551,10
1595,COLEGIO ARTURO EDWARDS,VALPARAÍSO,3,0,1,548,10
1596,COLEGIO SAN IGNACIO DE LOYOLA,VALPARAÍSO,3,0,1,613,10
1597,ESCUELA PARTICULAR SAN LUIS,VALPARAÍSO,3,0,1,184,10
1598,COLEGIO PARTICULAR ADVENTISTA,VALPARAÍSO,3,0,1,387,10
1599,COLEGIO SAGRADO CORAZON DE JESUS,VALPARAÍSO,3,0,1,261,10
1600,COLEGIO PATROCINIO SAN JOSE,VALPARAÍSO,3,0,3,0,0
1601,ESC SAGRADA FAMILIA DE NAZARET,VALPARAÍSO,3,0,1,455,10
1602,COLEGIO ESPERANZA,VALPARAÍSO,3,0,1,215,10
1603,COLEGIO PARTICULAR SAN PIO X,VALPARAÍSO,3,0,1,311,10
1604,COLEGIO LEONARDO MURIALDO,VALPARAÍSO,3,0,1,1195,10
1606,ESC. N° 230 VACCAREZZA,VALPARAÍSO,3,0,3,0,0
1607,COLEGIO TERESITA DE LISIEUX,VALPARAÍSO,3,0,1,422,10
1609,ESC PART FRAY LUIS BELTRAN,VALPARAÍSO,3,0,1,340,10
1610,COLEGIO ALBERTO HURTADO SEGUNDO,VALPARAÍSO,3,0,1,651,10
1614,ESCUELA PARTICULAR RUBEN DARIO,VALPARAÍSO,3,0,3,0,0
1616,COLEGIO  MADRID,VALPARAÍSO,3,0,2,0,0
1617,COLEGIO DABRUNA,VALPARAÍSO,3,0,3,0,0
1618,R.P. ARTURO ROSE-INNE SSCC,VIÑA DEL MAR,3,0,3,0,0
1619,COLEGIO PARTICULAR JUNIOR SCHOOL 2,VALPARAÍSO,3,0,1,428,10
1620,COLEGIO MIGUEL DE UNAMUNO,VALPARAÍSO,3,0,1,432,10
1621,LICEO MIXTO JOSE MIGUEL CARRERA,VALPARAÍSO,3,0,1,226,10
1623,JARDIN INFANTIL SEMILLITA,VALPARAÍSO,4,0,1,0,0
1624,JARDIN INFANTIL CARACOL,VALPARAÍSO,4,0,1,0,0
1626,JARDIN INFANTIL CINDY,VALPARAÍSO,4,0,1,0,0
1629,COLEGIO INTERNACIONAL,VALPARAÍSO,4,0,1,274,10
1631,"COLEGIO DE LOS SAGRADOS CORAZONES, PADRES FRANCESES",VIÑA DEL MAR,4,0,1,1119,10
1632,COL. IDA.CONCEPC. NTRA.SRA.LOURDES,VALPARAÍSO,3,0,1,511,10
1634,SEMINARIO SAN RAFAEL,VALPARAÍSO,4,0,1,782,10
1635,COLEGIO AGUSTIN EDWARDS,VALPARAÍSO,3,0,1,385,10
1637,COLEGIO SANTO DOMINGO,VALPARAÍSO,4,0,3,0,0
1638,SCUOLA ITALIANA ARTURO DELL´ORO,VALPARAÍSO,4,0,1,539,10
1641,COLEGIO SAN PEDRO NOLASCO,VALPARAÍSO,4,0,1,504,10
1643,ESC. PART. MISS RUBIO,VALPARAÍSO,4,0,3,0,0
1644,ESCUELA PARTICULAR WINDSOR SCHOOL,VALPARAÍSO,4,0,4,0,0
1646,COLEGIO CRISTIANO SAN LUCAS,QUINTA NORMAL,4,0,3,0,0
1647,LICEO CARLOS COUSIÑO,VALPARAÍSO,4,0,2,0,0
1648,ESCUELA PARTICULAR GABRIELA MISTRAL,VALPARAÍSO,4,0,3,0,0
1650,COL. PART. CONSTANCIO VIGIL,VALPARAÍSO,3,0,1,17,10
1653,COLEGIO SAN VICENTE,VALPARAÍSO,3,0,1,467,10
1654,JARDIN INFANTIL LOS POLLITOS,VALPARAÍSO,4,0,3,0,0
1657,COLEGIO PRESB. DAVID TRUMBULL,VALPARAÍSO,3,0,1,434,10
1658,COLEGIO MANUEL RODRIGUEZ,VALPARAÍSO,4,0,3,0,0
1660,JARDIN INFANTIL SANSANITO,VALPARAÍSO,4,0,3,0,0
1662,ENGLISH COLLEGE VILLA PLACERES,VALPARAÍSO,4,0,3,0,0
1663,INSTITUTO SUPERIOR DE COMERCIO ALBERTO BL,VIÑA DEL MAR,5,0,1,706,310
1664,LICEO INDUSTRIAL MIRAFLORES ALTO,VIÑA DEL MAR,1,0,1,371,510
1665,CENTRO DE DIAGNOSTICO,VIÑA DEL MAR,3,0,3,0,0
1666,C.E.I.A. LOS CASTANOS,VIÑA DEL MAR,1,0,1,191,165
1667,ESCUELA ESPECIAL ADOLFO TANNENBAUM B.,VIÑA DEL MAR,1,0,1,266,10
1668,ESCUELA ESPECIAL RAPA NUI,VIÑA DEL MAR,1,0,1,144,212
1669,ESCUELA ESPECIAL JUANITA DE AGUIRRE CERDA,VIÑA DEL MAR,1,0,1,162,212
1672,LICEO BICENTENARIO JOSÉ FRANCISCO VERGARA ETCHEVERS,VIÑA DEL MAR,1,0,1,359,310
1674,LICEO BENJAMIN VICUNA MACKENNA,VIÑA DEL MAR,1,0,1,314,310
1675,LICEO GUILLERMO RIVERA COTAPOS,VIÑA DEL MAR,1,0,1,424,110
1676,LICEO BICENTENARIO DE VIÑA DEL MAR,VIÑA DEL MAR,1,0,1,739,110
1677,ESCUELA BASICA REPUBLICA DEL ECUADOR,VIÑA DEL MAR,1,0,1,361,10
1678,ESCUELA UNESCO,VIÑA DEL MAR,1,0,1,207,10
1680,ESCUELA ORLANDO PENA CARVAJAL,VIÑA DEL MAR,1,0,1,144,10
1681,COLEGIO REPUBLICA DE COLOMBIA,VIÑA DEL MAR,1,0,1,562,10
1682,COLEGIO MIRAFLORES,VIÑA DEL MAR,1,0,1,318,10
1683,ESCUELA BASICA SANTA JULIA,VIÑA DEL MAR,1,0,1,317,10
1684,ESCUELA LIBERTADOR BERNARDO O^HIGGINS,VIÑA DEL MAR,1,0,1,411,10
1685,ESCUELA DR. OSCAR MARIN SOCIAS,VIÑA DEL MAR,1,0,1,497,10
1686,ESCUELA TEODORO LOWEY,VIÑA DEL MAR,1,0,1,453,10
1688,ESCUELA ALMIRANTE LUIS GOMEZ CARRENO,VIÑA DEL MAR,1,0,1,264,10
1689,ESCUELA ORO NEGRO,CONCÓN,2,0,1,549,10
1691,ESCUELA LORD COCHRANE,VIÑA DEL MAR,1,0,1,182,10
1692,ESCUELA ARTURO PRAT CHACON,VIÑA DEL MAR,1,0,1,467,10
1693,ESCUELA BASICA 21 DE MAYO,VIÑA DEL MAR,1,0,1,141,10
1695,ESCUELA PEDRO AGUIRRE CERDA,VIÑA DEL MAR,1,0,1,153,10
1696,ESCUELA BASICA CHORRILOS,VIÑA DEL MAR,1,0,1,187,10
1697,ESCUELA GASTON OSSA SAINT MARIE,VIÑA DEL MAR,1,0,1,179,10
1698,ESCUELA PAUL HARRIS,VIÑA DEL MAR,1,0,1,376,10
1699,ESCUELA BASICA IRMA SALAS SILVA,CONCÓN,2,0,1,368,10
1700,ESCUELA DOCTOR ADRIANO MACHADO PARDO,VIÑA DEL MAR,1,0,1,232,10
1701,ESCUELA LA PARVA,VIÑA DEL MAR,1,0,1,97,10
1702,ESCUELA CANAL BEAGLE,VIÑA DEL MAR,1,0,1,147,10
1703,ESCUELA PRESIDENTE JOSE MANUEL BALMACEDA,VIÑA DEL MAR,1,0,1,227,10
1704,ESCUELA BASICA JOHN KENNEDY,VIÑA DEL MAR,1,0,1,179,10
1705,ESCUELA PRESIDENTE SALVADOR ALLENDE,VIÑA DEL MAR,1,0,1,242,10
1707,ESCUELA MINISTRO ZENTENO,VIÑA DEL MAR,1,0,1,229,10
1708,ESCUELA ENRIQUE CARDENAS RIVERA,VIÑA DEL MAR,1,0,1,180,10
1709,ESCUELA PATRICIO LYNCH Z.,VIÑA DEL MAR,1,0,1,74,10
1710,CENTRO DE EDUCACION INTEGRADA DE ADULTOS,VIÑA DEL MAR,1,0,1,152,167
1712,ESCUELA VILLA MONTE,VIÑA DEL MAR,1,0,1,212,10
1713,COLEGIO HERMANOS CLARK,VIÑA DEL MAR,1,0,3,0,0
1714,ESCUELA SANTA MARIA DE AGUA SANTA,VIÑA DEL MAR,1,0,1,66,10
1715,ESCUELA CENTRO EDUCATIVO VINA DEL MAR,VIÑA DEL MAR,1,0,3,0,0
1716,ESCUELA VILLA INDEPENDENCIA,VIÑA DEL MAR,1,0,1,217,10
1717,ESCUELA CARDENAL JOSE MARIA CARO,VIÑA DEL MAR,1,0,1,136,10
1718,ESCUELA EDUARDO LEZANA PINCHEIRA,VIÑA DEL MAR,1,0,1,189,10
1719,ESCUELA BASICA SANTA INES,VIÑA DEL MAR,1,0,3,0,0
1720,ESCUELA MARCELA PAZ,VIÑA DEL MAR,1,0,1,206,10
1721,ESCUELA BASICA REPUBLICA DEL LIBANO,VIÑA DEL MAR,1,0,1,178,10
1722,ESCUELA BASICA DR ALDO FRANCIA BOIDO,VIÑA DEL MAR,1,0,1,144,10
1724,ESCUELA PRESIDENTE EDUARDO FREI MONTALVA,VIÑA DEL MAR,1,0,1,357,10
1728,ESCUELA BASICA LUISA NIETO DE HAMEL,VIÑA DEL MAR,1,0,1,74,10
1729,ESCUELA BASICA ARCHI,VIÑA DEL MAR,1,0,2,0,0
1730,ESCUELA CLAUDIO ARRAU,VIÑA DEL MAR,1,0,2,0,0
1732,ESCUELA VIOLETA PARRA,VIÑA DEL MAR,1,0,1,164,10
1734,COLEGIO RUBEN CASTRO-DIURNO,VIÑA DEL MAR,3,0,1,911,110
1735,LICEO PARROQUIAL SAN ANTONIO,VIÑA DEL MAR,3,0,1,1778,10
1738,LICEO NUESTRA SRA.DE LA PAZ,VIÑA DEL MAR,3,0,1,1013,10
1739,ESC. DE TRIPULANTES Y PORTUARIA DE VALPARAISO,VALPARAÍSO,3,0,1,530,410
1741,LICEO SANTA TERESA DE LOS ANDES,VIÑA DEL MAR,3,0,1,452,110
1742,COLEGIO SAN AGUSTIN,VIÑA DEL MAR,3,0,1,355,110
1743,COL.PARROQUIAL SANTA MARIA GORETTI,CONCÓN,3,0,1,716,10
1744,LICEO VESPERTINO JUAN XXIII,VIÑA DEL MAR,3,0,2,0,0
1745,INSTITUTO COMERCIAL NTRA.SRA.DE LOURDES,VIÑA DEL MAR,3,0,3,0,0
1746,INST. DESARR. PARA NINOS CON S.DOWN,VIÑA DEL MAR,3,0,1,73,212
1747,LICEO JOSE CORTES BROWN,VIÑA DEL MAR,3,0,1,421,310
1748,COLEGIO ESPANOL MARIA REINA,VIÑA DEL MAR,3,0,1,940,10
1749,COLEGIO EXCMO. CARDENAL RAUL SILVA HENRIQUEZ,VIÑA DEL MAR,3,0,1,512,10
1750,COL. INMACULADA DE LOURDES,VIÑA DEL MAR,3,0,1,562,10
1751,ESCUELA PARTICULAR HUGO ERRAZURIZ,VIÑA DEL MAR,3,0,1,592,10
1752,ESCUELA PARTICULAR SANTA FILOMENA,VIÑA DEL MAR,3,0,1,593,10
1753,COLEGIO JERUSALEN,VIÑA DEL MAR,3,0,3,0,0
1755,COLEGIO ANA MARIA JANER,VIÑA DEL MAR,3,0,1,1165,10
1756,COLEGIO CLAUDIO MATTE,VIÑA DEL MAR,3,0,1,1029,10
1757,COLEGIO ACONCAGUA,QUILPUÉ,3,0,1,2417,10
1758,ESCUELA DE PARVULOS CRISOLITO,VIÑA DEL MAR,3,0,1,98,10
1759,COLEGIO SAN LUIS DE MIRAFLORES,VIÑA DEL MAR,3,0,1,135,110
1760,ESCUELA ESPECIAL JUAN SANDOVAL C.,VIÑA DEL MAR,3,0,1,41,212
1761,COLEGIO FRIENDLY HIGH SCHOOL,VIÑA DEL MAR,3,0,1,398,10
1762,ESCUELA SIMON BOLIVAR,VIÑA DEL MAR,3,0,3,0,0
1763,CENTRO TRAT. INTEGRAL LAS DALIAS,VIÑA DEL MAR,3,0,1,89,212
1765,ESCUELA ILUSION,VIÑA DEL MAR,3,0,3,0,0
1766,ESCUELA PARTICULAR NUESTRA SRA.DEL PILAR,VIÑA DEL MAR,3,0,3,0,0
1767,ESCUELA PARTICULAR CHILDREN´S SCHOOL,VIÑA DEL MAR,3,0,3,0,0
1769,COLEGIO RAYEN CAVEN,CONCÓN,3,0,1,446,10
1772,COLEGIO BLANCA VERGARA,VIÑA DEL MAR,3,0,1,299,10
1774,SEMINARIO SAN RAFAEL,VIÑA DEL MAR,4,0,1,776,10
1775,COLEGIO ARABE,VIÑA DEL MAR,4,0,1,291,10
1776,SAINT PETER´S SCHOOL,VIÑA DEL MAR,4,0,1,428,10
1777,COLEGIO SAINT DOMINIC,VIÑA DEL MAR,4,0,1,835,10
1778,COLEGIO WINTERHILL,VIÑA DEL MAR,4,0,3,0,0
1780,COLEGIO PATMOS,VIÑA DEL MAR,4,0,1,353,10
1781,ALLIANCE FRANCAISE DE VALPARAISO,VIÑA DEL MAR,4,0,1,903,10
1783,COLEGIO BRITANICO ST. MARGARET`S S.A.,CONCÓN,4,0,1,942,10
1786,COLEGIO INGLES SAN PATRICIO,VIÑA DEL MAR,3,0,3,0,0
1787,HEBREO DR. JAIM WEITZMAN,VIÑA DEL MAR,4,0,1,249,10
1788,THE MACKAY SCHOOL,VIÑA DEL MAR,4,0,1,791,10
1789,COLEGIO PROFESOR HUGUET,VIÑA DEL MAR,4,0,1,266,10
1790,PAN AMERICAN COLLEGE,VIÑA DEL MAR,4,0,3,0,0
1791,SAINT PAUL´S SCHOOL,VIÑA DEL MAR,4,0,1,636,10
1792,COLEGIO DE LOS SAGRADOS CORAZONES (ALVAREZ),VIÑA DEL MAR,4,0,1,558,10
1793,COLEGIO DEL SAGRADO CORAZON-REÑACA,VIÑA DEL MAR,4,0,3,0,0
1794,COLEGIO SSCC PADRES FRANCESES,VIÑA DEL MAR,4,0,3,0,0
1795,COLEGIO SAN IGNACIO,VIÑA DEL MAR,3,0,1,789,10
1796,COLEGIO COMPAÑIA DE MARIA,VIÑA DEL MAR,4,0,1,400,10
1800,CASTLE COLLEGE,VIÑA DEL MAR,4,0,3,0,0
1801,COLEGIO MARIA AUXILIADORA,VIÑA DEL MAR,3,0,1,838,10
1803,ESC. STA. TERESITA DE JESUS,VIÑA DEL MAR,4,0,1,0,0
1806,COL. LITTLE FLOWERS OF WISDOM,VIÑA DEL MAR,4,0,3,0,0
1807,ESCUELA JEFFERSON SCHOOL,QUILPUÉ,3,0,1,167,10
1809,COLEGIO PARTICULAR ARANDA,VIÑA DEL MAR,4,0,3,0,0
1810,COL. MARIA RAQUEL CERECEDA,VIÑA DEL MAR,4,0,3,0,0
1812,ESCUELA BASICA PARADISE COLLEGE,VIÑA DEL MAR,3,0,3,0,0
1813,JARDIN INFANTIL PAPELUCHO,VIÑA DEL MAR,4,0,3,0,0
1815,COLEGIO INGLES ERRAZURIZ,VIÑA DEL MAR,4,0,3,0,0
1817,GREENVILLE COLLEGE,VIÑA DEL MAR,4,0,3,0,0
1819,COLLEGE CHRETIEN FRANCAIS LE BEAU JOUR,VIÑA DEL MAR,3,0,1,137,10
1823,ESCUELA N° 340 LORD COCHRANE,VIÑA DEL MAR,4,0,1,0,0
1826,JARDIN INFANTIL CONEJITO COSTALIN,VIÑA DEL MAR,4,0,1,0,0
1828,JARDIN INFANTIL ARCO IRIS,CONCÓN,4,0,1,0,0
1829,JARDIN INFANTIL RAYITO DE LUZ,VIÑA DEL MAR,4,0,2,0,0
1830,JARDIN INFANTIL HEIDI,VIÑA DEL MAR,4,0,3,0,0
1837,BRITISH SCHOOL,VIÑA DEL MAR,4,0,3,0,0
1838,COLEGIO SITAEL,VIÑA DEL MAR,4,0,3,0,0
1839,COLEGIO ALEMAN DE VALPARAISO,VIÑA DEL MAR,4,0,1,1395,10
1840,LICEO MAX PLANCK,VIÑA DEL MAR,4,0,1,0,0
1842,COLEGIO SAN ANDRES,VIÑA DEL MAR,3,0,1,455,10
1844,COLEGIO FRANCO INGLES,VIÑA DEL MAR,4,0,1,183,10
1846,NUCLEO EDUCACIONAL SER,CONCÓN,4,0,4,0,0
1847,COLEGIO SAINT MICHAEL,VIÑA DEL MAR,3,0,1,155,110
1848,BLUE BIRD COLLEGE,VIÑA DEL MAR,4,0,3,0,0
1850,ASIVA,VIÑA DEL MAR,4,0,3,0,0
1851,LICEO POLITECNICO QUINTERO,QUINTERO,2,0,1,546,110
1853,COLEGIO ARTÍSTICO COSTA MAUCO,QUINTERO,2,0,1,290,10
1854,ESCUELA AZUCENA DIABUNO VASQUEZ,QUINTERO,2,0,3,0,0
1855,ESCUELA BASICA REPUBLICA DE FRANCIA,QUINTERO,2,0,1,629,10
1856,ESCUELA MANTAGUA,QUINTERO,2,1,1,170,10
1857,ESCUELA JUAN JOSE TORTEL,QUINTERO,2,1,1,157,10
1858,COLEGIO DON ORIONE,QUINTERO,3,0,1,1316,10
1859,COLEGIO SANTA FILOMENA,QUINTERO,3,0,1,551,10
1860,COLEGIO INGLES,QUINTERO,3,0,1,1065,10
1861,COL.HUMANID. ALONSO DE QUINTERO,QUINTERO,4,0,3,0,0
1862,COLEGIO PARTICULAR DAYLIGHT,QUINTERO,4,0,3,0,0
1863,COLEGIO GENERAL JOSE VELASQUEZ BORQUEZ,PUCHUNCAVÍ,2,0,1,858,10
1864,COMPLEJO EDUCACIONAL SARGENTO ALDEA,PUCHUNCAVÍ,2,0,1,811,10
1867,COLEGIO LA GREDA,PUCHUNCAVÍ,2,1,1,339,10
1868,ESCUELA LA CHOCOTA,PUCHUNCAVÍ,2,0,1,301,10
1869,ESCUELA LOS MAQUIS,PUCHUNCAVÍ,2,1,1,12,110
1870,ESCUELA CAMPICHE,PUCHUNCAVÍ,2,1,1,118,10
1871,ESCUELA BASICA EL RINCON,PUCHUNCAVÍ,2,1,1,89,10
1872,ESCUELA BASICA LA CANELA,PUCHUNCAVÍ,2,1,2,0,0
1873,ESCUELA HORCON,PUCHUNCAVÍ,2,0,1,209,10
1874,ESCUELA BASICA LA LAGUNA,PUCHUNCAVÍ,2,0,1,170,10
1875,COLEGIO MAITENCILLO,PUCHUNCAVÍ,2,0,1,223,10
1876,ESCUELA BASICA LA QUEBRADA,PUCHUNCAVÍ,2,1,1,20,110
1877,ESCUELA PUCALAN,PUCHUNCAVÍ,2,1,1,29,110
1878,ESCUELA BASICA EL RUNGUE,PUCHUNCAVÍ,2,1,1,110,10
1879,ESCUELA LOS MAITENES,PUCHUNCAVÍ,2,1,3,0,0
1880,COLEGIO INDUSTRIAL ANDRES BELLO LOPEZ,QUILPUÉ,1,0,1,322,510
1881,COLEGIO LUIS CRUZ MARTÍNEZ,QUILPUÉ,1,0,1,570,10
1882,LICEO GUILLERMO GRONEMEYER ZAMORANO,QUILPUÉ,1,0,1,357,110
1884,LICEO COMERCIAL ALEJANDRO LUBET V,QUILPUÉ,1,0,1,531,110
1885,COLEGIO CAPITAN IGNACIO CARRERA PINTO,QUILPUÉ,1,0,1,148,10
1886,COLEGIO MANUEL BULNES PRIETO,QUILPUÉ,1,0,1,427,10
1887,ESCUELA GUARDIAMARINA GUILLERMO ZANARTU I.,QUILPUÉ,1,0,1,699,10
1888,ESC.CDTE. ELEUTERIO RAMIREZ MOLINA,QUILPUÉ,1,0,1,291,10
1889,COLEGIO FERNANDO DURAN VILLARREAL,QUILPUÉ,1,0,1,419,10
1890,COLEGIO JOSE MIGUEL INFANTE,QUILPUÉ,1,0,1,219,10
1891,ESCUELA BASICA JORGE ROCK LARA,QUILPUÉ,1,0,1,248,10
1892,ESCUELA BASICA GASPAR CABRALES,QUILPUÉ,1,0,1,218,10
1893,ESCUELA BASICA DARIO SALAS,QUILPUÉ,1,0,1,275,10
1894,CENTRO DE EDUCACION DE ADULTOS,QUILPUÉ,1,0,1,373,167
1895,LICEO TECNICO PROFESIONAL MANNHEIM,QUILPUÉ,1,0,1,292,10
1896,ESCUELA,QUILPUÉ,1,0,3,0,0
1898,ESCUELA THEODOR HEUSS,QUILPUÉ,1,0,1,289,10
1899,ESCUELA TENIENTE IGNACIO SERRANO MONTANER,QUILPUÉ,1,0,1,218,10
1900,ESCUELA LOS MOLLES DE MARGA MARGA,QUILPUÉ,1,1,1,59,10
1901,ESCUELA SANTIAGO BUERAS,QUILPUÉ,1,1,1,71,10
1903,ESCUELA VICENTE EDWARDS PINTO,QUILPUÉ,1,1,3,0,0
1904,ESC. BASICA MARTIN GALAN,QUILPUÉ,1,0,3,0,0
1905,GABRIELA MISTRAL DE LA RETUCA,QUILPUÉ,1,1,3,0,0
1906,ESCUELA DELFINA ALARCON HENRIQUEZ,QUILPUÉ,1,1,1,36,10
1908,COLEGIO ULISES GNECCO,QUILPUÉ,3,0,1,174,110
1909,COLEGIO LIAHONA,QUILPUÉ,3,0,1,1222,10
1910,COLEGIO CARLOS CONDELL,QUILPUÉ,3,0,3,0,0
1911,COLEGIO CREP,QUILPUÉ,3,0,1,526,10
1913,LICEO RODRIGO DE ARAYA,VILLA ALEMANA,3,0,3,0,0
1914,LICEO JUAN XXIII EL BELLOTO,QUILPUÉ,3,0,3,0,0
1917,ESCUELA PARTICULAR EXEQUIEL PUELMA SILVA,QUILPUÉ,3,0,1,170,10
1918,COLEGIO LOS LEONES DE QUILPUE,QUILPUÉ,3,0,1,948,10
1919,COLEGIO H. F. CAMILO HENRIQUEZ,QUILPUÉ,3,0,1,563,10
1920,COLEGIO ADVENTISTA,QUILPUÉ,3,0,3,0,0
1921,COLEGIO PARTICULAR PATRICIA,QUILPUÉ,3,0,3,0,0
1922,ESCUELA PARTICULAR SUN VALLEY SCHOOL,QUILPUÉ,3,0,3,0,0
1923,COLEGIO CRISTIANO DE QUILPUE,QUILPUÉ,3,0,1,670,10
1924,ESCUELA PARTICULAR INFANTES DEL SOL,QUILPUÉ,3,0,1,182,10
1925,COLEGIO PARTICULAR SAN JORGE,QUILPUÉ,3,0,3,0,0
1926,C.T.I. LOS NOMEOLVIDES,QUILPUÉ,3,0,2,0,0
1927,ESCUELA JUAN DE SAAVEDRA,QUILPUÉ,3,0,3,0,0
1928,ESCUELA PARTICULAR CAPILLA VALENCIA,QUILPUÉ,3,0,3,0,0
1930,ABRAHAM LINCOLN MEMORIAL COLLEGE,QUILPUÉ,3,0,1,229,10
1931,KING EDWARD SCHOOL,QUILPUÉ,3,0,1,55,10
1932,COLEGIO PANAL II,QUILPUÉ,3,0,1,44,10
1934,COLEGIO ESPERANZA,QUILPUÉ,3,0,1,1189,10
1935,COLEGIO INGLES RELIGIOSAS PASIONISTAS,QUILPUÉ,4,0,3,0,0
1936,COLEGIO DANIEL DE LA VEGA,QUILPUÉ,4,0,3,0,0
1937,COLEGIO COEDUCACIONAL PART. QUILPUE,QUILPUÉ,4,0,1,427,10
1938,COLEGIO ALEMAN DE VALPARAISO,QUILPUÉ,4,0,3,0,0
1941,COLEGIO EL BELLOTO,QUILPUÉ,3,0,1,676,10
1942,JARDIN INFANTIL HANSEL Y GRETEL,QUILPUÉ,4,0,3,0,0
1948,JARDIN INFANTIL DUMBO,QUILPUÉ,4,0,3,0,0
1949,JARDIN INFANTIL COLIBRI,QUILPUÉ,4,0,1,93,10
1954,COLEGIO PART.ANGLO-FRANCES,QUILPUÉ,4,0,3,0,0
1956,LICEO VESPERTINO CREP,QUILPUÉ,4,0,3,0,0
1958,LICEO TECNOLOGICO VILLA ALEMANA,VILLA ALEMANA,1,0,1,417,165
1959,WINDMILL COLLEGE,VILLA ALEMANA,1,0,1,401,10
1960,ESCUELA MANUEL BAQUEDANO,VILLA ALEMANA,1,0,3,0,0
1961,ESCUELA LATINA INES GALLARDO ORELLANA,VILLA ALEMANA,1,0,1,245,10
1962,WINDMILL COLLEGE,VILLA ALEMANA,1,0,3,0,0
1963,ESCUELA BASICA DIEGO BARROS ARANA,VILLA ALEMANA,1,0,1,227,10
1965,COLEGIO ITALO COMPOSTO SCARPATI,VILLA ALEMANA,1,0,1,209,10
1966,ESCUELA BASICA CATALUNYA,VILLA ALEMANA,1,0,1,255,10
1967,LICEO BICENTENARIO TÉCNICO PROFESIONAL MARY GRAHAM,VILLA ALEMANA,1,0,1,1476,10
1968,ESCUELA MELVIN JONES,VILLA ALEMANA,1,0,1,117,110
1969,COLEGIO CHARLES DARWIN,VILLA ALEMANA,1,0,1,415,10
1970,ESCUELA DIEGO PORTALES,VILLA ALEMANA,1,0,1,260,10
1971,ESCUELA MANUEL MONTT,VILLA ALEMANA,1,0,1,439,10
1972,ESCUELA DE EDUC. DIFERENCIAL NUEVO AMANECER,VILLA ALEMANA,1,0,1,94,212
1973,ESCUELA VICEALMIRANTE ARTURO WILSON N.,VILLA ALEMANA,1,0,2,0,0
1975,ESCUELA JUAN BAUTISTA ALBERDI,VILLA ALEMANA,1,0,1,236,10
1976,ESCUELA EL PATAGUAL,VILLA ALEMANA,1,1,1,110,10
1977,COLEGIO NACIONAL,VILLA ALEMANA,3,0,1,1961,10
1980,COLEGIO PARTICULAR JEAN PIAGET,VILLA ALEMANA,3,0,1,463,10
1982,COLEGIO RELIGIOSAS HOSPITALARIAS SN.JOSE,VILLA ALEMANA,3,0,3,0,0
1983,COLEGIO LAS AGUILAS,VILLA ALEMANA,3,0,3,0,0
1985,CENTRO INFANTIL EL BUEN CAMINO,VILLA ALEMANA,3,0,1,115,110
1987,COLEGIO NUEVO CHILENO BRITANICO,VILLA ALEMANA,3,0,1,349,10
1988,SCUOLA ITALIANA GIROLAMO LONGHI,VILLA ALEMANA,4,0,3,0,0
1989,INTERNADO ALEMAN,VILLA ALEMANA,4,0,1,621,10
1990,COLEGIO CAPULLITO,VILLA ALEMANA,4,0,3,0,0
1992,JARDIN INFANTIL GULLIVER,VILLA ALEMANA,4,0,3,0,0
1993,JARDIN INFANTIL PEPILIN,VILLA ALEMANA,4,0,3,0,0
1996,LICEO MANUEL DE SALAS,CASABLANCA,2,0,1,648,310
1997,ESCUELA DOMINGO ORTIZ DE ROZAS,CASABLANCA,2,0,1,466,10
1998,ESCUELA ARTURO ECHAZARRETA LARRAIN,CASABLANCA,2,0,1,301,10
1999,ESCUELA MANUEL BRAVO REYES,CASABLANCA,2,0,1,441,10
2000,ESCUELA LOS MAITENES,CASABLANCA,2,1,2,0,0
2002,ESCUELA BASICA EL BATRO,CASABLANCA,2,1,2,0,0
2003,ESCUELA SAN PEDRO DE QUINTAY,CASABLANCA,2,0,1,95,10
2004,ESCUELA FRANCISCO ECHEVERRIA,CASABLANCA,2,0,3,0,0
2005,ESCUELA BASICA LAGUNILLAS,CASABLANCA,2,0,1,150,10
2006,ESCUELA ALBERTO HURTADO CRUCHAGA,CASABLANCA,2,1,3,0,0
2007,COLEGIO PARTIC. JULIO MONTT SALAMANCA,CASABLANCA,3,0,1,386,10
2008,ESCUELA PURISIMA DE LO VASQUEZ,CASABLANCA,3,0,1,211,110
2009,COLEGIO INSULAR ROBINSON CRUSOE,JUAN FERNÁNDEZ,6,1,1,175,10
2011,ESCUELA ESPECIAL DIVINO MAESTRO,SAN ANTONIO,2,0,1,37,212
2012,PROFESOR JUAN DANTE PARRAGUEZ ARELLANO,SAN ANTONIO,2,0,1,370,310
2013,INST.COMERCIAL MARITIMO PACIFICO SUR,SAN ANTONIO,2,0,1,777,110
2014,ESCUELA POETA PABLO NERUDA,SAN ANTONIO,2,0,1,373,10
2017,ESCUELA VILLA LAS DUNAS,SAN ANTONIO,2,0,1,230,10
2018,ESCUELA MOVILIZADORES PORTUARIOS,SAN ANTONIO,2,0,1,892,10
2019,COLEGIO ESPANA,SAN ANTONIO,2,0,1,419,10
2020,ESCUELA PRESIDENTE PEDRO AGUIRRE CERDA,SAN ANTONIO,2,0,1,246,10
2021,PADRE ANDRE COINDRE,SAN ANTONIO,2,0,1,684,10
2022,ESCUELA BASICA SAN JOSE DE CALASANZ,SAN ANTONIO,2,0,1,201,10
2023,ESCUELA CRISTO DEL MAIPO,SAN ANTONIO,2,0,1,149,10
2024,PROFESOR PEDRO VIVEROS ORMENO,SAN ANTONIO,2,0,1,164,10
2025,ESCUELA PRE-BASICA PETER PAN,SAN ANTONIO,2,0,1,58,10
2026,ESCUELA BASICA CERRO PLACILLA,SAN ANTONIO,2,0,1,540,10
2027,ESCUELA POETA HUIDOBRO,SAN ANTONIO,2,0,1,174,10
2028,PARVULARIO RAYITO DE SOL,SAN ANTONIO,2,0,1,98,10
2031,DOMINGO FAUSTINO SARMIENTO,SAN ANTONIO,2,1,3,0,0
2033,ESCUELA BASICA VALLE ABAJO,SAN ANTONIO,2,1,3,0,0
2034,ESCUELA JAIME IRARRAZABAL CORREA,SAN ANTONIO,2,1,3,0,0
2035,COLEGIO AGRÍCOLA CUNCUMÉN GONZALO BARROS AMUNÁTEGUI,SAN ANTONIO,2,1,1,202,10
2036,ESCUELA BASICA LEYDA,SAN ANTONIO,2,1,1,87,10
2037,EDUARDO FERNANDEZ DE ASTURIAS,SAN ANTONIO,2,1,1,181,10
2038,ESCUELA BASICA EL ASILO,SAN ANTONIO,2,1,1,23,10
2039,COLEGIO JOSE LUIS NORRIS,SAN ANTONIO,3,0,3,0,0
2040,LICEO NACIONAL DE LLO LLEO,SAN ANTONIO,3,0,1,903,10
2041,LICEO SANTA TERESITA DE LLOLLEO,SAN ANTONIO,3,0,1,716,10
2042,INSTITUTO DEL PUERTO DE SAN ANTONIO,SAN ANTONIO,3,0,1,1221,10
2043,INSTITUTO ERCILLA,SAN ANTONIO,3,0,1,462,10
2044,ESCUELA INDUSTRIAL SAN ANTONIO,SAN ANTONIO,3,0,1,667,510
2045,LICEO GABRIELA MISTRAL,SAN ANTONIO,3,0,1,520,110
2047,COLEGIO PARTICULAR SARA CRUCHAGA,SAN ANTONIO,3,0,1,522,10
2048,COLEGIO SAGRADA FAMILIA,SAN ANTONIO,3,0,1,355,10
2049,COLEGIO FUND.EDUC. FERNANDEZ LEON,SAN ANTONIO,3,0,1,624,10
2050,COLEGIO NUESTRA SENORA DE POMPEYA,SAN ANTONIO,3,0,1,420,10
2051,ESC. PARTICULAR N_ 22 SAN RAFAEL,SAN ANTONIO,3,0,3,0,0
2052,COLEGIO PROVIDENCIA,SAN ANTONIO,3,0,1,398,10
2053,INSTITUTO PSICOPEDAGOGICO,SAN ANTONIO,3,0,1,76,212
2054,COLEGIO PART.GUILLERMO BLEST GANA,SAN ANTONIO,3,0,1,183,10
2055,COLEGIO EL RETIRO,SAN ANTONIO,3,0,1,487,10
2057,ESCUELA PARTICULAR N. 33 MARIA KONIG,SAN ANTONIO,3,0,1,103,10
2058,ESCUELA DE PARVULOS BLANCA NIEVES,SAN ANTONIO,4,0,3,0,0
2061,COLEGIO CRISTO REY,SAN ANTONIO,4,0,3,0,0
2064,LICEO POETA VICENTE HUIDOBRO,CARTAGENA,2,0,1,569,310
2065,ESCUELA PRESIDENTE AGUIRRE CERDA,CARTAGENA,2,0,1,804,10
2066,LICEO EUGENIA SUBERCASEAUX,CARTAGENA,2,0,1,781,10
2067,ESCUELA BASICA ROSARIO ARRIBA,CARTAGENA,2,1,2,0,0
2068,ESCUELA CARMEN ROMERO AGUIRRE,CARTAGENA,2,1,1,142,10
2069,ESCUELA LO ZARATE,CARTAGENA,2,1,1,59,110
2071,ESCUELA BASICA SAN FRANCISCO,CARTAGENA,2,1,1,43,10
2072,ESCUELA BASICA PADRE ALBERTO HURTADO,CARTAGENA,2,0,3,0,0
2073,ESCUELA PARTICULAR N. 20 CARTAGENA,CARTAGENA,3,0,3,0,0
2074,ESCUELA BASICA LAS CRUCES,EL TABO,2,0,1,455,10
2075,COLEGIO EL TABO,EL TABO,2,0,1,901,10
2076,ESCUELA BASICA QUILLAYCILLO,EL TABO,2,0,1,112,10
2078,COMPLEJO EDUCACIONAL CLARA SOLOVERA,EL QUISCO,2,0,1,662,10
2079,ESCUELA POETA NERUDA DE ISLA NEGRA,EL QUISCO,2,0,1,421,10
2081,ESCUELA EL TOTORAL,EL QUISCO,2,1,1,354,10
2083,ESC.PART. SAN MIGUEL ARCANGEL,EL QUISCO,3,0,1,443,10
2084,COLEGIO CARLOS ALESSANDRI ALTAMIRANO,ALGARROBO,2,0,1,1225,10
2085,ESCUELA BASICA RURAL EL YECO,ALGARROBO,2,1,1,186,10
2086,ESCUELA BASICA RURAL EL BOCHINCHE,ALGARROBO,2,1,3,0,0
2087,ESCUELA BASICA RURAL SAN JOSE,ALGARROBO,2,1,1,122,10
2089,ESCUELA PARTICULAR SAN JOSE,ALGARROBO,3,1,1,86,10
2090,COLEGIO TERESA DE LOS ANDES-ALGARROBO,ALGARROBO,3,0,1,559,10
2091,COLEGIO BICENTENARIO PEOPLE HELP PEOPLE,SANTO DOMINGO,2,0,1,1178,10
2092,ESCUELA EL CONVENTO,SANTO DOMINGO,2,1,1,201,10
2093,ESCUELA BUCALEMITO,SANTO DOMINGO,2,1,1,14,110
2095,ESCUELA BASICA JUANITA FERNANDEZ S.,SANTO DOMINGO,2,1,1,17,110
2096,ESCUELA BASICA CLAUDIO VICUNA,SANTO DOMINGO,2,1,1,178,10
2097,ESCUELA JUDITH VARELA DE ESTURILLO,SANTO DOMINGO,2,1,2,0,0
2098,ESC. BASICA ELISA RUIZ-TAGLE FERNANDEZ,SANTO DOMINGO,2,1,2,0,0
2099,COLEGIO STO. DOMINGO HELEN LEE LASSEN,SANTO DOMINGO,3,0,1,468,10
2100,JARDIN INFANTIL PINOCHO,SANTO DOMINGO,4,0,3,0,0
2101,COLEGIO BASICO LORENZO BAEZA VEGA,ISLA DE PASCUA,2,0,1,626,10
2102,LICEO TECNICO A-4,RANCAGUA,5,0,1,609,310
2103,LICEO BICENTENARIO INDUSTRIAL PRESIDENTE PEDRO AGUIRRE,RANCAGUA,5,0,1,933,310
2104,LICEO BICENTENARIO COMERCIAL DIEGO PORTALES,RANCAGUA,1,0,1,1696,310
2105,LICEO INDUSTRIAL ERNESTO PINTO LAGARRIGUE,RANCAGUA,5,0,1,1210,510
2106,ESCUELA DE RANCAGUA,RANCAGUA,1,0,3,0,0
2107,ESCUELA DE CULTURA ARTISTICA,RANCAGUA,1,0,3,0,0
2108,ESCUELA ESPECIAL DE ADULTOS,RANCAGUA,1,1,3,0,0
2109,LICEO DE NIÑAS DE RANCAGUA,RANCAGUA,1,0,1,580,110
2110,LICEO MUNICIPAL OSCAR CASTRO ZUNIGA,RANCAGUA,1,0,1,2358,110
2111,LICEO MUNICIPAL JOSE VICTORINO LASTARRIA,RANCAGUA,1,0,1,645,310
2112,ESCUELA MUNICIPAL MOISES MUSSA,RANCAGUA,1,0,1,576,10
2114,ESCUELA MUNICIPAL MARCELA PAZ,RANCAGUA,1,0,1,720,10
2115,ESCUELA MUNICIPAL RENE SCHNEIDER CHEREAU,RANCAGUA,1,0,1,356,10
2116,COLEGIO MUNICIPAL EDUARDO DE GEYTER,RANCAGUA,1,0,1,457,10
2117,ESCUELA MUNICIPAL PEDRO AGUIRRE CERDA,RANCAGUA,1,0,2,0,0
2118,COLEGIO ESPANA,RANCAGUA,1,0,1,528,10
2119,ESCUELA MUNICIPAL MANUEL RODRIGUEZ,RANCAGUA,1,0,1,240,10
2120,ESCUELA MUNICIPAL MINERAL EL TENIENTE,RANCAGUA,1,0,1,945,10
2121,COLEGIO REPUBLICA ARGENTINA,RANCAGUA,1,0,1,662,110
2122,ESCUELA MUNICIPAL EL COBRE,RANCAGUA,1,0,1,427,10
2123,INSTITUTO TECNOLOGICO MINERO BERNARDO OHIGGINS,RANCAGUA,1,0,1,806,110
2124,LICEO INTEGRADO LIBERTADOR SIMÓN BOLIVAR,RANCAGUA,1,0,1,804,10
2125,COLEGIO PABLO GARRIDO,RANCAGUA,1,0,1,302,10
2126,COL. JOSE A. MANSO DE VELASCO Y S.,RANCAGUA,1,0,1,340,10
2129,COLEGIO AURORA DE CHILE,RANCAGUA,1,0,1,801,10
2131,ESCUELA MUNICIPAL CARLOS MIRANDA MIRANDA,RANCAGUA,1,0,1,199,10
2132,ESCUELA MUNICIPAL PATRICIO MEKIS,RANCAGUA,1,0,1,269,10
2133,COL.ESPECIAL DR. RICARDO OLEA GULDEMONT,RANCAGUA,1,0,1,124,212
2134,LICEO COMERCIAL JORGE ALESSANDRI R.,RANCAGUA,1,0,1,480,310
2135,ESCUELA MUNICIPAL JEAN PIAGET,RANCAGUA,1,0,1,406,10
2136,ESCUELA MUNICIPAL ISABEL RIQUELME,RANCAGUA,1,0,1,291,10
2137,ESCUELA MUNICIPAL GERMAN RIESCO,RANCAGUA,1,1,3,0,0
2138,ESCUELA MUNICIPAL ALBERTO BLEST GANA,RANCAGUA,1,1,1,146,10
2139,ESCUELA MUNICIPAL VIRGINIA BRAVO,RANCAGUA,1,1,1,194,10
2140,ESCUELA MUNICIPAL AUGUSTO D HALMAR,RANCAGUA,1,1,1,293,10
2141,ESCUELA MUNICIPAL BALDOMERO LILLO,RANCAGUA,1,1,3,0,0
2143,ESCUELA MUNICIPAL HERMANOS CARRERA,RANCAGUA,1,1,1,316,10
2145,ESCUELA MUNICIPAL MARTA BRUNET,RANCAGUA,1,1,1,164,10
2146,COLEGIO MANUEL ROJAS,RANCAGUA,1,1,1,186,10
2147,ESCUELA MUNICIPAL J.M. BALMACEDA,RANCAGUA,1,1,1,244,10
2148,ESCUELA MUNICIPAL JUVENCIO VALLE,RANCAGUA,1,1,3,0,0
2150,INSTITUTO SAGRADO CORAZON,RANCAGUA,3,0,1,558,10
2151,COLEGIO PARTICULAR SANTA MARIA,RANCAGUA,3,0,1,583,10
2153,COLEGIO PARTICULAR SANTA MARIA GORETTI,RANCAGUA,3,0,3,0,0
2155,COLEGIO PARTICULAR WHIPPLE SCHOOL,RANCAGUA,3,0,1,418,10
2156,LICEO VILLA TRIANA,RANCAGUA,3,0,3,0,0
2159,COLEGIO PARTICULAR INFANTES DE O´HIGGINS,RANCAGUA,3,0,1,816,10
2160,ESCUELA PARTICULAR JULIO VALENZUELA,RANCAGUA,3,0,1,439,10
2162,COLEGIO PARTICULAR ADVENTISTA,RANCAGUA,3,0,1,379,10
2163,COLEGIO CUISENAIRE,RANCAGUA,3,0,1,239,310
2164,COLEGIO PARTICULAR GABRIELA MISTRAL,RANCAGUA,3,0,1,632,10
2165,COLEGIO NIÑO JESUS DE PRAGA,RANCAGUA,3,0,1,922,10
2166,INSTITUTO REGIONAL DE EDUCACION,RANCAGUA,3,0,1,976,10
2167,INSTITUTO SEWELL,RANCAGUA,3,0,1,196,110
2168,LICEO CARDENAL JOSE MARIA CARO,RANCAGUA,3,0,3,0,0
2169,COLEGIO PARTICULAR COONILIR,RANCAGUA,3,0,3,0,0
2170,COLEGIO PARTICULAR JAVIERA CARRERA,RANCAGUA,4,0,1,633,10
2171,COLEGIO PARTICULAR ANDRES BELLO,RANCAGUA,3,0,1,445,10
2172,COLEGIO SAN LUIS,RANCAGUA,3,0,2,0,0
2173,COLEGIO PARTICULAR BERNARDO O`HIGGINS,RANCAGUA,3,0,3,0,0
2174,COLEGIO SANTO TOMAS,RANCAGUA,3,0,1,595,10
2177,COLEGIO WEBER SCHOOL,RANCAGUA,3,0,3,0,0
2178,ESCUELA PARTICULAR SAINT PAUL COLLEGE,RANCAGUA,3,0,1,556,10
2179,COLEGIO PARTICULAR LOS CONQUISTADORES,RANCAGUA,3,0,1,828,10
2180,INSTITUTO MANUEL DE SALAS,RANCAGUA,3,0,3,0,0
2182,COLEGIO PARTICULAR SUBVENCIONADO MANZANAL,RANCAGUA,3,0,1,310,10
2183,COLEGIO PARTICULAR INSTITUTO SAN ANDRES,RANCAGUA,3,0,1,474,10
2184,ESCUELA PARTICULAR BUEN PASTOR,RANCAGUA,3,1,1,50,10
2185,COLEGIO ALONSO DE ERCILLA,RANCAGUA,4,0,1,162,10
2186,COLEGIO RANCAGUA COLLEGE,RANCAGUA,4,0,3,0,0
2191,COLEGIO SAGRADO CORAZON,RANCAGUA,4,0,1,0,0
2193,EL PRINCIPITO,RANCAGUA,4,0,3,0,0
2194,INSTITUTO INGLES RANCAGUA,RANCAGUA,4,0,1,1174,10
2196,INSTITUTO RANCAGUA,RANCAGUA,4,0,3,0,0
2197,COLEGIO ROXANE SCHOOL,RANCAGUA,4,0,3,0,0
2198,COLEGIO LA MERCED,RANCAGUA,4,0,3,0,0
2200,INSTITUTO O´HIGGINS,RANCAGUA,4,0,1,1897,110
2201,REPUBLICA DE GRECIA,RANCAGUA,4,0,3,0,0
2202,INST.PREMILITAR GRAL. FCO. J. DIAZ D.,RANCAGUA,4,0,3,0,0
2203,COLEGIO NUESTRA SRA. DE LOURDES,RANCAGUA,4,0,4,0,0
2204,TIA MARICHU,RANCAGUA,4,0,3,0,0
2205,LICEO PROFESOR MISAEL LOBOS MONROY,GRANEROS,2,0,1,278,310
2206,ESCUELA SIXTO MENDEZ PARADA,GRANEROS,2,0,1,444,10
2207,ESCUELA HERNAN OLGUIN MAYBE,GRANEROS,2,0,1,456,10
2209,COLEGIO ANTONIO TRDAN ARKO,GRANEROS,2,0,1,259,10
2210,ESCUELA MUNICIPAL VILLA LA COMPANIA,GRANEROS,2,1,1,298,10
2212,ESCUELA MUNICIPAL DE TUNICHE,GRANEROS,2,1,1,142,10
2214,ESCUELA MUNICIPAL DE LAS MERCEDES,GRANEROS,2,1,2,0,0
2215,ESCUELA MUNICIPAL DE LAS HIGUERAS,GRANEROS,2,1,1,0,0
2217,COLEGIO PARTICULAR NUESTRA SENORA,GRANEROS,3,0,1,621,10
2218,COLEGIO PARTICULAR GRANEROS,GRANEROS,3,0,1,960,10
2219,ESCUELA AGRICOLA CRISTO OBRERO,GRANEROS,3,0,1,320,710
2220,COLEGIO PARTICULAR SAN MARTIN,GRANEROS,3,0,1,289,10
2222,LICEO BICENTENARIO DE EXCELENCIA ALBERTO HURTADO,MOSTAZAL,2,0,1,512,310
2223,COLEGIO ANDRES BELLO,MOSTAZAL,2,0,1,345,10
2224,LICEO ELVIRA SANCHEZ DE GARCES,MOSTAZAL,2,0,1,422,10
2226,ESC. HIJOS DEL SOL,MOSTAZAL,2,1,1,298,10
2227,ESC. SAN FRANCISCO DE ASIS,MOSTAZAL,2,1,1,202,10
2228,ESCUELA EL RINCON,MOSTAZAL,2,1,1,284,10
2229,ESCUELA MARIA ALICIA PONCE MUNOZ,MOSTAZAL,2,1,3,0,0
2231,COLEGIO DEL CAMINO REAL MARIO MIRANDA PINTO,MOSTAZAL,2,1,1,197,10
2232,ESC. DE PARV. LAURITA VICUNA,MOSTAZAL,2,0,1,89,10
2233,COLEGIO TECNOLOGICO PULMAHUE,MOSTAZAL,3,0,1,232,110
2234,COLEGIO JESUS ANDINO,CODEGUA,2,0,1,643,10
2235,COLEGIO MARIANO LATORRE,CODEGUA,2,1,1,99,10
2236,ESCUELA EUGENIO GARCIA FERNANDEZ,CODEGUA,2,1,1,106,10
2237,ESCUELA LA CANTERA DE CALLEJONES,CODEGUA,2,1,1,70,10
2238,COLEGIO SANTA TERESA DE TUNCA,CODEGUA,2,1,1,50,10
2240,COLEGIO MUNICIPAL CRISTO DEL PARQUE,CODEGUA,2,1,1,133,10
2243,COLEGIO NATALIA PERALTA P,CODEGUA,2,0,1,21,212
2244,INSTITUTO LAUTARO DE CODEGUA,CODEGUA,3,0,1,176,10
2246,COLEGIO JUAN TACHOIRE MOENA,MACHALÍ,2,0,1,78,212
2247,COLEGIO GABRIELA MISTRAL,MACHALÍ,2,0,1,595,10
2248,PARVULARIO GRAL. O. BONILLA,MACHALÍ,2,0,1,142,10
2249,COLEGIO LOS LLANOS,MACHALÍ,2,0,1,429,10
2250,COLEGIO ARTÍSTICO SANTA TERESA DE MACHALI,MACHALÍ,2,0,1,389,10
2251,COLEGIO BELLAVISTA,MACHALÍ,2,0,1,188,10
2253,ESCUELA LOS NOGALES,MACHALÍ,2,1,3,0,0
2255,ESC. SAN JUAQUIN DE LOS MAYOS,MACHALÍ,2,1,1,53,10
2257,ESCUELA CHACAYES,MACHALÍ,2,1,1,69,10
2258,ESCUELA PARTICULAR SAN LORENZO,MACHALÍ,3,0,1,146,10
2259,COLEGIO PARTICULAR ARTURO PRAT,MACHALÍ,3,0,1,911,10
2260,COLEGIO COYA,MACHALÍ,4,0,1,1034,10
2262,COL.MARIA VILLALOBOS ARTEAGA,OLIVAR,2,0,1,634,10
2263,ESCUELA MUNICIPAL DE GULTRO,OLIVAR,2,1,1,372,10
2264,ESCUELA NUESTRA SRA. DE LA MERCED,OLIVAR,2,1,1,211,10
2265,ESCUELA BERTA SAAVEDRA SEGURA,REQUÍNOA,2,0,1,365,10
2266,ESCUELA BASICA CAMPO LINDO,REQUÍNOA,2,1,1,233,10
2267,ESC. REPUBLICA DE FRANCIA,REQUÍNOA,2,1,1,190,10
2268,ESCUELA MUNICIPAL SANTA AMALIA,REQUÍNOA,2,1,1,59,10
2269,ESCUELA MUNICIPAL EL RINCON,REQUÍNOA,2,1,3,0,0
2270,ESCUELA MUNICIPAL PICHIGUAO,REQUÍNOA,2,1,3,0,0
2271,ESCUELA MUNICIPAL SUECIA,REQUÍNOA,2,1,1,15,110
2272,ESCUELA PSDTE. EDUARDO FREI MONTALBA,REQUÍNOA,2,1,3,0,0
2274,COLEGIO LA PIMPINELA,REQUÍNOA,2,1,1,43,110
2275,ESCUELA DAVID DEL CURTO,REQUÍNOA,2,1,1,309,10
2276,ESCUELA MARTA LEON VARGAS,REQUÍNOA,2,1,3,0,0
2277,ESCUELA PARTICULAR DOMINGO SAAVEDRA,REQUÍNOA,3,0,3,0,0
2278,LICEO SAN JOSE DE REQUINOA,REQUÍNOA,3,0,1,1805,10
2279,ESCUELA CANADA,REQUÍNOA,2,1,1,427,10
2280,LICEO BICENTENARIO DE EXCELENCIA TOMÁS MARÍN DE POVEDA,RENGO,2,0,1,645,410
2281,ESCUELA SATELITE,RENGO,2,0,3,0,0
2282,COLEGIO MUNICIPAL LO DE LOBO,RENGO,2,1,1,210,10
2283,LICEO LUIS URBINA FLORES,RENGO,2,0,1,783,310
2284,ESCUELA LA PAZ,RENGO,2,0,1,759,10
2285,COLEGIO MANUEL FRANCISCO CORREA,RENGO,2,1,1,330,10
2286,COLEGIO MUNICIPAL LUIS GALDAMES,RENGO,2,0,1,822,10
2288,ESCUELA CARLOS CONDELL DE LA HAZA,RENGO,2,0,1,174,10
2289,ESCUELA REPUBLICA DE ALEMANIA,RENGO,2,0,1,400,10
2291,ESCUELA DIFERENCIAL TERESA NARETTO DE NICOLETTI,RENGO,2,0,1,106,212
2292,ESCUELA VICENTE HUIDOBRO,RENGO,2,0,1,256,10
2293,COLEGIO MUNICIPAL LOS CHOAPINOS,RENGO,2,1,1,90,10
2294,COLEGIO MUNICIPAL LA ESMERALDA,RENGO,2,1,1,217,10
2295,COLEGIO MUNICIPAL NAICURA,RENGO,2,1,3,0,0
2296,COLEGIO MUNICIPAL LO CARTAGENA,RENGO,2,1,1,162,10
2297,ESCUELA GUSTAVO BISQUERTT S.,RENGO,2,1,1,87,10
2298,COLEGIO MUNICIPAL RINCONADA DE MALAMBO,RENGO,2,1,3,0,0
2299,COLEGIO MUNICIPAL EL CERRILLO,RENGO,2,1,1,94,10
2300,ESCUELA LA ISLA EMMA ESCOBAR DE LAGOS,RENGO,2,0,1,276,10
2301,COLEGIO MUNICIPAL DE APALTA,RENGO,2,1,1,205,10
2302,ESCUELA BASICA VICTOR NICOLETTI TAMANINI,RENGO,2,1,1,200,10
2304,COLEGIO MUNICIPAL VILLA DEL COBIL,RENGO,2,1,1,89,10
2307,ESCUELA MARTA AVARIA SALVATIERRA,RENGO,2,1,1,72,10
2308,COLEGIO SAN ANTONIO DEL BALUARTE,RENGO,3,0,1,1246,10
2309,CENTRO EDUCACIONAL ASUNCION,RENGO,3,0,1,798,10
2310,ESC.ALCIDES REYES FRIAS,MALLOA,2,0,1,314,10
2311,ESCUELA PELEQUEN,MALLOA,2,0,1,235,10
2312,ESCUELA MUNICIPAL DE PANQUEHUE,MALLOA,2,1,1,239,10
2313,ESCUELA MUNICIPAL DE LIMAHUE,MALLOA,2,1,1,234,10
2314,ESCUELA MUNICIPAL DE CORCOLEN,MALLOA,2,1,1,122,10
2317,ESC.ZOILA ROSA CARRENO C.,MALLOA,2,1,3,0,0
2318,ESCUELA MUNICIPAL DE PELEQUEN VIEJO,MALLOA,2,1,1,0,0
2319,LICEO REPUBLICA DE ITALIA,QUINTA DE TILCOCO,2,0,1,650,10
2320,VIOLETA FUENTES CARVAJAL,QUINTA DE TILCOCO,2,1,1,212,10
2321,ESCUELA AMPARO RAYO HORTA,QUINTA DE TILCOCO,2,1,1,139,10
2322,ESCUELA RURAL LA VINILLA,SAN VICENTE,1,1,1,18,110
2324,ESCUELA JAIME FELDMAN MILLER,QUINTA DE TILCOCO,2,1,1,225,10
2325,COLEGIO RAÚL RAMÍREZ MAYOL,QUINTA DE TILCOCO,2,1,1,159,10
2326,COLEGIO SAGRADO CORAZON DE JESUS,QUINTA DE TILCOCO,3,0,1,790,10
2327,COLEGIO MUNICIPAL DE EDUCACION ESPECIAL,QUINTA DE TILCOCO,2,0,1,24,212
2328,ESCUELA ESPECIAL PAULA JARAQUEMADA,SAN VICENTE,1,0,1,88,212
2329,LICEO IGNACIO CARRERA PINTO,SAN VICENTE,1,0,1,1469,110
2330,ESC.CARMEN GALLEGOS DE ROBLE,SAN VICENTE,1,0,1,844,10
2331,CENTRO EDUC. REQUEGUA,SAN VICENTE,1,1,1,76,10
2332,ESCUELA AMANDA LABARCA,SAN VICENTE,1,1,3,0,0
2333,ESC.GUIDO ASSIS GONZALEZ,SAN VICENTE,1,1,1,135,10
2334,ESCUELA MUNICIPAL RASTROJOS,SAN VICENTE,1,1,1,170,10
2335,ESC. ENRIQUE YANEZ GONZALEZ,SAN VICENTE,1,1,1,70,10
2336,ESCUELA EL LIBERTADOR,SAN VICENTE,1,1,1,130,10
2338,ESC.JUAN BARROS ROLDAN,SAN VICENTE,1,1,1,176,10
2339,ESCUELA MUNICIPAL ZUNIGA,SAN VICENTE,1,1,1,463,10
2341,ESCUELA MUNICIPAL EL NARANJAL,SAN VICENTE,1,1,3,0,0
2342,ESCUELA MUNICIPAL MILLAHUE,SAN VICENTE,1,1,3,0,0
2343,ESCUELA MUNICIPAL TOQUIHUA,SAN VICENTE,1,1,1,75,10
2345,ESCUELA MUNICIPAL TUNCA ARRIBA,SAN VICENTE,1,1,3,0,0
2346,ESCUELA MUNICIPAL TUNCA DEL MEDIO,SAN VICENTE,1,1,3,0,0
2347,ESC.PARROCO M.BUSTAMANTE,SAN VICENTE,1,1,1,128,10
2348,ESCUELA MUNICIPAL VINA TAGUA TAGUA,SAN VICENTE,1,1,1,170,10
2349,ESCUELA MUNICIPAL LA LAGUNA,SAN VICENTE,1,1,3,0,0
2350,ESCUELA SAN ALBERTO DE IDAHUE,SAN VICENTE,1,1,1,6,110
2351,ESCUELA MUNICIPAL LOS ALTILLOS,SAN VICENTE,1,1,3,0,0
2352,ESCUELA LAS PATAGUAS,SAN VICENTE,1,1,1,13,10
2353,ESCUELA MUNICIPAL CUCHIPUY,SAN VICENTE,1,1,3,0,0
2355,COLEGIO EL SALVADOR,SAN VICENTE,3,0,1,1011,110
2356,COLEGIO SANTA INES,SAN VICENTE,3,0,1,757,10
2358,JARDIN INFANTIL EL PRINCIPITO VALIENTE,SAN VICENTE,3,0,1,62,10
2359,ESCUELA LARMAHUE,PICHIDEGUA,2,1,1,191,10
2360,CENTRO EDUCATIVO SIGLO XXI,PICHIDEGUA,2,1,1,178,10
2361,ESCUELA ENRIQUE SERRANO DE VIALE RIGO,PICHIDEGUA,2,0,1,299,10
2362,ESCUELA AMELIA LYNCH DE LYON,PICHIDEGUA,2,1,1,228,10
2363,ESCUELA MUNICIPAL DE SAN ROBERTO,PICHIDEGUA,2,1,1,235,10
2364,ESCUELA REINO DE DINAMARCA,PICHIDEGUA,2,1,1,192,10
2365,ESCUELA BASICA PATAGUAS CERRO,PICHIDEGUA,2,1,1,251,10
2366,ESCUELA FERNANDO HUERTA PENA,PICHIDEGUA,2,1,1,43,10
2367,ESCUELA BASICA JOSE BERNALES CASTILLO,PICHIDEGUA,2,1,1,109,10
2369,ESCUELA MUNICIPAL DE MAL PASO-LARMAHUE,PICHIDEGUA,2,1,3,0,0
2370,ESCUELA MUNICIPAL DE LARMAHUE,PICHIDEGUA,2,1,3,0,0
2372,ESCUELA MUNICIPAL EL SALTO,PICHIDEGUA,2,1,1,36,10
2373,ESCUELA BASICA SAN JOSE,PICHIDEGUA,2,1,1,56,10
2374,ESCUELA MUNICIPAL DE CALEUCHE,PICHIDEGUA,2,1,1,52,10
2375,LICEO BICENTENARIO LATINOAMERICANO DE PICHIDEGUA,PICHIDEGUA,2,0,1,514,310
2376,COLEGIO PARTICULAR SANTA LUCIA,PICHIDEGUA,3,1,3,0,0
2377,ESCUELA ESPECIAL DE ADULTOS F Nº 142,PEUMO,2,0,1,54,165
2378,LICEO JEAN BUCHANAN DE LARRAIN,PEUMO,2,0,1,367,310
2379,ESCUELA BASICA ANTONIO DE ZUNIGA,PEUMO,2,0,1,277,10
2380,ESCUELA MUNICIPAL ALCALDE G. BURMESTER,PEUMO,2,1,1,149,10
2381,ESCUELA JUAN VALDES ORTUZAR,PEUMO,2,1,1,184,10
2383,ESC. BASICA RUFINO ECHEVERRIA ZUNIGA,PEUMO,2,1,3,0,0
2384,ESCUELA BASICA ROSARIO DE CODAO,PEUMO,2,1,1,127,10
2386,ESCUELA PART. LUIS GARCIA DE LA HUERTA,PEUMO,3,1,1,393,10
2387,ESCUELA MUNICIPAL OSVALDO RUIZ GARCIA,COLTAUCO,2,0,1,218,10
2388,ESCUELA MUNIC.SBTE LUIS CRUZ MARTINEZ,COLTAUCO,2,1,1,223,10
2389,COLEGIO NUESTRA SEÑORA DE LORETO,COLTAUCO,2,1,1,284,10
2390,COLEGIO QUILLAYQUEN RINCONADA DE PARRAL,COLTAUCO,2,1,1,155,10
2391,ESC. SUBTENIENTE JULIO MONTT SALAMANCA,COLTAUCO,2,1,1,77,10
2392,ESC. LUCILA GODOY ALCAYAGA,COLTAUCO,2,1,1,68,10
2393,ESCUELA MUNICIPAL DE LO DE CUEVAS,COLTAUCO,2,1,1,64,10
2394,ESCUELA MUNICIPAL JOSEFINA VIAL DE VIAL,COLTAUCO,2,1,1,71,10
2395,ESCUELA MUNICIPAL DE VINA LA CRUZ,COLTAUCO,2,1,1,163,10
2396,ESCUELA MUNICIPAL DE RINCONADA DE IDAHUE,COLTAUCO,2,1,1,34,10
2397,ESCUELA CAPITAN IGNACIO CARRERA PINTO,COLTAUCO,2,1,1,246,10
2398,ESCUELA SUBTTE. ARTURO PEREZ CANTO,COLTAUCO,2,1,1,165,10
2400,COLEGIO AMADA SOFIA GARCIA,COLTAUCO,3,0,1,532,10
2401,ESCUELA AGRICOLA SAN VICENTE DE PAUL,COLTAUCO,3,1,1,331,110
2406,LICEO MUNICIPAL LUIS GREGORIO VALENZUELA LAVIN,COINCO,2,0,1,219,310
2407,ESCUELA MUNICIPAL CHILLEHUE,COINCO,2,1,1,135,10
2409,ESCUELA MUNICIPAL COPEQUEN,COINCO,2,1,1,222,10
2410,ESCUELA MUNICIPAL EL RULO,COINCO,2,1,1,78,10
2411,LICEO CLAUDIO ARRAU LEON,DOÑIHUE,2,0,1,577,310
2412,ESCUELA LAURA MATUS MELENDEZ,DOÑIHUE,2,0,1,534,10
2413,ESC. DE PARVULOS MIS PRIMEROS PASOS,DOÑIHUE,2,0,1,67,10
2414,COLEGIO MUNICIPAL LA ISLA,DOÑIHUE,2,1,1,250,10
2415,ESCUELA LO MIRANDA,DOÑIHUE,2,0,1,317,10
2416,COLEGIO REPUBLICA DE CHILE,DOÑIHUE,2,1,1,221,10
2417,ESCUELA CERRILLOS,DOÑIHUE,2,1,1,66,10
2419,COLEGIO JULIO SILVA LAZO,DOÑIHUE,2,1,1,196,10
2420,ESCUELA PLAZUELA,DOÑIHUE,2,1,1,231,10
2422,LICEO FRANCISCO ANTONIO ENCINA ARMANET,LAS CABRAS,2,0,1,1007,165
2423,ESCUELA BASICA ROMILIO ARELLANO TRONCOSO,LAS CABRAS,2,0,1,481,10
2424,ESCUELA OSVALDO CORREA FUENZALIDA,LAS CABRAS,2,1,1,167,10
2425,ESCUELA MUNICIPAL DE LOS AROMOS,LAS CABRAS,2,1,1,219,10
2426,ESC. CONTRAMAESTRE CONSTANTINO MICALVI,LAS CABRAS,2,0,1,388,10
2427,ESCUELA MUNICIPAL MAESTRO JORGE LOPEZ OSORIO,LAS CABRAS,2,1,1,303,10
2428,ESCUELA REPUBLICA DE GRECIA,LAS CABRAS,2,0,1,318,10
2429,COLEGIO INES DE SUAREZ,LAS CABRAS,2,1,1,292,10
2430,ESCUELA,LAS CABRAS,2,0,3,0,0
2431,ESCUELA,LAS CABRAS,2,0,3,0,0
2432,ESCUELA MUNICIPAL VILMA ALIAGA CALDERON,LAS CABRAS,2,1,1,309,10
2433,ESCUELA MUNICIPAL DE QUILICURA,LAS CABRAS,2,1,3,0,0
2436,ESCUELA MUNICIPAL DE SANTA EUGENIA,LAS CABRAS,2,1,1,36,110
2437,ESCUELA TENIENTE HERNAN MERINO CORREA,LAS CABRAS,2,1,1,50,110
2438,COLEGIO MARIA LUISA FABRES VERGARA,LAS CABRAS,2,1,1,27,110
2439,ESCUELA MUNICIPAL DE PALMERIA,LAS CABRAS,2,1,1,10,110
2440,COLEGIO CARMEN OJEDA SANTANDER,LAS CABRAS,2,1,1,21,110
2441,COLEGIO PART.SANT.VIRGEN MARIA,LAS CABRAS,3,1,1,0,0
2442,LICEO TECNICO BICENTENARIO FELISA TOLUP,SAN FERNANDO,5,0,1,543,310
2443,LICEO INDUSTRIAL DE SAN FERNANDO,SAN FERNANDO,5,0,1,824,310
2444,INSTITUTO COMERCIAL ALBERTO VALENZUELA LLANOS DE SAN FERNANDO,SAN FERNANDO,6,0,1,779,310
2445,CENTRO DIAGNOSTICO,SAN FERNANDO,3,0,3,0,0
2446,ESCUELA ESPECIAL DE ADULTOS,SAN FERNANDO,6,0,3,0,0
2447,LICEO DE HOMBRES NEANDRO SCHILLING,SAN FERNANDO,6,0,1,370,299
2448,LICEO EDUARDO CHARME,SAN FERNANDO,6,0,1,468,310
2450,COLEGIO HANS CHRISTIAN ANDERSEN,SAN FERNANDO,4,0,3,0,0
2451,COLEGIO CHACABUCO,SAN FERNANDO,4,0,2,0,0
2453,LICEO JOSÉ GREGORIO ARGOMEDO,SAN FERNANDO,3,0,1,780,10
2454,SAN FERNANDO COLLEGE,SAN FERNANDO,3,0,1,1872,10
2455,COLEGIO INMACULADA CONCEPCION,SAN FERNANDO,3,0,1,1329,10
2456,ESCUELA OLEGARIO LAZO BAEZA,SAN FERNANDO,6,0,1,377,10
2457,ESCUELA BASICA ISABEL LA CATOLICA,SAN FERNANDO,6,0,1,606,10
2458,ESCUELA JORGE MUNOZ SILVA,SAN FERNANDO,6,0,1,290,10
2459,COLEGIO GIUSEPPE BERTOLUZZI DE FELIP,SAN FERNANDO,6,0,1,132,10
2460,ESCUELA MARIA LUISA BOUCHON,SAN FERNANDO,6,0,1,112,10
2461,ESCUELA VILLA CENTINELA,SAN FERNANDO,6,0,1,574,10
2462,ESCUELA WASHINGTON OMAR VENEGAS,SAN FERNANDO,6,0,1,150,10
2463,COLEGIO HERMANO FERNANDO DE LA FUENTE,SAN FERNANDO,6,0,1,62,212
2464,ESCUELA JOSE DE SAN MARTIN,SAN FERNANDO,6,0,1,92,10
2465,ESCUELA CONCENTRAC. RURAL SERGIO VERDUGO HERRERA,SAN FERNANDO,6,1,1,268,10
2467,ESCUELA BAS.ABEL BOUCHON FAURE,SAN FERNANDO,6,1,1,135,10
2468,ESCUELA BAS.ANA MARIA DE RIVADENEIRA,SAN FERNANDO,6,1,2,0,0
2469,ESCUELA ABRAHAM LINCOLN DE AGUA BUENA,SAN FERNANDO,6,1,1,157,10
2470,ESCUELA BAS.SAN JOSE DE LOS LINGUES,SAN FERNANDO,6,1,1,151,10
2471,ESCUELA BERNARDO MORENO FREDES,SAN FERNANDO,6,1,1,121,10
2472,ESCUELA BASICA ANTONIO LARA MEDINA,SAN FERNANDO,6,1,1,229,10
2473,ESCUELA BASICA DE LA TROYA,SAN FERNANDO,6,1,3,0,0
2475,ESCUELA LOS MAQUIS,MALLOA,2,1,1,11,110
2476,ESCUELA BASICA GASPAR MARIN,SAN FERNANDO,6,1,1,104,10
2477,ESCUELA BASICA LOS HUERTOS,SAN FERNANDO,6,1,3,0,0
2480,ESCUELA MUNICIPAL LOS LINGUES,SAN FERNANDO,6,1,3,0,0
2481,COLEGIO SAN FRANCISCO DE ASÍS,SAN FERNANDO,6,1,3,0,0
2482,FUNDACION EDUCACIONAL INSTITUTO SAN FERNANDO,SAN FERNANDO,4,0,1,1284,10
2484,COLEGIO INMACULADA CONCEPCION,SAN FERNANDO,3,0,3,0,0
2485,LICEO AGRICOLA EL CARMEN,SAN FERNANDO,5,0,1,486,510
2486,LICEO MUNICIPAL COMPLEJO EDUC. CHIMBARONGO,CHIMBARONGO,6,0,1,807,310
2487,ESCUELA BAS.FERNANDO ARENAS ALMARZA,CHIMBARONGO,6,0,1,320,10
2488,ESCUELA MUNICIPAL E-456,CHIMBARONGO,6,0,1,225,10
2489,ESCUELA BAS. VILLA CONVENTO VIEJO,CHIMBARONGO,6,1,1,235,10
2490,ESCUELA MUNICIPAL TINGUIRIRICA ALTO F-411,CHIMBARONGO,6,1,1,120,10
2491,ESCUELA MUNICIPAL LAS QUEZADAS F-413,CHIMBARONGO,6,1,1,100,10
2492,ESCUELA MUNICIPAL F415 LO GONZALEZ,CHIMBARONGO,6,1,1,158,10
2493,ESCUELA BAS. JOSE MIGUEL CARRERA VERDUGO,CHIMBARONGO,6,1,1,231,10
2494,ESCUELA MUNICIPAL F449 PEOR ES NADA,CHIMBARONGO,6,1,1,136,10
2495,ESCUELA MUNICIPAL F451 CODEGUA,CHIMBARONGO,6,1,1,150,10
2496,ESCUELA MUNICIPAL F452 SANTA VALENTINA,CHIMBARONGO,6,1,1,60,10
2498,ESCUELA MUNICIPAL EL ROMERAL F-455,CHIMBARONGO,6,1,1,127,10
2499,ESCUELA,CHIMBARONGO,6,0,3,0,0
2500,ESCUELA MUNICIPAL G414 BARRIO ESTACION,CHIMBARONGO,6,1,1,76,10
2501,ESCUELA BAS. PEDRO ETCHEVERRY,CHIMBARONGO,6,1,1,33,10
2503,ESCUELA MUNICIPAL,CHIMBARONGO,6,1,2,0,0
2505,ESCUELA MUNICIPAL G448 HUEMUL,CHIMBARONGO,6,1,1,132,10
2506,ESCUELA MUNICIPAL G453 SAN JOSE DE LO TORO,CHIMBARONGO,6,1,1,45,10
2507,ESCUELA MUNICIPAL,CHIMBARONGO,6,1,1,24,363
2508,ESCUELA SANTA EUGENIA,CHIMBARONGO,6,1,1,166,10
2509,ESCUELA MUNICIPAL SANTA ISABEL G-503,CHIMBARONGO,6,1,1,35,10
2510,ESCUELA MUNICIPAL,CHIMBARONGO,6,1,2,0,0
2511,ESCUELA MUNICIPAL,CHIMBARONGO,6,1,3,0,0
2513,ESCUELA MUNICIPAL LAS MERCEDES G-507,CHIMBARONGO,6,1,1,128,10
2514,ESCUELA AGRICOLA LAS GARZAS,CHIMBARONGO,3,1,1,300,110
2517,ESCUELA PARTICULAR MELECIA TOCORNAL,CHIMBARONGO,3,1,1,211,110
2518,LICEO SAN FRANCISCO,PLACILLA,6,0,1,306,10
2519,ESCUELA BASICA RAUL CACERES PACHECO,PLACILLA,6,1,1,155,10
2520,ESCUELA MUNICIPAL LA DEHESA,PLACILLA,6,1,1,194,10
2521,ESCUELA MUNICIPAL LA TUNA,PLACILLA,6,1,1,148,10
2522,ESCUELA MUNICIPAL SN LUIS DE MANANTIALES,PLACILLA,6,1,1,9,110
2523,ESCUELA EL AMANECER,PLACILLA,6,1,1,125,10
2524,ESCUELA DANY GERMAN GONZALEZ SOTO,PLACILLA,6,1,1,119,10
2525,COLEGIO BASICO CONSOLIDADO,NANCAGUA,6,0,1,242,10
2526,ESCUELA BAS. IGNACIO CARRERA PINTO,NANCAGUA,6,1,1,44,10
2527,ESCUELA BÁSICA PUQUILLAY,NANCAGUA,6,1,1,168,10
2528,ESCUELA BAS. ADRIANA LYON VIAL,NANCAGUA,6,1,1,260,10
2529,ESCUELA MUNICIPAL YAQUIL,NANCAGUA,6,1,1,59,10
2530,LICEO MUNICIPAL JUAN PABLO II,NANCAGUA,6,0,1,517,310
2531,COLEGIO PARTICULAR EL PRINCIPITO,NANCAGUA,3,0,1,762,10
2532,COLEGIO LIBERTADOR O´HIGGINS DE CHEPICA,CHÉPICA,2,0,1,799,10
2534,ESCUELA EUGENIO RUIZ-TAGLE MONTES,CHÉPICA,2,1,1,4,110
2535,COLEGIO MUNICIPAL LAS ALAMEDAS,CHÉPICA,2,1,1,19,110
2536,COLEGIO MUNICIPAL EMILIA SALINAS DIAZ,CHÉPICA,2,1,1,14,110
2537,ESCUELA LUIS ATHAS,CHÉPICA,2,1,1,109,10
2538,ESCUELA LINDORFO MONTERO FUENZALIDA,CHÉPICA,2,1,1,158,10
2539,ESCUELA LUIS ARTURO ZUNIGA FUENTES,CHÉPICA,2,1,1,153,10
2540,ESCUELA MARIA MARTA DEL REAL CORREA,CHÉPICA,2,1,1,41,10
2541,ESCUELA HECTOR RODOLFO CASTILLO MORENO,CHÉPICA,2,1,1,15,110
2542,ESCUELA LUZ MARIA CRESPO URETA DE KERESTEGIAN,CHÉPICA,2,1,1,189,10
2543,ESCUELA CARLOS DONOSO REBOLLEDO,CHÉPICA,2,1,1,16,110
2544,COLEGIO CRUZ MARIA,CHÉPICA,2,1,1,15,110
2545,ESCUELA GABRIELA MISTRAL,CHÉPICA,2,1,1,7,110
2546,ESCUELA NUESTRA SEÑORA DE LA CANDELARIA 1,CHÉPICA,2,1,3,0,0
2548,ESCUELA ESTRELLA DE DAVID,CHÉPICA,2,1,1,4,110
2549,COLEGIO LUIS ALEJANDRO ALVAREZ MUÑOZ,SANTA CRUZ,2,0,1,86,165
2551,LICEO MUNICIPAL DE SANTA CRUZ,SANTA CRUZ,2,0,1,654,310
2552,LICEO BICENTENARIO INSTITUTO POLITECNICO SANTA CRUZ,SANTA CRUZ,2,0,1,1200,310
2553,ESCUELA LUIS OYARZUN PEÑA,SANTA CRUZ,2,0,1,675,10
2554,ESCUELA ESPECIAL DE SANTA CRUZ,SANTA CRUZ,2,0,1,64,212
2555,ESCUELA MARIA ARAYA VALDES,SANTA CRUZ,2,0,1,184,10
2556,ESCUELA MUNICIPAL DE PANIAHUE,SANTA CRUZ,2,0,1,148,10
2557,ESCUELA GRANJA ADEODATO GARCIA VALENZUELA,SANTA CRUZ,2,1,1,145,10
2558,ESCUELA LA FINCA,SANTA CRUZ,2,1,1,15,110
2559,ESCUELA MUNICIPAL DE BARREALES,SANTA CRUZ,2,1,1,290,10
2560,ESC. MUNICIPAL LA LAJUELA,SANTA CRUZ,2,1,1,55,10
2561,ESCUELA MUNICIPAL DE QUINAHUE,SANTA CRUZ,2,1,1,88,10
2562,ESCUELA MUNICIPAL DE ISLA DE YAQUIL,SANTA CRUZ,2,1,1,208,10
2563,ESCUELA MUNICIPAL DE LA PATAGUA,SANTA CRUZ,2,1,1,85,10
2565,ESCUELA MUNICIPAL DE MILLAHUE DE APALTA,SANTA CRUZ,2,1,1,129,10
2566,ESCUELA MUNICIPAL DE CUNACO,NANCAGUA,6,1,1,199,10
2567,ESCUELA MUNICIPAL DE LAS CORTADERAS,SANTA CRUZ,2,1,2,0,0
2568,ESCUELA MUNICIPAL DE PANAMA,SANTA CRUZ,2,1,1,13,110
2569,ESCUELA MUNICIPAL DE ISLA DEL GUINDO,SANTA CRUZ,2,1,3,0,0
2570,ESCUELA MUNICIPAL DE LOS MAITENES,SANTA CRUZ,2,1,1,116,10
2572,ESCUELA MUNICIPAL DE RINCON DE YAQUIL,SANTA CRUZ,2,1,1,48,10
2573,ESCUELA MUNICIPAL DE PASO DE LOS REYES,SANTA CRUZ,2,1,3,0,0
2574,ESCUELA MUNICIPAL DE SAN JOSE DE APALTA,SANTA CRUZ,2,1,3,0,0
2575,COLEGIO SAN GREGORIO,NANCAGUA,6,1,1,29,10
2576,ESCUELA MUNICIPAL DE GUINDO ALTO,SANTA CRUZ,2,1,1,77,10
2577,ESCUELA ANGEL ARRIGORRIAGA,SANTA CRUZ,2,1,1,89,10
2579,INSTITUTO REGIONAL FEDERICO ERRAZURIZ,SANTA CRUZ,3,0,1,1703,10
2580,LICEO MARIA AUXILIADORA,SANTA CRUZ,3,0,1,862,110
2582,COLEGIO EVELYN'S SCHOOL,SANTA CRUZ,4,0,3,0,0
2583,LICEO DE LOLOL,LOLOL,2,0,1,403,310
2584,ESCUELA OCTAVIO MUJICA VALENZUELA,LOLOL,2,1,1,254,10
2586,ESCUELA BAS. DAMASO DUARTE,LOLOL,2,1,3,0,0
2587,ESCUELA MUNICIPAL VILLA MANUEL LARRAIN,LOLOL,2,1,3,0,0
2588,ESCUELA BASICA HERMINIA UBILLA,LOLOL,2,1,3,0,0
2589,ESCUELA MUNICIPAL ANIBAL DUQUE ZUNIGA,LOLOL,2,1,3,0,0
2590,ESCUELA MUNICIPAL RINCONADA DE QUIAHUE,LOLOL,2,1,1,11,110
2591,ESCUELA MUNICIPAL JUANA GONZALEZ,LOLOL,2,1,1,31,110
2592,ESCUELA MUNICIPAL EDUVIGIS PANTOJA L,LOLOL,2,1,1,15,110
2593,ESCUELA BAS. HERNAN MASCARO VILDOSOLA,LOLOL,2,1,3,0,0
2594,ESCUELA BASICA HUGO URZUA URZUA,LOLOL,2,1,1,25,110
2596,ESCUELA BASICA MARTA CORREA,LOLOL,2,1,3,0,0
2597,ESCUELA BASICA ORLANDO FUENTES,LOLOL,2,1,3,0,0
2598,ESCUELA BASICA OLGA DE GOMEZ,LOLOL,2,1,1,14,110
2599,ESCUELA MUNICIPAL DE PUMANQUE,PUMANQUE,2,0,1,264,10
2601,ESCUELA MUNICIPAL DE NILAHUE CORNEJO,PUMANQUE,2,1,1,173,10
2602,ESCUELA MUNICIPAL DE SANTA TERESA,PUMANQUE,2,1,2,0,0
2603,ESCUELA MUNICIPAL DE MATA REDONDA,PUMANQUE,2,1,1,10,110
2604,ESCUELA PENABLANCA,PUMANQUE,2,1,1,7,110
2607,ESCUELA MUNICIPAL DE RINCON LOS PERALES,PUMANQUE,2,1,1,16,110
2609,ESCUELA MUNICIPAL DE PALMILLA DE RETO,PUMANQUE,2,1,1,7,110
2610,ESCUELA MUNICIPAL DE NILAHUE BARAHONA,PUMANQUE,2,1,2,0,0
2611,ESCUELA MARGOT LOYOLA PALACIOS,PALMILLA,2,0,1,323,10
2612,LICEO SAN JOSE DEL CARMEN,PALMILLA,2,1,1,491,10
2613,ESCUELA MUNICIPAL SANTA MATILDE,PALMILLA,2,1,1,123,10
2615,ESCUELA JORGE ERRAZURIZ ECHEÑIQUE,PALMILLA,2,1,1,179,10
2617,ESCUELA MUNICIPAL SN. FCO. DEL HUIQUE,PALMILLA,2,1,3,0,0
2618,ESCUELA MUNICIPAL COLCHAGUA,PALMILLA,2,1,3,0,0
2620,ESCUELA MUNICIPAL LOS MAQUIS,PALMILLA,2,1,3,0,0
2621,ESCUELA REBECA CADIZ VALENZUELA,PALMILLA,2,1,1,32,10
2622,ESCUELA MUNICIPAL VALLE HERMOSO,PALMILLA,2,1,1,9,110
2623,ESCUELA MUNICIPAL AGUA SANTA,PALMILLA,2,1,3,0,0
2624,ESCUELA MUNICIPAL LIHUEIMO,PALMILLA,2,1,1,30,10
2625,LICEO BICENTENARIO VICTOR JARA MARTINEZ,PERALILLO,2,0,1,444,310
2626,COLEGIO MANUEL RODRIGUEZ ERDOIZA,PERALILLO,2,0,1,363,10
2627,ESCUELA GUSTAVO RIVERA BUSTOS,PERALILLO,2,1,1,236,10
2629,ESCUELA MUNICIPAL SARA RAVELLO PARRAGUEZ,PERALILLO,2,1,1,33,110
2630,ESCUELA ARTURO PRAT CHACON,PERALILLO,2,1,3,0,0
2632,ESCUELA MUNICIPAL CORONEL RAMON DIAZ A.,PERALILLO,2,1,3,0,0
2633,ESCUELA MARTA VALDES ECHEÑIQUE,PERALILLO,2,1,1,11,110
2634,ESCUELA PABLO NERUDA,PERALILLO,2,1,1,28,110
2635,LICEO AGUSTIN ROSS EDWARDS,PICHILEMU,2,0,1,636,310
2636,ESCUELA PUEBLO DE VIUDAS,PICHILEMU,2,1,1,197,10
2637,ESCUELA MUNICIPAL VILLA SAN PEDRO,PAREDONES,2,1,1,15,110
2639,ESCUELA ALTO RAMIREZ,PICHILEMU,2,1,3,0,0
2640,ESCUELA BARRANCAS,PICHILEMU,2,1,3,0,0
2641,ESCUELA LA VILLA,PICHILEMU,2,1,3,0,0
2642,ESCUELA COGUIL,PICHILEMU,2,1,1,13,110
2643,ESCUELA PADRE ALBERTO HURTADO C.,PICHILEMU,2,1,1,22,110
2644,ESCUELA TANUME,PICHILEMU,2,1,3,0,0
2646,ESCUELA LA AGUADA,PICHILEMU,2,1,1,9,110
2647,ESCUELA RODEILLO,PICHILEMU,2,1,3,0,0
2648,ESCUELA LOS VALLES,PICHILEMU,2,1,3,0,0
2649,ESCUELA ALTO COLORADO,PICHILEMU,2,1,3,0,0
2650,ESCUELA CAHUIL,PICHILEMU,2,1,1,185,110
2651,ESCUELA LARRAIN ALCALDE,PICHILEMU,2,1,3,0,0
2652,ESCUELA CIRUELOS,PICHILEMU,2,1,1,107,110
2654,COLEGIO LIBERTADORES,PICHILEMU,2,1,1,291,10
2655,ESCUELA ESPINILLO,PICHILEMU,2,1,3,0,0
2656,COLEGIO DE LA PRECIOSA SANGRE,PICHILEMU,3,0,1,555,10
2657,LICEO MUNICIPAL PABLO NERUDA,NAVIDAD,2,0,1,422,110
2658,COLEGIO MUNICIPAL DIVINA GABRIELA,NAVIDAD,2,0,1,197,10
2660,ESCUELA FRANCISCO CHAVEZ CIFUENTES,NAVIDAD,2,0,1,260,10
2661,ESCUELA MUNICIPAL EL MANZANO,NAVIDAD,2,1,1,7,110
2663,ESCUELA MUNICIPAL CARLOS IBANEZ DEL C,NAVIDAD,2,1,3,0,0
2664,ESCUELA BASICA CONFEDERACION HELVETICA,NAVIDAD,2,1,1,265,10
2665,ESCUELA MUNICIPAL JOSE DOLORES A.,NAVIDAD,2,1,3,0,0
2666,ESCUELA MUNICIPAL LA BOCA DE RAPEL,NAVIDAD,2,1,1,52,110
2667,ESCUELA MUNICIPAL EUSEBIO ABARCA,NAVIDAD,2,1,3,0,0
2668,ESCUELA MUNICIPAL RESFA MUNOZ,NAVIDAD,2,1,3,0,0
2669,ESCUELA MUNICIPAL EL CHORRILLO,NAVIDAD,2,1,3,0,0
2670,ESCUELA FABRICIANO MILATEGUA PEREZ,NAVIDAD,2,1,3,0,0
2671,ESCUELA LA PATAGUILLA,NAVIDAD,2,1,3,0,0
2672,ESCUELA MUNICIPAL JOSE ROMAN CERDA,NAVIDAD,2,1,3,0,0
2673,ESCUELA MUNICIPAL PADRE ALBERTO HURTADO,NAVIDAD,2,1,1,19,110
2674,ESCUELA MUNICIPAL LA VEGA DE POPUYA,NAVIDAD,2,1,3,0,0
2675,ESCUELA MUNICIPAL LA AGUADA,NAVIDAD,2,1,2,0,0
2678,ESCUELA MUNICIPAL MARIA WILLIAMS,NAVIDAD,2,1,1,39,110
2679,ESCUELA MUNICIPAL MARIA ELIANA QUEZADA,NAVIDAD,2,1,3,0,0
2680,ESCUELA CENTRAL RAPEL,LITUECHE,2,0,3,0,0
2681,LICEO BICENTENARIO EL ROSARIO,LITUECHE,2,0,1,424,310
2682,ESCUELA MUNICIPAL QUELENTARO,LITUECHE,2,1,1,215,10
2684,ESCUELA MUNICIPAL RANQUILCO,LITUECHE,2,1,3,0,0
2685,ESCUELA MUNICIPAL MATANCILLA,LITUECHE,2,1,1,4,110
2686,ESCUELA MUNICIPAL PULIN,LITUECHE,2,1,1,128,10
2687,ESCUELA MUNICIPAL PASO DEL SOLDADO,LITUECHE,2,1,1,10,110
2688,ESCUELA MUNICIPAL TOPOCALMA,LITUECHE,2,1,3,0,0
2689,ESCUELA MUNICIPAL EL CUZCO,LITUECHE,2,1,3,0,0
2690,ESCUELA VILLA MANANTIALES,LITUECHE,2,1,3,0,0
2691,ESCUELA MUNICIPAL SANTA JULIA,LITUECHE,2,1,3,0,0
2692,ESCUELA MUNICIPAL MANQUEHUA,LITUECHE,2,1,1,22,110
2694,ESCUELA PROF. MONICA SILVA GOMEZ,LA ESTRELLA,2,0,1,456,10
2697,ESCUELA MUNICIPAL LAS CHACRAS,LA ESTRELLA,2,1,3,0,0
2698,ESCUELA MUNICIPAL GUADALAO,LA ESTRELLA,2,1,1,11,110
2699,ESCUELA MUNICIPAL SN.MIGUEL LOS LLANOS,LA ESTRELLA,2,1,3,0,0
2700,ESCUELA MUNICIPAL LA AGUADA,LA ESTRELLA,2,1,1,42,10
2701,LICEO MUNICIPAL INSTITUTO CARDENAL CARO,MARCHIHUE,2,0,1,264,299
2702,ESCUELA MUNICIPAL LA QUEBRADA,MARCHIHUE,2,1,1,18,110
2703,ESCUELA MUNICIPAL EL SAUCE,MARCHIHUE,2,1,1,28,110
2704,ESCUELA RENÉ CARVAJAL MADARIAGA,MARCHIHUE,2,1,1,27,110
2705,ESCUELA TRINIDAD,MARCHIHUE,2,1,1,6,110
2706,ESCUELA MUNICIPAL LO MARCHANT,MARCHIHUE,2,1,1,25,110
2707,ESCUELA MUNICIPAL NOBELES DE CHILE,MARCHIHUE,2,1,1,216,10
2708,ESCUELA MUNICIPAL PAILIMO,MARCHIHUE,2,1,1,131,10
2710,ESCUELA MUNICIPAL LA ESPERANZA,MARCHIHUE,2,1,3,0,0
2711,ESCUELA MUNICIPAL SAN MIGUEL VILUCO,MARCHIHUE,2,1,1,30,110
2713,ESCUELA MUNICIPAL HEROES DE ARAUCO,MARCHIHUE,2,1,2,0,0
2714,ESCUELA UNION DE MUJERES AMERICANAS,PAREDONES,2,0,1,129,10
2715,ESC.BASICA MERCEDES URZUA DIAZ,PAREDONES,2,0,1,364,10
2716,ESCUELA MUNICIPAL SAN PEDRO DE ALCANTARA,PAREDONES,2,1,1,77,10
2717,ESCUELA MUNICIPAL ALBERTINA VALENZUELA,PAREDONES,2,1,1,60,10
2718,ESCUELA MUNICIPAL LA LIGUA,PAREDONES,2,1,3,0,0
2719,ESCUELA LUIS ARTEMON PEREZ A.,PAREDONES,2,1,1,5,110
2720,ESCUELA MUNICIPAL PANILONGO,PAREDONES,2,1,3,0,0
2721,ESCUELA SANTA ANA DE LA POBLACION,PAREDONES,2,1,1,7,110
2722,ESCUELA LOS COPIHUES DEL CALVARIO,PAREDONES,2,1,1,10,110
2723,ESCUELA MUNICIPAL LOS BRIONES,PAREDONES,2,1,1,1,110
2724,ESCUELA MUNICIPAL EL CARDAL,PAREDONES,2,1,1,2,110
2725,ESCUELA MUNICIPAL LO VALDIVIA,PAREDONES,2,1,1,4,110
2727,ESCUELA MUNICIPAL ESMERALDA,PAREDONES,2,1,1,7,110
2728,ESCUELA LAS CARMELITAS,PAREDONES,2,1,1,18,10
2729,ESCUELA EDUARDO MOORE MONTERO,PAREDONES,2,1,3,0,0
2730,CENTRO EDUCATIVO INTEGRAL DE CURICO (CEIC),CURICÓ,2,0,1,195,212
2731,ESC.CAPLLAN JOSE LUIS LOPEZ CARRASCO,CURICÓ,2,0,1,168,165
2732,LICEO FERNANDO LAZCANO,CURICÓ,2,0,1,313,310
2733,COLEGIO DEPORTIVO LUIS CRUZ MARTINEZ,CURICÓ,2,0,1,475,110
2734,COLEGIO ALESSANDRI,CURICÓ,2,0,1,597,10
2735,ESCUELA PRESIDENTE J.M.BALMACEDA,CURICÓ,2,0,1,143,10
2736,ESCUELA PALESTINA,CURICÓ,2,0,1,565,10
2737,COLEGIO POLIVALENTE JAPÓN,CURICÓ,2,0,1,232,10
2738,ESCUELA REPUBLICA DE BRASIL,CURICÓ,2,0,1,282,10
2739,ESCUELA HOGAR REPUBLICA ALEMANA,CURICÓ,2,1,3,0,0
2740,ESCUELA GRECIA,CURICÓ,2,0,1,226,10
2741,ESCUELA ERNESTO CASTRO ARELLANO,CURICÓ,2,0,1,182,10
2742,COLEGIO URUGUAY,CURICÓ,2,0,1,394,10
2744,ESCUELA ESPANA,CURICÓ,2,0,1,948,10
2745,ESCUELA CATALUNA,CURICÓ,2,0,1,308,10
2747,COLEGIO DE ARTE Y CULTURA SAN ANTONIO,CURICÓ,2,0,1,167,10
2748,ESCUELA REPUBLICA ARGENTINA,CURICÓ,2,0,1,185,10
2749,COLEGIO LOS CONQUISTADORES,CURICÓ,2,0,1,156,10
2750,ESCUELA MARIA INES RODRIGUEZ,CURICÓ,2,0,1,72,110
2751,CENTRO INTEGRADO DE EDUCACION DE ADULTOS DE CURICO,CURICÓ,2,0,1,259,165
2753,ESCUELA REPUBLICA ESTADOS UNIDOS,CURICÓ,2,1,1,539,10
2754,CENTRO EDUCATIVO POTRERO GRANDE,CURICÓ,2,1,1,52,10
2755,ESCUELA MARIA OLGA FIGUEROA LEYTON,CURICÓ,2,1,1,220,10
2756,ESCUELA DIEGO PORTALES P.,CURICÓ,2,1,1,203,10
2758,COLEGIO MULTICULTURAL RAYEN MAPU,CURICÓ,2,1,1,114,10
2759,ESCUELA EL MAITENAL,CURICÓ,2,1,1,49,10
2761,ESCUELA LA OBRA,CURICÓ,2,1,1,239,10
2762,ESCUELA EL PORVENIR,CURICÓ,2,1,1,60,10
2763,ESCUELA REPUBLICA DE ITALIA,CURICÓ,2,1,1,154,10
2764,ESCUELA ISLA DE MARCHANT,CURICÓ,2,1,1,131,10
2765,ESCUELA RAMON FREIRE,CURICÓ,2,1,1,36,10
2766,ESCUELA VICTOR VERGARA CAMPOS,CURICÓ,2,1,1,38,10
2767,ESCUELA LOS CRISTALES,CURICÓ,2,0,1,69,10
2768,ESCUELA JOSE D. MORALES DIAZ,CURICÓ,2,1,1,9,110
2769,ESCUELA SANTA EMILIA,CURICÓ,2,1,3,0,0
2770,ESCUELA CORRAL DE PEREZ,CURICÓ,2,1,3,0,0
2771,ESCUELA PABLO NERUDA,CURICÓ,2,1,1,39,10
2772,ESCUELA JOSE A. MANSO DE VELASCO,CURICÓ,2,1,3,0,0
2773,ESCUELA SANTIAGO SANCHEZ HERRANS,CURICÓ,2,1,3,0,0
2775,ESCUELA MONTE OSCURO,CURICÓ,2,1,1,0,0
2776,ESCUELA EL MAITEN,CURICÓ,2,1,1,109,10
2777,MANUEL RODRIGUEZ,CURICÓ,2,1,3,0,0
2778,ESCUELA,CURICÓ,2,1,3,0,0
2779,ESCUELA VISTA HERMOSA,CURICÓ,2,1,2,0,0
2780,ESCUELA HOLANDA,CURICÓ,2,1,1,97,10
2781,INSTITUTO STA. MARTA,CURICÓ,3,0,3,0,0
2782,COLEGIO SAN RAMON NONATO,CURICÓ,3,0,1,1694,10
2784,JARDIN INFANTIL ESTRELLITA DE BELEN,CURICÓ,3,0,3,0,0
2785,C.EDUC.MONS.MANUEL LARRAIN ERRAZURIZ.,CURICÓ,3,0,1,935,10
2786,INSTITUTO SAN MARTIN,CURICÓ,4,0,1,1201,10
2787,COLEGIO SANTO TOMAS DE CURICO,CURICÓ,3,0,1,1127,10
2789,ALIANZA FRANCESA JEAN MERMOZ,CURICÓ,4,0,1,746,10
2790,COLEGIO VICHUQUEN,CURICÓ,4,0,1,411,10
2793,INSTITUTO POLITECNICO BICENTENARIO JUAN TERRIER DAILLY,CURICÓ,5,0,1,1162,310
2794,LICEO TENO,TENO,2,0,1,469,310
2795,ESCUELA TENO,TENO,2,0,1,499,10
2796,ESCUELA COMALLE,TENO,2,1,1,247,10
2797,ESCUELA HACIENDA TENO,TENO,2,1,1,0,0
2799,ESCUELA LA PURISIMA,TENO,3,1,1,132,10
2800,ESCUELA MORZA,TENO,2,1,1,80,10
2801,ESCUELA MONTERILLA,TENO,2,1,1,174,10
2802,ESCUELA SUSANA MONTES VELASCO,TENO,2,1,1,270,10
2803,ESCUELA LAS ARBOLEDAS,TENO,2,1,1,296,10
2804,ESC. MANUEL RODRIGUEZ ERDOIZA,TENO,2,1,1,176,10
2805,ESCUELA ALBORADA VENTANA DEL BAJO,TENO,2,1,1,130,10
2806,ESCUELA HUEMUL,TENO,2,1,1,76,10
2808,ESCUELA EL MANZANO,TENO,2,1,3,0,0
2809,ESCUELA LAS LIRAS,TENO,2,1,1,45,10
2812,ESCUELA DOMINGO MANCILLA,TENO,2,1,3,0,0
2813,ESCUELA EL CISNE,TENO,2,1,3,0,0
2814,ESCUELA SAN RAFAEL,TENO,2,1,1,130,10
2815,ESCUELA EL CULENAR,TENO,2,1,1,0,0
2816,ESCUELA PDTE CARLOS IBANEZ DEL CAMPO,TENO,2,1,1,65,10
2817,ESCUELA SAN CRISTOBAL,TENO,2,1,1,366,10
2818,ESC. SANTA ROSA CIERRE,TENO,2,0,3,0,0
2819,ESCUELA TENIENTE CRUZ,TENO,2,1,1,21,110
2820,ESCUELA LOS ALISOS,TENO,2,1,1,102,10
2821,ESCUELA BASICA SAN SEBASTIAN,TENO,3,1,1,29,110
2822,ESCUELA ARTURO ALESSANDRI PALMA,ROMERAL,2,0,1,216,10
2823,ESCUELA RAMON FREIRE,ROMERAL,2,0,1,392,10
2825,ESCUELA AMERICA LATINA,ROMERAL,2,1,1,179,10
2826,ESCUELA TRES ESQUINAS,ROMERAL,2,1,1,259,10
2827,ESCUELA GUAICO CENTRO,ROMERAL,2,1,1,141,10
2828,ESCUELA QUILVO,ROMERAL,2,1,2,0,0
2829,ESCUELA BASICA LUIS ESCOBAR LARA,ROMERAL,2,1,1,44,110
2830,ESCUELA CARLOS LAZCANO ALFONSO,ROMERAL,2,1,1,110,10
2831,ESCUELA GERARDO RODRIGUEZ ORTUZAR,ROMERAL,2,1,1,58,10
2832,ESCUELA BASICA GISLLEN E. BERNUCCI GIUSTACORI,ROMERAL,2,1,1,71,10
2833,COLEGIO AGRÍCOLA NICOLÁS MORENO VERGARA,ROMERAL,3,1,3,0,0
2834,ESCUELA ESPECIAL DE ADULTOS,MOLINA,2,0,3,0,0
2835,LICEO POLIVALENTE DE MOLINA,MOLINA,2,0,1,571,165
2836,LICEO JUAN AGUSTIN MORALES GONZALEZ,MOLINA,2,0,1,299,310
2837,ESCUELA SUPERIOR DE HOMBRES,MOLINA,2,0,2,0,0
2839,ESCUELA PRESIDENTE EDUARDO FREI MONTALVA,MOLINA,2,0,1,427,10
2840,ESCUELA SUPERIOR DE MOLINA,MOLINA,2,0,1,289,10
2842,LUIS MALDONADO BOGGIANO,MOLINA,2,1,1,184,10
2843,ESCUELA EL PROGRESO,MOLINA,2,1,1,201,10
2844,ESC.INTERN.LAS PALMAS TRES ESQUINAS,MOLINA,2,1,1,162,10
2845,ESCUELA SAN PEDRO DE MOLINA,MOLINA,2,0,1,335,10
2846,ESCUELA BUENA PAZ,MOLINA,2,1,1,40,110
2847,ESCUELA CASA BLANCA,MOLINA,2,1,1,384,10
2848,ESCUELA QUECHEREGUAS DE PICHINGAL,MOLINA,2,1,1,171,10
2849,ESCUELA LOS CANALES,MOLINA,2,1,3,0,0
2850,ESCUELA JULIA CATAN DABIKE,MOLINA,2,1,1,19,110
2851,ESCUELA BUENA FE,MOLINA,2,1,1,11,110
2852,ESCUELA ENTRE RIOS,MOLINA,2,1,2,0,0
2854,ESCUELA SAN JORGE DE ROMERAL,MOLINA,2,1,1,45,110
2856,ESCUELA EL RADAL,MOLINA,2,1,1,4,110
2857,ESC. AGUA FRIA,MOLINA,2,0,3,0,0
2858,ESCUELA LA PALMILLA,MOLINA,2,1,1,25,110
2859,ESCUELA BAJO LOS ROMEROS,MOLINA,2,1,1,402,10
2860,ESCUELA EL CERRILLO,MOLINA,2,1,1,36,110
2861,ESCUELA ALBERTO GIRARDI FONTANA,MOLINA,2,1,1,30,110
2862,ESCUELA PARTICULAR NTRA.SRA.DEL TRANSITO,MOLINA,3,0,1,749,10
2863,COLEGIO ADVENTISTA DE MOLINA,MOLINA,3,0,1,766,10
2864,LICEO GONZALO CORREA UGARTE,MOLINA,3,1,3,0,0
2865,ESCUELA BICENTENARIO DE EXCELENCIA AGRICOLA SUPERIOR DE MOLINA,MOLINA,5,0,1,462,710
2866,ESCUELA VILLA PRAT,SAGRADA FAMILIA,2,0,1,300,10
2867,ESC.DE EDUC.GRAL. BASICA MONSENOR ENRIQUE COR,SAGRADA FAMILIA,2,0,1,410,10
2868,ESCUELA SANTA ROSA,SAGRADA FAMILIA,2,1,1,217,10
2870,ESCUELA LA ISLA,SAGRADA FAMILIA,2,1,1,248,10
2871,ESCUELA LO VALDIVIA,SAGRADA FAMILIA,2,1,1,343,10
2873,ESCUELA JOSE CANEPA VACCAREZZA,SAGRADA FAMILIA,2,1,1,173,10
2874,ESCUELA EL DURAZNO,SAGRADA FAMILIA,2,1,1,5,110
2875,ESCUELA SANTA EMILIA,SAGRADA FAMILIA,2,1,1,113,10
2876,ESCUELA EUGENIO TAGLE VALDES,SAGRADA FAMILIA,2,1,1,117,10
2877,ESCUELA LA HIGUERILLA,SAGRADA FAMILIA,2,1,1,75,10
2878,ESCUELA REQUINGUA,SAGRADA FAMILIA,2,1,2,0,0
2879,ESCUELA SANTA MARIA,VICHUQUEN,2,1,1,6,110
2880,ESCUELA PARTICULAR SAN CARLOS,SAGRADA FAMILIA,3,1,3,0,0
2882,LICEO BICENTENARIO HUALAÑE,HUALAÑÉ,2,0,1,533,310
2883,ESCUELA LA HUERTA DE MATAQUITO,HUALAÑÉ,2,0,1,164,10
2884,ESCUELA CARLOS CORREA NUNEZ,HUALAÑÉ,2,1,1,171,110
2885,ESCUELA ORILLA DE NAVARRO,HUALAÑÉ,2,1,1,13,110
2887,ESCUELA NUESTRA SENORA DE LOURDES,HUALAÑÉ,2,1,2,0,0
2888,ESCUELA EDUARDO NUNEZ FUENZALIDA,HUALAÑÉ,2,1,1,21,110
2889,ESCUELA SAN JOSE DE PATACON,HUALAÑÉ,2,1,3,0,0
2890,ESCUELA JOSE SANTOS ALIAGA ROJAS,HUALAÑÉ,2,1,1,11,110
2891,ESCUELA EL BUCHE,HUALAÑÉ,2,1,3,0,0
2892,ESCUELA DE BARBA RUBIA,HUALAÑÉ,2,1,1,26,110
2893,ESCUELA CAONE,HUALAÑÉ,2,1,1,10,110
2894,ESCUELA AMELIA VIAL DE CONCHA,HUALAÑÉ,2,1,1,213,10
2895,ESCUELA PARTICULAR LOS COIPOS,HUALAÑÉ,3,1,1,19,110
2896,LICEO BICENTENARIO AUGUSTO SANTELICES VALENZUELA,LICANTÉN,2,0,1,634,10
2898,ESCUELA HUAPI,LICANTÉN,2,1,2,0,0
2900,ESCUELA DUAO,LICANTÉN,2,1,3,0,0
2901,ESCUELA LOS COPIHUES,LICANTÉN,2,1,1,86,10
2902,ESCUELA LAS PUERTAS,LICANTÉN,2,1,3,0,0
2903,COLEGIO DR. MANUEL AVILES INOSTROZA,LICANTÉN,2,1,1,205,10
2904,ESCUELA JULIAN RUIZ DE GAMBOA,LICANTÉN,2,1,3,0,0
2906,ESCUELA RENE LEON ECHAIZ,LICANTÉN,2,1,3,0,0
2907,ESCUELA PLAYA LINDA DE LIPIMAVIDA,VICHUQUEN,2,1,1,35,10
2908,LICEO TECNICO PROFESIONAL ALEJANDRO ROJAS SIERRA,LICANTÉN,2,1,1,123,110
2909,LICEO NUEVO HORIZONTE,VICHUQUEN,2,0,1,146,10
2910,LICEO BICENTENARIO DE EXCELENCIA ENTRE AGUAS DE LLICO,VICHUQUEN,2,1,1,227,10
2911,ESCUELA LAGO VICHUQUEN,VICHUQUEN,2,1,1,103,10
2912,ESCUELA EL ARBOL ALEGRE,VICHUQUEN,2,1,3,0,0
2913,ESCUELA RAYEN QUITRAL,VICHUQUEN,2,1,3,0,0
2914,ESCUELA EMA CORNEJO DE CARDOEN,VICHUQUEN,2,1,1,42,10
2915,ESCUELA SAN MANUEL DE RARIN,VICHUQUEN,2,1,2,0,0
2916,ESCUELA QUIRICO SANTELICES SANTELICES,VICHUQUEN,2,1,2,0,0
2917,ESCUELA RAUCO,RAUCO,2,0,1,269,10
2918,ESCUELA LOS ALMENDROS,RAUCO,2,1,1,99,10
2920,ESCUELA LUIS LEYTON RUBIO,RAUCO,2,1,1,243,10
2921,ESCUELA LA ALBORADA,RAUCO,2,1,1,26,110
2923,ESCUELA TRICAO,RAUCO,2,1,3,0,0
2925,ESCUELA MAJADILLA,RAUCO,2,1,3,0,0
2926,ESCUELA LA PALMILLA,RAUCO,2,1,3,0,0
2927,ESCUELA EL PLUMERO,RAUCO,2,1,1,213,10
2928,ESCUELA EL PARRON,RAUCO,2,1,1,11,110
2929,EQUIPO MULTIPROFESIONAL,TALCA,2,0,3,0,0
2930,LICEO DE CULTURA Y DIFUSION ARTISTICA,TALCA,2,0,1,637,110
2931,ESCUELA INÉS SYLVESTER DE ARTOZÓN,TALCA,2,0,1,152,10
2932,ESCUELA ESPECIAL ESPANA,TALCA,2,0,1,114,212
2933,ESCUELA CENTRO DE CAPACITACION LABORAL,TALCA,2,1,1,42,212
2934,LICEO TECNICO AMELIA COURBIS,TALCA,2,0,1,1035,410
2935,LICEO MARTA DONOSO ESPEJO,TALCA,2,0,1,1362,110
2937,LICEO INDUSTRIAL SUPERIOR,TALCA,2,0,1,686,510
2938,INST.SUP.DE COMERCIO ENRIQUE MALDONADO S,TALCA,2,0,1,1333,410
2939,LICEO BICENTENARIO DIEGO PORTALES,TALCA,2,0,1,333,310
2940,LICEO CARLOS CONDELL,TALCA,2,0,1,318,110
2941,ESCUELA HERMANO GUIDO GOOSSENS,TALCA,2,0,1,206,10
2942,ESCUELA JUAN LUIS SANFUENTES,TALCA,2,0,1,969,10
2943,LICEO HECTOR PEREZ BIOTT,TALCA,2,0,1,138,310
2944,ESCUELA JOSE M. BALMACEDA Y FERNANDEZ,TALCA,2,0,1,503,10
2945,ESCUELA PROSPERIDAD,TALCA,2,0,1,308,10
2946,ESCUELA CARLOS SPANO,TALCA,2,0,1,374,10
2947,ESCUELA LAS ARAUCARIAS,TALCA,2,0,1,41,110
2948,ESCUELA CARLOS SALINAS LAGOS,TALCA,2,0,1,796,10
2949,ESCUELA BASICA,TALCA,2,0,1,954,10
2950,ESCUELA EL EDEN,TALCA,2,0,1,400,10
2951,ESCUELA LA FLORIDA,TALCA,2,0,1,194,10
2952,ESCUELA VILLA LA PAZ,TALCA,2,0,1,138,10
2954,ESCUELA NEMESIO ANTUNEZ ZANARTU,TALCA,2,0,3,0,0
2955,ESCUELA FELIPE CUBILLOS BRILLA EL SOL,TALCA,2,0,1,176,10
2956,ESCUELA AURORA DE CHILE,TALCA,2,0,1,649,10
2957,ESCUELA UNO SAN AGUSTIN,TALCA,2,0,1,353,10
2958,ESCUELA JOSE ABELARDO NUNEZ,TALCA,2,0,1,358,10
2959,LORENZO VAROLI GHERARDI,TALCA,2,0,1,255,10
2960,ESC. FATIMA CERRADA,TALCA,2,0,3,0,0
2961,LICEO TECNICO PROFESIONAL AULAS DE ESPERANZA DE TALCA,TALCA,2,0,1,306,165
2964,ESCUELA LAS AMERICAS,TALCA,2,0,1,632,10
2965,ESCUELA COOPERATIVA LIRCAY MANUEL YAÑEZ OLAVE,TALCA,2,0,1,367,10
2966,ESCUELA COSTANERA,TALCA,2,0,1,170,10
2968,ESCUELA ANTUPEHUEN,TALCA,2,0,1,138,10
2972,ESCUELA ESPERANZA,TALCA,2,0,1,431,10
2973,LICEO ABATE MOLINA,TALCA,2,0,1,1970,110
2974,LICEO IGNACIO CARRERA PINTO,TALCA,2,0,1,70,410
2975,ESCUELA HUILQUILEMU,TALCA,2,1,1,203,10
2976,ESCUELA RAMADILLAS DE LIRCAY,TALCA,2,1,3,0,0
2977,ESCUELA VINA PURISIMA,TALCA,2,1,1,250,10
2978,ESCUELA SAN MIGUEL,TALCA,2,0,1,294,10
2979,LICEO TECNICO-PROFESIONAL EL SAUCE,TALCA,2,1,1,361,10
2980,ESCUELA SANTA MARTA,TALCA,2,1,1,82,10
2981,ESCUELA PANGUILEMO,TALCA,2,0,1,197,10
2983,ESCUELA BASICA PUERTAS NEGRAS,TALCA,2,0,1,106,10
2985,ESCUELA LIRCAY,TALCA,2,1,3,0,0
2986,ESCUELA EL ORIENTE,TALCA,2,1,1,148,10
2989,ESCUELA CENTINELA,TALCA,2,1,1,80,10
2990,ESCUELA PARTICULAR AMOR DE DIOS,TALCA,3,0,1,810,10
2991,COLEGIO MONSENOR MANUEL LARRAIN,TALCA,3,0,1,1011,10
2992,COLEGIO INTEGRADO SAN PIO X SECTOR PTE.,TALCA,3,0,1,1497,10
2993,COLEGIO MARIA RAQUEL,TALCA,3,0,1,254,10
2994,ESCUELA ESPECIAL EVANGEL.PRESBITERIANA,TALCA,3,0,1,130,212
2995,INSTITUTO ANDRES BELLO,TALCA,3,0,1,1510,110
2996,COLEGIO PARTICULAR LUCILA GODOY ALCAYAGA,TALCA,3,0,3,0,0
2997,COLEGIO DARIO SALAS,TALCA,3,0,1,2291,10
2999,COLEGIO CAMILO HENRIQUEZ,TALCA,3,0,1,326,10
3002,COLEGIO MARIA MAZZARELLO,TALCA,3,0,3,0,0
3003,COLEGIO PIAGET,TALCA,3,0,1,793,165
3005,LICEO SANTA TERESITA,TALCA,3,0,1,1072,10
3006,CENTRO EDUCATIVO SALESIANOS TALCA,TALCA,3,0,1,2017,10
3007,ESCUELA PART.PATRONATO MARIANA SILVA,TALCA,3,0,3,0,0
3008,COLEGIO ARTISTICO DEL MAULE,TALCA,3,0,1,170,110
3009,COLEGIO INTEGRADO SAN PIO X,TALCA,3,0,3,0,0
3010,COLEGIO SAN FRANCISCO DE ASIS,TALCA,3,0,1,253,110
3011,TERSUS COLLEGE,TALCA,3,0,3,0,0
3012,COLEGIO DE LA SALLE,TALCA,4,0,1,1136,10
3013,COLEGIO JUAN IGNACIO MOLINA,TALCA,3,0,1,1256,10
3014,COLEGIO INGLES,TALCA,4,0,1,1250,10
3015,COLEGIO PARTICULAR MONTESSORI,TALCA,4,0,1,939,110
3016,LICEO DE PELARCO,PELARCO,2,0,1,552,10
3017,ESCUELA SAN RAFAEL,SAN RAFAEL,2,0,1,751,10
3019,ESCUELA HERNAN CIUDAD INOSTROZA,PELARCO,2,1,1,265,10
3020,ESCUELA ALTO PANGUE,SAN RAFAEL,2,1,1,182,10
3022,ESCUELA PABLO CORREA MONTT,PELARCO,2,1,1,151,10
3023,ESCUELA FLAVIO PAVEZ GONZALEZ,PELARCO,2,1,1,108,10
3024,ESCUELA DANTE RONCAGLIOLO BAVESTRELLO,SAN RAFAEL,2,1,1,19,110
3025,ESCUELA PANGUE ARRIBA,SAN RAFAEL,2,1,1,227,10
3026,ESCUELA PANGUE ABAJO,SAN RAFAEL,2,1,1,27,110
3027,ESCUELA LA ESPERANZA,SAN RAFAEL,2,1,3,0,0
3028,ESCUELA EL MILAGRO,SAN RAFAEL,2,1,1,85,10
3029,ESCUELA WILIBALDO NUNEZ,PELARCO,2,1,1,43,110
3030,ESCUELA LIHUENO,PELARCO,2,1,1,21,110
3032,ESCUELA PARTICULAR SAN SEBASTIAN,PELARCO,3,1,1,168,10
3033,LICEO BICENTENARIO AGROINDUSTRIAL RIO CLARO,RÍO CLARO,2,0,1,731,10
3034,ESCUELA BASICA JUAN LUIS SANFUENTES ANDONAEGUI,RÍO CLARO,2,0,1,231,10
3036,ESCUELA EL BOLSICO,RÍO CLARO,2,1,1,30,110
3037,ESCUELA PORVENIR,RÍO CLARO,2,1,1,337,10
3038,ESCUELA LA CHISPA,RÍO CLARO,2,1,1,63,110
3039,ESCUELA ODESSA,RÍO CLARO,2,1,1,362,10
3040,ESCUELA LAS MERCEDES,RÍO CLARO,2,1,3,0,0
3042,ESCUELA EL GUINDO,RÍO CLARO,2,1,1,26,110
3043,ESCUELA EL AROMO,RÍO CLARO,2,1,3,0,0
3044,ESCUELA PENAFLOR NUEVO,RÍO CLARO,2,1,3,0,0
3045,ESCUELA SANTA HERMINIA,RÍO CLARO,2,1,1,119,110
3046,ESCUELA LOS CERRILLOS,RÍO CLARO,2,1,3,0,0
3047,ESCUELA CASAS VIEJAS,RÍO CLARO,2,1,1,40,110
3048,ESCUELA PASO ANCHO,RÍO CLARO,2,1,1,30,110
3050,ESCUELA LOS TREILES,RÍO CLARO,2,1,3,0,0
3051,ESCUELA MAITENES,RÍO CLARO,2,1,1,49,10
3053,ESCUELA SANTA AGUEDA,RÍO CLARO,2,1,3,0,0
3055,LICEO SAN CLEMENTE ENTRE RIOS,SAN CLEMENTE,2,0,1,664,310
3056,ESCUELA SAN CLEMENTE,SAN CLEMENTE,2,0,1,553,110
3057,ESCUELA ARTURO PRAT CHACON,SAN CLEMENTE,2,0,1,137,110
3058,ESCUELA AURORA,SAN CLEMENTE,2,1,1,215,10
3059,COLEGIO DEIDAMIA PAREDES BELLO,SAN CLEMENTE,2,1,1,408,10
3060,ESCUELA RAMADILLAS,SAN CLEMENTE,2,0,1,582,10
3061,ESCUELA PUNTA DE DIAMANTE,SAN CLEMENTE,2,1,1,97,10
3062,ESCUELA PEUMO NEGRO,SAN CLEMENTE,2,1,1,109,10
3063,ESCUELA CORRALONES,SAN CLEMENTE,2,1,1,152,10
3065,ESCUELA ENRIQUE CORREA GUZMAN,SAN CLEMENTE,2,1,1,85,10
3067,ESCUELA LEOPOLDO GUARDA GEYNTES,SAN CLEMENTE,2,1,1,51,110
3068,ESCUELA BELLA UNION,SAN CLEMENTE,2,1,1,88,10
3069,ESCUELA QUERI,SAN CLEMENTE,2,1,1,203,10
3070,ESCUELA CHEQUEN DE LA PENA,SAN CLEMENTE,2,1,1,207,10
3073,ESCUELA BAJO LIRCAY,SAN CLEMENTE,2,1,1,49,10
3076,ESCUELA BRAMADERO,SAN CLEMENTE,2,1,1,60,10
3077,ESCUELA COREL,SAN CLEMENTE,2,1,1,11,110
3078,ESCUELA JUAN VERGARA,SAN CLEMENTE,2,1,3,0,0
3079,ESCUELA ELENA BURGOS MOREIRA,SAN CLEMENTE,2,1,1,57,110
3080,ESCUELA SAN VALERIANO,SAN CLEMENTE,2,1,3,0,0
3081,ESCUELA BAJO PERQUIN,SAN CLEMENTE,2,1,1,92,10
3082,ESCUELA SAN DIEGO,SAN CLEMENTE,2,1,1,10,110
3084,ESCUELA LOS ROBLES DE VILCHES CENTRO,SAN CLEMENTE,2,1,1,13,110
3085,ESCUELA PASO NEVADO,SAN CLEMENTE,2,1,1,72,110
3086,ESCUELA LOS MONTES,SAN CLEMENTE,2,1,1,165,10
3088,ESCUELA VILCHES ALTO,SAN CLEMENTE,2,1,1,7,110
3090,ESCUELA EL COLORADO,SAN CLEMENTE,2,1,1,106,10
3091,ESCUELA LA CALOR,SAN CLEMENTE,2,1,3,0,0
3092,ESCUELA NACIONES UNIDAS,SAN CLEMENTE,2,1,1,3,110
3093,ESCUELA CARRETONES,SAN CLEMENTE,2,1,1,12,110
3094,ESCUELA LAS ASTILLAS,SAN CLEMENTE,2,1,3,0,0
3095,ESCUELA SAN VICENTE,SAN CLEMENTE,2,1,3,0,0
3096,ESCUELA LOS ALMENDROS,SAN CLEMENTE,2,1,1,124,10
3098,ESCUELA BASICA LA MINA,SAN CLEMENTE,2,1,3,0,0
3099,ESCUELA SAN LUIS DE ALICO,SAN CLEMENTE,2,1,3,0,0
3100,ESCUELA LOS TREGUILES,SAN CLEMENTE,2,1,3,0,0
3103,ESCUELA DE ORION,SAN CLEMENTE,2,1,3,0,0
3104,ESCUELA LA PLACETA,SAN CLEMENTE,2,1,1,26,110
3105,ESCUELA RINCON DE LOS MUNOCES,SAN CLEMENTE,2,1,3,0,0
3106,ESCUELA FLOR DEL LLANO,SAN CLEMENTE,2,1,1,55,10
3107,ESCUELA SANTA ELENA,SAN CLEMENTE,2,1,1,81,10
3108,COLEGIO PAULA MONTAL,SAN CLEMENTE,3,0,1,617,10
3110,COMPLEJO EDUCACIONAL MAULE,MAULE,2,0,1,552,10
3111,ESCUELA VILLA CULENAR,TALCA,2,0,1,489,10
3112,ESCUELA CALLEJONES,MAULE,2,1,1,125,10
3113,ESCUELA COLIN,MAULE,2,1,1,225,10
3114,ESCUELA CHACARILLA,MAULE,2,1,1,247,10
3115,ESCUELA RURAL DUAO,MAULE,2,1,1,131,10
3117,ESCUELA RURAL NUMPAY,MAULE,2,1,1,245,10
3118,ESCUELA QUINIPEUMO,MAULE,2,1,1,101,10
3119,ESCUELA EL BOLSICO,SAN CLEMENTE,2,1,3,0,0
3121,ESCUELA EL FUERTE,MAULE,2,1,1,9,110
3122,ESCUELA EL CANELO,MAULE,2,1,1,106,10
3123,ESCUELA SANTA ROSA DE LAVADEROS,MAULE,2,1,1,11,110
3124,ESCUELA LINARES DE PERALES,MAULE,2,1,1,23,110
3125,ESCUELA VILLA COBIN,MAULE,2,1,1,11,110
3126,LICEO TECNICO AGRICOLA MARIA AUXILIADORA,MAULE,3,1,1,269,610
3127,ESCUELA AGRICOLA SAN JOSE DE DUAO,MAULE,5,0,1,421,710
3128,LICEO SAN IGNACIO,EMPEDRADO,2,0,1,554,10
3129,ESCUELA SAN SEBASTIAN DE PUICO,EMPEDRADO,2,1,3,0,0
3130,ESCUELA PEDRO ANTONIO TEJOS TEJOS,EMPEDRADO,2,1,1,119,10
3131,ESCUELA CRISTINA BALTRA SORO,EMPEDRADO,2,1,2,0,0
3132,ESCUELA COLMENARES,EMPEDRADO,2,1,2,0,0
3134,ESCUELA MARIA OLGA VEGA VEGA,EMPEDRADO,2,1,1,18,110
3136,ESCUELA SANTA ELENA,EMPEDRADO,2,1,2,0,0
3137,ESCUELA PROBOSTE,EMPEDRADO,2,1,2,0,0
3138,COMPLEJO EDUCACIONAL PENCAHUE,PENCAHUE,2,0,1,475,10
3139,ESCUELA PADRE LUIS OLIVA NAVARRETE,PENCAHUE,2,1,1,71,10
3140,ESCUELA CORINTO,PENCAHUE,2,1,1,53,10
3141,ESCUELA JOSE MANUEL SALCEDO RAMIREZ,PENCAHUE,2,1,3,0,0
3143,ESCUELA SANTA LAURA DE LO FIGUEROA,PENCAHUE,2,1,1,193,10
3146,ESCUELA LA ESPERANZA DEL FUTURO,PENCAHUE,2,1,1,4,110
3154,ESCUELA LOS CONQUISTADORES,PENCAHUE,2,1,2,0,0
3156,ESCUELA TAPIHUE,PENCAHUE,2,1,3,0,0
3157,ESCUELA LA RINCONADA,PENCAHUE,2,1,3,0,0
3158,ESCUELA LA PATAGUA,PENCAHUE,2,1,1,8,110
3159,ESCUELA RIVERA DEL MAULE,PENCAHUE,2,1,1,10,110
3161,ESCUELA PALMAS DE TOCONEY,PENCAHUE,2,1,3,0,0
3162,ESCUELA BANOS DE  TANHUAO,PENCAHUE,2,1,2,0,0
3163,INSTITUTO BICENTENARIO DE EXCELENCIA POLITECNICO SUPERIOR EGIDIO ROZZI SACHETTI,CONSTITUCIÓN,5,0,1,635,310
3165,LICEO CONSTITUCION,CONSTITUCIÓN,2,0,1,704,310
3166,ESCUELA ENRIQUE DONN MULLER,CONSTITUCIÓN,2,0,1,567,10
3167,ESCUELA GILDA BERNAL OPAZO,CONSTITUCIÓN,2,0,2,0,0
3168,ESCUELA SUPERIOR NUEVA BILBAO,CONSTITUCIÓN,2,0,1,254,10
3169,ESCUELA CERRO ALTO JOSE OPAZO DIAZ,CONSTITUCIÓN,2,0,1,601,10
3170,CENTRO EDUCACIONAL CONSTITUCION,CONSTITUCIÓN,2,0,1,118,212
3171,ESCUELA SAN FRANCISCO,CONSTITUCIÓN,2,0,3,0,0
3172,LICEO BICENTENARIO DE EXCELENCIA TECNICO PROFESIONAL PUTÚ,CONSTITUCIÓN,2,1,1,527,10
3173,LICEO RURAL ENRIQUE MAC IVER,CONSTITUCIÓN,2,1,1,701,10
3174,ESCUELA LAS CORRIENTES,CONSTITUCIÓN,2,1,1,133,10
3175,ESCUELA COIPUE ALTO,CONSTITUCIÓN,2,1,3,0,0
3176,ESCUELA JUNQUILLAR,CONSTITUCIÓN,2,1,1,34,110
3177,ESCUELA MARIA INES MAROMILLAS,CONSTITUCIÓN,2,1,1,14,110
3179,ESCUELA BARRANQUILLAS,CONSTITUCIÓN,2,1,1,4,110
3182,ESCUELA RURAL LAGUNILLAS,CONSTITUCIÓN,2,1,3,0,0
3183,ESCUELA PROSPERO GONZALEZ CIENFUEGOS,CONSTITUCIÓN,2,1,3,0,0
3184,ESCUELA QUEBRADA HONDA,CONSTITUCIÓN,2,1,3,0,0
3185,ESCUELA COSTA BLANCA,CONSTITUCIÓN,2,1,1,227,10
3186,ESCUELA MIGUEL FAUNDEZ MORALES,CONSTITUCIÓN,2,1,1,8,110
3187,ESCUELA CARRIZALILLO,CONSTITUCIÓN,2,1,1,4,110
3188,ESCUELA RURAL RIVERA DEL MAULE,CONSTITUCIÓN,2,1,3,0,0
3189,ESCUELA TERESA CONSUELO,CONSTITUCIÓN,2,1,1,5,110
3190,ESCUELA RURAL QUEBRADA VERDE,CONSTITUCIÓN,2,1,1,3,110
3191,ESCUELA SANTA AURORA DE CARRIZAL,CONSTITUCIÓN,2,1,1,60,10
3192,ESCUELA GENESIS,CONSTITUCIÓN,2,1,3,0,0
3193,"ESCUELA BELLAS BRISAS, COIPUE",CONSTITUCIÓN,2,1,3,0,0
3194,ESCUELA MAQUEHUA,CONSTITUCIÓN,2,1,2,0,0
3196,ESCUELA LEONTINA LETELIER LETELIER,CONSTITUCIÓN,2,1,1,2,110
3197,"ESCUELA LA QUEBRADA , PICHAMAN",CONSTITUCIÓN,2,1,3,0,0
3198,ESCUELA EDUARDO MACHADO CORSI,CONSTITUCIÓN,2,1,1,2,110
3199,ESCUELA LAS CANAS,CONSTITUCIÓN,2,1,3,0,0
3201,ESCUELA PARTICULAR SANTA ROSA,CONSTITUCIÓN,3,0,1,395,10
3202,COLEGIO BICENTENARIO DE EXCELENCIA SAN ALBERTO HURTADO,CONSTITUCIÓN,3,0,1,1292,10
3203,COLEGIO SANTIAGO ONEDERRA,CONSTITUCIÓN,3,0,1,750,10
3204,COLEGIO CONSTITUCION,CONSTITUCIÓN,4,0,1,438,10
3205,LICEO LUIS EDMUNDO CORREA ROJAS,CUREPTO,2,0,1,318,310
3206,ESCUELA FRAY PEDRO ARMENGOL VALENZUELA,CUREPTO,2,1,1,70,10
3207,ESCUELA PEDRO ANTONIO GONZALEZ,CUREPTO,2,0,1,395,10
3208,ESCUELA LAS MERCEDES,CUREPTO,2,1,1,5,110
3209,ESCUELA ELENA ARMIJO MORALES,CUREPTO,2,1,1,225,10
3210,ESCUELA HUALMAPU,CUREPTO,2,1,2,0,0
3211,ESCUELA JULIO CESAR CONCHA MINO,CUREPTO,2,1,3,0,0
3212,ESCUELA ANA LUISA ESPINA RIVERO,CUREPTO,2,1,1,39,110
3213,ESCUELA LA TRICHERA,CUREPTO,2,1,1,6,110
3215,ESCUELA EL SANTO DE TABUNCO,CUREPTO,2,1,1,4,110
3216,ESCUELA CAPILLA DE RAPILERMO,CUREPTO,2,1,1,2,110
3217,ESCUELA JUAN JESUS GONZALEZ AVENDAÑO,CUREPTO,2,1,1,18,110
3218,ESCUELA SANTA MARIA,CUREPTO,2,1,2,0,0
3219,ESCUELA LA ORILLA,CUREPTO,2,1,1,8,110
3220,ESCUELA SAN BENITO,CUREPTO,2,1,2,0,0
3221,ESCUELA DOCAMAVIDA,CUREPTO,2,1,1,5,110
3222,ESCUELA CARMEN ROSA MARTINEZ BAEZA,CUREPTO,2,1,1,0,0
3223,ESCUELA DOMULGO,CUREPTO,2,1,1,4,110
3224,ESCUELA EL RODEO,CUREPTO,2,1,2,0,0
3225,ESCUELA HORNILLOS,CUREPTO,2,1,2,0,0
3226,ESCUELA LLONGOCURA,CUREPTO,2,1,3,0,0
3229,ESCUELA MANANTIALES,CUREPTO,2,1,1,2,110
3230,ESCUELA JOSE LUIS RICHARDS GONZALEZ,CUREPTO,2,1,1,12,110
3232,ESCUELA PUPILLA,CUREPTO,2,1,3,0,0
3233,ESCUELA JOSE MIGUEL CARRERA,CUREPTO,2,1,1,2,110
3234,ESCUELA RICARDO GONZALEZ,CUREPTO,2,1,3,0,0
3235,ESCUELA MAURICIO LETELIER LETELIER,CUREPTO,2,1,1,5,110
3236,ESCUELA QUEBRADA DE LOS GUINDOS,CUREPTO,2,1,1,1,110
3238,ESCUELA MARINA ROJAS SANDOVAL,CUREPTO,2,1,1,59,110
3239,ESCUELA MARIA PETRONILA CASTRO G.,CUREPTO,2,1,2,0,0
3240,ESCUELA GASPAR HERRERA HERRERA,CUREPTO,2,1,1,0,0
3241,ESCUELA COIPUE,CUREPTO,2,1,3,0,0
3242,ESCUELA SAN FRANCISCO DE ASIS,CUREPTO,2,1,1,2,110
3243,ESCUELA ALAMEDA LINARES,LINARES,2,0,1,134,165
3244,ESCUELA ESPECIAL LAS VIOLETAS,LINARES,2,0,1,103,212
3247,LICEO VALENTIN LETELIER,LINARES,2,0,1,1445,110
3248,INSTITUTO COMERCIAL,LINARES,2,0,1,1368,110
3249,ESCUELA UNO ISABEL RIQUELME,LINARES,2,0,1,519,10
3250,ESCUELA PRESIDENTE CARLOS IBANEZ DEL C.,LINARES,2,0,1,276,10
3251,COLEGIO MARGOT LOYOLA PALACIOS,LINARES,2,0,1,652,10
3252,LICEO TECNICO PROFESIONAL DIEGO PORTALES,LINARES,2,0,1,1062,110
3253,JUAN MARTINEZ DE ROZAS,LINARES,2,0,1,77,10
3254,ESCUELA ISABEL RIQUELME,LINARES,2,0,3,0,0
3255,ESCUELA SANTA BARBARA,LINARES,2,0,1,190,10
3256,ESCUELA RAMON BELMAR SALDIAS,LINARES,2,0,1,502,10
3257,ESCUELA ALEJANDRO GIDI,LINARES,2,0,1,182,10
3258,ESCUELA BASICA ESPANA,LINARES,2,0,1,306,10
3260,ESCUELA LOS LEONES,LINARES,2,0,1,208,10
3261,PEDRO AGUIRRE CERDA,LINARES,2,0,1,122,10
3263,ESCUELA MAITENES,LINARES,2,1,1,117,10
3264,ESCUELA SAN VICTOR ALAMOS,LINARES,2,1,1,194,10
3265,ESCUELA LAS TOSCAS,LINARES,2,1,1,23,10
3266,ESCUELA SAN ANTONIO,LINARES,2,1,1,133,10
3267,ESCUELA GRACIELA LETELIER,LINARES,2,1,1,412,10
3268,ESCUELA SALOMON SALMAN DABUD,LINARES,2,0,1,334,10
3269,ESCUELA LAS HORNILLAS,LINARES,2,1,1,229,10
3270,JANUARIO ESPINOSA,LINARES,2,1,1,111,10
3271,ESCUELA LOS HUALLES,LINARES,2,1,1,10,110
3272,ESCUELA CHUPALLAR,LINARES,2,1,1,9,110
3273,ESCUELA MATIAS COUSINO,LINARES,2,1,1,87,10
3274,ESCUELA CAJON DE PEJERREY,LINARES,2,1,3,0,0
3275,ESCUELA HUAPI BAJO,LINARES,2,1,3,0,0
3277,ESCUELA JORGE HERRERA GUZMAN,LINARES,2,1,1,4,110
3278,ESCUELA EL EMBOQUE,LINARES,2,1,3,0,0
3279,ESCUELA LOS MONTECILLOS,LINARES,2,1,3,0,0
3280,ESCUELA EMBALSE ANCOA,LINARES,2,1,3,0,0
3281,ESCUELA LOS BATROS,LINARES,2,1,3,0,0
3282,ESCUELA EL CULMEN,LINARES,2,1,1,3,110
3283,ESCUELA PAUL HARRIS,LINARES,2,1,3,0,0
3284,ESCUELA VIOLETA PARRA,LINARES,2,1,1,3,110
3285,ESCUELA LLANKANAO MANUEL FRANCISCO MEZA SECO,LINARES,2,1,1,187,10
3286,ESCUELA BELLAVISTA,LINARES,2,1,1,2,110
3287,ESCUELA LOS MOGOTES,LINARES,2,1,1,2,110
3288,ESCUELA CAMILO HENRIQUEZ,LINARES,2,1,1,2,110
3289,ESCUELA DE ROBLERIA,LINARES,2,1,1,4,110
3290,LICEO MARIA AUXILIADORA,LINARES,3,0,1,1066,10
3291,ESCUELA BASICA ALCALDE HECTOR PINOCHET C,LINARES,3,0,1,280,10
3292,ESCUELA PARTICULAR GABRIELA MISTRAL,LINARES,3,0,1,362,10
3294,COLEGIO PARTICULAR MANUEL BULNES,LINARES,3,0,1,605,10
3295,ESCUELA PARTICULAR CHILE,LINARES,3,0,3,0,0
3296,ESC.AGRIC.PART.SALESIANA DON BOSCO,LINARES,3,0,1,1711,10
3297,ESCUELA PARTICULAR PROSPERO VILLAR BRAVO,LINARES,3,0,1,232,10
3298,LICEO NUESTRA SEÑORA DEL ROSARIO,LINARES,3,0,1,1233,10
3299,ESCUELA MARCELA PAZ,LINARES,3,0,1,158,10
3300,INSTITUTO LINARES,LINARES,3,0,1,1235,10
3301,ESCUELA PARTICULAR MANUEL RODRIGUEZ,LINARES,3,0,3,0,0
3302,COLEGIO LA PROVIDENCIA,LINARES,3,0,1,1084,10
3303,COLEGIO AMELIA TRONCOSO,LINARES,3,0,1,958,10
3304,COLEGIO SAN MIGUEL ARCANGEL,LINARES,3,0,1,1145,10
3305,INSTITUTO POLITECNICO IRENEO BADILLA FUENTES,LINARES,2,0,1,678,310
3306,ESCUELA PARTICULAR SAN ANTONIO ENCINA,LINARES,3,1,3,0,0
3308,COLEGIO CONCEPCION LINARES,LINARES,3,0,1,1013,10
3310,COLEGIO EVANGELICO ADONAY,LINARES,3,0,1,315,10
3311,ESCUELA LUCILA GODOY,LINARES,3,0,1,610,10
3313,LICEO JUAN DE DIOS PUGA,YERBAS BUENAS,2,0,1,565,10
3314,ESCUELA MAITENCILLO,YERBAS BUENAS,2,1,1,256,10
3315,ESCUELA SILVANO FERNANDEZ,YERBAS BUENAS,2,1,1,169,10
3316,ESCUELA SANTA ANA DE QUERI,YERBAS BUENAS,2,1,1,159,10
3317,LICEO JUAN GOMEZ MILLAS,YERBAS BUENAS,2,1,1,371,10
3318,ESCUELA JORGE SALGADO PICA,YERBAS BUENAS,2,1,1,95,10
3319,ESCUELA ALFREDO NOGUERA PRIETO,VILLA ALEGRE,2,1,1,218,10
3320,ESCUELA BERNARDO OHIGGINS,YERBAS BUENAS,2,1,1,10,110
3321,ESCUELA SANTA ELENA,YERBAS BUENAS,2,1,1,63,10
3322,ESCUELA COIRONAL,YERBAS BUENAS,2,1,1,8,110
3323,ESCUELA LUIS AMBROSIO CONCHA,YERBAS BUENAS,2,1,1,240,10
3325,ESCUELA PARTICULAR ARTURO PRAT,YERBAS BUENAS,3,1,1,124,10
3327,LICEO BICENTENARIO AGRÍCOLA MARTA MARTÍNEZ CRUZ,YERBAS BUENAS,5,0,1,297,510
3328,LICEO CAPITAN IGNACIO CARRERA PINTO,COLBÚN,2,0,1,662,310
3329,ESCUELA MAULE SUR OLGA PINTO GARCIA,COLBÚN,2,1,1,281,10
3330,ESCUELA LA FLORESTA,COLBÚN,2,1,1,152,10
3331,ESCUELA CAPITAN PEDRO HERNAN TRIZANO,COLBÚN,2,1,3,0,0
3332,ESCUELA ANDRES BELLO,COLBÚN,2,1,1,178,10
3333,ESCUELA CARLOS DEL CAMPO RIVERA,COLBÚN,2,1,1,172,10
3334,ESCUELA MONSENOR MANUEL LARRAIN E.,COLBÚN,2,1,1,303,10
3335,ESCUELA PANIMAVIDA,COLBÚN,2,1,1,403,10
3336,ESCUELA RARI,COLBÚN,2,1,1,81,10
3337,ESCUELA AMALIA AMSTRONG DE TORRES,COLBÚN,2,1,1,29,10
3338,ESCUELA KURT MOLLER BOCHERENS,COLBÚN,2,1,1,98,10
3339,ESCUELA CELSA TRINIDAD MARQUEZ RODRIGUEZ,COLBÚN,2,1,3,0,0
3340,ESCUELA LA GUARDIA,COLBÚN,2,1,1,20,110
3341,ESCUELA ALBERTO BLEST GANA,COLBÚN,2,1,3,0,0
3342,ESCUELA RINCON DE PATAGUAS,COLBÚN,2,1,3,0,0
3344,ESCUELA LOS BOLDOS,COLBÚN,2,1,3,0,0
3345,ESCUELA LOMAS DE PUTAGAN,COLBÚN,2,1,1,81,10
3346,ESCUELA SANTA ELENA,COLBÚN,2,1,1,10,110
3347,ESCUELA PARTICULAR MARTA BRUNET,COLBÚN,3,0,1,276,110
3348,LICEO ARTURO ALESSANDRI PALMA,LONGAVÍ,2,0,1,543,165
3349,ESCUELA JUAN DE LA CRUZ DOMINGUEZ G.,LONGAVÍ,2,0,1,389,110
3350,ESC. MARIA RETAMAL ESPINOZA CERRADA,LONGAVÍ,2,0,3,0,0
3351,ESCUELA  CELIA PEREZ BELTRAN,LONGAVÍ,2,1,3,0,0
3352,ESCUELA ANSELMO DEL CARMEN TAPIA LOYOLA,LONGAVÍ,2,1,1,121,10
3353,ESCUELA ROBERTO OPAZO GALVEZ,LONGAVÍ,2,1,1,148,10
3354,ESCUELA ONOFRE VASQUEZ NORAMBUENA,LONGAVÍ,2,1,1,226,10
3355,ESCUELA GABRIELA MISTRAL,LONGAVÍ,2,1,1,145,10
3356,ESCUELA CARDENAL JOSE MARIA CARO,LONGAVÍ,2,1,1,311,10
3358,ESCUELA JOSE MIGUEL CARRERA,LONGAVÍ,2,1,1,138,10
3359,LICEO LAURA URRUTIA BENAVENTE,LONGAVÍ,2,1,1,309,10
3361,ESCUELA FRANCISCO URRUTIA URRUTIA,LONGAVÍ,2,1,1,215,10
3362,ESCUELA GABRIEL BENAVENTE BENAVENTE,LONGAVÍ,2,1,1,308,10
3363,ESCUELA ROBERTO TAPIA ALARCON,LONGAVÍ,2,1,3,0,0
3364,ESCUELA LUIS PEREIRA INIGUEZ,LONGAVÍ,2,1,1,85,10
3365,ESCUELA MARIA AMBROSIA TAPIA MENDEZ,LONGAVÍ,2,1,1,223,10
3366,ESCUELA CARLOS MONTERO JARAMILLO,LONGAVÍ,2,1,1,37,10
3367,ESCUELA DOMINGA CUELLAR IBANEZ,LONGAVÍ,2,1,1,13,110
3368,ESCUELA JUAN SEGUNDO MUNOZ BRIONES,LONGAVÍ,2,1,1,101,10
3369,ESCUELA ROBERTO MUNOZ VALDES,LONGAVÍ,2,1,1,2,110
3370,ESCUELA ESTER CASTRO ENCINA,LONGAVÍ,2,1,3,0,0
3371,ESCUELA PAULA JARAQUEMADA,LONGAVÍ,2,1,1,59,10
3373,ESCUELA EL CARMEN,LONGAVÍ,2,1,1,79,10
3375,ESCUELA CARLOS CONDELL,LONGAVÍ,2,1,1,7,110
3376,ESCUELA MARCELA PAZ,LONGAVÍ,2,1,1,149,10
3377,ESCUELA MANUEL ROZAS ARISTIA,LONGAVÍ,2,1,1,11,110
3378,ESCUELA SOFIA VASQUEZ REBOLLEDO,LONGAVÍ,2,1,1,2,110
3379,ESCUELA EUSEBIO LILLO ROBLES,LONGAVÍ,2,1,3,0,0
3380,ESCUELA ADRIAN PARRA CARES,LONGAVÍ,2,1,3,0,0
3381,ESCUELA ANGEL CRUCHAGA SANTA MARIA,LONGAVÍ,2,1,1,122,10
3382,ESCUELA PEDRO ALESSANDRI VARGAS,LONGAVÍ,2,1,1,212,10
3383,ESCUELA SANTIAGO BUERAS AVARIA,LONGAVÍ,2,1,1,28,110
3384,ESCUELA RAMBERTO CARRERA MARTINEZ,LONGAVÍ,2,1,1,9,110
3385,ESCUELA PARTICULAR NRO 9 LOS CERRILLOS,LONGAVÍ,3,1,3,0,0
3386,ESCUELA PROF.REMIGIO AGURTO FUENTES,PARRAL,2,0,3,0,0
3387,LICEO FEDERICO HEISE MARTI,PARRAL,2,0,1,832,110
3389,ESCUELA SANTIAGO URRUTIA BENAVENTE,PARRAL,2,0,1,190,10
3390,ESCUELA LUIS ARMANDO GOMEZ MUNOZ,PARRAL,2,0,1,303,10
3393,ESCUELA ARRAU MENDEZ,PARRAL,2,0,1,231,10
3395,ESCUELA NIDER ORREGO QUEVEDO,PARRAL,2,0,1,389,10
3396,ESCUELA JUANITA ZUNIGA FUENTES,PARRAL,2,0,1,188,167
3397,ESCUELA MAGDALENA HERNANDEZ BELMAR,PARRAL,2,0,2,0,0
3398,ESCUELA JOSE MATTA CALLEJON,PARRAL,2,0,1,274,10
3399,ESCUELA DAGOBERTO BUSTAMANTE PINCHEIRA,PARRAL,2,1,3,0,0
3400,COLEGIO ALBERTO MOLINA CASTILLO,PARRAL,2,1,1,211,110
3401,ESCUELA EL LIBERTADOR,PARRAL,2,1,1,152,10
3402,ESCUELA FRANCISCO PEREZ LAVIN,PARRAL,2,1,1,142,10
3403,ESCUELA MANUEL MEJIAS MILLAR,PARRAL,2,1,1,0,0
3404,ESCUELA IGNACIO URRUTIA DE LA SOTTA,PARRAL,2,1,1,149,10
3405,ESCUELA ARMANDO GUZMAN MORALES,PARRAL,2,1,1,31,10
3406,ESCUELA CARLOS ZINIGA FUENTES,PARRAL,2,1,1,3,110
3408,ESCUELA FRANCISCO MAUREIRA,PARRAL,2,1,1,77,10
3409,ESCUELA TITINVILO,PARRAL,2,1,3,0,0
3411,ESC.HORACIO VILLABLANCA HERNANDEZ,PARRAL,2,1,3,0,0
3412,ESCUELA FUERTE VIEJO,PARRAL,2,1,3,0,0
3413,ESCUELA VILLA REINA,PARRAL,2,1,1,36,110
3415,ESCUELA PERQUILAUQUEN SANTA MARIA,PARRAL,2,1,1,0,0
3417,ESCUELA SOLANO CASTILLO TAPIA,PARRAL,2,1,2,0,0
3418,ESCUELA RAFAEL RETAMAL LOPEZ,PARRAL,2,1,1,0,0
3419,ESCUELA EL CIENAGO,PARRAL,2,1,1,13,110
3420,ESCUELA UNICAVEN,PARRAL,2,1,1,0,0
3421,ESCUELA JUAN BULNES ALDUNATE,PARRAL,2,1,1,2,110
3423,ESCUELA PANTANILLO,PARRAL,2,1,3,0,0
3425,ESCUELA EMBALSE DIGUA,PARRAL,2,1,3,0,0
3426,ESCUELA JUAN MANUEL MEZA,PARRAL,2,1,2,0,0
3427,ESCUELA LA ORILLA,PARRAL,2,1,3,0,0
3428,ESC. CAMPANACURA CERRADA,PARRAL,2,0,3,0,0
3429,ESCUELA LA FORTUNA,PARRAL,2,1,1,15,110
3430,INSTITUTO PARRAL,PARRAL,3,0,1,556,10
3431,COLEGIO SAN JOSE,PARRAL,3,0,1,962,10
3432,COLEGIO PARTICULAR PROVIDENCIA,PARRAL,3,0,1,1153,10
3433,COLEGIO CONCEPCION DE PARRAL,PARRAL,3,0,1,752,10
3434,LICEO GUILLERMO MARIN LARRAIN,RETIRO,2,0,1,908,110
3435,ESCUELA MANUEL MONTT,RETIRO,2,0,1,402,10
3436,ESCUELA COPIHUE,RETIRO,2,0,1,213,10
3437,ESCUELA RAMON BARROS LUCO,RETIRO,2,1,1,89,110
3439,ESCUELA SAN ISIDRO,RETIRO,2,1,1,39,110
3440,ESCUELA GERTRUDIS ALARCON ARCE,RETIRO,2,1,1,48,110
3442,COLEGIO AJIAL,RETIRO,2,1,1,256,10
3443,COLEGIO ROBINSON CABRERA BELTRAN,RETIRO,2,1,1,375,10
3444,ESCUELA AMANDA BENAVENTE D.,RETIRO,2,1,1,4,110
3445,ESCUELA ROMERAL,RETIRO,2,1,1,94,10
3446,ESCUELA CURIPEUMO,RETIRO,2,1,3,0,0
3447,ESCUELA SANTA ADRIANA,RETIRO,2,1,1,5,110
3448,ESCUELA SANTA ISABEL,RETIRO,2,1,1,69,10
3449,ESCUELA SAN RAMON,RETIRO,2,1,1,19,110
3450,ESCUELA SANTA DELFINA,RETIRO,2,1,1,56,10
3451,ESCUELA SAN NICOLAS,RETIRO,2,1,3,0,0
3452,ESCUELA PATRICIO LARRAIN VALENZUELA,RETIRO,2,1,1,7,110
3453,ESCUELA SANTA CECILIA,RETIRO,2,1,1,23,10
3454,ESCUELA LOS ROBLES,RETIRO,2,1,1,102,10
3456,ESCUELA TALHUENES,RETIRO,2,1,3,0,0
3457,ESCUELA MANTUL,RETIRO,2,1,1,18,110
3458,ESCUELA MARIA IGNACIA MENA MONROY,RETIRO,2,1,1,33,110
3459,ESCUELA LA CAPILLA,RETIRO,2,1,1,52,110
3460,COLEGIO BICENTENARIO POLIVALENTE LAS CAMELIAS,RETIRO,3,1,1,746,10
3461,LICEO FRANCISCO ANTONIO ENCINA ARMANET,VILLA ALEGRE,2,0,1,249,363
3462,ESCUELA TIMOTEO ARAYA ALEGRIA,VILLA ALEGRE,2,0,1,307,10
3463,ESCUELA MALAQUIAS CONCHA ORTIZ,VILLA ALEGRE,2,1,1,41,110
3464,ESCUELA HERNAN LOBOS ARIAS,VILLA ALEGRE,2,1,1,298,10
3465,ESCUELA ALCALDE SERAFIN GUTIERREZ F.,VILLA ALEGRE,2,1,1,163,10
3466,ESCUELA ALCALDE ORLANDO RODRIGUEZ DEL C.,VILLA ALEGRE,2,1,1,130,10
3467,ESCUELA ALCALDE MANUEL SALVADOR DEL C.,VILLA ALEGRE,2,1,1,108,10
3468,ESCUELA ASCENCIO ASTORQUIZA ZABALA,VILLA ALEGRE,2,1,1,73,110
3470,ESCUELA TRINIDAD ALCAINO TAPIA,VILLA ALEGRE,2,1,1,193,10
3471,ESCUELA PROFESOR RAMON LEIVA NARVAEZ,VILLA ALEGRE,2,1,1,194,10
3473,ESC. EUSEBIO SOTOMAYOR BUSTOS CERRADA,VILLA ALEGRE,2,0,3,0,0
3474,ESCUELA PROFESOR LUIS GONZALEZ LEAL,VILLA ALEGRE,2,1,3,0,0
3475,ESCUELA JOSE PALMA FERNANDEZ,VILLA ALEGRE,2,1,1,201,10
3476,ESCUELA ALCALDE ALFREDO ILLANES BENITEZ,VILLA ALEGRE,2,1,3,0,0
3477,ESC. ALCALDE JOSE DOLORES TOLEDO CERRADA,VILLA ALEGRE,2,0,3,0,0
3478,ESCUELA AGRICOLA SAGRADOS CORAZONES,VILLA ALEGRE,3,1,1,149,710
3479,LICEO MANUEL MONTT,SAN JAVIER,2,0,1,1464,310
3480,ESCUELA JOSE MANUEL BALMACEDA,SAN JAVIER,2,0,1,601,10
3481,ESCUELA MANUEL DE SALAS,SAN JAVIER,2,0,1,414,10
3482,ESCUELA JUSTA NARVAEZ,SAN JAVIER,2,0,1,229,10
3483,ESCUELA GERONIMO LAGOS LISBOA,SAN JAVIER,2,0,1,613,10
3484,ESCUELA DE EDUCACION DIFERENCIAL,SAN JAVIER,2,0,1,80,212
3487,ESCUELA  JUAN ANTONIO PANDO,SAN JAVIER,2,0,3,0,0
3488,ESCUELA IRENE MORALES,SAN JAVIER,2,1,1,86,10
3489,ESCUELA JORGE GONZALEZ BASTIAS,SAN JAVIER,2,1,1,111,10
3490,ESCUELA JULIO MONTT SALAMANCA,SAN JAVIER,2,1,1,189,10
3491,ESCUELA JUAN DE DIOS ALDEA,SAN JAVIER,2,1,1,125,10
3492,ESCUELA BERNARDO OHIGGINS,SAN JAVIER,2,1,1,190,10
3494,ESCUELA MANUEL RODRIGUEZ,SAN JAVIER,2,1,1,122,10
3495,ESCUELA PEDRO LAGOS,SAN JAVIER,2,1,1,174,10
3496,ESC. EMILIO AMIGO (CIERRE),SAN JAVIER,2,0,3,0,0
3497,ESCUELA JOSE MIGUEL CARRERA,SAN JAVIER,2,1,1,188,10
3499,ESCUELA AURORA DE CHILE,SAN JAVIER,2,1,3,0,0
3501,ESCUELA DIEGO DE ALMAGRO,SAN JAVIER,2,1,3,0,0
3502,ADELAIDA RIQUELME MESA,SAN JAVIER,2,1,1,20,110
3503,ESCUELA PATRICIO LINCH,SAN JAVIER,2,1,1,0,0
3504,ESCUELA PAULA JARA QUEMADA,SAN JAVIER,2,1,3,0,0
3506,ESCUELA INES DE SUAREZ,SAN JAVIER,2,1,1,16,110
3507,ESC. AMANDA LABARCA CERRADA,SAN JAVIER,2,0,3,0,0
3508,ESCUELA MANUEL FRANCISCO MESA SECO,SAN JAVIER,2,1,3,0,0
3509,ESCUELA ERNESTO RIQUELME,SAN JAVIER,2,1,3,0,0
3511,ESCUELA JUAN MARTINEZ DE ROSAS,SAN JAVIER,2,1,1,0,0
3512,ESCUELA ANDRES BELLO,SAN JAVIER,2,1,3,0,0
3513,ESCUELA IGNACIO SERRANO,SAN JAVIER,2,1,1,0,0
3514,ESC. G-411 CERRADA,SAN JAVIER,2,0,3,0,0
3515,ESCUELA RAMON CARNICER,SAN JAVIER,2,1,1,49,10
3516,FLORENCIO GARCIA CANALES,SAN JAVIER,2,1,3,0,0
3517,ESCUELA CANDELARIA PEREZ,SAN JAVIER,2,1,1,83,110
3518,ESCUELA MARIANO EGANA,SAN JAVIER,2,1,1,10,110
3520,ESCUELA MARIANO LATORRE,SAN JAVIER,2,1,1,19,110
3521,ESCUELA ELEUTERIO RAMIREZ,SAN JAVIER,2,1,3,0,0
3523,ESCUELA CARLOS CONDELL,SAN JAVIER,2,1,1,8,110
3524,ESCUELA MANUEL BULNES,SAN JAVIER,2,1,1,0,0
3525,ESCUELA ARTURO PEREZ CANTO,SAN JAVIER,2,1,3,0,0
3526,ESCUELA AURELIO MEZA RIVERA,SAN JAVIER,2,1,1,12,110
3527,ESCUELA CAMILA MATTA VIAL,SAN JAVIER,2,1,1,5,110
3528,ESCUELA LA CONCEPCION,SAN JAVIER,2,1,1,0,0
3529,ESCUELA SANTIAGO BUERAS,SAN JAVIER,2,1,3,0,0
3530,COLEGIO PARTICULAR SAN JOSE,SAN JAVIER,3,0,1,1138,10
3531,INSTITUTO REGIONAL DEL MAULE,SAN JAVIER,3,0,1,1167,10
3532,COLEGIO PARTICULAR PIAGET,SAN JAVIER,3,0,1,475,10
3533,LICEO SAGRADOS CORAZONES,SAN JAVIER,3,0,1,1209,10
3534,COLEGIO AMANECER,SAN JAVIER,3,0,3,0,0
3535,ESCUELA MARIANO LATORRE,CAUQUENES,2,0,1,228,165
3537,ESCUELA ESPECIAL HORIZONTE,CAUQUENES,2,0,1,86,212
3538,LICEO ANTONIO VARAS,CAUQUENES,2,0,1,1108,10
3539,LICEO CLAUDINA URRUTIA DE LAVIN,CAUQUENES,2,0,1,820,110
3540,LICEO POLITECNICO PEDRO AGUIRRE CERDA,CAUQUENES,2,0,1,585,410
3541,ESCUELA ANIBAL PINTO,CAUQUENES,2,0,1,494,10
3542,ESCUELA DR.FRANCISCO MEZA FERNANDEZ,CAUQUENES,2,0,2,0,0
3544,COLEGIO BLANCO ENCALADA,CAUQUENES,2,0,1,308,10
3545,ESCUELA ARTISTICA BARRIO ESTACION,CAUQUENES,2,0,1,372,10
3546,ESCUELA INDEPENDENCIA,CAUQUENES,2,0,1,437,10
3548,ESCUELA ECOLOGICA ROSITA OHIGGINS,CAUQUENES,2,0,1,148,10
3549,ESCUELA PORONGO,CAUQUENES,2,0,1,411,10
3550,ESCUELA PURISIMA CONCEPCION DE POCILLAS,CAUQUENES,2,1,1,39,110
3551,ESCUELA LOS CONQUISTADORES,CAUQUENES,2,0,1,186,10
3552,ESCUELA ADOLFO QUIROZ HERNANDEZ,CAUQUENES,2,1,1,145,10
3554,ESCUELA CLORINDO ALVEAR,CAUQUENES,2,1,1,95,10
3555,ESCUELA OCTAVIO PALMA PEREZ,CAUQUENES,2,1,1,66,10
3559,ESCUELA IVAN ALEJANDRO DE LA CUADRA,CAUQUENES,2,1,1,0,0
3562,ESC. G-658 CERRADA,CAUQUENES,2,0,3,0,0
3564,ESCUELA HECTOR SILVESTRE PAIVA MANRIQUEZ,CAUQUENES,2,1,1,11,110
3566,ESCUELA CARLOS RODRIGUEZ URRUTIA,CAUQUENES,2,1,3,0,0
3568,ESCUELA GUSTAVO ILUFI ILUFI,CAUQUENES,2,1,3,0,0
3569,ESCUELA JAVIERA CARRERA,CAUQUENES,2,1,1,27,10
3571,ESCUELA CAPELLANIA,CAUQUENES,2,1,3,0,0
3573,ESCUELA PEDRO DE VALDIVIA,CAUQUENES,2,1,1,32,10
3574,ESCUELA TEGUALDA LEON,CAUQUENES,2,1,3,0,0
3575,ESCUELA TUTUVEN,CAUQUENES,2,1,3,0,0
3576,ESCUELA HUALVE,CAUQUENES,2,1,3,0,0
3577,ESCUELA SAN ESTEBAN,CAUQUENES,2,1,3,0,0
3578,ESCUELA CANCHA ALEGRE,CAUQUENES,2,1,3,0,0
3579,ESCUELA JOSÉ DOLORES MUÑOZ LABRA,CAUQUENES,2,1,1,9,110
3580,ESCUELA PEDERNALES,CAUQUENES,2,1,1,22,110
3581,ESCUELA MIXTA SAN FRANCISCO,CAUQUENES,2,1,3,0,0
3582,ESCUELA PADRE HURTADO,CAUQUENES,2,1,3,0,0
3583,ESCUELA MARIA GONZALEZ VERA,CAUQUENES,2,1,1,2,110
3585,ESCUELA TABOLGUEN,CAUQUENES,2,1,3,0,0
3586,ESCUELA CHORRILLOS,CAUQUENES,2,1,1,9,110
3587,ESCUELA LONCUALHUE,CAUQUENES,2,1,3,0,0
3588,ESCUELA ESTER URRUTIA DE RUIZ,CAUQUENES,2,1,1,8,110
3594,ESCUELA MARIA RUIZ MARTINEZ,CAUQUENES,2,1,3,0,0
3596,ESCUELA LA CAPILLA DE PILEN ALTO,CAUQUENES,2,1,1,4,110
3599,ESCUELA MIXTA ATENEA,CAUQUENES,2,1,1,9,110
3600,ESCUELA CHACRA DE TRES PESOS,CAUQUENES,2,1,3,0,0
3601,ESCUELA LA PATAGUA,CAUQUENES,2,1,1,4,110
3602,ESCUELA EL TROZO,CAUQUENES,2,1,1,22,110
3604,ESCUELA CABRERIA,CAUQUENES,2,1,1,4,110
3605,ESCUELA RAFAEL SOTOMAYOR GAETE,CAUQUENES,2,1,3,0,0
3607,ESCUELA SANTA ADRIANA,CAUQUENES,3,0,3,0,0
3608,LICEO INMACULADA CONCEPCION,CAUQUENES,3,0,1,1082,10
3609,LICEO PELLUHUE,PELLUHUE,2,0,1,967,10
3610,ESCUELA GLADYS CANALES PAREDES,PELLUHUE,2,0,1,372,10
3611,ESCUELA BLANCA BUSTOS CASTILLO,PELLUHUE,2,1,1,230,10
3612,ESCUELA SAN ALFONSO CANELILLO,PELLUHUE,2,1,1,4,110
3613,ESCUELA LAS POCILLAS,PELLUHUE,2,1,3,0,0
3614,ESCUELA JOSE RIVAS HERNANDEZ,PELLUHUE,2,1,1,22,110
3615,ESCUELA ESCRITORA MARCELA PAZ,PELLUHUE,2,1,1,9,110
3616,ESCUELA BENITO MANCILLA PEREZ,PELLUHUE,2,1,1,19,10
3618,LICEO FEDERICO ALBERT FAUPP,CHANCO,2,0,1,312,310
3619,ESCUELA LOS HEROES,CHANCO,2,0,1,327,10
3621,ESCUELA SAN AMBROSIO,CHANCO,2,0,1,332,10
3622,ESCUELA PAHUIL,CHANCO,2,1,1,193,10
3623,ESCUELA CARRERAS CORTAS,CHANCO,2,1,1,65,10
3624,ESCUELA LOS PEUMOS,CHANCO,2,1,1,16,110
3625,ESCUELA GABRIELA MISTRAL,CHANCO,2,1,1,34,110
3626,ESCUELA RELOCA,CHANCO,2,1,1,3,110
3627,ESCUELA POLHUIN,CHANCO,2,1,2,0,0
3628,ESCUELA TEJERIAS,CHANCO,2,1,2,0,0
3629,ESCUELA EL SAUCE,CHANCO,2,1,1,3,110
3630,ESCUELA RICARDO SALGADO,CHANCO,2,1,1,21,110
3631,ESCUELA EMA VASQUEZ GUTIERREZ,CHANCO,2,1,1,19,110
3632,ESCUELA ANTONIETA LEON VERDUGO,CHANCO,2,1,1,8,110
3633,ESCUELA QUINIPATO,CHANCO,2,1,1,5,110
3635,ESCUELA SANTA ROSA,CHANCO,2,1,2,0,0
3636,ESCUELA LOANCO,CHANCO,2,1,1,21,10
3637,ESCUELA EL PORVENIR,CHANCO,2,1,2,0,0
3638,LICEO BICENTENARIO MARTA BRUNET CÁRAVES,CHILLÁN,2,0,1,824,110
3639,LICEO NARCISO TONDREAU,CHILLÁN,2,0,1,755,10
3640,INSTITUTO SUPERIOR DE COMERCIO PROFESOR FERNANDO PÉREZ BECERRA,CHILLÁN,5,0,1,745,310
3641,INSTITUTO INDUSTRIAL SUPERIOR DE CHILLÁN,CHILLÁN,5,0,1,414,510
3642,INSTITUTO TÉCNICO MABEL CONDEMARÍN GRIMBERG,CHILLÁN,5,0,1,397,310
3643,LICEO MARTIN RUIZ DE GAMBOA,CHILLÁN,2,0,1,98,299
3644,ESCUELA NUEVA ESPERANZA,CHILLÁN,2,0,1,182,165
3645,LICEO VIDA NUEVA,CHILLÁN,2,0,1,144,167
3646,ESCUELA HOGAR SARA HURTADO GARCIA,CHILLÁN,2,0,3,0,0
3647,ESCUELA HOGAR REPUBLICA DEL BRASIL,CHILLÁN,2,0,3,0,0
3649,ESCUELA ESPECIAL LAS ACACIAS,CHILLÁN,2,0,1,89,212
3650,ESCUELA PARVULARIA FEDERICO FROEBEL,CHILLÁN,2,0,1,0,0
3652,ESCUELA CULTURA Y DIFUSION ARTISTICA,CHILLÁN,2,0,3,0,0
3653,ESCUELA BASICA DIEGO BARROS ARANA,CHILLÁN,2,0,3,0,0
3654,ESCUELA BASICA LOS HEROES,CHILLÁN,2,0,3,0,0
3655,ESCUELA ESTADOS UNIDOS DE AMERICA,CHILLÁN,2,0,3,0,0
3656,LICEO POLIVALENTE JUAN PACHECO ALTAMIRANO,CHILLÁN VIEJO,2,0,1,404,10
3657,LICEO LIBERTADOR BERNARDO O´HIGGINS RIQUELME,CHILLÁN,2,0,1,327,10
3658,ESCUELA REPUBLICA DE ISRAEL,CHILLÁN,2,0,3,0,0
3659,ESCUELA ARTURO MERINO BENITEZ,CHILLÁN,2,0,1,225,10
3660,ESCUELA GABRIELA MISTRAL,CHILLÁN,2,0,1,98,10
3661,ESCUELA JAVIERA CARRERA VERDUGO,CHILLÁN,2,0,2,0,0
3662,LICEO REPÚBLICA DE ITALIA ARTURO BONOMETTI BROGI,CHILLÁN,2,0,1,633,10
3663,ESCUELA REPUBLICA DE MEXICO,CHILLÁN,2,0,1,801,10
3664,ESCUELA BASICA EL TEJAR,CHILLÁN,2,0,1,139,10
3666,ESCUELA MARIA AMALIA SAAVEDRA MARTINEZ,CHILLÁN,2,0,1,109,10
3667,ESCUELA BASICA LA CASTILLA,CHILLÁN,2,0,1,94,10
3668,ESCUELA PALESTINA,CHILLÁN,2,0,1,203,10
3669,ESCUELA BÁSICA ROSITA O´HIGGINS RIQUELME,CHILLÁN,2,0,1,201,10
3670,ESCUELA BASICA REYES DE ESPANA,CHILLÁN,2,0,1,488,10
3671,ESCUELA BASICA JUAN MADRID AZOLA,CHILLÁN,2,0,1,301,10
3672,ESC. BASICA ARTURO MUTIZABAL SOTOMAYOR,CHILLÁN,2,0,1,178,10
3673,ESCUELA BASICA QUILAMAPU,CHILLÁN,2,0,1,130,10
3674,ESCUELA REPUBLICA DE PORTUGAL,CHILLÁN,2,0,3,0,0
3675,ESCUELA BASICA JOSE MARIA CARO RODRIGUEZ,CHILLÁN,2,0,1,171,10
3676,,CHILLÁN,2,0,3,0,0
3677,ESCUELA BASICA LAS CANOAS,CHILLÁN,2,0,1,198,10
3678,ESCUELA 27 DE ABRIL,CHILLÁN,2,1,1,113,10
3680,ESCUELA LA ESTANCIA,CHILLÁN,2,1,3,0,0
3681,ESCUELA BASICA CAPILLA COX,CHILLÁN,2,1,1,121,10
3683,ESCUELA BASICA RUCAPEQUEN,CHILLÁN VIEJO,2,1,1,157,10
3684,ESCUELA BASICA SANTA CRUZ DE CUCA,CHILLÁN,2,1,2,0,0
3685,ESCUELA BASICA QUINCHAMALI,CHILLÁN,2,1,1,202,10
3686,ESCUELA BASICA NEBUCO,CHILLÁN VIEJO,2,1,1,115,10
3687,ESCUELA BASICA EL PEUMO,SAN NICOLÁS,2,1,1,44,10
3688,ESCUELA BASICA CURICA,SAN NICOLÁS,2,1,2,0,0
3689,ESCUELA BASICA CASERIO LINARES,CHILLÁN,2,1,3,0,0
3690,ESCUELA BASICA NUBLE ALTO,CHILLÁN,2,1,2,0,0
3691,ESCUELA PAUL HARRIS,CHILLÁN,2,1,1,42,10
3692,ESCUELA BASICA LAS COLES,CHILLÁN,2,1,3,0,0
3693,LOMA BLANCA,CHILLÁN,2,0,3,0,0
3694,ESCUELA BASICA LLOLLINCO,CHILLÁN VIEJO,2,1,1,14,110
3695,ESCUELA BASICA ORO VERDE,CHILLÁN,2,1,2,0,0
3697,ESCUELA BASICA CONFLUENCIA,CHILLÁN,2,1,1,27,10
3698,ESCUELA BASICA QUILMO,CHILLÁN VIEJO,2,1,1,73,110
3699,ESCUELA BASICA RINCONADA DE CATO,CHILLÁN,2,1,3,0,0
3700,ESCUELA BASICA MALLOA,CHILLÁN,2,1,2,0,0
3702,MARIA BERROCAL GOMEZ,CHILLÁN,2,0,3,0,0
3703,ESCUELA ANTONIO MACHADO,CHILLÁN,2,1,1,92,10
3704,ESCUELA BASICA COLLIGUAY,CHILLÁN,2,1,1,36,10
3705,ESCUELA BASICA BOVEN,CHILLÁN,2,1,3,0,0
3706,LLUANCO,CHILLÁN,2,0,3,0,0
3707,ESCUELA LOS JARDINES DE LAUTARO,CHILLÁN,2,1,1,97,10
3708,ESCUELA BASICA LUCUMAVIDA,SAN NICOLÁS,2,1,3,0,0
3709,ESCUELA BASICA LOS COLIGUES,CHILLÁN VIEJO,2,1,1,38,10
3710,ESCUELA BASICA PUENTE EL ALA,SAN NICOLÁS,2,1,1,45,10
3711,COLEGIO DE LA PURISIMA CONCEPCION,CHILLÁN,3,0,1,978,10
3712,MARIA AUXILIADORA,CHILLÁN,3,0,3,0,0
3713,COLEGIO SEMINARIO PADRE ALBERTO HURTADO,CHILLÁN,3,0,1,2138,10
3714,ESCUELA PARTICULAR ADVENTISTA,CHILLÁN,3,0,1,590,110
3716,COLEGIO SANTA ISABEL CHILLÁN,CHILLÁN,3,0,1,177,10
3717,ESCUELA PARTICULAR HISPANO AMERICANO,CHILLÁN,3,0,1,753,10
3718,INSTITUTO SANTA MARIA,CHILLÁN,3,0,1,1579,10
3719,COLEGIO COYAM,CHILLÁN,3,0,1,609,10
3720,DEUTSCHE SCHULE CHILLAN,CHILLÁN,4,0,1,753,10
3722,CENTRO EDUC.INTEGRAL SAGRADA FAMILIA,CHILLÁN,3,0,3,0,0
3723,COLEGIO DARIO SALAS,CHILLÁN,3,0,1,780,10
3724,COLEGIO SAN VICENTE DE PAUL,CHILLÁN,3,0,1,1004,110
3725,ESCUELA ESPECIAL DIFERENCIAL AVANZANDO JUNTOS,CHILLÁN,3,0,1,98,212
3726,COLEGIO CRISTIANO HOREB,CHILLÁN VIEJO,3,0,1,307,10
3727,ESCUELA BASICA DIFERENCIAL EL ROBLE,CHILLÁN,3,0,1,0,0
3728,COLEGIO SAN BUENAVENTURA,CHILLÁN,3,0,1,699,10
3730,COLEGIO SAGRADO CORAZÓN DE JESÚS,CHILLÁN,3,0,1,537,10
3731,COLEGIO SAN VALENTIN,CHILLÁN VIEJO,3,0,1,234,110
3733,COLEGIO GABRIELA MISTRAL,CHILLÁN,3,0,1,331,110
3734,COLEGIO COMEWEALTH SCHOOL,CHILLÁN,3,0,3,0,0
3735,COLEGIO CHILLAN,CHILLÁN,3,0,1,796,10
3736,COLEGIO CONCEPCION DE CHILLAN,CHILLÁN,4,0,3,0,0
3737,INSTITUTO EDUCACION RURAL NUBLE,CHILLÁN,3,0,3,0,0
3738,LICEO TÉCNICO PROFESIONAL SAN RAFAEL DE CHILLÁN,CHILLÁN,3,1,1,0,0
3739,LICEO BICENTENARIO DE EXCELENCIA AGRÍCOLA DE CHILLÁN - CATO,CHILLÁN,5,0,1,290,510
3740,ESCUELA GENERAL DOMINGO URRUTIA,SAN CARLOS,6,0,1,172,10
3741,CENTRO EDUCACIÓN INTEGRAL ADULTOS CLAUDIO MATTE PÉREZ,SAN CARLOS,6,0,1,98,167
3742,LICEO POLITECNICO CAP. IGNACIO CARRERA P,SAN CARLOS,6,0,1,715,299
3743,LICEO BICENTENARIO DE EXCELENCIA DIEGO PORTALES PALAZUELOS,SAN CARLOS,6,0,1,637,10
3744,ESCUELA GENERAL JOSÉ MIGUEL CARRERA VERDUGO,SAN CARLOS,6,0,1,198,10
3745,ESCUELA GENERAL SOFANOR PARRA HERMOSILLA,SAN CARLOS,6,0,1,195,10
3747,ESCUELA FRANCISCO MOYA CLEMENT,SAN CARLOS,6,0,1,42,165
3748,ESCUELA ESPECIAL RENACER,SAN CARLOS,6,0,1,94,212
3749,ESCUELA JOAQUIN DEL PINO ROZAS Y NEGRETE,SAN CARLOS,6,0,1,137,10
3750,ESCUELA LLAHUIMAVIDA,SAN CARLOS,6,0,3,0,0
3751,ESCUELA TORRECILLAS,SAN CARLOS,6,1,2,0,0
3752,ESCUELA SANTA LAURA,SAN CARLOS,6,1,3,0,0
3753,ESCUELA EL OBELISCO,SAN CARLOS,6,1,2,0,0
3754,ESCUELA BULI,SAN CARLOS,6,1,1,43,10
3755,ESCUELA NINQUIHUE,SAN CARLOS,6,1,1,178,10
3756,ESCUELA QUILLAHUA,SAN CARLOS,6,1,3,0,0
3757,ESCUELA AGUA BUENA,SAN CARLOS,6,1,1,17,10
3758,ESCUELA EL CARBON,SAN CARLOS,6,1,1,96,10
3759,ESCUELA CACHAPOAL,SAN CARLOS,6,1,1,88,10
3760,ESCUELA RIBERA DE NUBLE,SAN CARLOS,6,1,1,129,10
3761,ESCUELA LOS GUINDOS,SAN CARLOS,6,1,3,0,0
3762,ESCUELA MONTE BLANCO,SAN CARLOS,6,1,1,183,10
3764,ESCUELA GAONA,SAN CARLOS,6,1,3,0,0
3765,ESCUELA LAS DUMAS,SAN CARLOS,6,1,3,0,0
3766,ESCUELA QUINQUEHUA,SAN CARLOS,6,1,1,4,110
3767,ESCUELA TOQUIHUA,SAN CARLOS,6,1,2,0,0
3768,ESCUELA LAS ARBOLEDAS,SAN CARLOS,6,1,1,210,10
3769,ESCUELA VERQUICO,SAN CARLOS,6,1,2,0,0
3770,ESCUELA MUTICURA,SAN CARLOS,6,1,2,0,0
3771,EL ESTANQUE,SAN CARLOS,6,0,3,0,0
3772,,SAN CARLOS,6,0,3,0,0
3773,EL ROSARIO,SAN CARLOS,6,0,3,0,0
3774,ESCUELA MATUPIN,SAN CARLOS,6,1,3,0,0
3775,ESCUELA CAPE,SAN CARLOS,6,1,2,0,0
3776,ESCUELA QUILELTO,SAN CARLOS,6,1,1,10,110
3778,ESCUELA CULENCO,SAN CARLOS,6,1,2,0,0
3779,ESCUELA CUADRAPANGUE,SAN CARLOS,6,1,3,0,0
3781,ESCUELA MILLAUQUEN,SAN CARLOS,6,1,1,29,110
3782,ESCUELA MANUEL ANTONIO CASTILLO VELASCO,SAN CARLOS,6,1,1,177,10
3783,ESCUELAS LAS JUNTAS,SAN CARLOS,6,1,1,12,110
3784,ESCUELA JUNQUILLO,SAN CARLOS,6,1,1,73,10
3785,ESCUELA TRES ESQUINAS,SAN CARLOS,6,1,1,21,10
3786,ESCUELA EL SAUCE,SAN CARLOS,6,1,1,138,10
3787,ESCUELA QUIHUA,SAN CARLOS,6,1,2,0,0
3788,ESCUELA CHICALINDO,SAN CARLOS,6,1,2,0,0
3789,ESCUELA SANTA ROSA,SAN CARLOS,6,1,3,0,0
3790,ESCUELA LAS GARZAS,SAN CARLOS,6,1,2,0,0
3791,ESCUELA EL TORREON,SAN CARLOS,6,1,1,4,110
3792,ESCUELA HUAIPEMO,SAN CARLOS,6,1,3,0,0
3793,ESCUELA SAN MIGUEL DE ABLEMO,SAN CARLOS,6,1,2,0,0
3795,INSTITUTO SANTA MARIA DE SAN CARLOS,SAN CARLOS,3,0,1,999,10
3796,LICEO BICENTENARIO POLIVALENTE NUESTRA SEÑORA DE LA MERCED,SAN CARLOS,3,0,1,1249,10
3797,COLEGIO SAGRADO CORAZON DE JESUS,SAN CARLOS,3,0,1,1294,10
3798,ESCUELA SAN JORGE DE NIQUEN,ÑIQUÉN,6,1,1,161,10
3799,ESCUELA CHACAY,ÑIQUÉN,6,1,1,229,10
3800,LICEO TIUQUILEMU,ÑIQUÉN,6,1,1,209,10
3801,ESCUELA NIQUEN,ÑIQUÉN,6,1,1,118,10
3802,LICEO SAN GREGORIO,ÑIQUÉN,6,0,1,516,10
3803,ESCUELA HUENUTIL DE LA CABRERIA,ÑIQUÉN,6,1,3,0,0
3804,ESCUELA ZEMITA,ÑIQUÉN,6,1,1,64,10
3805,ESCUELA COMILLAUN,ÑIQUÉN,6,1,3,0,0
3806,ESCUELA LOS MAITENES,ÑIQUÉN,6,1,3,0,0
3807,ESCUELA BELEN,ÑIQUÉN,6,1,1,0,0
3808,ESCUELA LA GLORIA,ÑIQUÉN,6,1,1,0,0
3809,ESCUELA LAS MIRAS,ÑIQUÉN,6,1,2,0,0
3810,SAN ROQUE,ÑIQUÉN,6,0,3,0,0
3811,,ÑIQUÉN,6,0,3,0,0
3812,ESCUELA EL TRANQUE,ÑIQUÉN,6,1,3,0,0
3814,ESCUELA LAS ROSAS,ÑIQUÉN,6,1,1,0,0
3815,ESCUELA PUERTAS DE VIRGUIN,ÑIQUÉN,6,1,1,120,10
3816,ESCUELA INTERNADO,ÑIQUÉN,6,1,3,0,0
3817,ESCUELA VIRGUIN,ÑIQUÉN,6,1,3,0,0
3818,ESCUELA COLVINDO,ÑIQUÉN,6,1,1,17,10
3819,ESCUELA OTINGUE,ÑIQUÉN,6,1,3,0,0
3820,ESCUELA BULI-CASERIO,ÑIQUÉN,6,1,1,58,10
3821,ESCUELA LA TORRE DE CANCHIUQUE,ÑIQUÉN,6,1,3,0,0
3822,ESCUELA LAS ENCINAS,ÑIQUÉN,6,1,3,0,0
3823,LICEO BICENTENARIO POLIVALENTE JORGE ALESSANDRI RODRIGUEZ,SAN FABIÁN,6,0,1,724,10
3824,EL RELBUN,SAN FABIÁN,6,0,3,0,0
3825,ESCUELA BASICA EL PALO,SAN FABIÁN,6,1,3,0,0
3826,ESCUELA BASICA MAITENAL,SAN FABIÁN,6,1,3,0,0
3828,ESCUELA BASICA LOS COIGUES,SAN FABIÁN,6,1,1,11,110
3829,ESCUELA BÁSICA JOSÉ ANDRES LEIVA LEIVA,SAN FABIÁN,6,1,1,25,110
3831,ESCUELA BASICA PASO ANCHO,SAN FABIÁN,6,1,1,176,10
3832,ESCUELA BASICA FABIAN DE LA FUENTE,SAN FABIÁN,6,1,1,8,110
3833,ESCUELA BASICA TRABUNCURA,SAN FABIÁN,6,1,1,30,110
3834,PICHIRRICON,SAN FABIÁN,6,0,3,0,0
3835,ESCUELA BRITANICA GUILLERMINA DRAKE WOOD,COIHUECO,6,0,1,498,10
3836,ESCUELA DOMITILA URREJOLA MENCHACA,COIHUECO,6,1,1,179,10
3837,ESCUELA ENRIQUE GRAF REYES,COIHUECO,6,1,1,29,110
3838,ESCUELA BASICA TANILVORO,COIHUECO,6,1,1,67,10
3839,ESCUELA TALQUIPEN,COIHUECO,6,1,1,216,10
3840,ESCUELA BASICA NIBLINTO,COIHUECO,6,1,1,100,10
3841,ESCUELA GUARDIA MARINA ERNESTO RIQUELME,COIHUECO,6,1,1,125,10
3842,ESCUELA HEROES DE IQUIQUE,COIHUECO,6,1,1,176,10
3843,ESCUELA PORVENIR DE CATO,COIHUECO,6,1,1,306,10
3845,ESCUELA MANUEL MONTT,COIHUECO,6,1,1,0,0
3846,ESCUELA BÁSICA EMBALSE COIHUECO,COIHUECO,6,1,1,19,110
3847,ESCUELA ARTURO PEREZ CANTO,COIHUECO,6,1,3,0,0
3848,INES DE SUAREZ,COIHUECO,6,0,3,0,0
3849,ESCUELA CAMILO HENRIQUEZ,CHILLÁN,2,1,1,86,10
3850,ESCUELA JUAN JOSE SAN MARTIN,COIHUECO,6,1,1,0,0
3851,ESCUELA HERNÁN MERINO CORREA,COIHUECO,6,1,1,1,110
3852,ESCUELA ANIBAL PINTO,COIHUECO,6,1,1,12,110
3853,ESCUELA JULIO MONTT SALAMANCA,COIHUECO,6,1,1,4,110
3854,ESCUELA CANCHA RAYADA,COIHUECO,6,1,1,7,110
3855,ESCUELA GENERAL PEDRO LAGOS MARCHANT,COIHUECO,6,1,1,144,10
3856,ESCUELA MANUEL MATUS HERMOSILLA,COIHUECO,6,1,1,177,10
3857,ESCUELA BENJAMIN VICUNA MACKENNA,COIHUECO,6,1,1,19,110
3859,ESCUELA SAN ANTONIO DE FRUTILLARES,COIHUECO,6,1,1,12,110
3860,ESCUELA ELEUTERIO RAMIREZ M.,COIHUECO,6,1,3,0,0
3862,ESCUELA JUAN DE DIOS ALDEA,COIHUECO,6,1,1,0,0
3863,ESCUELA JOSE JOAQUIN PRIETO,COIHUECO,6,1,2,0,0
3864,ESCUELA JOSE GASPAR MARIN,COIHUECO,6,1,3,0,0
3865,COLEGIO ADVENTISTA DE CHILE,CHILLÁN,3,1,1,695,310
3866,ESCUELA PARTICULAR LAS MARIPOSAS,CHILLÁN,3,1,1,434,10
3867,ESCUELA PARTIC.LOS ALTOS DE MIRAFLORES,COIHUECO,3,1,1,55,110
3868,EL PROGRESO,COIHUECO,3,0,3,0,0
3869,ESCUELA AGROECOLÓGICAS LAS ISLAS,COIHUECO,3,1,1,12,110
3870,ESCUELA PARTICULAR AMANECER,COIHUECO,3,1,1,2,110
3871,LICEO BICENTENARIO POLITÉCNICO JOSÉ MANUEL PINTO ARIAS,PINTO,6,0,1,404,310
3872,ESCUELA JOSE TOHA SOLDEVILLA,PINTO,6,1,1,239,10
3874,ESCUELA JAVIER JARPA SOTOMAYOR,PINTO,6,1,1,62,10
3876,ESCUELA HECTOR MANUEL ARIAS CORTES,PINTO,6,1,1,23,10
3877,ESCUELA SANTA EDUVIGES,PINTO,6,1,1,22,110
3878,ESCUELA SAN HUGO,PINTO,6,1,3,0,0
3879,ESCUELA PASO DEL SOLDADO,PINTO,6,1,3,0,0
3880,ESCUELA LA MONTANA,PINTO,6,1,3,0,0
3881,ESCUELA PUERTA DEL SOL,PINTO,6,1,3,0,0
3882,ESCUELA NIDO DE GOLONDRINAS,PINTO,6,1,1,9,110
3883,ESCUELA BASICA JUAN JORGE,PINTO,6,1,1,75,10
3884,ESCUELA SAN ALFONSO,PINTO,6,1,1,11,110
3885,COLEGIO FRANCISCO DE ASIS,PINTO,3,0,1,652,10
3886,LICEO BICENTENARIO MANUEL JESUS ORTIZ,SAN IGNACIO,2,0,1,421,10
3887,LICEO BICENTENARIO DE EXCELENCIA PUEBLO SECO,SAN IGNACIO,2,1,1,268,110
3888,COLEGIO BICENTENARIO DE EXCELENCIA POLITECNICO VICTOR JARA,SAN IGNACIO,2,1,1,291,10
3890,ESCUELA MARÍA LUISA ESPINOZA RUIZ,SAN IGNACIO,2,1,1,90,10
3891,ESCUELA LAS QUILAS,SAN IGNACIO,2,1,1,45,10
3893,ESCUELA SAN BERNARDO,SAN IGNACIO,2,1,3,0,0
3894,ESCUELA SANTA MARIA,SAN IGNACIO,2,1,1,11,110
3895,COLTON MEDIO,SAN IGNACIO,2,0,3,0,0
3896,ESCUELA MONTANA GARAY,SAN IGNACIO,2,1,3,0,0
3897,ESCUELA CALLE ALEGRE,SAN IGNACIO,2,1,1,23,10
3898,ESCUELA SANTA JUANA,SAN IGNACIO,2,1,1,8,110
3899,ESCUELA COLTON VARIANTE,SAN IGNACIO,2,1,1,52,10
3900,ESCUELA JOSÉ HUMBERTO BARRERA BARRERA,SAN IGNACIO,2,1,1,0,0
3901,ESCUELA LA ERMITA DE DIGUILLIN,SAN IGNACIO,2,1,2,0,0
3902,ESCUELA ZAPALLAR,SAN IGNACIO,2,1,3,0,0
3903,ESCUELA MAYULERMO,SAN IGNACIO,2,1,1,42,10
3904,ESCUELA LOURDES,SAN IGNACIO,2,1,1,4,110
3905,ESCUELA LARQUI CHICO,SAN IGNACIO,2,1,3,0,0
3906,ESCUELA SELVA NEGRA,SAN IGNACIO,2,1,1,49,10
3907,COLEGIO BICENTENARIO MARY WARD,SAN IGNACIO,3,0,1,844,10
3909,LICEO BICENTENARIO DE EXCELENCIA POLIVALENTE JUVENAL HERNÁNDEZ JAQUE,EL CARMEN,2,0,1,808,299
3910,ESCUELA VIRGEN DEL CARMEN,EL CARMEN,2,0,1,859,10
3912,ESCUELA DEL CARMEN SAN MARTÍN OTÁROLA,EL CARMEN,2,1,1,57,10
3913,ESCUELA NAVIDAD-TREHUALEMU,EL CARMEN,2,1,1,101,10
3914,ESCUELA BERNARDINO MUNOZ GONZALEZ,EL CARMEN,2,1,1,55,10
3915,ESCUELA EL BOSQUE,EL CARMEN,2,1,3,0,0
3916,ESCUELA CAPILLA NORTE,EL CARMEN,2,1,1,32,110
3917,ESCUELA VALLE DE ATACALCO,EL CARMEN,2,1,1,4,110
3918,ESCUELA LUIS TEODORO ORTEGA OYARCE,EL CARMEN,2,1,1,20,110
3919,ESCUELA TREHUALEMU ORIENTE,EL CARMEN,2,1,3,0,0
3920,ESCUELA SAN RICAEL,EL CARMEN,2,1,1,8,110
3921,ESCUELA LAS HORMIGAS,EL CARMEN,2,1,1,11,110
3922,ESCUELA MATA REDONDA,EL CARMEN,2,1,1,44,10
3923,ESCUELA CASTANAL,EL CARMEN,2,1,3,0,0
3924,ESCUELA VERGARA,EL CARMEN,2,1,1,6,110
3926,ESCUELA SAN JOSE SUR,EL CARMEN,2,1,1,7,110
3927,ESCUELA CHAMIZAL,EL CARMEN,2,1,1,1,110
3928,ESCUELA RINCONADA DEL DIGUILLIN,EL CARMEN,2,1,3,0,0
3929,ESCUELA LOS ALPES,EL CARMEN,2,1,3,0,0
3930,ESCUELA HUEMUL,EL CARMEN,2,1,2,0,0
3931,ESCUELA CARDEMIO FRANCO GUTIERREZ,EL CARMEN,2,1,2,0,0
3932,ESCUELA MAIPO,EL CARMEN,2,1,1,5,110
3933,ESCUELA LOMA BLANCA,EL CARMEN,2,1,2,0,0
3934,ESCUELA SAN ISIDRO,EL CARMEN,2,1,1,8,110
3935,ESCUELA DE SAN VICENTE ALTO,EL CARMEN,2,1,1,55,10
3936,ESCUELA TEMUCUTILLO,EL CARMEN,2,1,2,0,0
3937,ESCUELA BALSA ZAPALLAR,EL CARMEN,2,1,1,7,110
3938,ESCUELA BÁSICA ADULTOS YUNGAY,YUNGAY,2,0,1,46,165
3940,LICEO DE YUNGAY,YUNGAY,2,0,1,572,299
3941,LICEO CAMPANARIO,YUNGAY,2,0,1,395,10
3943,CHOLGUAN,YUNGAY,2,0,3,0,0
3944,ESCUELA EL AVELLANO,YUNGAY,2,1,1,0,0
3945,ESCUELA LOS PUQUIOS,YUNGAY,2,1,1,0,0
3947,ESCUELA PANGAL DEL LAJA,YUNGAY,2,1,1,5,110
3948,ESCUELA SAN MIGUEL DE ITATA,YUNGAY,2,1,1,46,110
3949,ESCUELA EL ROBLE,YUNGAY,2,1,1,9,110
3950,ESCUELA SANTA LUCIA ALTO,YUNGAY,2,1,2,0,0
3951,ESCUELA SANTA LUCIA BAJO,YUNGAY,2,1,3,0,0
3952,ESCUELA SANTA IRMA,YUNGAY,2,1,1,0,0
3953,ESCUELA L.GRAL.BERNARDO O'HIGGINS,YUNGAY,2,1,3,0,0
3954,ESCUELA EL CASTILLO,YUNGAY,2,1,2,0,0
3955,ESCUELA BASICA RANCHILLOS,YUNGAY,2,1,1,89,10
3957,ESCUELA LOS MAYOS,YUNGAY,2,1,1,108,10
3958,ESCUELA LOS LAURELES,YUNGAY,2,1,1,0,0
3959,ESCUELA PALLAHUALA,YUNGAY,2,1,1,4,110
3960,COLEGIO DIVINA PASTORA,YUNGAY,3,0,1,582,10
3961,LICEO POLIVALENTE TOMÁS ARNALDO HERRERA VEGA,PEMUCO,2,0,1,257,310
3962,ESCUELA BASICA EL CIPRES,PEMUCO,2,1,1,1,110
3963,ESCUELA BASICA VILLA SAN PABLO,PEMUCO,2,1,2,0,0
3964,ESCUELA JOSE FRANCISCO ZAPATA DOMINGUEZ,PEMUCO,2,1,1,8,110
3965,ESCUELA BASICA SANTA JULIA,PEMUCO,2,1,1,0,0
3966,ESCUELA VILLA SAN PEDRO,PEMUCO,2,1,1,8,110
3967,ESCUELA BASICA GENERAL CRUZ,PEMUCO,2,1,1,72,10
3968,ESCUELA BASICA MONTE EL LEON,PEMUCO,2,1,1,8,110
3969,ESCUELA BASICA RELBUN,PEMUCO,2,1,2,0,0
3970,ESCUELA BASICA CANELILLO,PEMUCO,2,1,1,0,0
3971,ESCUELA JOSÉ RENÉ SALGADO,PEMUCO,2,1,1,59,10
3972,ESCUELA ARTURO MATTE ALESSANDRI,PEMUCO,2,1,1,148,10
3974,ESCUELA BASICA VALLE HERMOSO,PEMUCO,2,1,1,66,10
3975,ESCUELA BASICA SALTO DE DANICALQUI,PEMUCO,2,1,1,11,110
3976,LICEO MANUEL BULNES,BULNES,2,0,1,471,110
3977,LICEO BICENTENARIO SANTA CRUZ DE LARQUI,BULNES,2,0,1,736,10
3978,ESCUELA CELIA URRUTIA PRIETO,BULNES,2,0,1,107,10
3979,LICEO POLIVALENTE ADULTOS DE ITATA,BULNES,2,0,1,24,165
3980,ESCUELA BASICA PUEBLO SECO SANTA CLARA,BULNES,2,1,1,204,10
3981,ESCUELA EL PALPAL DE SANTA CLARA,BULNES,2,1,1,182,10
3982,ESCUELA BATALLA DEL ROBLE,BULNES,2,1,1,120,10
3983,ESCUELA EVARISTA OGALDE ORTEGA,BULNES,2,1,1,119,10
3984,ESCUELA CANTA RANA,BULNES,2,1,1,122,10
3985,,BULNES,2,0,3,0,0
3986,ESCUELA SANTA ROSA-LAS RAICES,BULNES,2,1,2,0,0
3988,ESCUELA LAS CARMELITAS,BULNES,2,1,1,0,0
3989,ESCUELA RINCONADA DE COLTON,BULNES,2,1,2,0,0
3991,ESCUELA COLTON QUILLAY,BULNES,2,1,1,46,10
3992,ESCUELA MILAHUE,BULNES,2,1,1,22,10
3993,EL ESPINAR,BULNES,2,0,3,0,0
3994,ESCUELA LOS ESTANQUES,BULNES,2,1,1,0,0
3995,ESCUELA LOS TILOS JOSÉ ANDRADES VÁSQUEZ,BULNES,2,1,1,42,10
3996,ESCUELA LARQUI,BULNES,2,1,3,0,0
3997,ESCUELA EL CARACOL,BULNES,2,1,1,20,10
3998,LICEO POLIVALENTE LUIS CRUZ MARTINEZ,QUILLÓN,2,0,1,372,299
3999,ESCUELA BASICA HEROES DEL ITATA,QUILLÓN,2,0,1,319,10
4000,ESCUELA BÁSICA AMANDA CHÁVEZ NAVARRETE,QUILLÓN,2,0,1,344,10
4001,ESCUELA PEDRO ENRIQUE TORRES SABELLE,QUILLÓN,2,1,1,68,10
4002,ESCUELA BASICA EL CASINO,QUILLÓN,2,1,1,273,10
4003,ESCUELA BASICA HUACAMALA,QUILLÓN,2,1,1,17,10
4004,ESCUELA BASICA QUEIME,QUILLÓN,2,1,2,0,0
4005,ESCUELA BÁSICA PUERTO LOS FRUTALES DE COYANCO,QUILLÓN,2,1,1,166,10
4006,ESCUELA BASICA LIUCURA BAJO,QUILLÓN,2,1,1,41,10
4008,ESCUELA BASICA EL ARENAL,QUILLÓN,2,1,2,0,0
4009,ESCUELA BASICA PENABLANCA,QUILLÓN,2,1,2,0,0
4011,ESCUELA BASICA SANTA ANA DE CAIMACO,QUILLÓN,2,1,2,0,0
4012,ESCUELA BASICA CHANCAL,QUILLÓN,2,1,2,0,0
4013,ESCUELA BASICA EL CULBEN,QUILLÓN,2,1,2,0,0
4014,ESCUELA BASICA TALCAMO,QUILLÓN,2,1,2,0,0
4015,ESCUELA BASICA HUENUCHEO,QUILLÓN,2,1,2,0,0
4016,ESCUELA BASICA PASO EL ROBLE,QUILLÓN,2,1,1,44,10
4017,ESCUELA BASICA MANUEL BAQUEDANO GONZALEZ,RANQUIL,2,1,1,0,0
4018,ESCUELA BASICA VISTA BELLA,QUILLÓN,2,1,3,0,0
4019,ESCUELA BÁSICA LAGUNA AVENDAÑO,QUILLÓN,2,1,1,212,10
4020,,QUILLÓN,2,0,3,0,0
4021,PANTANILLO,QUILLÓN,2,0,3,0,0
4022,ESCUELA QUINEL,CABRERO,2,1,1,10,110
4023,ESCUELA BASICA SANTA ANA DEL BAUL,QUILLÓN,2,1,3,0,0
4025,LICEO BICENTENARIO DE EXCELENCIA POLIVALENTE VIRGINIO ARIAS,RANQUIL,2,0,1,293,310
4026,ESCUELA BASICA NUEVA ALDEA,RANQUIL,2,1,1,55,10
4027,ESCUELA BASICA VEGAS DE CONCHA,RANQUIL,2,1,1,82,10
4028,ESC. BASICA EMILIA WERNER DE WOODERMANN,RANQUIL,2,1,2,0,0
4029,ESCUELA BASICA SAN IGNACIO DE PALOMARES,RANQUIL,2,1,1,107,10
4030,ESCUELA BASICA BLANCA ROSA GUZMAN REYES,RANQUIL,2,1,1,22,110
4031,CARRIZALES,RANQUIL,2,0,3,0,0
4032,LICEO BICENTENARIO DE EXCELENCIA NIBALDO SEPÚLVEDA FERNÁNDEZ,PORTEZUELO,2,0,1,360,10
4033,ESCUELA LLAHUECUY,PORTEZUELO,2,1,2,0,0
4034,ESCUELA LOMAS DE CHUDAL,PORTEZUELO,2,1,1,111,10
4035,ESCUELA PANGUILEMU,PORTEZUELO,2,1,2,0,0
4036,ESCUELA ORILLA ITATA,PORTEZUELO,2,1,3,0,0
4037,ESCUELA MEMBRILLAR,PORTEZUELO,2,1,1,5,110
4039,ESCUELA SAN FRANCISCO DE ASIS,PORTEZUELO,2,1,1,20,110
4040,ESCUELA CUCHA URREJOLA,PORTEZUELO,2,1,1,10,110
4042,ESCUELA TRANCOYAN,PORTEZUELO,2,1,2,0,0
4043,COLEGIO NUESTRA SEÑORA DEL CARMEN,PORTEZUELO,3,0,1,325,10
4044,ESCUELA PARTICULAR SANTA TERESITA,PORTEZUELO,3,1,3,0,0
4045,ESCUELA PARTICULAR ALONSO DE ERCILLA,PORTEZUELO,3,1,3,0,0
4046,ESCUELA PARTICULAR INMACULADO CORAZÓN DE MARÍA,PORTEZUELO,3,1,3,0,0
4047,MARIA DE NAZARETH,PORTEZUELO,3,0,3,0,0
4048,ESCUELA VILLA JESUS DE COELEMU,COELEMU,2,0,1,599,10
4049,LICEO BICENTENARIO DE EXCELENCIA DOMINGO ORTÍZ DE ROZAS,COELEMU,2,0,1,759,310
4050,ESCUELA MARIA TERESA MARCHANT CONTRERAS,COELEMU,2,0,1,437,10
4051,ESCUELA CLEMENTINA MAUREIRA ALMANZA,COELEMU,2,1,1,129,10
4052,ESCUELA GUARILIHUE ALTO,COELEMU,2,1,1,362,10
4054,ESCUELA MAGDALENA,COELEMU,2,1,1,4,110
4056,ESCUELA LA ERMITA,COELEMU,2,1,2,0,0
4057,ESCUELA GUARILIHUE BAJO,COELEMU,2,1,3,0,0
4058,ESCUELA HUARO,COELEMU,2,1,1,2,110
4059,ESCUELA FELIPE CUBILLOS SIGAL,COELEMU,2,1,1,58,10
4060,ESCUELA CARAVANCHEL,COELEMU,2,1,3,0,0
4061,ESCUELA BASICA AMERICA,RANQUIL,2,1,1,61,10
4062,ESCUELA VEGAS DE ITATA,COELEMU,2,1,1,24,110
4063,ESCUELA BASICA VALLE LOS CASTANOS,COELEMU,2,1,1,0,0
4064,ESCUELA MEIPO,COELEMU,2,1,1,8,110
4065,ESCUELA TOROICO,COELEMU,2,1,2,0,0
4067,ESCUELA SANTA FILOMENA,COELEMU,2,1,1,2,110
4068,ESCUELA BUENA FE DE TUBUL,COELEMU,2,1,1,3,110
4070,ESCUELA BASICA MAITENCO,TREHUACO,2,1,1,63,10
4071,ESCUELA BÁSICA VALLE LONQUÉN,TREHUACO,2,1,1,184,10
4073,ESCUELA BASICA MONTE OLIMPO,TREHUACO,2,1,1,0,0
4074,ESCUELA BASICA TAUCO,TREHUACO,2,1,1,2,110
4075,ESCUELA CERRO ALTO,TREHUACO,2,1,1,0,0
4076,ESCUELA BASICA MINAS DE LEUQUE,TREHUACO,2,1,1,53,110
4077,ESCUELA BASICA VILLA DENECAN,TREHUACO,2,1,1,6,110
4078,,TREHUACO,2,0,3,0,0
4079,ESCUELA BASICA MATACO,TREHUACO,2,1,1,4,110
4080,ESCUELA BASICA PUAHUN,TREHUACO,2,1,3,0,0
4081,ESCUELA BASICA ANTIQUEREO,TREHUACO,2,1,1,0,0
4082,,TREHUACO,2,0,3,0,0
4083,ESCUELA PARTICULAR MARIA GORETTI,TREHUACO,3,1,3,0,0
4084,LICEO POLIVALENTE DIEGO MISSENE BURGOS,COBQUECURA,2,0,1,154,299
4085,ESCUELA BASICA EL TOLLO,COBQUECURA,2,1,1,16,110
4087,ESCUELA BASICA BUCHUPUREO,COBQUECURA,2,0,1,142,10
4088,ESCUELA BASICA LA ANTENA,COBQUECURA,2,1,1,6,110
4089,ESCUELA BASICA LA ACHIRA,COBQUECURA,2,1,1,4,110
4090,ESCUELA BASICA COLMUYAO,COBQUECURA,2,1,1,9,110
4091,ESCUELA BASICA EL AVELLANAL,COBQUECURA,2,1,1,2,110
4092,ESCUELA BASICA LAS VERTIENTES,COBQUECURA,2,1,2,0,0
4093,ESCUELA BASICA LOS NEDANOS,COBQUECURA,2,1,1,2,110
4094,ESCUELA BASICA TAUCU,COBQUECURA,2,1,1,32,110
4095,ESCUELA BÁSICA MONTAÑA DE COPIHUES G 54-A,COBQUECURA,2,1,1,3,110
4096,ESCUELA BASICA QUILE,COBQUECURA,2,1,1,4,110
4097,ESCUELA BASICA LOS CORRALES,COBQUECURA,2,1,1,1,110
4098,LA LEONA,COBQUECURA,2,0,3,0,0
4099,MONTE DEL ZORRO,COBQUECURA,2,0,3,0,0
4100,ESCUELA BASICA MELA,COBQUECURA,2,1,1,3,110
4101,ESCUELA BASICA PULLAY,COBQUECURA,2,1,1,31,110
4102,LICEO BICENTENARIO DE EXCELENCIA CARLOS MONTANE CASTRO,QUIRIHUE,2,0,1,656,299
4103,ESCUELA GRUMETE CORTES,QUIRIHUE,2,0,1,329,10
4104,ESCUELA NUEVA AMERICA,QUIRIHUE,2,0,1,481,10
4106,ESCUELA BASICA HORIZONTE,QUIRIHUE,2,0,1,23,165
4107,ESCUELA BASICA SANTA CAROLINA,QUIRIHUE,2,1,1,13,110
4108,ESCUELA BASICA LAS DELICIAS,QUIRIHUE,2,1,3,0,0
4109,ESCUELA BASICA SANTA RITA DE LAS NIEVES,QUIRIHUE,2,1,2,0,0
4110,ESCUELA BASICA CAJON EL MANZANO,QUIRIHUE,2,1,1,0,0
4111,ESCUELA BASICA EL MONTE,QUIRIHUE,2,1,3,0,0
4112,ESCUELA BASICA SANTA ELENA,QUIRIHUE,2,1,1,20,110
4113,ESCUELA BASICA EL PAJONAL,QUIRIHUE,2,1,3,0,0
4114,ESCUELA BASICA LOS TEMOS,QUIRIHUE,2,1,2,0,0
4115,ESCUELA BASICA SANTA EFIGENIA,QUIRIHUE,2,1,1,0,0
4116,ESCUELA BASICA EL CONCUYO,QUIRIHUE,2,1,1,0,0
4117,ESCUELA BASICA SAN JUAN LA RAYA,QUIRIHUE,2,1,2,0,0
4118,ESCUELA BASICA ALTO DE PIEDRA,QUIRIHUE,2,1,1,0,0
4120,ESCUELA BASICA LOS REMATES,QUIRIHUE,2,1,1,0,0
4121,ESCUELA BASICA EL SOL,QUIRIHUE,2,1,1,0,0
4123,ESCUELA BASICA SANTA MERCEDES,QUIRIHUE,2,1,2,0,0
4124,LICEO BICENTENARIO DE EXCELENCIA ARTURO PRAT CHACON,NINHUE,2,0,1,261,310
4125,ESCUELA ROSARIO CHACON BARRIOS,NINHUE,2,1,1,53,10
4126,ESCUELA BASICA PICHIMAVIDA,NINHUE,2,1,2,0,0
4127,,NINHUE,2,0,3,0,0
4128,ESCUELA BASICA DE RELOCA,NINHUE,2,1,1,10,110
4129,ESCUELA PROF.JOSE GMO.CARRASCO H.,NINHUE,2,1,3,0,0
4130,ESCUELA BASICA EL RINCON,NINHUE,2,1,1,56,10
4131,ESCUELA DOCTOR DAVID BENAVENTE SEPÚLVEDA,NINHUE,2,1,1,21,110
4132,ESCUELA PROFESORA MARIA ELENA VALDES P.,NINHUE,2,1,3,0,0
4133,ESCUELA ALIPIA ACEVEDO,NINHUE,2,1,1,8,110
4134,ESCUELA BASICA TALHUAN,NINHUE,2,1,1,45,10
4135,ESCUELA BÁSICA QUITRIPÍN,NINHUE,2,1,2,0,0
4137,ESCUELA MANUEL AVILA CARRASCO,NINHUE,2,1,2,0,0
4138,ESCUELA BASICA LAS HIGUIERAS,NINHUE,2,1,3,0,0
4139,ESCUELA PARTICULAR ADVENTISTA QUIRAO,NINHUE,3,1,1,86,110
4140,LICEO BICENTENARIO DE EXCELENCIA POLIVALENTE SAN NICOLÁS,SAN NICOLÁS,2,0,1,2570,10
4141,LICEO BICENTENARIO DE EXCELENCIA TÉCNICO PUENTE ÑUBLE,SAN NICOLÁS,2,1,1,492,10
4142,ESCUELA LA MERCED,SAN CARLOS,6,1,1,21,110
4143,ESCUELA BASICA SAN PEDRO LILAHUE,SAN NICOLÁS,2,1,3,0,0
4144,ESCUELA BASICA HUAMPULI,SAN NICOLÁS,2,1,2,0,0
4145,HUAIHUE,SAN NICOLÁS,2,0,3,0,0
4146,ESCUELA BASICA LA LOMA,SAN NICOLÁS,2,1,1,161,10
4147,ESCUELA BASICA COIPIN,SAN NICOLÁS,2,1,3,0,0
4148,ESCUELA BASICA PENA SANTA ROSA,SAN NICOLÁS,2,1,1,0,0
4149,ESCUELA BASICA TOTORAL,SAN NICOLÁS,2,1,3,0,0
4150,ESCUELA BASICA PIEDRA LISA,SAN NICOLÁS,2,1,1,0,0
4151,ESCUELA BASICA PUYAMAVIDA,SAN NICOLÁS,2,1,3,0,0
4152,ESCUELA BASICA PANGUILEMU SUR,SAN NICOLÁS,2,1,3,0,0
4154,ESCUELA BASICA LAJUELAS,SAN NICOLÁS,2,1,1,47,110
4155,ESCUELA BASICA DADINCO,SAN NICOLÁS,2,1,1,55,110
4156,ESCUELA BASICA LLEQUEN,SAN NICOLÁS,2,1,3,0,0
4157,ESCUELA BASICA TRILICO,SAN NICOLÁS,2,1,2,0,0
4158,ESCUELA BASICA MONTELEON,SAN NICOLÁS,2,1,1,146,10
4159,,SAN NICOLÁS,2,0,3,0,0
4160,LICEO COMERCIAL CAMILO HENRIQUEZ,LOS ÁNGELES,3,0,1,1347,10
4161,ESCUELA ADULTOS BIO-BIO,LOS ÁNGELES,2,0,2,0,0
4162,LICEO COMERCIAL DIEGO PORTALES PALAZUELO,LOS ÁNGELES,2,0,1,1491,410
4163,LICEO BICENTENARIO LOS ÁNGELES,LOS ÁNGELES,2,0,1,1516,110
4164,LICEO COEDUCACIONAL SANTA MARÍA DE LOS ÁNGELES,LOS ÁNGELES,2,0,1,1108,110
4165,LICEO INDUSTRIAL SAMUEL VIVANCO PARADA,LOS ÁNGELES,2,0,1,852,363
4166,LICEO TECNICO BICENTENARIO JUANITA FERNANDEZ SOLAR,LOS ÁNGELES,2,0,1,886,510
4168,ESCUELA GENERAL BERNARDO O HIGGINS,LOS ÁNGELES,2,0,1,118,10
4169,ESCUELA ESPANA,LOS ÁNGELES,2,0,1,715,10
4171,ESCUELA COLONIA ARABE,LOS ÁNGELES,2,0,1,235,10
4172,ESCUELA GENERAL JOSE DE SAN MARTIN,LOS ÁNGELES,2,0,1,233,10
4173,ESCUELA BLANCO ENCALADA,LOS ÁNGELES,2,0,1,338,10
4174,ESCUELA HOGAR NIEVES VASQUEZ PALACIOS,LOS ÁNGELES,2,0,1,347,10
4175,ESCUELA THOMAS JEFFERSON,LOS ÁNGELES,2,0,1,375,10
4176,ESCUELA JOSE MANSO DE VELASCO,LOS ÁNGELES,2,0,1,392,10
4177,ESCUELA CLARA REBOLLEDO DE GODOY,LOS ÁNGELES,2,0,1,72,10
4178,,LOS ÁNGELES,2,0,3,0,0
4179,ESCUELA PEDRO RUIZ ALDEA,LOS ÁNGELES,2,0,1,539,10
4180,ESCUELA ARTURO ALESSANDRI PALMA,LOS ÁNGELES,2,0,1,520,10
4181,ESCUELA BASICA REPUBLICA DE ISRAEL,LOS ÁNGELES,2,0,1,218,10
4182,ESCUELA PARVULARIA,LOS ÁNGELES,2,0,3,0,0
4183,ESCUELA BASICA 21 DE MAYO,LOS ÁNGELES,2,0,1,154,10
4185,ESCUELA ISLA DE LAJA,LOS ÁNGELES,2,0,1,352,10
4186,ESCUELA BASICA REPUBLICA DE ALEMANIA,LOS ÁNGELES,2,0,1,274,10
4187,ESCUELA BÁSICA ESPERANZA,LOS ÁNGELES,2,0,1,110,212
4188,ESCUELA REPUBLICA DE GRECIA,LOS ÁNGELES,2,0,1,69,10
4189,ESCUELA BASICA 11 DE SEPTIEMBRE,LOS ÁNGELES,2,0,1,189,10
4190,LICEO SANTA FE,LOS ÁNGELES,2,1,1,621,10
4191,ESCUELA BASICA SANTA CLARA DE CHACAYAL,LOS ÁNGELES,2,1,1,201,10
4192,ESCUELA DARIO BARRUETO MOLINET,LOS ÁNGELES,2,1,2,0,0
4193,ESCUELA BASICA LOS MOLINOS,LOS ÁNGELES,2,1,1,39,110
4194,ESCUELA BASICA LA QUEBRADA,LOS ÁNGELES,2,1,1,108,10
4195,LICEO AGROINDUSTRIAL LLANO BLANCO,LOS ÁNGELES,2,1,1,384,10
4196,ESCUELA BASICA LA MONTANA SANTA FE,LOS ÁNGELES,2,1,2,0,0
4197,ESCUELA CORONEL GUILLERMO MARIN CARMONA,LOS ÁNGELES,2,1,1,172,10
4199,ESCUELA BASICA LA AGUADA DE CUEL,LOS ÁNGELES,2,1,1,168,10
4200,ESCUELA BASICA VIRQUENCO,LOS ÁNGELES,2,1,1,252,10
4201,ESCUELA BÁSICA HITILHUE,LOS ÁNGELES,2,1,1,228,10
4202,ESCUELA BASICA LOS TRONCOS,LOS ÁNGELES,2,1,1,25,110
4204,ESCUELA BASICA MILLANTU,LOS ÁNGELES,2,1,1,202,10
4205,ESCUELA DIEGO PORTALES PALAZUELOS,LOS ÁNGELES,2,1,1,335,10
4206,ESCUELA BASICA LA PURISIMA,LOS ÁNGELES,2,1,2,0,0
4207,ESCUELA BÁSICA LA RINCONADA DEL SALTO,LOS ÁNGELES,2,1,1,168,10
4208,ESCUELA BASICA LA ESMERALDA,LOS ÁNGELES,2,1,3,0,0
4209,ESCUELA BASICA LAS HORTENSIAS,LOS ÁNGELES,2,1,3,0,0
4210,ESCUELA BASICA COYANCO,LOS ÁNGELES,2,1,1,43,110
4211,ESCUELA EL PINO,LOS ÁNGELES,2,1,3,0,0
4212,ESCUELA BASICA LAS QUINTAS,LOS ÁNGELES,2,1,1,88,10
4213,HERMANOS CARRERA,LOS ÁNGELES,2,0,3,0,0
4214,ESCUELA BASICA LAS ROSAS DE DICAHUE,LOS ÁNGELES,2,1,3,0,0
4215,ESCUELA BASICA ALCAPAN,LOS ÁNGELES,2,1,3,0,0
4216,ESCUELA BASICA EL CHEQUEN,LOS ÁNGELES,2,1,1,7,110
4218,ESCUELA BASICA EL LITRE,LOS ÁNGELES,2,1,2,0,0
4219,ESCUELA BASICA SANTA MARTA,LOS ÁNGELES,2,1,2,0,0
4221,ESCUELA BASICA LA CAPILLA,LOS ÁNGELES,2,1,1,94,10
4222,ESCUELA LUIS CONTRERAS,LOS ÁNGELES,2,1,3,0,0
4223,ESCUELA BASICA PATAGUECO,LOS ÁNGELES,2,1,2,0,0
4224,ESCUELA BASICA LAS VEGAS,LOS ÁNGELES,2,1,2,0,0
4225,ESCUELA BASICA LOS CLAVELES,LOS ÁNGELES,2,1,3,0,0
4226,ESCUELA BASICA DUQUECO CUEL,LOS ÁNGELES,2,1,2,0,0
4227,,LOS ÁNGELES,2,0,3,0,0
4228,ESCUELA BASICA LA MANCHA,LOS ÁNGELES,2,1,1,18,110
4229,ESCUELA BASICA SANTA LAURA DE RARINCO,LOS ÁNGELES,2,1,3,0,0
4230,ESCUELA BASICA SANTA MATILDE,LOS ÁNGELES,2,1,2,0,0
4231,ESCUELA BASICA LA LEYENDA,LOS ÁNGELES,2,1,1,139,10
4232,ESCUELA BASICA SAN GERARDO,LOS ÁNGELES,2,1,2,0,0
4233,ESCUELA BASICA LAS CAMELIAS,LOS ÁNGELES,2,1,3,0,0
4235,ESCUELA BASICA EL AMANECER DE DUQUECO,LOS ÁNGELES,2,1,1,229,10
4236,LAS GOLONDRINAS,LOS ÁNGELES,2,0,3,0,0
4237,ESCUELA BASICA CURANADU,LOS ÁNGELES,2,1,3,0,0
4238,ESCUELA BASICA EL OLIVO,LOS ÁNGELES,2,1,2,0,0
4239,ESCUELA BASICA HARAS EL LAJA,LOS ÁNGELES,2,1,1,0,0
4240,LAS TRANCAS,LOS ÁNGELES,2,0,3,0,0
4241,ESCUELA TENIENTE IGNACIO SERRANO,LOS ÁNGELES,2,1,1,58,10
4242,ESCUELA MANUEL SALAS LAVAQUI,LOS ÁNGELES,2,1,3,0,0
4243,ESCUELA BASICA EL PORVENIR,LOS ÁNGELES,2,1,2,0,0
4244,ESCUELA BASICA EL ARRAYAN,LOS ÁNGELES,2,1,2,0,0
4245,ESCUELA BASICA FUNDO LUANCO,LOS ÁNGELES,2,1,2,0,0
4246,ESCUELA BASICA EL ROSAL,LOS ÁNGELES,2,1,2,0,0
4247,ESCUELA BASICA EL DURAZNO,LOS ÁNGELES,2,1,2,0,0
4249,HUMAN,LOS ÁNGELES,2,0,3,0,0
4250,ESCUELA BASICA SECTOR PARAGUAY,LOS ÁNGELES,2,1,2,0,0
4252,,LOS ÁNGELES,2,0,3,0,0
4253,ESCUELA BASICA LLANO VERDE,LOS ÁNGELES,2,1,3,0,0
4254,ESCUELA PUENTE PERALES,LAJA,2,1,1,150,10
4255,ESCUELA BASICA EL NOGAL.,LOS ÁNGELES,2,1,1,205,10
4256,ESCUELA BASICA SANTA MARGARITA,LOS ÁNGELES,2,1,2,0,0
4257,,LOS ÁNGELES,2,0,3,0,0
4258,ESCUELA SANTA MARÍA DE LOS ÁNGELES,LOS ÁNGELES,3,0,1,293,110
4259,COLEGIO SAN NICOLÁS,LOS ÁNGELES,3,0,1,321,10
4260,CENTRO EDUC. Y CAPAC. LABORAL CECAP,LOS ÁNGELES,3,0,1,38,212
4261,COLEGIO SAN FRANCISCO,LOS ÁNGELES,3,0,3,0,0
4262,COLEGIO PARTICULAR MARTA BRUNET,LOS ÁNGELES,3,0,1,783,10
4263,COLEGIO SAN RAFAEL ARCANGEL,LOS ÁNGELES,3,0,1,1243,10
4264,SANTA CECILIA,LOS ÁNGELES,3,0,3,0,0
4266,COLEGIO LOS ANGELES,LOS ÁNGELES,3,0,1,552,10
4267,GABRIELA MISTRAL,LOS ÁNGELES,3,0,3,0,0
4268,ESCUELA PARTICULAR ADVENTISTA,LOS ÁNGELES,3,0,1,419,10
4269,COLEGIO HISPANOAMERICANO,LOS ÁNGELES,3,0,1,897,10
4270,LICEO PARTICULAR CARLOS CONDELL,LOS ÁNGELES,3,0,1,501,10
4271,LICEO PARTICULAR SANTA RITA,LOS ÁNGELES,3,0,3,0,0
4272,ESCUELA PARTICULAR DIEGO DE ALMAGRO,LOS ÁNGELES,3,0,1,276,10
4273,INSTITUTO EDUCACION RURAL SANTA FE,LOS ÁNGELES,3,0,3,0,0
4274,COLEGIO PARTICULAR MARIA JESUS,LOS ÁNGELES,3,1,3,0,0
4275,ESCUELA PARTICULAR LA VICTORIA,LOS ÁNGELES,3,1,1,335,10
4276,ESCUELA PARTICULAR SAN LUIS,LOS ÁNGELES,3,1,3,0,0
4277,CENTRO EDUCACIÓN ADVENTISTA LOS ÁNGELES,LOS ÁNGELES,3,1,1,1799,10
4278,SAN JOSE EL PERAL,LOS ÁNGELES,3,0,3,0,0
4280,ESCUELA PARTICULAR SAN JOSÉ,LOS ÁNGELES,3,1,1,341,10
4281,ESCUELA PARTICULAR RURAL LOS COPIHUES,LOS ÁNGELES,3,1,1,57,110
4283,CAMPO ALEGRE,LOS ÁNGELES,3,0,3,0,0
4284,COLEGIO SAN MANUEL,LOS ÁNGELES,3,1,3,0,0
4285,LICEO ALEMAN DEL VERBO DIVINO,LOS ÁNGELES,4,0,1,1419,10
4286,COLEGIO ALEMAN LOS ANGELES,LOS ÁNGELES,4,0,1,941,10
4287,LICEO AGRÍCOLA Y FORESTAL EL HUERTÓN,LOS ÁNGELES,5,0,1,756,510
4288,LICEO BICENTENARIO POLITÉCNICO MONTE ÁGUILA,CABRERO,2,0,1,464,410
4289,LICEO MANUEL ARÍSTIDES ZAÑARTU,CABRERO,2,0,1,597,299
4290,ESCUELA CHARRUA,CABRERO,2,1,1,154,10
4291,BATUCO,CABRERO,2,0,3,0,0
4292,ESCUELA SALTO EL LAJA,CABRERO,2,1,1,353,10
4293,ESCUELA LOS CANELOS,CABRERO,2,1,2,0,0
4294,ESCUELA LOS OLMOS,CABRERO,2,1,2,0,0
4295,ESCUELA PILLANCO,CABRERO,2,1,1,19,10
4297,ESCUELA LAS OBRAS,CABRERO,2,1,1,9,110
4298,ESCUELA EL MANZANO,CABRERO,2,1,1,1,110
4299,ESCUELA EL PARAISO,CABRERO,2,1,1,18,10
4300,ESCUELA LOMAS DE ANGOL,CABRERO,2,1,1,10,110
4302,ESCUELA COLICHEU,CABRERO,2,1,1,23,10
4303,ESCUELA LOS CAULLES,CABRERO,2,1,1,10,110
4304,ESCUELA LOS LEONES,CABRERO,2,1,1,9,110
4305,HACIENDA MONTE ÁGUILA,CABRERO,2,1,1,0,0
4306,ESCUELA EL PROGRESO,CABRERO,2,1,1,36,10
4307,COLEGIO SAN JOSE,CABRERO,3,0,1,1308,10
4308,COLEGIO ABEL INOSTROZA GUTIERREZ,CABRERO,3,0,1,317,10
4309,LICEO DE HUEPIL,TUCAPEL,2,0,1,366,299
4310,LICEO ANDRÉS ALCÁZAR DE TUCAPEL,TUCAPEL,2,0,1,436,10
4311,ESCUELA LOS AVELLANOS,TUCAPEL,2,1,1,115,10
4312,ESCUELA ALEJANDRO PEREZ URBANO,TUCAPEL,2,1,1,161,10
4313,PRIMERA SECCION RUCAMANQUI,TUCAPEL,2,0,3,0,0
4314,ESCUELA LAS HIJUELAS,TUCAPEL,2,1,1,4,110
4316,ESCUELA LA OBRA,TUCAPEL,2,1,2,0,0
4317,ESCUELA LOS AROMOS,TUCAPEL,2,1,1,17,110
4319,TERCERA SECCION RUCAMANQUI,TUCAPEL,2,0,3,0,0
4320,ESCUELA LAS ASTAS,TUCAPEL,2,1,1,0,0
4321,ESCUELA LOMAS DE TUCAPEL,TUCAPEL,2,1,1,9,110
4322,ESCUELA MANIHUAL,TUCAPEL,2,1,2,0,0
4323,ESCUELA LA COLONIA,TUCAPEL,2,1,1,0,0
4324,LICEO DOCTOR VÍCTOR RÍOS RUIZ,ANTUCO,2,0,1,555,10
4325,CENTRALES DE LAJA,ANTUCO,2,0,3,0,0
4326,CENTRAL ABANICO,ANTUCO,2,0,3,0,0
4327,ESCUELA VOLCAN ANTUCO,ANTUCO,2,1,1,21,10
4328,ESCUELA BASICA CERRO PILQUE,ANTUCO,2,1,1,11,110
4330,ESCUELA OLGA RIOS DE PINOCHET,ANTUCO,2,1,1,24,10
4331,LICEO BICENTENARIO FRANCISCO BASCUNAN GUERRERO,QUILLECO,2,0,1,561,10
4333,LICEO ISABEL RIQUELME,QUILLECO,2,0,1,382,10
4334,ESCUELA BASICA VILLA MERCEDES,QUILLECO,2,0,1,159,10
4335,ESCUELA BASICA NUEVO AMANECER,QUILLECO,2,1,1,0,0
4336,ESCUELA BASICA DIUTO,LOS ÁNGELES,2,1,3,0,0
4337,ESCUELA BASICA LA HOYADA,QUILLECO,2,1,1,7,110
4338,ESCUELA BASICA CANICURA,QUILLECO,2,1,1,0,0
4339,ESCUELA BASICA CENTINELA,QUILLECO,2,1,1,2,110
4340,ESCUELA PROFESORA ALBERTINA SÁNCHEZ VALENZUELA,QUILLECO,2,1,1,4,110
4341,ESCUELA LAS ARENAS,QUILLECO,2,1,1,3,110
4342,ESCUELA ERMINDA GOMEZ DE POLIC.,QUILLECO,2,1,1,11,110
4343,,QUILLECO,2,0,3,0,0
4344,ESCUELA BASICA CERRO YANQUI,QUILLECO,2,1,3,0,0
4345,ESCUELA BASICA RIO PARDO,QUILLECO,2,1,1,11,110
4347,ESCUELA BLANCA ESTRELLA,QUILLECO,2,1,1,0,0
4348,ESCUELA BASICA EL ESFUERZO,QUILLECO,2,1,1,42,110
4349,ESCUELA BASICA LA MESETA,QUILLECO,2,1,1,0,0
4350,ESCUELA PARTICULAR LAS AGUILAS,QUILLECO,3,1,1,0,0
4351,ESCUELA MONSEÑOR OROZIMBO FUENZALIDA,QUILLECO,3,1,1,0,0
4352,ESCUELA BÁSICA ENRIQUE BERNSTEIN CARABANTES,SANTA BÁRBARA,2,0,1,218,10
4353,LICEO CARDENAL ANTONIO SAMORE,SANTA BÁRBARA,2,0,1,431,299
4354,ESCUELA DE CONCENTRACIÓN FRONTERIZA RALCO ALTO BIOBÍO,ALTO BIOBÍO,2,1,1,336,10
4355,ESCUELA DE EDUCACIÓN GENERAL BÁSICA EL HUACHI,SANTA BÁRBARA,2,1,1,63,10
4356,ESCUELA LOS BOLDOS,SANTA BÁRBARA,2,1,1,107,10
4357,ESCUELA BASICA VILLACURA,SANTA BÁRBARA,2,1,1,47,10
4358,ESCUELA MARIANO PUGA VEGA,SANTA BÁRBARA,2,1,1,169,10
4359,ESCUELA BASICA MANIL,SANTA BÁRBARA,2,1,1,74,10
4360,PICHIMININCO,SANTA BÁRBARA,2,0,3,0,0
4361,ESCUELA BASICA CORCOVADO,SANTA BÁRBARA,2,1,1,10,110
4362,ESCUELA LO NIEVE,SANTA BÁRBARA,2,1,3,0,0
4364,MININCO,SANTA BÁRBARA,2,0,3,0,0
4365,ESCUELA RINCONADA,SANTA BÁRBARA,2,1,1,19,110
4366,ESCUELA SAN ANTONIO,SANTA BÁRBARA,2,1,3,0,0
4367,,SANTA BÁRBARA,2,0,3,0,0
4368,ESCUELA LOS NOTROS,SANTA BÁRBARA,2,1,1,24,110
4369,,SANTA BÁRBARA,2,0,3,0,0
4370,,SANTA BÁRBARA,2,0,3,0,0
4372,ESCUELA QUILLAILEO,SANTA BÁRBARA,2,1,1,21,110
4373,ESCUELA BASICA,SANTA BÁRBARA,2,1,2,0,0
4374,ESCUELA BASICA PITRIL,ALTO BIOBÍO,2,1,1,112,10
4375,ESCUELA RALCO LEPOY,ALTO BIOBÍO,2,1,1,159,10
4376,ANEXA,SANTA BÁRBARA,2,0,3,0,0
4378,ESCUELA BELLAVISTA,SANTA BÁRBARA,2,0,3,0,0
4379,ESCUELA CALLAQUI,ALTO BIOBÍO,2,1,1,191,10
4381,CENTRO DE LENGUAJE Y APRENDIZAJE,SANTA BÁRBARA,3,0,1,34,212
4382,COLEGIO SANTA BARBARA,SANTA BÁRBARA,3,0,1,622,10
4383,ESCUELA PARTICULAR AGUA SANTA,SANTA BÁRBARA,3,1,3,0,0
4384,ESCUELA PARTICULAR QUEPUCA RALCO,ALTO BIOBÍO,3,1,1,0,0
4385,QUEPUCA ESTADIO,SANTA BÁRBARA,3,0,3,0,0
4386,ESCUELA PARTICULAR EDGARDO SOLAR ACUÑA,ALTO BIOBÍO,3,1,1,15,110
4387,ESCUELA LAS PARCELAS,LOS ÁNGELES,3,1,1,149,10
4388,ESCUELA PARTICULAR QUEUCO,SANTA BÁRBARA,3,1,3,0,0
4389,ESCUELA PARTICULAR TRAPA TRAPA,ALTO BIOBÍO,3,1,1,58,110
4390,CHICHINTAHUE,SANTA BÁRBARA,3,0,3,0,0
4391,ESCUELA EL CASTILLO,SANTA BÁRBARA,3,1,1,55,10
4392,LICEO BICENTENARIO VALLE DEL SOL QUILACO,QUILACO,2,0,1,481,10
4393,ESCUELA BASICA RUCALHUE,QUILACO,2,1,1,29,110
4395,ESCUELA BASICA CERRO EL PADRE,QUILACO,2,1,1,6,110
4396,ESCUELA BASICA CAMPAMENTO,QUILACO,2,1,1,16,110
4397,ESCUELA BASICA DANICALQUI,QUILACO,2,1,1,0,0
4398,ESCUELA BASICA DE BELLAVISTA,QUILACO,2,1,1,2,110
4399,ESCUELA BASICA PINIQUIHUE,QUILACO,2,1,3,0,0
4400,ESCUELA BASICA RENALHUE,QUILACO,2,1,3,0,0
4401,ESCUELA QUILAPALOS,QUILACO,2,1,3,0,0
4402,ESCUELA BASICA LONCOPANGUE,QUILACO,2,1,1,67,10
4403,ESCUELA DE ADULTOS RIO SUR,MULCHÉN,2,0,1,9,165
4404,LICEO MIGUEL ÁNGEL CERDA LEIVA,MULCHÉN,2,0,1,739,310
4405,ESCUELA BLANCO ENCALADA,MULCHÉN,2,0,1,477,10
4406,ESCUELA BASICA MULCHEN,MULCHÉN,2,0,1,609,10
4407,ESCUELA IGNACIO VERDUGO CAVADA,MULCHÉN,2,0,1,266,10
4408,LICEO CRISOL,MULCHÉN,2,0,1,547,110
4409,ESCUELA SACERDOTE ALEJANDRO MANERA,MULCHÉN,2,0,1,278,10
4410,ESCUELA ARTÍSTICA VILLA LAS PEÑAS,MULCHÉN,2,0,1,199,10
4411,ESCUELA ESPECIAL DE ADULTOS,MULCHÉN,2,0,3,0,0
4412,ESCUELA ALHUELEMU,MULCHÉN,2,1,1,14,110
4414,ESCUELA BASICA MUNILQUE IZAURIETA,MULCHÉN,2,1,1,28,110
4415,ESCUELA BASICA SANTA EMILIA,MULCHÉN,2,1,2,0,0
4416,ANA DE PILE,MULCHÉN,2,0,3,0,0
4417,ESCUELA BASICA SAN LUIS DE MALVEN,MULCHÉN,2,1,1,11,110
4418,ESCUELA BASICA PALERMO REHUEN,MULCHÉN,2,1,3,0,0
4419,ESCUELA BASICA BUREO,MULCHÉN,2,1,1,16,110
4420,ESCUELA BASICA MAICA,MULCHÉN,2,1,3,0,0
4421,ESCUELA BASICA PILGUEN,MULCHÉN,2,1,1,8,110
4422,ESCUELA BASICA MUNILQUE CORREA,MULCHÉN,2,1,3,0,0
4423,ESCUELA BASICA SELVA NEGRA,MULCHÉN,2,1,2,0,0
4424,COLONIA SANTA ANA,MULCHÉN,2,0,3,0,0
4425,ESCUELA HOGAR EL CISNE,MULCHÉN,2,1,2,0,0
4426,ESCUELA BASICA EL PARRON,MULCHÉN,2,1,1,16,110
4428,SANTA EMA,MULCHÉN,2,0,3,0,0
4429,ESCUELA BASICA AGUADAS DE CHUMULCO,MULCHÉN,2,1,3,0,0
4431,LICURA,MULCHÉN,2,0,3,0,0
4432,ESCUELA BASICA EL EDEN,MULCHÉN,2,1,1,3,110
4433,ESCUELA BASICA RAPELCO,MULCHÉN,2,1,1,15,110
4434,ESCUELA BASICA TRES VIENTOS,MULCHÉN,2,1,2,0,0
4435,ESCUELA BASICA LOS HINOJOS,MULCHÉN,2,1,1,15,110
4436,ESCUELA BASICA SANTA ADRIANA,MULCHÉN,2,1,1,20,110
4437,ESCUELA BASICA AURORA DE ENERO,MULCHÉN,2,1,1,29,110
4438,,MULCHÉN,2,0,3,0,0
4439,EL MORRO,MULCHÉN,2,0,3,0,0
4440,LOS RADALES,MULCHÉN,2,0,3,0,0
4441,ESCUELA BASICA CASAS DE PILE,MULCHÉN,2,1,1,8,110
4442,LA ENSENADA,MULCHÉN,2,0,3,0,0
4443,ESCUELA SAN BERNARDINO DE SENA,MULCHÉN,3,0,1,360,10
4445,ESCUELA PARTICULAR SUBVENCIONADO EL MIRADOR DEL BIOBÍO,MULCHÉN,3,1,1,0,0
4446,LICEO POLIVALENTE LA FRONTERA,NEGRETE,2,0,1,993,10
4447,ESCUELA BASICA RIHUE,NEGRETE,2,1,1,176,10
4448,ESCUELA BASICA VILLA COIGUE,NEGRETE,2,0,1,180,10
4449,ESCUELA BASICA VAQUERIA,NEGRETE,2,1,1,192,10
4450,ESCUELA BASICA SANTA AMELIA COIGUE,NEGRETE,2,1,3,0,0
4451,LICEO POLIVALENTE MUNICIPAL DE NACIMIENTO,NACIMIENTO,2,0,1,958,299
4452,ESCUELA EL SABER,NACIMIENTO,2,0,1,763,10
4453,ESCUELA OSCAR GUERRERO QUINSAC,NACIMIENTO,2,0,1,196,10
4454,ESCUELA CANADA,NACIMIENTO,2,0,1,410,10
4455,ESCUELA TOQUI LAUTARO,NACIMIENTO,2,0,1,398,10
4456,ESCUELA BASICA DOLLINCO,NACIMIENTO,2,1,1,93,10
4457,ESCUELA SANTA GERTRUDIS.,NACIMIENTO,2,1,3,0,0
4459,ESCUELA SAN RAMON,NACIMIENTO,2,1,1,2,110
4460,ESCUELA LOS PATOS,NACIMIENTO,2,1,1,0,0
4462,ESCUELA BASICA EL PERAL,NACIMIENTO,2,1,1,1,110
4463,ESCUELA EL TAMBILLO,NACIMIENTO,2,1,3,0,0
4464,,NACIMIENTO,2,0,3,0,0
4465,ESCUELA SAN FRANCISCO DE MONTERREY,NACIMIENTO,2,1,2,0,0
4466,ESCUELA VÍCTOR MANUEL BELTRÁN CARRIMÁN,NACIMIENTO,2,1,1,6,110
4467,ESCUELA SANTA LUISA,NACIMIENTO,2,1,1,4,110
4468,EL PINO,NACIMIENTO,2,0,3,0,0
4469,ESCUELA PALMILLA,NACIMIENTO,2,1,1,3,110
4470,ESCUELA SAN FRANCISCO DE MILLAPOA,NACIMIENTO,2,1,1,4,110
4471,ESCUELA CARRIZAL,NACIMIENTO,2,1,1,0,0
4472,ESCUELA SAN ROQUE,NACIMIENTO,2,1,1,2,110
4473,ESCUELA LAS CORRIENTES,NACIMIENTO,2,1,2,0,0
4474,ESCUELA MILLAPOA DIUQUIN,NACIMIENTO,2,1,1,10,110
4476,ESCUELA LOS GUINDOS ALTO,NACIMIENTO,2,1,1,0,0
4477,ESCUELA LOS CANELOS,NACIMIENTO,2,1,3,0,0
4478,ESCUELA LOS CASTANOS,NACIMIENTO,2,1,1,0,0
4479,ESCUELA CHEQUENAL,NACIMIENTO,2,1,1,3,110
4480,ESCUELA PARTICULAR EL CARRIZAL,NACIMIENTO,3,1,1,0,0
4481,ESCUELA JOSE ABELARDO NUNEZ,LAJA,2,0,1,295,10
4482,ESCUELA NIVEQUETEN,LAJA,2,0,1,639,10
4483,LICEO BICENTENARIO POLITECNICO HEROES DE LA CONCEPCIÓN,LAJA,2,0,1,1180,310
4484,ESCUELA BASICA LA COLONIA,LAJA,2,1,1,95,10
4485,ESCUELA FRANCISCO PEDRO ZATTERA GUELFI,LAJA,2,1,1,122,10
4486,ESCUELA LAS CIÉNAGAS,LAJA,2,1,1,96,10
4487,ESCUELA TARPALLANCA,LAJA,2,1,3,0,0
4488,ESCUELA JUAN LUIS SANFUENTE,LAJA,2,1,2,0,0
4490,ESCUELA PAUL HARRIS,LAJA,2,1,3,0,0
4491,ESCUELA LOS CERRILLOS,LAJA,2,1,1,0,0
4493,ESCUELA SANTIAGO AMENGUAL BALBONTIN,LAJA,2,1,2,0,0
4494,ESCUELA RUCAHUE,LAJA,2,1,1,0,0
4495,ESCUELA DIEGO JOSE BENAVENTE BUSTAMANTE,LAJA,2,1,1,5,110
4496,COLEGIO PARTICULAR SAN MAURICIO,LAJA,3,0,1,126,10
4497,ESCUELA PARTICULAR ALFA Y OMEGA,LAJA,3,0,1,160,10
4498,COLEGIO PARTICULAR SANTA ELISA,LAJA,3,0,3,0,0
4499,COLEGIO SAN JORGE,LAJA,4,0,1,0,0
4500,LICEO ISIDORA AGUIRRE TUPPER,SAN ROSENDO,2,0,1,352,10
4501,ESCUELA MIGUEL LUIS AMUNATEGUI,SAN ROSENDO,2,0,3,0,0
4502,ESCUELA BASICA TURQUIA,SAN ROSENDO,2,1,1,13,110
4503,ESCUELA BASICA LOS CALLEJONES,SAN ROSENDO,2,1,1,27,110
4504,ESCUELA MUNICIPAL DE ADULTOS,YUMBEL,2,0,3,0,0
4505,LICEO PADRE LUIS ALBERTO SALDES IRARRAZABAL,YUMBEL,2,0,1,308,310
4506,ESCUELA HÉROES DE CHILE,YUMBEL,2,0,1,296,10
4507,LICEO TÉCNICO PROFESIONAL GONZALO GUGLIELMI MONTIEL,YUMBEL,2,0,1,471,10
4509,LICEO MUNICIPAL RIO CLARO,YUMBEL,2,1,1,323,10
4510,ESCUELA MUNICIPAL CAMBRALES,YUMBEL,2,1,1,0,0
4512,ESCUELA ENRIQUE PUFFE KIND,YUMBEL,2,1,1,142,10
4513,ESCUELA PADRE PEDRO CAMPOS MENCHACA,YUMBEL,2,1,1,158,10
4514,ESCUELA MUNICIPAL RERE,YUMBEL,2,1,1,26,10
4516,ESCUELA MUNICIPAL LAS NIEVES,YUMBEL,2,1,2,0,0
4517,ESCUELA MUNICIPAL CANCHILLAS,YUMBEL,2,1,2,0,0
4518,ESCUELA MUNICIPAL DE CACHAGUA,YUMBEL,2,0,3,0,0
4519,ESCUELA MUNICIPAL PASO HONDO,YUMBEL,2,1,3,0,0
4520,ESCUELA MUNICIPAL PERIGALLO,YUMBEL,2,1,3,0,0
4521,ESCUELA MUNICIPAL HUINANCO,YUMBEL,2,1,3,0,0
4522,ESCUELA MUNICIPAL CHOIGUE ALTO,YUMBEL,2,1,3,0,0
4524,ESCUELA MUNICIPAL LOS DESPACHOS,YUMBEL,2,1,3,0,0
4526,ESCUELA MUNICIPAL POCA VISTA,YUMBEL,2,1,3,0,0
4527,ESCUELA MUNICIPAL CERRO PARRA,YUMBEL,2,1,1,0,0
4528,ESCUELA MUNICIPAL EL FUERTE RIO CLARO,YUMBEL,2,1,3,0,0
4529,ESCUELA MUNICIPAL TOMENTUCO,YUMBEL,2,1,3,0,0
4530,INSTITUTO SAN SEBASTIÁN BÁSICO.,YUMBEL,3,0,1,1049,10
4531,COLEGIO MARINA DE CHILE,CONCEPCIÓN,6,0,1,943,10
4532,LA POLVORA,CONCEPCIÓN,6,0,3,0,0
4533,LICEO TÉCNICO FEMENINO A-29 DE CONCEPCIÓN,CONCEPCIÓN,5,0,1,484,310
4534,LICEO BICENTENARIO DE EXCELENCIA COMERCIAL INSUCO,CONCEPCIÓN,5,0,1,1024,310
4535,LICEO INDUSTRIAL DE CONCEPCION,CONCEPCIÓN,5,0,1,488,310
4536,LICEO COMERCIAL FEMENINO DE CONCEPCION,CONCEPCIÓN,5,0,1,196,310
4537,CENTRO DE DIAGNOSTICO,CONCEPCIÓN,6,0,3,0,0
4538,ESCUELA DE ADULTOS CHACABUCO,CONCEPCIÓN,6,0,2,0,0
4540,ESCUELA PARVULARIA BLANCA ESTELA,CONCEPCIÓN,6,0,1,91,10
4541,ESCUELA HOGAR VALENTIN LETELIER,CONCEPCIÓN,6,0,3,0,0
4543,ESCUELA ESPECIAL CHILE ESPAÑA,CONCEPCIÓN,6,0,1,95,212
4544,ESCUELA NUEVO HORIZONTES,CONCEPCIÓN,6,0,1,0,0
4545,ESCUELA ESPECIAL,CONCEPCIÓN,6,0,3,0,0
4546,CENTRO INTEGRADO DE EDUCACIÓN ESPECIAL,CONCEPCIÓN,6,0,1,102,212
4547,ESCUELA ESPECIAL,CONCEPCIÓN,6,0,3,0,0
4548,COLEGIO BIOBÍO,CONCEPCIÓN,6,0,1,251,10
4549,ESCUELA ESPECIAL,CONCEPCIÓN,6,0,3,0,0
4550,ESCUELA DIFERENCIAL PIERRE MENDES FRANCE,SAN PEDRO DE LA PAZ,2,0,1,77,212
4551,ESCUELA BÁSICA COMÚN HOSPITAL,CONCEPCIÓN,6,0,1,27,10
4553,LICEO DE NIÑAS,CONCEPCIÓN,6,0,1,368,310
4554,LICEO ANDALIEN,CONCEPCIÓN,6,0,2,0,0
4555,LICEO ENRIQUE MOLINA GARMENDIA,CONCEPCIÓN,6,0,1,348,110
4557,LICEO POLIVALENTE EXPERIMENTAL LUCILA GODOY ALCAYAGA,CONCEPCIÓN,6,0,1,334,310
4558,LICEO DE ADULTOS JOSÉ MANUEL BALMACEDA FERNÁNDEZ,CONCEPCIÓN,6,0,1,171,167
4559,LICEO LORENZO ARENAS OLIVO,CONCEPCIÓN,6,0,1,93,310
4560,LICEO CHIGUAYANTE,CHIGUAYANTE,6,0,1,254,10
4561,LICEO JUAN MARTINEZ DE ROZAS,CONCEPCIÓN,6,0,1,172,110
4562,LICEO SAN PEDRO,SAN PEDRO DE LA PAZ,2,0,1,378,310
4563,COLEGIO REPÚBLICA DEL ECUADOR,CONCEPCIÓN,6,0,1,262,10
4564,COLEGIO BICENTENARIO REPÚBLICA DEL BRASIL,CONCEPCIÓN,6,0,1,1347,10
4565,LICEO DOMINGO SANTA MARÍA,CONCEPCIÓN,6,0,1,427,10
4566,ESCUELA BASICA REPUBLICA ARGENTINA,CONCEPCIÓN,6,0,1,0,0
4567,ESC.BASIC.LIBERTADOR BDO.O'HIGGINS,CONCEPCIÓN,6,0,3,0,0
4568,ESCUELA LUIS CRUZ OCAMPO,CONCEPCIÓN,6,0,3,0,0
4569,ESCUELA DIEGO PORTALES PALAZUELOS,CONCEPCIÓN,6,0,1,239,10
4570,ESCUELA ESTADOS UNIDOS DE NORTEAMERICA,CONCEPCIÓN,6,0,3,0,0
4571,COLEGIO JOSE HIPOLITO SALAS Y TORO,CHIGUAYANTE,6,0,1,225,10
4572,COLEGIO GRAN BRETAÑA,CONCEPCIÓN,6,0,1,521,10
4574,COLEGIO BICENTENARIO ESPAÑA,CONCEPCIÓN,6,0,1,757,10
4575,COLEGIO JOHN KENNEDY,CHIGUAYANTE,6,0,1,456,10
4576,ESCUELA BELGICA,CHIGUAYANTE,6,0,1,194,10
4577,COLEGIO REPÚBLICA DE ISRAEL,CONCEPCIÓN,6,0,1,300,10
4578,ESCUELA DARIO SALAS MARCHANT,SAN PEDRO DE LA PAZ,2,0,1,427,10
4579,ESCUELA BASICA RENE LOUVEL BERT,CONCEPCIÓN,6,0,1,226,10
4580,ESCUELA ANGEL GUSTAVO ROJAS,CONCEPCIÓN,6,0,2,0,0
4581,ESCUELA OSCAR CASTRO ZUNIGA,CONCEPCIÓN,6,0,1,95,10
4582,ESCUELA ESTHER HUNNEUS DE CLARO,CONCEPCIÓN,6,0,1,135,10
4583,SCHNEIDER,CONCEPCIÓN,6,0,3,0,0
4584,ESCUELA REPUBLICA FEDERAL ALEMANA,CHIGUAYANTE,6,0,1,0,0
4585,LICEO REBECA MATTE BELLO,CONCEPCIÓN,6,0,1,408,10
4586,ESCUELA BASICA MANQUIMAVIDA,CHIGUAYANTE,6,0,1,108,10
4588,COLEGIO JUAN GREGORIO LAS HERAS,CONCEPCIÓN,6,0,1,801,10
4589,LICEO LUCERO GONZALEZ,CONCEPCIÓN,6,0,1,230,10
4591,COLEGIO REPUBLICA DE GRECIA,CHIGUAYANTE,6,0,1,390,10
4592,ESCUELA BÁSICA IRENE FREI DE CID,CONCEPCIÓN,6,0,1,164,10
4593,BASICA SARGENTO CANDELARIA PEREZ,SAN PEDRO DE LA PAZ,2,0,1,224,10
4594,ESCUELA MIGUEL JOSE ZANARTU SANTA MARIA,SAN PEDRO DE LA PAZ,2,0,1,556,10
4595,ESCUELA ENRIQUE SORO BARRIGA,SAN PEDRO DE LA PAZ,2,0,1,485,10
4596,ESCUELA HUERTOS FAMILIARES,SAN PEDRO DE LA PAZ,2,0,3,0,0
4597,ESCUELA LA ESPERANZA,CHIGUAYANTE,6,0,1,47,10
4598,ESCUELA GASPAR CABRALES,CONCEPCIÓN,6,0,3,0,0
4599,CENTRO DE EDUC.DE ADULTOS W.REBOLLEDO,CONCEPCIÓN,6,0,2,0,0
4600,ARMANDO ALARCON DEL CANTO,CONCEPCIÓN,6,0,3,0,0
4601,ESCUELA BASICA COMUN LA ARAUCANA,CHIGUAYANTE,6,0,2,0,0
4602,ESCUELA LAGUNA LO MENDEZ,CONCEPCIÓN,6,0,3,0,0
4603,ESCUELA BASICA LAGOS DE CHILE,CONCEPCIÓN,6,0,1,114,10
4604,ESCUELA BASICA DRA.OBDULIA JIMENEZ DE P.,CONCEPCIÓN,6,0,3,0,0
4605,ESCUELA JOSE MARIA DE LA CRUZ PRIETO,CONCEPCIÓN,6,0,3,0,0
4607,PABLO NERUDA,CONCEPCIÓN,6,0,3,0,0
4608,VICENTE PEREZ ROSALES,CONCEPCIÓN,6,0,3,0,0
4609,ESCUELA PALESTINA DE PALOMARES,CONCEPCIÓN,6,0,1,132,10
4610,ESCUELA BASICA PUENTE ANDALIEN,CONCEPCIÓN,6,0,3,0,0
4611,ESCUELA BASICA LUIS ALBERTO ACEVEDO,SAN PEDRO DE LA PAZ,2,0,1,243,10
4612,ESCUELA LUIS ALFREDO MUÑOZ BURBOA,CONCEPCIÓN,6,0,1,78,10
4613,ESCUELA BASICA LAUTARO,CONCEPCIÓN,6,0,1,78,10
4614,ESCUELA BASICA AGUA DE LA GLORIA,CONCEPCIÓN,6,1,1,189,10
4615,ESCUELA BASICA BOCA DEL BIO BIO SUR,SAN PEDRO DE LA PAZ,2,0,1,358,10
4616,ESCUELA BASICA MICHAIHUE,SAN PEDRO DE LA PAZ,2,0,1,493,10
4617,COLEGIO GALVARINO DE LOMAS COLORADAS,SAN PEDRO DE LA PAZ,2,0,1,535,10
4618,ESCUELA VALLE NONGUEN,CONCEPCIÓN,6,1,3,0,0
4619,OSCAR CASTRO,CONCEPCIÓN,6,0,3,0,0
4620,ESCUELA BASICA CARLOS SAENGER BETHMON,CONCEPCIÓN,6,1,3,0,0
4621,ESCUELA BASICA CASERIO CHAIMAVIDA,CONCEPCIÓN,6,1,3,0,0
4622,ESCUELA BASICA FUNDO CHANCO,CONCEPCIÓN,6,1,1,158,10
4625,COLEGIO PART. JUAN MACKENNA O REILLY,CONCEPCIÓN,3,0,3,0,0
4626,ESCUELA JOSE MIGUEL CARRERA,SAN PEDRO DE LA PAZ,3,0,1,675,10
4627,COLEGIO PARTICULAR AURORA DE CHILE,CHIGUAYANTE,3,0,1,532,10
4628,ESCUELA PARTICULAR PRESIDENTE GABRIEL GONZÁLEZ VIDELA,CHIGUAYANTE,3,0,1,50,10
4629,ESCUELA PARTICULAR PEDRO DE ONA,SAN PEDRO DE LA PAZ,3,0,1,385,10
4630,COLEGIO DEL SAGRADO CORAZON,CONCEPCIÓN,3,0,1,1368,10
4631,COLEGIO PARTICULAR ANDRÉS BELLO,CHIGUAYANTE,3,0,1,1487,10
4632,LICEO SALESIANO DOMINGO SAVIO,CONCEPCIÓN,3,0,3,0,0
4633,COLEGIO PARTICULAR SANTA INES,CHIGUAYANTE,3,0,1,234,10
4634,COLEGIO PARTICULAR SANTIAGO BUERAS,CONCEPCIÓN,3,0,3,0,0
4635,COLEGIO LAGUNA REDONDA,CONCEPCIÓN,3,0,1,299,10
4636,COLEGIO MARCELA PAZ,CONCEPCIÓN,3,0,1,509,10
4638,UNIDAD DE INTEGRACIÓN DEL LIMITADO VISUAL,CONCEPCIÓN,3,0,1,117,216
4639,ESCUELA PARTICULAR SANTA EMILIA,CONCEPCIÓN,3,0,1,94,110
4641,COLEGIO PARTICULAR ALBORADA,SAN PEDRO DE LA PAZ,3,0,1,768,10
4642,MARTIN LUTHER KING,CONCEPCIÓN,3,0,3,0,0
4643,INDUSTRIAL SAN JOSE,CONCEPCIÓN,3,0,3,0,0
4644,COLEGIO PARTICULAR JUAN BOSCO,SAN PEDRO DE LA PAZ,3,0,1,1583,10
4645,COLEGIO PARTICULAR EL LIBERTADOR,CONCEPCIÓN,3,0,1,248,10
4646,COLEGIO SANTA SABINA,CONCEPCIÓN,3,0,1,1295,10
4647,COLEGIO PARTICULAR ALONSO DE ERCILLA,CONCEPCIÓN,3,0,1,112,10
4648,ESCUELA BASICA MALVINA ROMERO VIDAL,CONCEPCIÓN,3,0,1,144,10
4649,COLEGIO PARTICULAR EL ARRAYAN,SAN PEDRO DE LA PAZ,3,0,3,0,0
4650,COLEGIO COLEGIO MARTÍN LUTHER,SAN PEDRO DE LA PAZ,3,0,1,287,10
4651,SAN ANTONIO,CHIGUAYANTE,3,0,3,0,0
4652,GABRIELA MISTRAL,CONCEPCIÓN,3,0,3,0,0
4653,SANTA MAGDALENA SOFIA,CONCEPCIÓN,3,0,3,0,0
4655,COLEGIO ADVENTISTA DE CONCEPCION,CONCEPCIÓN,3,0,1,737,10
4656,ESCUELA PARTICULAR INSTITUTO SAN PEDRO,SAN PEDRO DE LA PAZ,3,0,1,989,10
4657,COLEGIO JAVIERA CARRERA,CHIGUAYANTE,3,0,3,0,0
4658,ESCUELA PARTICULAR MANQUIMAVIDA,CHIGUAYANTE,3,0,1,570,10
4659,COLEGIO LA PROVIDENCIA,CONCEPCIÓN,3,0,1,1084,10
4660,ESCUELA PARTTICULAR SANTA CATALINA DE SIENA,CONCEPCIÓN,3,0,1,224,10
4661,C.E.I.A. MONSEÑOR ALFREDO SILVA SANTIAGO,CONCEPCIÓN,3,0,3,0,0
4662,COLEGIO SAN IGNACIO,SAN PEDRO DE LA PAZ,3,0,1,1745,10
4663,COLEGIO MARIA INMACULADA,CONCEPCIÓN,3,0,1,1793,10
4664,COLEGIO SANTA EUFRASIA,CONCEPCIÓN,3,0,1,1161,10
4665,COLEGIO EDWARD,CONCEPCIÓN,3,0,1,264,10
4666,COLEGIO SANTA LUISA DE CONCEPCION,CONCEPCIÓN,3,0,1,1065,10
4667,COLEGIO SAN PATRICIO,CHIGUAYANTE,3,0,1,770,10
4669,LICEO SAN AGUSTIN DE CONCEPCION,CONCEPCIÓN,3,0,1,1240,10
4670,ESCUELA PARTICULAR EL NAZARENO,CONCEPCIÓN,3,0,1,143,110
4672,LICEO TÉCNICO PROFESIONAL BICENTENARIO JORGE SÁNCHEZ UGARTE,CONCEPCIÓN,3,0,1,1528,110
4673,ESCUELA EBENEZER,CONCEPCIÓN,3,0,2,0,0
4675,ESCUELA PARTICULAR ANDRES BELLO,SAN PEDRO DE LA PAZ,3,0,1,425,10
4677,ESCUELA PARTICULAR SAN JOSE,SAN PEDRO DE LA PAZ,3,0,1,632,10
4679,KINGSTON COLLEGE,CONCEPCIÓN,4,0,1,817,10
4680,COLEGIO BAUTISTA DE CONCEPCION,CONCEPCIÓN,4,0,1,455,10
4681,LOS CONQUISTADORES,CONCEPCIÓN,4,0,3,0,0
4682,EXTERNADO INMACULADA CONCEPCION,CONCEPCIÓN,4,0,3,0,0
4683,KINDERGARTEN CONCEPCION,CONCEPCIÓN,4,0,3,0,0
4684,CARMELA ROMERO DE ESPINOZA,CONCEPCIÓN,4,0,3,0,0
4686,INSTITUTO DE HUMANIDADES ALFREDO SILVA S,CONCEPCIÓN,4,0,1,958,10
4687,COLEGIO ALEMAN DE CONCEPCIÓN,SAN PEDRO DE LA PAZ,4,0,1,1577,10
4688,CHARLES DE GAULLE,CONCEPCIÓN,4,0,1,1226,10
4689,COLEGIO CONCEPCION,CHIGUAYANTE,4,0,1,1019,10
4690,METODISTA DE CONCEPCION,CONCEPCIÓN,4,0,3,0,0
4691,COLEGIO CHILENO ARABE,CHIGUAYANTE,3,0,1,737,10
4692,JARDIN INFANTIL EL MUNDO DE LOS PEQUES,SAN PEDRO DE LA PAZ,4,0,2,0,0
4693,LICEO MIXTO NOCTURNO,CONCEPCIÓN,4,0,3,0,0
4694,SAINT JOHN´S SCHOOL,SAN PEDRO DE LA PAZ,4,0,1,1074,110
4695,BLANCA NIEVES,SAN PEDRO DE LA PAZ,4,0,2,0,0
4696,HAPPY CHILDREN,CONCEPCIÓN,4,0,2,0,0
4697,ESCUELA PARTICULAR SPRING SCHOOL,CONCEPCIÓN,3,0,3,0,0
4698,SAN PEDRO NOLASCO,CONCEPCIÓN,4,0,1,463,10
4700,LICEO BICENTENARIO INDUSTRIAL DE LA CONSTRUCCIÓN HERNÁN VALENZUELA LEYTON,HUALPÉN,5,0,1,620,410
4701,CURSO SATELITE,TALCAHUANO,2,0,3,0,0
4702,LICEO BICENTENARIO ALMIRANTE PEDRO ESPINA RITCHIE,TALCAHUANO,2,0,1,927,310
4703,LICEO INDUSTRIAL JUAN ANTONIO RIOS,TALCAHUANO,2,0,1,274,510
4705,COLEGIO CLAUDIO MATTE PEREZ,TALCAHUANO,2,0,3,0,0
4706,LICEO TÉCNICO PROFESIONAL PEDRO DEL RÍO ZAÑARTU,HUALPÉN,2,0,1,260,310
4707,LICEO COMERCIAL PROFESOR SERGIO MORAGA ARCIL,TALCAHUANO,2,0,1,427,410
4708,LICEO POLIVALENTE LAS SALINAS,TALCAHUANO,2,0,1,252,310
4709,LICEO TECNICO DE TALCAHUANO,TALCAHUANO,2,0,1,563,610
4710,ESCUELA BASICA ARENAL,TALCAHUANO,2,0,3,0,0
4711,ARTURO PRAT CHACON,TALCAHUANO,2,0,1,227,10
4712,LICEO SANTA LEONOR,TALCAHUANO,2,0,1,475,10
4713,ESCUELA THOMAS JEFFERSON D 465,HUALPÉN,2,0,1,461,10
4714,ESCUELA HELEN KELLER ADAMS,HUALPÉN,2,0,1,228,10
4715,LICEO SIMÓN BOLÍVAR,HUALPÉN,2,0,1,217,310
4716,ESCUELA MANUEL ROJAS,HUALPÉN,2,0,2,0,0
4717,LICEO TÉCNICO PROFESIONAL LUCILA GODOY ALCAYAGA,HUALPÉN,2,0,1,299,10
4719,ESCUELA REPUBLICA DEL PERU,HUALPÉN,2,0,1,354,10
4720,ESCUELA D N° 475,TALCAHUANO,2,0,1,144,10
4722,ESCUELA BLANCA ESTELA PRAT CARVAJAL,HUALPÉN,2,0,1,516,10
4723,ESCUELA MEXICO ESTADO DE GUERRERO,TALCAHUANO,2,0,1,325,10
4724,ESCUELA BASICA LA DAMA BLANCA,TALCAHUANO,2,0,1,257,10
4725,ESCUELA VILLA INDEPENDENCIA,TALCAHUANO,2,0,1,207,10
4726,ESCUELA BASICA LAS HIGUERAS,TALCAHUANO,2,0,1,140,10
4727,COLEGIO HUACHIPATO,TALCAHUANO,2,0,1,138,10
4728,COLEGIO LOS CONDORES,TALCAHUANO,2,0,1,286,10
4729,COLEGIO PERLA DEL BIO BIO,HUALPÉN,2,0,2,0,0
4730,ESCUELA ALONKURA,HUALPÉN,2,0,1,396,10
4731,ESCUELA BÁSICA CRISTÓBAL COLÓN,HUALPÉN,2,0,1,153,10
4732,ESCUELA BASICA CRUZ DEL SUR,TALCAHUANO,2,0,1,187,10
4733,LICEO BICENTENARIO ANITA SERRANO SEPULVEDA,TALCAHUANO,2,0,1,235,10
4734,ESCUELA BASICA LIBERTAD,TALCAHUANO,2,0,1,188,10
4736,ESCUELA CORNETA CABRALES,TALCAHUANO,2,0,1,329,10
4737,COLEGIO BASICO VILLA ACERO,HUALPÉN,2,0,1,596,10
4738,,TALCAHUANO,2,0,3,0,0
4739,ESCUELA,TALCAHUANO,2,0,3,0,0
4740,C.E.I.A. HUALPENCILLO,HUALPÉN,2,0,1,139,165
4741,ESCUELA DIFERENCIAL PUERTA NUEVA,TALCAHUANO,2,0,1,0,0
4742,COLEGIO REMODELACION SIMONS,TALCAHUANO,2,0,1,254,10
4743,,TALCAHUANO,2,0,3,0,0
4744,ESCUELA BASICA CERRO CORNOU,TALCAHUANO,2,0,1,120,10
4745,,TALCAHUANO,2,0,3,0,0
4746,ESCUELA BUENA VISTA ZAROR,TALCAHUANO,2,0,1,228,10
4747,ESCUELA F 500 HUERTOS FAMILIARES,TALCAHUANO,2,0,1,99,10
4748,ESCUELA REPUBLICA BOLIVARIANA DE VENEZUELA,TALCAHUANO,2,0,3,0,0
4750,ESCUELA SANTA CLARA,TALCAHUANO,2,0,1,107,10
4751,CENTRO LABORAL POLIVALENTE ALONKURA,TALCAHUANO,2,0,1,26,212
4753,ESCUELA BASICA PENINSULA DE TUMBES,TALCAHUANO,2,1,1,172,10
4754,ESCUELA BASICA CERRO SAN FRANCISCO,TALCAHUANO,2,0,1,527,10
4755,ESCUELA BASICA HUALPEN,HUALPÉN,2,1,3,0,0
4756,ESCUELA CHOME,HUALPÉN,2,1,2,0,0
4757,ESCUELA BASICA CALETA LENGA,HUALPÉN,2,1,2,0,0
4758,COLEGIO CARMELA CARVAJAL DE PRAT,TALCAHUANO,3,1,1,55,110
4759,VIRGINIA NASLARG,TALCAHUANO,3,0,3,0,0
4760,COLEGIO BERNARDO O´HIGGINS,HUALPÉN,3,0,1,536,10
4761,NATURAL LA ARAUCANA,TALCAHUANO,3,0,3,0,0
4762,LICEO LA ASUNCION,TALCAHUANO,3,0,1,2544,10
4764,SAN ANDRES,TALCAHUANO,3,0,3,0,0
4765,DIEGO THOMPSON,TALCAHUANO,3,0,3,0,0
4767,ESCUELA PARTICULAR MANUEL RODRIGUEZ,HUALPÉN,3,0,1,384,10
4768,CENTRO INTEGRAL LOS AROMOS,HUALPÉN,3,0,1,56,212
4769,RAMON GALLEGOS ZUNIGA,TALCAHUANO,3,0,3,0,0
4770,COLEGIO SAN PABLO,TALCAHUANO,3,0,3,0,0
4771,CENTINELA,TALCAHUANO,3,0,3,0,0
4772,ESCUELA ADVENTISTA DE HUALPEN,HUALPÉN,3,0,1,756,10
4773,ESCUELA PARTICULAR GABRIELA MISTRAL,HUALPÉN,3,0,3,0,0
4774,ESCUELA PARTICULAR ENRIQUE MOLINA GARMENDIA,HUALPÉN,3,0,1,0,0
4775,CHALLE,TALCAHUANO,3,0,3,0,0
4776,COLEGIO PARTICULAR LOS ARAUCANOS,TALCAHUANO,3,0,1,0,0
4777,ESCUELA PARTICULAR ESMERALDA,TALCAHUANO,3,0,1,77,10
4778,COLEGIO PARTICULAR TALCAHUANO,TALCAHUANO,3,0,1,652,10
4779,COLEGIO ADVENTISTA DE TALCAHUANO CENTRO,TALCAHUANO,3,0,1,771,10
4780,VILLA PORTALES,TALCAHUANO,3,0,3,0,0
4781,ESCUELA BASICA ELIEZER,TALCAHUANO,3,0,1,205,10
4782,CENTRO EDUCACIÓN EVANGÉLICO DE HUALPÉN,HUALPÉN,3,0,1,1209,10
4784,ESCUELA BASICA PUERTO MONTT,TALCAHUANO,3,0,3,0,0
4785,COLEGIO SANTA BERNARDITA,TALCAHUANO,3,0,1,952,10
4786,ESCUELA SANTA TERESITA,HUALPÉN,3,0,1,372,10
4787,COLEGIO MIRAMAR,TALCAHUANO,3,0,3,0,0
4788,ESCUELA PARTICULAR SAN JUAN EVANGELISTA,HUALPÉN,3,0,3,0,0
4789,EL SOL,TALCAHUANO,3,0,3,0,0
4790,COLEGIO MONTANER DE HUALPEN,HUALPÉN,3,0,1,1054,10
4791,ESCUELA PARTICULAR DIEGO PORTALES,HUALPÉN,3,0,1,64,10
4792,COLEGIO SANTA CECILIA,TALCAHUANO,3,0,1,211,110
4793,INMACULADA CONCEPCION,TALCAHUANO,4,0,3,0,0
4794,COLEGIO ETCHEGOYEN,TALCAHUANO,4,0,3,0,0
4795,SAN MIGUEL,TALCAHUANO,4,0,3,0,0
4796,ARTURO PRAT CHACON,TALCAHUANO,4,0,1,759,10
4798,SAGRADOS CORAZONES,HUALPÉN,4,0,1,1398,10
4799,ANDRES BELLO,TALCAHUANO,4,0,3,0,0
4803,ESCUELA DIFERENCIAL MARTA STOWHAS KARGUS,PENCO,2,0,1,63,212
4804,CENTRO CAPACITACION LABORAL DIFERENCIAL,PENCO,2,1,3,0,0
4805,LICEO PENCOPOLITANO,PENCO,2,0,1,694,310
4806,ESCUELA REPUBLICA DE ITALIA,PENCO,2,0,1,308,10
4807,ESCUELA ISLA DE PASCUA,PENCO,2,0,1,583,10
4808,ESCUELA PENCO,PENCO,2,0,1,193,10
4809,ESCUELA EDUARDO CAMBELL SAAVEDRA,PENCO,2,0,1,97,10
4810,ESCUELA ALMIRANTE JORGE MONTT ÁLVAREZ,PENCO,2,0,1,230,10
4811,ESCUELA ALMIRANTE PATRICIO LYNCH,PENCO,2,0,1,251,10
4812,ESCUELA LA GREDA,PENCO,2,1,1,120,10
4813,ESCUELA VIPLA,PENCO,2,0,1,128,10
4814,ESCUELA ETHEL HENCK DE GRANT,PENCO,2,1,1,172,10
4815,,PENCO,2,0,3,0,0
4817,ESCUELA BASICA PRIMER AGUA ABAJO,PENCO,2,1,1,64,10
4818,COLEGIO PARTICULAR FUNNY SCHOOL,PENCO,3,0,1,185,10
4819,COLEGIO AITUE,PENCO,3,0,2,0,0
4820,ESCUELA PARTICULAR QUEEN ELIZABETH SCHOOL,PENCO,3,0,1,340,10
4821,MIRAMAR,PENCO,3,0,3,0,0
4822,COLEGIO EL REFUGIO,PENCO,3,0,1,631,10
4823,PEDRO AGUIRRE CERDA,PENCO,3,0,3,0,0
4824,LICEO BICENTENARIO DE EXCELENCIA INDUSTRIAL DE TOME,TOMÉ,5,0,1,436,310
4825,LICEO COMERCIAL DE TOME,TOMÉ,2,0,1,381,410
4827,ESCUELA ESPECIAL TOMÉ,TOMÉ,2,0,1,39,212
4828,CURSO SATELITE ESC E-515,TOMÉ,2,0,3,0,0
4829,LICEO VICENTE ALBERTO PALACIOS VALDES,TOMÉ,2,0,1,663,310
4830,LICEO REPÚBLICA DEL ECUADOR,TOMÉ,2,0,1,1014,10
4831,ESCUELA BASICA BELLAVISTA,TOMÉ,2,0,1,269,10
4832,ESCUELA BASICA IGNACIO SERRANO MONTANER,TOMÉ,2,0,1,122,10
4834,ESCUELA BASICA DICHATO,TOMÉ,2,0,1,434,10
4835,ESCUELA BASICA ARTURO PRAT,TOMÉ,2,0,1,544,10
4836,ESCUELA BASICA REPUBLICA DE PANAMA,TOMÉ,2,0,1,144,10
4837,ESCUELA BASICA RAFAEL,TOMÉ,2,1,1,215,10
4838,ESCUELA BASICA CARLOS MAHNS CHOUPAY,TOMÉ,2,0,1,335,10
4839,ESCUELA BASICA COCHOLGUE,TOMÉ,2,1,1,142,10
4840,ESCUELA PATRIMONIAL CALIFORNIA,TOMÉ,2,0,1,111,10
4841,ESCUELA BASICA CERRO ESTANQUE,TOMÉ,2,0,1,280,10
4842,ESCUELA MARIANO EGANA,TOMÉ,2,0,1,162,10
4843,ESCUELA BÁSICA LISA ENRIQUETA PETER TEUBNER,TOMÉ,2,0,1,293,10
4844,ESCUELA BASICA MENQUE,TOMÉ,2,1,1,51,10
4845,ESCUELA BASICA PUNTA DE PARRA,TOMÉ,2,1,1,183,10
4846,ESCUELA BASICA SAN PEDRO DE RINCO,TOMÉ,2,1,3,0,0
4848,ESCUELA BASICA SAN CARLITOS,TOMÉ,2,1,1,80,10
4849,ESCUELA BASICA PISSIS,TOMÉ,2,1,3,0,0
4851,ESCUELA BASICA BURCA,TOMÉ,2,1,1,2,110
4852,ESCUELA BASICA CALETA DEL MEDIO,TOMÉ,2,1,1,90,10
4853,LOMAS ALTAS,TOMÉ,2,0,3,0,0
4854,ESCUELA BASICA SAN FRANCISCO,TOMÉ,2,1,1,6,110
4855,ESCUELA BASICA MILLAHUE,TOMÉ,2,1,1,44,10
4856,ESCUELA BASICA LOS QUILLAYES,TOMÉ,2,1,3,0,0
4857,ESCUELA BASICA SANTA RITA,TOMÉ,2,1,3,0,0
4858,ESCUELA BASICA CORONEY,TOMÉ,2,1,1,6,110
4859,ESCUELA BASICA CHUPALLAR,TOMÉ,2,1,1,8,110
4860,ESCUELA BASICA VEGAS DE COLIUMO,TOMÉ,2,1,1,52,10
4861,ESCUELA BASICA SAN ANTONIO,TOMÉ,2,1,1,6,110
4862,ESCUELA BASICA CONUCO,TOMÉ,2,1,3,0,0
4863,,TOMÉ,2,0,3,0,0
4865,ESCUELA PARTICULAR MARGARITA NASEAU,TOMÉ,3,0,1,976,10
4866,COLEGIO DOCTOR GUILLERMO VELASCO BARROS,TOMÉ,3,0,1,607,10
4867,ESCUELA BASICA RAFAEL AMPUERO VILLARROEL,TOMÉ,3,1,1,66,10
4868,COLEGIO PADRE LUIS AMIGO,CONCEPCIÓN,3,0,1,501,110
4869,ESCUELA BASICA FLORIDA,FLORIDA,6,0,1,382,10
4870,LICEO LUIS DE ALAVA,FLORIDA,6,0,1,288,310
4871,LICEO COPIULEMU,FLORIDA,6,1,1,272,110
4873,ESCUELA RAHUIL,FLORIDA,6,1,1,137,10
4874,ESCUELA BASICA GRANERILLO,FLORIDA,6,1,1,0,0
4875,ESCUELA BASICA CANCHA DE LOS MONTERO,FLORIDA,6,1,1,4,110
4876,ESCUELA BASICA LA PAZ,FLORIDA,6,1,1,0,0
4877,ESCUELA BASICA PONEN,FLORIDA,6,1,1,9,110
4879,ESCUELA BASICA PUENTE SIETE,FLORIDA,6,1,1,45,10
4880,ESCUELA BASICA PAREDONES,FLORIDA,6,1,3,0,0
4882,ESCUELA BASICA QUEBRADA LAS ULLOA,FLORIDA,6,1,1,5,110
4883,ESCUELA BASICA EL QUILLAY,FLORIDA,6,1,3,0,0
4884,,FLORIDA,6,0,3,0,0
4885,,FLORIDA,6,0,3,0,0
4886,ESCUELA BASICA SAN SEBASTIAN DE MANCO,FLORIDA,6,1,1,10,110
4887,ESCUELA BASICA CRUCERO DE HUARO,FLORIDA,6,1,1,0,0
4888,ESCUELA BASICA QUEBRADA DE RIFFO,FLORIDA,6,1,2,0,0
4889,ESCUELA BASICA PENINHUEQUE,FLORIDA,6,1,1,5,110
4890,ESCUELA BASICA VILLAMAVIDA,FLORIDA,6,1,1,84,10
4891,ESCUELA BASICA ROA,FLORIDA,6,1,2,0,0
4892,ESCUELA BASICA JUAN CHICO,FLORIDA,6,1,1,0,0
4893,ESCUELA BASICA SAN ANTONIO DE CUDA,FLORIDA,6,1,2,0,0
4894,PARVULARIO RURAL MANDERSCHEID,FLORIDA,3,1,1,54,10
4896,ESCUELA PARTICULAR UNICORNIO,FLORIDA,3,1,1,25,110
4897,LICEO SAN JUAN BAUTISTA DE HUALQUI,HUALQUI,6,0,1,554,299
4898,ESCUELA MANUEL AMAT Y JUNIET,HUALQUI,6,0,1,602,10
4899,ESCUELA HOGAR LAS TOTORITAS,HUALQUI,6,1,3,0,0
4901,ESCUELA BASICA EL MAITEN,HUALQUI,6,1,1,3,110
4902,ESCUELA CARLOS ALBERTO FERNÁNDEZ CASTILLO,HUALQUI,6,1,1,211,10
4903,ESCUELA BASICA SANTA FILOMENA DE PICHACO,HUALQUI,6,1,1,0,0
4904,ESCUELA BASICA RANGUEL,HUALQUI,6,1,1,11,110
4905,ESCUELA QUINQUIBUENO,HUALQUI,6,1,1,0,0
4906,ESCUELA SAN JOSE LA PALMA,HUALQUI,6,1,1,1,110
4907,ESCUELA GOMERO,HUALQUI,6,1,1,5,110
4908,ESCUELA ALEJANDRO VARELA SANTA MARIA,HUALQUI,6,1,1,117,10
4909,ESCUELA PROFESORA JUANA SALGADO PARRA DE UNIHUE,HUALQUI,6,1,1,57,110
4910,ESCUELA GUILLERMO BARBERI MASSA,HUALQUI,6,1,1,0,0
4911,ESCUELA DE CHILLANCITO,HUALQUI,6,1,1,0,0
4912,ESCUELA MAQUEUTO,HUALQUI,6,1,1,0,0
4913,ESCUELA BARRANCAS JUNTAS,HUALQUI,6,1,1,5,110
4915,ESCUELA LA CALLE,HUALQUI,6,1,1,19,110
4916,ESCUELA BASICA VALLE SAN AMBROSIO,HUALQUI,6,1,3,0,0
4917,ESCUELA SANTA SUSANA DE PICHACO,HUALQUI,6,1,1,2,110
4918,ESCUELA AGUA CORTA,HUALQUI,6,1,1,9,110
4920,ESCUELA SAN NICANOR,HUALQUI,6,1,1,3,110
4921,ESCUELA ARMANDO JOSE SANTOS IBANEZ VARGA,HUALQUI,6,1,1,0,0
4922,COLEGIO CONCEPCION HUALQUI,HUALQUI,3,0,1,613,10
4923,ESCUELA PARTICULAR SANTA CRUZ,HUALQUI,3,1,1,1,110
4924,ESCUELA PARTICULAR SANTO DOMINGO,HUALQUI,3,1,1,0,0
4925,LICEO NUEVA ZELANDIA,SANTA JUANA,2,0,1,585,310
4926,ESCUELA RECAREDO VIGUERAS ARANEDA,SANTA JUANA,2,0,1,323,10
4927,ESCUELA COLICO ALTO,SANTA JUANA,2,1,1,31,110
4929,ESCUELA ESPIGADO,SANTA JUANA,2,1,1,15,110
4930,ESCUELAS LAS CACHANAS,SANTA JUANA,2,1,1,0,0
4932,ESCUELA PODUCO ALTO,SANTA JUANA,2,1,1,0,0
4933,ESCUELA CABRERA,SANTA JUANA,2,1,1,0,0
4934,ESCUELA PAPAL,SANTA JUANA,2,1,3,0,0
4935,ESCUELA TORRE DORADA,SANTA JUANA,2,1,3,0,0
4936,ESCUELA PURGATORIO,SANTA JUANA,2,1,1,0,0
4937,ESCUELA MALAL,SANTA JUANA,2,1,3,0,0
4938,ESCULA BALSEADERO,SANTA JUANA,2,1,2,0,0
4939,ESCUELA CURALI,SANTA JUANA,2,1,3,0,0
4940,ESCUELA CURAMAVIDA,SANTA JUANA,2,1,1,3,110
4941,ESCUELA PODUCO BAJO,SANTA JUANA,2,1,3,0,0
4942,ESCUELA TANAHUILLIN,SANTA JUANA,2,1,1,5,110
4943,ESCUELA CHACAYAL,SANTA JUANA,2,1,1,112,10
4944,ESCUELA HUALLEREHUE,SANTA JUANA,2,1,3,0,0
4946,ESCUELA LA GENERALA,SANTA JUANA,2,1,1,30,110
4947,ESCUELA PARTICULAR CLORINDA AVELLO,SANTA JUANA,3,0,1,754,10
4948,LICEO POLITECNICO ROSAURO SANTANA RIOS,LOTA,2,0,1,234,510
4949,LICEO COMERCIAL PRESIDENTE FREI MONTALVA,LOTA,2,0,1,179,410
4950,ESCUELA ESPECIAL LUIS COUSINO SQUELLA,LOTA,2,0,1,76,212
4951,LICEO CARLOS COUSIÑO GOYENECHEA,LOTA,2,0,1,679,310
4952,LICEO BALDOMERO LILLO FIGUEROA,LOTA,2,0,1,536,10
4953,ESCUELA ISIDORA GOYENECHEA,LOTA,2,0,1,310,10
4954,ESCUELA BASICA SANTA MARIA DE GUADALUPE,LOTA,2,0,1,197,10
4955,ESCUELA BASICA KONRAD ADENAUER,LOTA,2,0,1,102,10
4956,ESCUELA BASICA BELLO HORIZONTE,LOTA,2,0,1,251,10
4957,MATIAS COUSINO,LOTA,2,0,3,0,0
4958,LICEO THOMPSON MATTHEWS,LOTA,2,0,1,484,10
4960,COLEGIO ANGEL DE PEREDO,LOTA,2,0,1,581,10
4961,ESCUELA BASICA COLCURA,LOTA,2,0,1,151,10
4963,ESCUELA BASICA CALETA EL BLANCO,LOTA,2,0,3,0,0
4964,ESC.BASICA SANTA MARIA DE LA COSTA,LOTA,2,0,3,0,0
4965,C.E.I.A SAN LUIS DE POTOSI REPÚBLICA DE MÉXICO,LOTA,2,0,1,272,165
4966,ESCUELA BASICA VALLE DEL LOUTA,LOTA,2,0,2,0,0
4967,ESCUELA BASICA CENTENARIO,LOTA,2,0,1,226,10
4968,ESCUELA BÁSICA ARTÍSTICA ISAÍAS GUEVARA SOTO,LOTA,2,0,1,93,10
4969,LICEO SANTA DORIS,LOTA,3,0,1,147,10
4970,ESCUELA PADRE FRANCISCO DE CROZE,LOTA,3,0,3,0,0
4971,ESCUELA PARTICULAR SANTA TERESA,LOTA,3,0,1,0,0
4973,INSTITUTO HUMANIDADES SAN FRANCISCO DE ASIS,LOTA,3,0,1,1173,10
4974,ESCUELA PARTICULAR GETSEMANI,LOTA,3,0,1,281,10
4975,LICEO BICENTENARIO DE EXCELENCIA INDUSTRIAL FEDERICO SCHWAGER,CORONEL,5,0,1,251,310
4977,LICEO COMERCIAL ANDRES BELLO LOPEZ,CORONEL,2,0,1,930,410
4978,CENTRO EDUCACIÓN INTEGRADA DE ADULTOS SERGIO PERALTA MORALES,CORONEL,2,0,1,0,0
4979,ESCUELA DIFERENCIAL MARÍA ESTER BREVE GONZÁLEZ,CORONEL,2,0,1,79,212
4980,ESCUELA ESPECIAL ADULTOS,CORONEL,2,0,3,0,0
4981,CURSO SATELITE,CORONEL,2,0,3,0,0
4982,LICEO CORONEL ANTONIO SALAMANCA,CORONEL,2,0,1,1430,110
4983,LICEO YOBILO DE CORONEL,CORONEL,2,0,1,570,110
4984,ESCUELA ROSITA RENARD,CORONEL,2,0,1,756,10
4985,ESCUELA BASICA PLAYAS NEGRAS,CORONEL,2,0,1,143,10
4986,ESCUELA ROSA MEDEL AGUILERA,CORONEL,2,0,1,122,10
4987,ESCUELA BASICA JAVIERA CARRERA,CORONEL,2,0,1,300,10
4988,ESCUELA RAFAEL SOTOMAYOR BAEZA,CORONEL,2,0,1,499,10
4989,ESCUELA VICTOR DOMINGO SILVA,CORONEL,2,0,1,360,10
4990,ESCUELA AMBROSIO O´HIGGINS,CORONEL,2,0,1,304,10
4991,ESCUELA REPUBLICA DE FRANCIA,CORONEL,2,0,1,225,10
4992,ESCUELA REMIGIO CASTRO ABURTO,CORONEL,2,0,1,288,10
4994,ESCUELA ADELAIDA MIGUIELES SOTO,CORONEL,2,0,1,318,10
4995,ESCUELA OCTAVIO SALINAS CARIAGA,CORONEL,2,0,1,270,10
4996,ESCUELA VISTA HERMOSA,CORONEL,2,0,1,251,10
4997,ESCUELA JORGE ROJAS MIRANDA,CORONEL,2,0,1,167,10
4998,ESCUELA ROSA YANEZ RODRIGUEZ,CORONEL,2,0,1,193,10
4999,ESCUELA BASICA RAMON FREIRE SERRANO,CORONEL,2,0,1,156,10
5001,ESCUELA ARTURO HUGHES CERNA,CORONEL,2,0,1,674,10
5002,ESCUELA JUAN JOSE LATORRE BENAVENTE,CORONEL,2,1,1,191,10
5003,ESCUELA FRANCISCO COLOANE,CORONEL,2,1,1,142,10
5004,,CORONEL,2,0,3,0,0
5005,ESCUELA ESCUADRON,CORONEL,2,1,1,450,10
5006,ESCUELA BASICA PATAGUAL,CORONEL,2,1,1,26,10
5007,JUAN ANTONIO RIOS,CORONEL,3,0,3,0,0
5008,EUSEBIO LILLO,CORONEL,3,0,3,0,0
5009,COLEGIO PARTICULAR GABRIELA MISTRAL,CORONEL,3,0,1,370,10
5010,ESCUELA METODISTA,CORONEL,3,0,1,564,10
5011,FILOMENA DELGADO,CORONEL,3,0,3,0,0
5012,COLEGIO PARTICULAR SAN PEDRO,CORONEL,3,0,1,523,10
5014,SAN FRANCISCO,CORONEL,3,0,3,0,0
5015,ESCUELA PARTICULAR SAN MARCOS,CORONEL,3,0,1,367,10
5016,COLEGIO PARTICULAR IGNACIO CARRERA PINTO,CORONEL,3,0,1,729,10
5018,PLAYA SUR,CORONEL,3,0,3,0,0
5019,ESCUELA GENARO RIOS CAMPOS,CORONEL,3,0,1,565,10
5020,COLEGIO ANIBAL ESQUIVEL TAPIA,CORONEL,3,0,1,745,110
5021,LICEO TÉCNICO PROFESIONAL DOCTOR RIGOBERTO IGLESIAS BASTÍAS DE LEBU,LEBU,2,0,1,567,110
5022,ESCUELA ESPECIAL JUAN SANDOVAL CARRASCO,LEBU,2,0,1,59,212
5023,ESCUELA PROFESOR ALAMIRO GALLEGOS MUÑOZ,LEBU,2,0,1,22,165
5024,LICEO BICENTENARIO ISIDORA RAMOS DE GAJARDO,LEBU,2,0,1,958,110
5025,ESCUELA PROFESORA REBECA CASTRO ARANEDA,LEBU,2,0,1,518,10
5026,ESCUELA FRESIA GRACIELA MULLER RUIZ,LEBU,2,0,1,1004,10
5028,ESCUELA BOCA LEBU,LEBU,2,0,1,209,10
5029,DOMINGO FAUSTINO SARMIENTO,LEBU,2,0,1,544,10
5031,ESCUELA DR.ARNOLDO EBENSPERGER RICHTER,LEBU,2,0,1,153,10
5032,ESCUELA JOSE JOAQUIN PEREZ,LEBU,2,0,1,0,0
5033,ESCUELA ARTURO EBENSPERGER RICHTER,LEBU,2,0,1,277,10
5034,ESCUELA LA FORTUNA,LEBU,2,0,1,208,10
5035,ESCUELA ARMANDO ARANCIBIA OLIVOS,LEBU,2,1,1,41,110
5036,ESCUELA RUCA RAQUI,LEBU,2,1,1,12,110
5037,ESCUELA CURACO,LEBU,2,1,3,0,0
5038,ESCUELA PEHUEN,LEBU,2,1,1,128,10
5039,ESCUELA GUILLERMO RODRIGUEZ RIOBO,LEBU,2,1,1,182,10
5040,ESCUELA VILLARRICA,LEBU,2,1,1,7,110
5041,ANTILHUE,LEBU,2,0,3,0,0
5042,ESCUELA YENECO,LEBU,2,1,3,0,0
5043,ESCUELA EDUARDO BARRIOS HUDTWALKER,LEBU,2,1,3,0,0
5045,ESCUELA CURICO,LEBU,2,1,3,0,0
5046,ESCUELA PARTICULAR CERRO LA CRUZ,LEBU,3,0,1,169,10
5047,ESCUELA LIBERTADOR GENERAL,ARAUCO,2,0,1,25,167
5048,LICEO BICENTENARIO SAN FELIPE DE ARAUCO,ARAUCO,2,0,1,881,110
5049,ESCUELA BASICA VICENTE MILLAN IRIARTE,ARAUCO,2,0,1,239,10
5050,ESCUELA BÁSICA MARE NOSTRUM,ARAUCO,2,0,1,422,10
5051,ESCUELA BÁSICA DE CARAMPANGUE,ARAUCO,2,0,1,401,10
5052,ESCUELA LOS PINOS,ARAUCO,2,1,1,148,110
5053,ESCUELA JORGE IVAN VALENZUELA ZUNIGA,ARAUCO,2,1,1,141,10
5054,ESCUELA BASICA SAN PEDRO DE LARAQUETE,ARAUCO,2,1,1,239,10
5055,ESCUELA VALLE RAMADILLAS,ARAUCO,2,1,1,109,10
5056,ESCUELA BASICA CARLOS SAEZ SAEZ,ARAUCO,2,1,1,3,110
5057,LICEO TÉCNICO PESQUERO FILIDOR GAETE MONSÁLVEZ,ARAUCO,2,1,1,194,10
5059,ESCUELA HUGO CABRERA AGUIRRE,ARAUCO,2,1,1,4,110
5060,ESCUELA ARMANDO WIESSE FUENTE-ALBA,ARAUCO,2,1,1,2,110
5062,ESCUELA LOMAS DE ANGUILLAS,ARAUCO,2,1,1,0,0
5063,ESCUELA BASICA QUILEN QUILEN,ARAUCO,2,1,2,0,0
5064,ESCUELA FERMIN IBARRA FRITZ,ARAUCO,2,1,1,3,110
5065,ESCUELA QUILANTRAL,ARAUCO,2,1,1,13,110
5066,ESCUELA BASICA PASO LOS TEMOS,ARAUCO,2,1,1,9,110
5067,ESCUELA MAR LOS PINOS,ARAUCO,2,1,1,5,110
5068,ESCUELA DUIDICO,ARAUCO,2,1,1,5,110
5069,ESCUELA BASICA ALTO YANI,ARAUCO,2,1,1,18,110
5070,ESCUELA BASICA VALLE VERDE,ARAUCO,2,1,1,28,110
5071,ESCUELA HILDA YAMIRA GONZALEZ MUNOZ,ARAUCO,2,1,2,0,0
5072,ESCUELA VALLE ARAUCO,ARAUCO,2,1,1,64,10
5073,ESCUELA BASICA BRISAS DEL MAR,ARAUCO,2,1,1,259,10
5074,ESCUELA BASICA CESAR MONSALVE FLORES,ARAUCO,2,1,1,178,10
5076,,ARAUCO,2,0,3,0,0
5077,ESCUELA BASICA LOS BOSQUES,ARAUCO,2,1,3,0,0
5078,ESCUELA CERRO COLORADO,ARAUCO,2,1,1,2,110
5079,ESCUELA CURAQUILLA,ARAUCO,2,1,3,0,0
5080,ESCUELA BASICA PEMEREHUE,ARAUCO,2,1,1,7,110
5081,ESCUELA ALTO RAQUI,ARAUCO,2,1,1,4,110
5082,LICEO SAN FRANCISCO DE ASIS,ARAUCO,3,0,1,1388,10
5083,COLEGIO ARAUCO,ARAUCO,4,0,1,348,10
5084,LICEO POLIVALENTE MARIANO LATORRE,CURANILAHUE,2,0,1,1178,310
5085,ESCUELA RAMIRO ROA GONZALEZ,CURANILAHUE,2,0,1,1178,10
5086,ESCUELA CUATRO DE OCTUBRE,CURANILAHUE,2,0,1,57,110
5087,ESCUELA COLICO SUR,CURANILAHUE,2,0,1,218,10
5088,ESCUELA PABLO NERUDA,CURANILAHUE,2,0,1,744,10
5090,ESCUELA BUENA ESPERANZA,CURANILAHUE,2,0,1,214,10
5091,ESCUELA GABRIELA MISTRAL,CURANILAHUE,2,0,1,136,10
5093,ESCUELA INDEPENDENCIA,CURANILAHUE,2,0,1,280,10
5094,ESCUELA SANTA TERESA DE LOS ANDES,CURANILAHUE,2,0,1,60,212
5095,ESCUELA LOS CRUCEROS,CURANILAHUE,2,1,1,4,110
5096,EL ENCANTO,CURANILAHUE,2,0,3,0,0
5097,ESCUELA BAJO LOS RIOS,CURANILAHUE,2,1,1,1,110
5098,VILLA ALEGRE,CURANILAHUE,2,0,3,0,0
5099,ESCUELA TRONGOL ALTO,CURANILAHUE,2,1,1,1,110
5100,ESCUELA PLEGARIAS,CURANILAHUE,2,1,1,12,110
5101,ESCUELA SAN JOSE DE COLICO,CURANILAHUE,2,1,1,118,10
5102,EL TESORO,CURANILAHUE,2,0,3,0,0
5103,ESCUELA COLICO NORTE,CURANILAHUE,2,1,1,8,10
5104,COLEGIO ALONSO DE ERCILLA,CURANILAHUE,3,0,1,890,10
5105,LICEO BICENTENARIO POLITECNICO CAUPOLICAN,LOS ÁLAMOS,2,0,1,514,299
5106,ESCUELA FELIX EYHERAMENDY,LOS ÁLAMOS,2,0,1,522,10
5107,LICEO TÉCNICO PROFESIONAL SAN PABLO,LOS ÁLAMOS,3,1,3,0,0
5109,LICEO CLAUDIO FLORES SOTO,LOS ÁLAMOS,2,1,1,810,10
5110,ESCUELA PILPILCO,LOS ÁLAMOS,2,1,1,209,10
5112,ESCUELA ZAIDA ARANEDA VIGUERAS,LOS ÁLAMOS,2,1,1,208,10
5113,LICEO ORLANDO DELGADO ZÚNIGA,LOS ÁLAMOS,2,1,1,265,10
5114,ESCUELA TEGUALDA DE RANQUILCO,LOS ÁLAMOS,2,1,1,5,110
5115,ESCUELA TRONGOL BAJO,LOS ÁLAMOS,2,1,1,0,0
5116,ESCUELA JOSE M.CAMPOS MENCHACA,LOS ÁLAMOS,2,1,1,47,110
5117,ESCUELA LOS GUALLES,LOS ÁLAMOS,2,1,1,36,10
5118,ESCUELA CARAMAVIDA,LOS ÁLAMOS,2,1,3,0,0
5119,ESCUELA LAS DUNAS,LOS ÁLAMOS,2,1,1,99,10
5120,ESCUELA INDEPENDENCIA,LOS ÁLAMOS,2,1,1,9,110
5121,ESCUELA JOSE ULLOA FIERRO,LOS ÁLAMOS,2,1,1,119,10
5122,LICEO CRISTO REDENTOR,LOS ÁLAMOS,3,0,1,1016,10
5123,ESCUELA BASICA CACIQUE FRANCISCO MELIN,CAÑETE,2,1,1,200,10
5124,ESCUELA,CAÑETE,2,0,3,0,0
5126,LICEO HUMANISTA CIENTÍFICO JOSÉ DE LA CRUZ MIRANDA CORREA,CAÑETE,2,0,1,681,310
5127,ESCUELA LEONCIO ARANEDA FIGUEROA,CAÑETE,2,0,1,359,10
5128,ESCUELA ARTURO PRAT CHACON,CAÑETE,2,0,1,466,10
5129,ESCUELA BASICA RENE ANDRADES TOLEDO,CAÑETE,2,0,1,336,10
5130,ESCUELA BASICA RUBI NELSON SILVA SALAS,CAÑETE,2,0,1,267,10
5131,LICEO HOMERO VIGUERAS,CAÑETE,2,0,1,259,10
5132,ESCUELA RICARDO COLOMA DIAZ,CAÑETE,2,1,1,213,10
5133,ESCUELA BASICA LLONCAO,CAÑETE,2,1,1,112,10
5134,ESCUELA BASICA LA GRANJA,CAÑETE,2,0,1,171,10
5135,ESCUELA BASICA PAICAVI,CAÑETE,2,1,1,29,110
5136,ESCUELA BASICA COLONIA EL NATRI,CAÑETE,2,1,2,0,0
5137,ESCUELA BASICA BUTAMALAL,CAÑETE,2,1,3,0,0
5138,ESCUELA LENCANBOLDO,CAÑETE,2,1,3,0,0
5140,ESCUELA BASICA FEDERICO GANA,CAÑETE,2,1,1,76,10
5141,,CAÑETE,2,0,3,0,0
5143,ESCUELA BASICA SALTO DEL HUILLINCO,CAÑETE,2,1,1,38,110
5144,ESCUELA BASICA LLENQUEHUE,CAÑETE,2,1,2,0,0
5145,ESCUELA BASICA GARCIA HURTADO DE MENDOZA,CAÑETE,2,1,1,22,110
5146,ESCUELA BASICA ONOFRE CORREA PASCAL,CAÑETE,2,1,2,0,0
5147,ESCUELA BASICA TRES SAUCES,CAÑETE,2,1,1,79,10
5148,,CAÑETE,2,0,3,0,0
5149,BARRIO LEIVA,CAÑETE,3,0,3,0,0
5150,LICEO GABRIELA MISTRAL,CAÑETE,3,0,1,1459,10
5151,ESCUELA PARTICULAR LUIS CRUZ MARTINEZ,CAÑETE,3,1,1,153,10
5152,ESCUELA PARTICULAR EL RIO,CAÑETE,3,1,1,226,10
5153,COLEGIO INSTITUTO SAN JOSE,CAÑETE,3,0,1,552,10
5154,ESCUELA SAN LUIS DE CONTULMO,CONTULMO,2,0,1,321,10
5155,LICEO POLIVALENTE NAHUELBUTA,CONTULMO,2,0,1,354,110
5157,ESCUELA BASICA GALVARINO,CAÑETE,2,1,1,138,10
5158,ESCUELA BASICA JUAN AGUILERA JEREZ,CAÑETE,2,1,1,105,10
5159,ESCUELA HUALLEPEN BAJO,CONTULMO,2,1,1,4,110
5160,ESCUELA BASICA IRMA RAMIREZ SEPULVEDA,CAÑETE,2,1,1,0,0
5162,ESCUELA HUIDE,CONTULMO,2,1,1,11,110
5163,ESCUELA GRANO DE TRIGO,CONTULMO,2,1,1,3,110
5164,MAHUILPE ALTO,CONTULMO,2,0,3,0,0
5165,ESCUELA HUALLEPEN ALTO,CONTULMO,2,1,1,10,110
5166,ESCUELA CALEBU,CONTULMO,2,1,1,96,10
5167,ESCUELA NAHUELBUTA ALTO,CONTULMO,2,1,1,6,110
5168,ESCUELA VILLA RIVAS,CONTULMO,2,1,1,0,0
5169,ESCUELA PICHIHUILLINCO,CONTULMO,2,1,1,9,110
5170,ESCUELA HUILLINCO,CONTULMO,2,1,1,7,110
5171,ESCUELA BASICA FRANCISCO ANTONIO ENCINA,CAÑETE,2,1,2,0,0
5172,ESCUELA BASICA JUAN LAVIN ALVEAR,CAÑETE,2,1,1,112,10
5174,ESCUELA EL ALAMO,CONTULMO,2,1,1,5,110
5175,ESCUELA VILLA ELICURA,CONTULMO,2,1,1,9,110
5176,ESCUELA MAHUILQUE,CONTULMO,2,1,1,7,110
5177,ESCUELA CHACRAS BUENAS,CONTULMO,2,1,3,0,0
5178,ESCUELA BASICA PEDRO ETCHEPARE BORDA,CAÑETE,2,1,1,0,0
5179,ESCUELA BASICA ARTURO DEL PINO PEREIRA,CAÑETE,2,1,3,0,0
5180,ESCUELA PARTICULAR NUEVA AURORA,CAÑETE,3,1,1,68,10
5181,ESCUELA PARTICULAR HUILLINCO ALTO,CONTULMO,3,1,1,166,10
5182,ESCUELA PARTICULAR COLLICO,CAÑETE,3,1,1,0,0
5183,ESCUELA PARTICULAR LLEU-LLEU BAJO,CAÑETE,3,1,1,0,0
5184,SAN FRANCISCO,CONTULMO,3,0,3,0,0
5186,ESCUELA PARTICULAR VILLA HERMOSA,CONTULMO,3,1,1,3,110
5188,ESCUELA PARTICULAR BUCHOCO,CONTULMO,3,1,1,58,110
5189,ESCUELA PARTICULAR LICAUQUEN,CONTULMO,3,1,1,95,10
5191,CHANQUIN,CONTULMO,3,0,3,0,0
5192,ESCUELA ANA MOLINA,TIRÚA,2,1,1,115,10
5193,ESCUELA HECTOR ISAAC CARRASCO HELDT,TIRÚA,2,0,1,142,10
5194,ESCUELA ELOISA GONZALEZ,TIRÚA,2,0,1,300,10
5195,ESCUELA CERRO NEGRO,TIRÚA,2,1,1,7,110
5196,ESCUELA PRIMER AGUA,TIRÚA,2,1,1,101,10
5197,ESCUELA CASA DE PIEDRA,TIRÚA,2,1,1,127,10
5198,ESCUELA ALTO QUILANTAHUE,TIRÚA,2,1,1,2,110
5199,ESCUELA ALTO AILLINCO,TIRÚA,2,1,2,0,0
5200,ESCUELA ULTIMA ESPERANZA,TIRÚA,2,1,1,0,0
5201,ESCUELA PUERTO PALLACO,TIRÚA,2,1,1,0,0
5202,ESCUELA MAPUDUNGUN,TIRÚA,2,1,1,198,10
5203,ESCUELA AGUA DE MOLINO,TIRÚA,2,1,1,6,110
5204,ESCUELA LOS MAQUIS,TIRÚA,2,1,1,6,110
5205,ESCUELA CHILLIMAPU,TIRÚA,2,1,1,46,110
5207,ESCUELA PONOTRO HENCHI AMULEI,TIRÚA,2,1,1,13,110
5208,ESCUELA PARTICULAR LOS LINGUES,TIRÚA,3,1,1,92,10
5209,ANDRES BELLO,TIRÚA,3,0,3,0,0
5210,ESCUELA PARTICULAR SANTOS CHÁVEZ DE CANIHUAL,TIRÚA,3,1,1,111,10
5211,ESCUELA PARTICULAR RANQUILHUE,TIRÚA,3,1,1,107,10
5212,ESCUELA PARTICULAR NUEVA LAS HUELLAS,TIRÚA,3,1,1,35,10
5213,ESCUELA PARTICULAR LAS MISIONES,TIRÚA,3,1,1,11,110
5214,ESCUELA PARTICULAR AILLINCO,TIRÚA,3,1,1,183,10
5215,LICEO INDUSTRIAL B-5 ANGOL,ANGOL,5,0,1,603,310
5216,LICEO COMERCIAL ARMANDO BRAVO BRAVO,ANGOL,2,0,1,445,410
5217,LICEO MERCEDES MANOSALVA AREVALO,ANGOL,2,0,2,0,0
5218,LICEO ENRIQUE BALLACEY COTTEREAU,ANGOL,2,0,1,903,110
5219,LICEO BICENTENARIO POLITECNICO JUANITA FERNANDEZ,ANGOL,2,0,1,854,510
5220,ESCUELA HERMANOS CARRERA,ANGOL,2,0,1,277,10
5221,ESCUELA BASICA NAHUELBUTA,ANGOL,2,0,1,524,10
5224,ESCUELA REPUBLICA FEDERAL ALEMANA,ANGOL,2,0,1,332,10
5225,COLEGIO MARÍA SYLVESTER RASCH,ANGOL,2,0,1,176,10
5226,ESCUELA DIEGO DUBLE URRUTIA,ANGOL,2,0,1,851,10
5227,ESCUELA JOSÉ ELÍAS BOLIVAR HERRERA,ANGOL,2,0,1,237,10
5228,ESCUELA VILLA HUEQUEN,ANGOL,2,0,1,237,10
5229,ESCUELA BASICA ARAGON,ANGOL,2,0,1,1044,10
5230,CENTRO DE DESARROLLO INTEGRAL ESPAÑA,ANGOL,2,0,1,22,212
5231,ESC. FRANCISCO SANDOVAL PACHECO,ANGOL,2,0,3,0,0
5232,ESCUELA BASICA MIGUEL LUIS AMUNATEGUI,ANGOL,2,0,1,59,165
5233,ESCUELA BASICA JUAN M. FERRIERE CAIRE,ANGOL,2,1,1,20,110
5234,ESCUELA BASICA COLONIA LOLENCO,ANGOL,2,1,3,0,0
5235,ESCUELA BASICA LAS CASAS MAITENREHUE,ANGOL,2,1,3,0,0
5236,ESC.BASICA QUEBRADA ONDA MAINTENREHUE,ANGOL,2,1,3,0,0
5238,ESC BASICA OSCAR MUÑOZ MORAGA,ANGOL,2,1,3,0,0
5241,ESCUELA BASICA  BUTACO,ANGOL,2,1,3,0,0
5242,ESC. BASICA ALBOYANCO,ANGOL,2,1,3,0,0
5243,ESC. BASICA CHANLEO,ANGOL,2,1,3,0,0
5244,TRARULEMU,ANGOL,2,1,3,0,0
5245,ESCUELA BASICA ALTIVA ARAUCARIA,ANGOL,2,1,3,0,0
5246,ESCUELA UNION FAMILIAR,ANGOL,2,1,3,0,0
5247,ESCUELA BASICA EL MAITEN,ANGOL,2,1,3,0,0
5248,ESCUELA REPUBLICA DE AUSTRIA,ANGOL,2,1,1,29,110
5249,ESC. BASICA MANUEL RODRIGUEZ,ANGOL,2,1,1,88,10
5250,ESCUELA REGIMIENTO HUSARES,ANGOL,2,1,1,28,110
5251,ESCUELA BASICA PICHIPEHUEN,ANGOL,2,1,3,0,0
5252,ESC. BASICA LOMAS DEL TORO,ANGOL,2,1,3,0,0
5255,ESCUELA SANTA ADRIANA,ANGOL,2,1,3,0,0
5256,ESCUELA BASICA SANTA RITA,ANGOL,2,1,3,0,0
5257,ESCUELA,ANGOL,2,1,3,0,0
5258,ESCUELA BASICA CHACAICO,ANGOL,2,1,1,16,110
5261,ESCUELA BASICA POCHOCOY,ANGOL,2,1,3,0,0
5262,ESC.BASICA ERNESTO RIQUELME,RENAICO,2,1,3,0,0
5263,ESCUELA DE ITRAQUE,ANGOL,2,1,3,0,0
5264,COLEGIO SAN FRANCISCO DE ASIS DE ANGOL,ANGOL,3,0,1,1258,10
5265,COLEGIO ADVENTISTA DE ANGOL,ANGOL,3,0,1,597,10
5266,COLEGIO SAN JOSE,ANGOL,4,0,1,429,10
5267,ESCUELA AGRICOLA EL VERGEL,ANGOL,3,1,1,130,710
5269,ESCUELA PARTICULAR EL MIRADOR,ANGOL,3,1,2,0,0
5270,LICEO POLITECNICO DOMINGO STA MARIA,RENAICO,2,0,1,600,10
5272,ESCUELA BASICA LOS NOGALES,RENAICO,2,0,1,204,10
5273,ESCUELA MUNICIP. LA NOBEL GABRIELA,RENAICO,2,0,1,238,10
5274,LICEO AGRICOLA FORESTAL MANZANARES,RENAICO,2,1,1,83,510
5275,ESC. BASICA JULIO MONTT SALAMANCA,RENAICO,2,1,1,5,110
5276,ESCUELA BASICA TOLPAN,RENAICO,2,1,1,8,110
5277,MANUEL RODRIGUEZ(CERRADO)/RES/412/4/98,RENAICO,2,0,2,0,0
5278,ESC. BASICA ARTURO PEREZ CANTO,RENAICO,2,1,3,0,0
5279,ESCUELA,RENAICO,2,1,3,0,0
5280,SAN FRANCISCO DE ASIS - RENAICO,RENAICO,3,0,1,563,10
5281,ESCUELA PARTICULAR UNION VENECIA,RENAICO,3,1,3,0,0
5282,COMPLEJO EDUCACIONAL COLLIPULLI,COLLIPULLI,2,0,1,914,310
5283,ESCUELA THOMAS ALVA EDISON,COLLIPULLI,2,0,1,335,10
5284,ESCUELA BENJAMIN FRANKLIN,COLLIPULLI,2,0,1,257,10
5286,ESCUELA BASICA VICTOR DURAN PEREZ,COLLIPULLI,2,0,1,372,10
5287,ESCUELA,COLLIPULLI,2,0,3,0,0
5288,ESCUELA MICHIGAN EL AMANECER,COLLIPULLI,2,0,1,248,10
5289,ESCUELA F-90 RAÚL CASTRO MÁRQUEZ,COLLIPULLI,2,0,1,484,10
5290,ESCUELA NICOLAS PEREZ CARDENAS,COLLIPULLI,2,1,1,149,10
5291,ESCUELA BASICA CANADA,COLLIPULLI,2,1,3,0,0
5292,ESCUELA BASICA MIGUEL HUENTELEN,COLLIPULLI,2,1,1,275,10
5294,ESCUELA MUNICIPAL JOEL COLLÍO MORALES,COLLIPULLI,2,1,1,31,110
5295,ESCUELA BASICA SANTA JULIA,COLLIPULLI,2,1,3,0,0
5296,ESCUELA BASICA PEMEHUE,COLLIPULLI,2,1,3,0,0
5297,ESCUELA BASICA EL ENCINAR,COLLIPULLI,2,1,3,0,0
5298,ESCUELA RAHUILMACO,COLLIPULLI,2,1,3,0,0
5300,ESCUELA LOS AROMOS (CERRADA 97),COLLIPULLI,2,0,3,0,0
5305,ESCUELA BASICA VILLA CURACO,COLLIPULLI,2,1,3,0,0
5306,ESCUELA,COLLIPULLI,2,1,3,0,0
5307,ESCUELA BASICA SAN ANDRES,COLLIPULLI,2,1,1,19,110
5308,ESCUELA BASICA EL AVELLANO,COLLIPULLI,2,1,3,0,0
5309,ESCUELA BASICA RIO AMARGO,COLLIPULLI,2,1,1,28,110
5310,ESCUELA BASICA MAPUDANCO,COLLIPULLI,2,1,1,16,110
5311,ESC.BASICA SALTO CHANCAHUA,COLLIPULLI,2,1,3,0,0
5312,ESCUELA BASICA NIBLINTO,COLLIPULLI,2,1,2,0,0
5314,ESCUELA CHIGUAIHUE,COLLIPULLI,2,1,1,33,110
5315,COLEGIO PARTIC. WOLFGANG AMADEUS MOZART,COLLIPULLI,3,0,1,1514,10
5317,ESCUELA PARTICULAR COLIHUINCA TORI,COLLIPULLI,3,1,3,0,0
5319,ESCUELA PARTICULAR CAILLIN,COLLIPULLI,3,1,3,0,0
5320,ESCUELA PARTICULAR SANTA LUCIA,COLLIPULLI,3,1,3,0,0
5322,ESCUELA PARTICULAR SN.JUAN DE LA AMERICA,COLLIPULLI,3,1,1,5,110
5323,LICEO BICENTENARIO POLIVALENTE LONQUIMAY,LONQUIMAY,2,0,1,523,310
5324,ESCUELA MUNICIPAL FRONTERIZA,LONQUIMAY,2,0,1,399,10
5325,ESCUELA BASICA GABRIELA PETERMANN,LONQUIMAY,2,1,3,0,0
5326,ESCUELA BASICA MALALMAHUIDA,LONQUIMAY,2,1,1,125,10
5327,ESCUELA DE LIUCURA,LONQUIMAY,2,1,1,115,10
5328,ESCUELA BASICA MITRAUQUEN,LONQUIMAY,2,1,1,4,110
5329,ESCUELA BASICA CRUZACO,LONQUIMAY,2,1,1,49,110
5330,ESC.BASICA MARTA BRUNET,LONQUIMAY,2,1,2,0,0
5331,ESCUELA BASICA MARIMENUCO,LONQUIMAY,2,1,1,6,110
5332,ESCUELA BASICA LA ANGOSTURA,LONQUIMAY,2,1,1,3,110
5333,ESCUELA DE ICALMA,LONQUIMAY,2,1,1,161,10
5336,ESCUELA BASICA PEHUENCO,LONQUIMAY,2,1,1,11,110
5337,ESCUELA DE SIERRA NEVADA,LONQUIMAY,2,1,1,2,110
5338,ESC. BASICA JUSTO SCHWEITZER M.,LONQUIMAY,2,1,1,15,212
5339,ESCUELA DE TROYO,LONQUIMAY,2,1,1,46,10
5340,ESC. BASICA LEONTINA VASQUEZ RIVERA,LONQUIMAY,2,1,1,3,110
5341,ESCUELA BASICA DOMINGO CAMARGO,LONQUIMAY,2,1,1,95,10
5342,ESCUELA PARTICULAR LONQUIMAY,LONQUIMAY,3,0,1,293,10
5343,LICEO POLITECNICO C-12 CURACAUTIN,CURACAUTÍN,5,0,1,408,310
5344,LICEO LAS ARAUCARIAS,CURACAUTÍN,2,0,1,1145,10
5345,ESCUELA LUIS CRUZ MARTINEZ,CURACAUTÍN,2,0,1,187,10
5346,ESCUELA OSVALDO FUENTES BARRERA,CURACAUTÍN,2,0,1,164,10
5347,ESCUELA PATRICIO CHAVEZ SOTO,CURACAUTÍN,2,0,1,489,10
5348,RAMON EDUARDO RAMIREZ HENRIQUEZ,CURACAUTÍN,2,1,1,143,10
5350,ESCUELA ESPECIAL LOS VOLCANES,CURACAUTÍN,2,0,1,42,212
5351,COLEGIO MANUEL BULNES PRIETO,CURACAUTÍN,2,0,1,11,165
5353,ESCUELA BASICA REPUBLICA DE MEXICO,CURACAUTÍN,2,1,1,125,10
5354,ESCUELA DE RARI-RUCA,CURACAUTÍN,2,1,3,0,0
5357,ESCUELA LOS PRADOS,CURACAUTÍN,2,1,1,3,110
5358,ESCUELA BASICA COLLICO,CURACAUTÍN,2,1,2,0,0
5359,ESCUELA BASICA VEGA LARGA,CURACAUTÍN,2,1,3,0,0
5360,ESCUELA BASICA LEFUCO,CURACAUTÍN,2,1,1,14,110
5362,ESCUELA RIO BLANCO,CURACAUTÍN,2,1,1,2,110
5363,ESCUELA BASICA ALEJO TASCON,CURACAUTÍN,2,1,1,90,110
5364,ESCUELA MANCHURIA,CURACAUTÍN,2,1,1,1,110
5365,ESCUELA JOSE CHANIN SILHY,CURACAUTÍN,2,1,1,2,110
5367,ESCUELA BASICA LA JAULA,CURACAUTÍN,2,1,3,0,0
5368,"ESC. BASICA SAN ARTURO, RADALCO ESTE.",CURACAUTÍN,2,1,1,1,110
5371,ESCUELA DE SANTA JULIA,CURACAUTÍN,2,1,1,15,110
5372,ESCUELA PARTICULAR SANTA ELENA,CURACAUTÍN,3,0,1,430,10
5373,ESCUELA PARTICULAR SANTA EMMA,CURACAUTÍN,3,1,1,82,10
5374,LICEO ALONSO DE ERCILLA Y ZUÑIGA,ERCILLA,2,0,1,328,10
5375,ESCUELA BASICA SALVADOR ALLENDE,ERCILLA,2,0,1,154,10
5376,ESCUELA BASICA SAN RAMON,ERCILLA,2,1,1,10,110
5378,ESCUELA BASICA TEODOCIO URRUTIA,ERCILLA,2,1,1,162,10
5379,ESCUELA TRICAUCO,ERCILLA,2,1,1,9,110
5380,ECUELA FEDERICO RAYDET,ERCILLA,2,1,2,0,0
5381,ESC. ASENTAMIENTO PABLO NERUDA,ERCILLA,2,1,1,5,110
5382,ESCUELA MILLALEVIA,ERCILLA,2,1,1,77,10
5384,ESCUELA BASICA COLONIA CHIGUAYHUE,ERCILLA,2,1,3,0,0
5385,ESCUELA CHACAIMAPU,ERCILLA,2,1,1,39,10
5386,ESCUELA BASICA TEMOCUICUI,ERCILLA,2,1,1,45,10
5387,ESC.PAR.SAN FRANCISCO DE ASIS DE ERCILLA,ERCILLA,3,0,1,285,10
5388,ESCUELA PARTICULAR REQUEN PILLAN,ERCILLA,3,1,3,0,0
5389,ESCUELA PARTICULAR NUPANGUE,ERCILLA,3,1,2,0,0
5390,ESCUELA PARTICULAR LUJAN,ERCILLA,3,1,3,0,0
5391,ESCUELA PARTICULAR SANTA ROSA,ERCILLA,3,1,1,19,110
5392,ESCUELA PARTICULAR EL PROGRESO,COLLIPULLI,3,1,1,14,110
5393,LICEO BICENTENARIO POLITECNICO MANUEL MONTT,VICTORIA,2,0,1,939,363
5394,LICEO JORGE ALESSANDRI RODRIGUEZ,VICTORIA,2,0,1,629,310
5395,ESCUELA MARCELA PAZ,VICTORIA,2,0,1,604,10
5396,COLEGIO IGNACIO CARRERA PINTO,VICTORIA,2,0,1,282,10
5398,ESCUELA HEROES DE IQUIQUE,VICTORIA,2,0,1,271,10
5400,ESCUELA BERNARDO MUNOZ VARGAS,VICTORIA,2,0,3,0,0
5401,ESCUELA ESPECIAL CONFEDERACION SUIZA,VICTORIA,2,0,1,44,212
5403,ESCUELA CLAUDIO MATTE,VICTORIA,2,0,1,41,165
5404,ESCUELA HERNAN TRIZANO AVEZZANA,VICTORIA,2,0,1,28,110
5405,ESCUELA CAYETANO VIGAR FONTECILLA,VICTORIA,2,0,3,0,0
5406,ESCUELA SELVA OSCURA,VICTORIA,2,1,1,253,10
5407,ESCUELA BASICA PATRICIO LINCH,VICTORIA,2,0,1,165,10
5408,ESCUELA PAILAHUEQUE,VICTORIA,2,1,1,124,10
5409,ESCUELA BASICA AGUA DE PLATA,VICTORIA,2,1,3,0,0
5410,ESCUELA PEHUENCO,VICTORIA,2,1,1,11,110
5411,ESCUELA MUNICIPAL MONICA GEBERT MEIER,VICTORIA,2,1,1,173,10
5412,ESCUELA BASICA MARIA ESTER,VICTORIA,2,1,3,0,0
5413,ESCUELA BASICA HUENCHULAO,VICTORIA,2,1,3,0,0
5414,ESCUELA BASICA TOQUIHUE,VICTORIA,2,1,1,21,110
5415,ESCUELA BASICA EL PORVENIR,VICTORIA,2,1,1,4,110
5418,ESCUELA ROSARIO,VICTORIA,2,1,3,0,0
5419,ESCUELA BASICA RENACER,VICTORIA,2,1,3,0,0
5420,ESCUELA AMAZA,VICTORIA,2,1,3,0,0
5421,ESCUELA BASICA LLALLACURA,VICTORIA,2,1,3,0,0
5422,ESCUELA BASICA LAS CARDAS,VICTORIA,2,1,1,34,110
5423,ESCUELA BASICA TRANGOL,VICTORIA,2,1,1,11,110
5424,ESCUELA BASICA SAN LUIS,VICTORIA,2,1,1,19,110
5425,ESCUELA BASICA SANTA ELENA,VICTORIA,2,1,1,77,10
5426,SAN GREGORIO CERRADA R/391/7/4/98,VICTORIA,2,0,3,0,0
5427,ESCUELA QUEIPUL,VICTORIA,2,1,3,0,0
5428,ESCUELA DUMO,VICTORIA,2,1,3,0,0
5429,ESCUELA BASICA LA AURORA,VICTORIA,2,1,3,0,0
5430,ESCUELA BASICA COLO,VICTORIA,2,1,1,25,110
5431,ESCUELA BASICA SAN PEDRO,VICTORIA,2,1,1,24,110
5432,ESCUELA BASICA HUILLINLEBU,VICTORIA,2,1,3,0,0
5434,COLEGIO INSTITUTO VICTORIA,VICTORIA,3,0,1,1142,10
5435,COLEGIO SANTA CRUZ DE VICTORIA,VICTORIA,3,0,1,1063,10
5436,ESCUELA PARTICULAR LA ARAUCANA,VICTORIA,3,1,2,0,0
5437,ESCUELA PARTICULAR BOLLILCO,VICTORIA,3,1,1,11,110
5439,COMPLEJO EDUCACIONAL LUIS DURAND DURAND,TRAIGUÉN,2,0,1,425,110
5440,LICEO LUCILA GODOY ALCAYAGA,TRAIGUÉN,2,0,1,348,110
5441,ESCUELA REPUBLICA DE ISRAEL,TRAIGUÉN,2,0,1,551,10
5442,ESCUELA BASICA EMILIA ROMAGNA,TRAIGUÉN,2,0,1,421,10
5443,ESCUELA AUSTRALIA,TRAIGUÉN,2,0,3,0,0
5444,ESCUELA PROFESOR JUAN DE LA CRUZ MUNOZ M.,TRAIGUÉN,2,0,1,51,165
5446,ESCUELA GUACOLDA,TRAIGUÉN,2,0,1,180,10
5448,ESCUELA BASICA FUNDO CHUFQUEN,TRAIGUÉN,2,1,3,0,0
5449,ESC. BASICA ANIDIR,TRAIGUÉN,2,1,1,20,110
5452,ESCUELA BASICA QUILLANMAHUIDA,TRAIGUÉN,2,1,3,0,0
5453,ESC. BASICA FUNDO SAN RAIMUNDO,TRAIGUÉN,2,1,2,0,0
5454,ESCUELA REDUCCION CONTRERAS,TRAIGUÉN,2,1,3,0,0
5455,ESC.BASICA QUILQUEN,TRAIGUÉN,2,1,1,7,110
5456,ESC. BASICA QUILACO,TRAIGUÉN,2,1,3,0,0
5457,ESCUELA SAN VICENTE,TRAIGUÉN,2,1,3,0,0
5458,ESC. BASICA VILLA EL FORTIN,TRAIGUÉN,2,1,3,0,0
5459,ESC. BASICA FUNDO QUINO,TRAIGUÉN,2,1,1,5,110
5460,ESC. BASICA REDUCCION MALALHUE,TRAIGUÉN,2,1,3,0,0
5461,ESCUELA FUNDO TRIGAL,TRAIGUÉN,2,1,3,0,0
5462,ESC. BASICA REDUCCION TEMULEMU,TRAIGUÉN,2,1,1,27,110
5463,ESC. BASICA DIDAICO,TRAIGUÉN,2,1,1,10,110
5465,COLEGIO BICENTENARIO LOUIS PASTEUR,TRAIGUÉN,3,0,1,942,10
5466,ESCUELA PARTICULAR SANTA ROSA,TRAIGUÉN,3,0,1,199,10
5467,LICEO AGRICOLA Y FORESTAL SUIZO LA PROVI,TRAIGUÉN,3,1,1,100,710
5468,ESCUELA PARTICULAR COLPI,TRAIGUÉN,3,1,3,0,0
5469,ESCUELA PARTICULAR LORENZO COLIPI,TRAIGUÉN,3,1,1,5,110
5470,ESCUELA BASICA REPUBLICA DE ITALIA,LUMACO,2,0,1,300,10
5471,ESCUELA F-174 VALLE DE LUMACO,LUMACO,2,0,1,411,10
5472,ESC. MUNICIPAL PICHIPELLAHUEN,LUMACO,2,1,1,55,110
5473,ESC. BASICA QUETRAHUE,LUMACO,2,1,1,25,110
5474,ESC. BASICA RALUN,LUMACO,2,1,1,12,110
5475,ESC. BASICA PELLAHUEN,LUMACO,2,1,3,0,0
5476,ESC. BASICA CALCOY,LUMACO,2,1,3,0,0
5477,ESC. BASICA LOS COPIHUES,LUMACO,2,1,3,0,0
5479,ESC. BASICA CHANCO,LUMACO,2,1,1,15,110
5480,ESCUELA RUCATRARO ALTO,GALVARINO,2,1,1,15,110
5482,ESC. BASICA RUCAYECO,LUMACO,2,1,1,15,110
5483,ESC. BASICA ALTO LIUCURA,LUMACO,2,1,2,0,0
5484,ESC. BASICA BARROS NEGROS,LUMACO,2,1,3,0,0
5485,ESC. BASICA BUTA RINCON,LUMACO,2,1,1,16,110
5486,ESC. BASICA CERRO PARTIDO,LUMACO,2,1,3,0,0
5487,ESCUELA MUNICIPAL G-180 MARIA RIQUELME MENA,LUMACO,2,1,1,26,110
5488,ESC. BASICA LOLENCO,LUMACO,2,1,3,0,0
5489,ESC. BASICA SANTA ELENA DEL MAITEN,LUMACO,2,1,3,0,0
5490,ESC. BASICA COMUDE,LUMACO,2,1,1,8,110
5492,ESC. BASICA REDUCCION CALBUDIR,LUMACO,2,1,1,15,110
5493,ESCUELA PARTICULAR LAS COLINAS,LUMACO,3,1,1,70,110
5494,ESCUELA PARTICULAR PICHI-LONCOYAN,PURÉN,3,1,1,10,110
5496,ESCUELA PARTICULAR QUILLUCO,LUMACO,3,1,1,2,110
5498,ESCUELA PARTICULAR CURILEBU,LUMACO,3,1,3,0,0
5499,ESCUELA PARTICULAR GABRIELA MISTRAL,TRAIGUÉN,3,0,1,248,110
5502,ESCUELA PARTICULAR SAN GERARDO,LUMACO,3,1,3,0,0
5503,ESCUELA PARTICULAR EL EDEN,PURÉN,3,1,1,19,110
5504,ESCUELA PARTICULAR CALBUCO,LUMACO,3,1,1,16,110
5505,ESCUELA PARTICULAR LAS CARPAS,LUMACO,3,1,3,0,0
5506,ESCUELA GENERAL LAGOS,LUMACO,3,1,1,30,110
5507,LICEO MARIA AURORA GUINEZ RAMIREZ,PURÉN,2,0,1,429,310
5508,ESCUELA PEDRO DE ONA,PURÉN,2,0,1,528,10
5509,LICEO BICENTENARIO INDÓMITO DE PURÉN,PURÉN,2,0,1,410,110
5510,ESCUELA ENZO FERRARI,PURÉN,2,0,1,402,10
5511,ESC. BASICA AGUA SANTA,PURÉN,2,1,3,0,0
5512,ESC.BASICA PINGUIDAHUE,PURÉN,2,1,1,3,110
5513,ESC. BASICA TRANAMAN,PURÉN,2,1,1,11,110
5515,ESC. BASICA EL VALLE,PURÉN,2,1,3,0,0
5516,ESC. BASICA COYANCAHUIN,PURÉN,2,1,3,0,0
5517,ESC. BASICA MANZANAL,PURÉN,2,1,3,0,0
5518,ESC. BASICA CONUNHUENU,PURÉN,2,1,3,0,0
5519,ESC. BASICA CERRO ALTO,PURÉN,2,1,3,0,0
5520,ESC. BASICA IPINCO ALTO,PURÉN,2,1,1,1,110
5521,ESC. BASICA QUILACO,PURÉN,2,1,1,9,110
5522,ESC. BASICA HUITRANLEBU,PURÉN,2,1,1,8,110
5523,ESCUELA PELLAHUENCO,PURÉN,2,1,1,6,110
5524,ESC. BASICA EL LINGUE,PURÉN,2,1,1,3,110
5525,ESC. BASICA CAUPOLICAN,PURÉN,2,1,1,59,10
5526,ESC. BASICA LOS TILOS,PURÉN,2,1,3,0,0
5527,ESC. BASICA HUENOCOLLE,PURÉN,2,1,3,0,0
5529,ESCUELA PARTICULAR AGUA SANTA,PURÉN,3,1,1,0,0
5530,ESCUELA PARTICULAR BOYECO,LUMACO,3,1,3,0,0
5532,ESCUELA PARTICULAR TRULAUQUEN,PURÉN,3,1,1,12,110
5533,ESCUELA PARTICULAR SAN BERNARDO,PURÉN,3,1,1,20,110
5534,ESCUELA PARTICULAR PINGUIDAHUE ARRIBA,PURÉN,3,1,3,0,0
5535,ESCUELA PARTICULAR LOS DERRAMES,PURÉN,3,1,1,4,110
5536,ESCUELA PARTICULAR PICHIHUENOCOLLE,PURÉN,3,1,1,13,110
5537,ESCUELA PARTICULAR REMEHUEICO,PURÉN,3,1,1,40,110
5538,ESCUELA GUSTAVO VASQUEZ DIAZ,LOS SAUCES,2,0,1,304,10
5539,ESCUELA DE LOS SAUCES,LOS SAUCES,2,0,1,239,10
5541,ESC. BASICA ELENA MULLER M.,LOS SAUCES,2,1,1,29,110
5542,ESC. BASICA LINO BARBIERI CANTERGIANI,LOS SAUCES,2,1,1,0,0
5543,ESCUELA SANTA MAGDALENA,LOS SAUCES,2,1,3,0,0
5544,ESC. BASICA SAN RAMON ALTO,LOS SAUCES,2,1,1,0,0
5546,ESC. BASICA OSCAR CASTRO,LOS SAUCES,2,1,1,6,110
5548,ESC. BASICA PIVADENCO,LOS SAUCES,2,1,1,16,110
5550,ESCUELA BASICA VILLA TRINTE,LOS SAUCES,2,1,1,22,10
5551,ESC. BASICA GUINDO GRANDE,LOS SAUCES,2,1,1,13,110
5552,ESC. BASICA NAPADIR,LOS SAUCES,2,1,1,0,0
5553,ESC. BASICA EL MEMBRILLAR,LOS SAUCES,2,1,2,0,0
5554,ESC. BASICA HUITRANLEBU,LOS SAUCES,2,1,1,3,110
5555,ESC. BASICA QUEUQUE,LOS SAUCES,2,1,2,0,0
5556,ESC. BASICA SAN CARLITOS,LOS SAUCES,2,1,2,0,0
5557,ESCUELA VICENTE PEREZ ROSALES,LOS SAUCES,2,1,1,1,110
5558,ESC. BASICA NININCO,LOS SAUCES,2,1,1,2,110
5560,ESC. BASICA NAHUELVE,LOS SAUCES,2,1,3,0,0
5561,ESCUELA DE CENTENARIO,LOS SAUCES,2,1,1,4,110
5563,ESC. BASICA PETRONA PAILLALEO,LOS SAUCES,2,1,1,13,110
5564,SAN RAMON BAJO FUSION C/ 5541-7,LOS SAUCES,2,0,3,0,0
5565,INSTITUTO SUPERIOR DE COMERCIO,TEMUCO,2,0,1,313,410
5566,LICEO INDUSTRIAL A-27 TEMUCO,TEMUCO,5,0,1,902,510
5567,LICEO BICENTENARIO TECNOLOGICO PEDRO AGUIRRE CERDA,TEMUCO,2,0,1,181,510
5568,INSTITUTO SUPERIOR DE ESPECIALIDADES TECNICAS DE TEMUCO,TEMUCO,2,0,1,773,610
5569,LICEO GABRIELA MISTRAL DE TEMUCO,TEMUCO,2,0,1,792,10
5570,LICEO PABLO NERUDA,TEMUCO,2,0,1,2256,110
5571,LICEO ANIBAL PINTO,TEMUCO,2,0,1,0,0
5574,COMPLEJO EDUCACIONAL PADRE LAS CASAS,PADRE LAS CASAS,3,0,1,450,10
5575,ESCUELA ARTURO PRAT,TEMUCO,2,0,1,271,10
5577,ESCUELA CAUPOLICAN,TEMUCO,2,0,3,0,0
5578,ESCUELA LLAIMA,TEMUCO,2,0,1,828,10
5579,ESCUELA MANUEL RODRIGUEZ,TEMUCO,2,0,3,0,0
5580,ESCUELA CAMPOS DEPORTIVOS,TEMUCO,2,0,1,1034,10
5581,ESCUELA LAS QUILAS,TEMUCO,2,0,3,0,0
5582,ESCUELA STANDAR,TEMUCO,2,0,1,173,10
5583,ESCUELA SANTA ROSA,TEMUCO,2,0,1,339,10
5584,ESCUELA JOSE MIGUEL CARRERA,TEMUCO,2,0,2,0,0
5585,ESCUELA VILLA ALEGRE,TEMUCO,2,0,1,191,10
5586,ESCUELA PORVENIR,TEMUCO,2,0,3,0,0
5587,ESCUELA URUGUAY,TEMUCO,2,0,3,0,0
5588,ESCUELA MANUEL RECABARREN,TEMUCO,2,0,1,377,10
5589,ESCUELA MILLARAY,TEMUCO,2,0,1,532,10
5590,COMPLEJO EDUC. UN AMANECER EN LA ARAUCANIA,TEMUCO,2,0,1,363,10
5591,ESCUELA EVARISTO MARIN,TEMUCO,2,0,3,0,0
5592,ESCUELA ANDRES BELLO,TEMUCO,2,0,1,287,10
5594,ESCUELA BASICA MARCELA PAZ,TEMUCO,2,0,3,0,0
5595,ESCUELA SAN ANTONIO,TEMUCO,2,0,3,0,0
5596,COLEGIO MUNDO MAGICO,TEMUCO,2,0,1,952,10
5597,COLEGIO ALONSO DE ERCILLA,TEMUCO,2,0,1,690,10
5598,ESCUELA ESPECIAL NIELOL,TEMUCO,2,0,1,178,212
5599,ESCUELA DARIO SALAS,PADRE LAS CASAS,2,0,1,284,10
5600,ESCUELA DE ADULTOS MANUEL ROJAS,TEMUCO,2,0,1,165,165
5601,ESCUELA MUNICIPAL EL TRENCITO,TEMUCO,2,0,1,122,10
5602,ESCUELA VILLA ITALIA,TEMUCO,2,0,3,0,0
5603,JARDIN INFANTIL MONTE VERDE,TEMUCO,2,0,1,154,10
5604,ESCUELA PEDRO DE VALDIVIA,TEMUCO,2,0,1,139,10
5605,ESCUELA TURINGIA,TEMUCO,2,0,3,0,0
5606,ESCUELA VILLA CAROLINA,TEMUCO,2,0,1,338,10
5607,ESCUELA JAVIERA CARRERA,TEMUCO,2,0,3,0,0
5608,ESCUELA LOS AVELLANOS,TEMUCO,2,0,1,175,10
5611,ESCUELA LOS TRIGALES,TEMUCO,2,0,1,585,10
5613,COMPLEJO EDUCACIONAL LA GRANJA,VILCÚN,2,0,1,642,10
5614,ESCUELA LABRANZA,TEMUCO,2,0,1,561,10
5617,ESCUELA DE PARVULOS CAMPANITA,TEMUCO,2,0,1,50,10
5619,ESCUELA DE PARVULOS SEMILLITA,TEMUCO,2,0,1,63,10
5620,LICEO POLIVALENTE DE ADULTOS SELVA SAAVEDRA,TEMUCO,2,0,1,239,165
5622,ESCUELA BÁSICA BERNARDO ÑANKO,LONQUIMAY,2,1,1,223,10
5623,ESCUELA TRUMPULO CHICO,PADRE LAS CASAS,2,1,1,76,10
5624,ESCUELA METRENCO,PADRE LAS CASAS,2,1,1,205,10
5625,ESCUELA TRUF-TRUF.,PADRE LAS CASAS,2,1,1,180,10
5627,ESCUELA LAUREL HUACHO,PADRE LAS CASAS,2,1,1,101,10
5629,ESCUELA REDUCCION RALUNCOLLAN,TEMUCO,2,1,1,18,110
5630,ESCUELA MANIO CHICO,TEMUCO,2,1,1,83,10
5631,ESCUELA LICANCO,PADRE LAS CASAS,2,1,1,99,10
5632,ESCUELA REDUCCION MONTE VERDE,TEMUCO,2,1,1,31,110
5633,ESCUELA CONOCO CHICO,TEMUCO,2,1,1,5,110
5634,ESCUELA NIRRIMAPU,PADRE LAS CASAS,2,1,1,175,10
5635,ESCUELA TROMEN,PADRE LAS CASAS,2,1,1,44,10
5636,ESCUELA BOTROLHUE,TEMUCO,2,1,1,5,110
5637,ESCUELA TROMEN BAJO,TEMUCO,2,1,1,0,0
5638,ESCUELA COLPANAO,PADRE LAS CASAS,2,1,1,93,10
5639,ESCUELA LIRCAY,TEMUCO,2,1,1,7,110
5640,ESCUELA MOLLULCO,TEMUCO,2,1,1,183,10
5641,ESCUELA REMOLINOS,PADRE LAS CASAS,2,1,2,0,0
5644,ESCUELA TROMEN ALTO,TEMUCO,2,1,1,11,110
5645,ESCUELA BOYECO,TEMUCO,2,1,1,348,10
5646,ESCUELA CHOMIO,PADRE LAS CASAS,2,1,1,117,10
5647,ESCUELA COLLIMALLIN,TEMUCO,2,1,1,37,10
5648,ESCUELA CHAPOD,PADRE LAS CASAS,2,1,1,67,10
5649,ESCUELA FUNDO MAQUEHUE,PADRE LAS CASAS,2,1,1,173,10
5651,ESCUELA PARTICULAR COLLIN,LAUTARO,3,1,1,0,0
5652,COLEGIO PROVIDENCIA DE TEMUCO,TEMUCO,3,0,1,759,10
5653,LICEO CARLOS CONDELL DE LA HAZA,TEMUCO,3,0,1,334,310
5654,INSTITUTO CLARET,TEMUCO,3,0,1,3227,10
5655,LICEO COMERCIAL TEMUCO BICENTENARIO DE EXCELENCIA,TEMUCO,3,0,1,1113,410
5656,LICEO POLITECNICO PUEBLO NUEVO,TEMUCO,3,0,1,980,110
5658,COMPLEJO EDUCACIONAL JAVIERA CARRERA,TEMUCO,3,0,1,295,310
5659,ESCUELA Y LICEO MONTESSORI,TEMUCO,3,0,1,1006,10
5661,LICEO ADVENTISTA DE TEMUCO,TEMUCO,3,0,1,1122,10
5662,LICEO ESPANA DE TEMUCO,TEMUCO,3,0,1,270,310
5663,LICEO BICENTENARIO DE EXCELENCIA  PADRE OSCAR MOSER,PADRE LAS CASAS,3,0,1,1117,410
5664,COLEGIO AUGUSTO WINTER,TEMUCO,3,0,1,380,10
5665,COL.PART.ESP.DE DEF. AUDIT.ANGLICANO,TEMUCO,3,0,3,0,0
5666,LICEO CAMILO HENRIQUEZ DE TEMUCO,TEMUCO,3,0,1,2432,110
5667,ESC.PARTIC. MONS.GUIDO DE RAMBERGA,PADRE LAS CASAS,3,0,1,654,10
5668,ESCUELA BASICA VISTA VERDE,TEMUCO,3,0,1,215,10
5669,COLEGIO MADRE ADMIRABLE DE SCHOENSTATT,TEMUCO,3,0,1,548,10
5670,COLEGIO SAN FRANCISCO,TEMUCO,3,0,1,858,10
5675,ESCUELA PARTICULAR ARTURO ARRIAGADA,TEMUCO,3,0,1,149,10
5677,ESC. ESP.RETARDO MENTAL LAS ARAUCARIAS,TEMUCO,3,0,1,0,0
5678,ESCUELA PARTICULAR NTRA.SRA.DEL CARMEN,PADRE LAS CASAS,3,0,1,491,10
5680,ESC.PART.SAN FRANCISCO DE ASIS DE TEMUCO,TEMUCO,3,0,1,705,10
5681,COLEGIO JUAN BOSCO,TEMUCO,3,0,3,0,0
5682,ESCUELA PARTICULAR FRANCIA,TEMUCO,3,0,1,361,10
5683,ESCUELA PARTICULAR PADRE VENANCIO,PADRE LAS CASAS,3,0,1,143,10
5684,ESCUELA PART. WENCESLAO VALDIVIA,TEMUCO,3,0,1,132,10
5686,ESCUELA PARTICULAR EL ROBLE,TEMUCO,3,0,2,0,0
5690,ESCUELA PARTICULAR LA ESPIGA,TEMUCO,3,0,1,224,10
5693,ESCUELA PARTICULAR ESTRELLA DE BELEN,TEMUCO,3,0,1,44,10
5694,ESCUELA PARTICULAR ALIANZA,TEMUCO,3,0,1,61,10
5695,ESCUELA PARTICULAR SAN RAFAEL ARCANGEL,PADRE LAS CASAS,3,0,1,206,10
5697,ESCUELA PARTICULAR LAS AMERICAS,TEMUCO,3,0,1,516,10
5698,ESCUELA PARTICULAR ARAUCANIA,TEMUCO,3,0,3,0,0
5700,ESCUELA PARTICULAR LOS REYES,TEMUCO,3,0,3,0,0
5701,ESCUELA PARTICULAR VILLA IRMA,TEMUCO,3,0,3,0,0
5703,LICEO BICENTENARIO DE EXCELENCIA TECNICO PROFESIONAL CENTENARIO,TEMUCO,3,0,1,444,10
5705,ESCUELA PARTICULAR EL SEMBRADOR,PADRE LAS CASAS,3,0,3,0,0
5706,ESCUELA PARTICULAR SAN JUAN,TEMUCO,3,0,1,337,10
5709,ESCUELA PARTICULAR LOS TRIGALES,TEMUCO,3,0,1,159,10
5711,LICEO PARTICULAR NAZARETH,TEMUCO,3,0,2,0,0
5713,COLEGIO PARTICULAR I. CULTURA BRITANICA,TEMUCO,3,0,1,384,10
5714,ESCUELA PART.SANTA MARIA DE LA RIBERA,TEMUCO,3,0,1,110,10
5716,PADRE BARTOLOME DE LAS CASAS,PADRE LAS CASAS,3,0,1,342,10
5717,ESCUELA PARTICULAR CLAUDIO MATTE,TEMUCO,3,0,1,481,10
5718,ESCUELA PARTICULAR DE PARVULOS,TEMUCO,3,0,3,0,0
5719,ESCUELA PARTICULAR ARAUCANIA,TEMUCO,3,0,1,429,10
5720,COLEGIO ÑIELOL CHE KIMUN,PADRE LAS CASAS,3,1,1,354,10
5722,ESCUELA PARTICULAR PAPELUCHO,TEMUCO,3,0,1,67,10
5723,ESCUELA PARTICULAR VILLA AISEN,TEMUCO,3,0,3,0,0
5725,ESCUELA PARTICULAR SAN BERNARDO,PADRE LAS CASAS,3,0,1,742,10
5726,COLEGIO MANUEL MONTT,TEMUCO,3,0,1,327,10
5729,LICEO TÉCNICO FEMENINO SANTA CRUZ ÑIELOL,TEMUCO,3,0,1,84,110
5730,ESCUELA PARTICULAR ROBLE HUACHO,PADRE LAS CASAS,3,1,1,187,10
5731,ESCUELA PARTICULAR MILLAHUECO,PADRE LAS CASAS,3,1,1,28,110
5732,ESCUELA PARTICULAR MAQUEHUE,PADRE LAS CASAS,3,1,1,132,10
5733,ESCUELA PARTICULAR CATRIMALAL,TEMUCO,3,1,3,0,0
5734,ESCUELA PARTICULAR BOTRONHUE,TEMUCO,3,1,1,8,110
5736,ESCUELA PARTICULAR PLOM METRENCO,PADRE LAS CASAS,3,1,3,0,0
5737,ESCUELA PARTICULAR HERMANO PASCUAL,PADRE LAS CASAS,3,1,1,96,10
5739,ESCUELA PART. LOS COPIHUES,TEMUCO,3,1,2,0,0
5740,ESCUELA PARTICULAR SAN MANUEL,PADRE LAS CASAS,3,1,1,14,110
5742,ESCUELA PARTICULAR RANQUILCO,PADRE LAS CASAS,3,1,3,0,0
5744,ESCUELA PARTICULAR SAN SILVESTRE,TEMUCO,3,1,2,0,0
5745,ESCUELA PARTICULAR MILLANTU,TEMUCO,3,1,1,168,110
5746,ESCUELA PARTICULAR MONO PAINE,TEMUCO,3,0,1,258,10
5747,ESCUELA BELLAVISTA DE COYAHUE,PADRE LAS CASAS,3,1,2,0,0
5748,ESCUELA PARTICULAR LAS LOMAS,PADRE LAS CASAS,3,1,1,74,10
5750,ESCUELA PARTICULAR CRUZ DE MAYO,PADRE LAS CASAS,3,1,1,38,110
5751,ESCUELA SAN ANTONIO DE NIENOCO,TEMUCO,3,1,1,37,10
5752,ESCUELA PARTICULAR SAN PEDRO RAPA,PADRE LAS CASAS,3,1,1,29,110
5753,ESCUELA PARTICULAR SAN MIGUEL,PADRE LAS CASAS,3,1,1,113,10
5754,ESCUELA PARTICULAR NUEVA MEMBRILLAR,PADRE LAS CASAS,3,1,1,56,110
5756,ESCUELA PARTICULAR RENGALIL,TEMUCO,3,1,1,70,110
5759,ESCUELA PARTICULAR BOYECO,TEMUCO,3,1,1,35,110
5760,ESCUELA PARTICULAR DIEGO PORTALES,TEMUCO,3,1,1,41,110
5761,ESCUELA SAN MARTIN DE PORRES,PADRE LAS CASAS,3,1,1,161,10
5763,ESCUELA PARTICULAR MANZANAR DE LLEUPECO,PADRE LAS CASAS,3,1,1,139,10
5764,ESCUELA PARTICULAR ZANJA,PADRE LAS CASAS,3,1,1,64,110
5765,ESCUELA PARTICULAR KIMELTU DE PANCO,TEMUCO,3,1,1,22,110
5766,ESCUELA BÁSICA PARTICULAR SUBVENCIONADA GUIDO BUCHER,PADRE LAS CASAS,3,1,1,33,110
5767,ESCUELA PARTICULAR TRES CERROS,PADRE LAS CASAS,3,1,1,114,10
5768,ESCUELA PARTICULAR SAN VICENTE,PADRE LAS CASAS,3,1,1,61,110
5770,ESCUELA BASICA KOYAM,PADRE LAS CASAS,3,1,1,22,10
5773,ESCUELA PARTICULAR LUIS CRUZ MARTINEZ,TEMUCO,3,1,1,68,10
5774,ESCUELA PARTICULAR SAN FRANCISCO DE CUNCO CHICO,PADRE LAS CASAS,3,1,1,234,10
5776,ESCUELA PARTICULAR VIRGEN DE GUADALUPE,PADRE LAS CASAS,3,1,1,23,110
5778,ESCUELA PARTICULAR EL VALLE,PADRE LAS CASAS,3,1,1,51,10
5779,ESCUELA PARTICULAR EL ESFUERZO,PADRE LAS CASAS,3,1,1,32,110
5781,ESCUELA PARTICULAR ARAUCO,PADRE LAS CASAS,3,1,1,84,10
5782,ESCUELA PARTICULAR SIGLO XXI,TEMUCO,3,0,1,517,10
5783,ESCUELA PARTICULAR SAN JOSE,TEMUCO,3,1,1,12,110
5784,ESCUELA PARTICULAR SARGENTO CANDELARIA,PADRE LAS CASAS,3,1,1,41,110
5785,ESCUELA PARTICULAR SAN MATEO,TEMUCO,3,1,1,2,110
5787,ESCUELA PARTICULAR CENTRAL QUILACO,PADRE LAS CASAS,3,1,3,0,0
5790,ESCUELA PARTICULAR EL CRUCERO,TEMUCO,3,1,1,121,10
5791,ESCUELA PARTICULAR WITRAMALAL,PADRE LAS CASAS,3,1,1,46,10
5792,ESCUELA PARTICULAR EL ALBA,TEMUCO,3,1,3,0,0
5793,ESCUELA ANDRES BELLO,PADRE LAS CASAS,3,1,1,53,10
5794,ESCUELA PARTICULAR PROF.ANDRES AGUAYO,PADRE LAS CASAS,3,1,1,43,110
5796,ESCUELA PARTICULAR DOCTOR MUHAJIR,TEMUCO,3,1,1,86,10
5797,ESCUELA PARTICULAR REPOCURA,PADRE LAS CASAS,3,1,1,62,10
5798,ESCUELA PARTICULAR NIRRIMAPU,PADRE LAS CASAS,3,1,1,64,110
5799,ESCUELA SANTA INES DE CAIVICO,PADRE LAS CASAS,3,1,1,24,110
5800,ESCUELA PARTICULAR JOSE LUIS SANFUENTES,PADRE LAS CASAS,3,1,1,35,110
5801,ESCUELA PARTICULAR POETA ERCILLA,PADRE LAS CASAS,3,1,1,34,110
5803,ESCUELA PARTICULAR PICHI ITINENTO,PADRE LAS CASAS,3,1,1,40,10
5804,ESCUELA BASICA PARTICULAR CINCO LAUREL,TEMUCO,3,1,3,0,0
5806,ESCUELA PARTICULAR DAVID RIADI MATUS,PADRE LAS CASAS,3,1,1,362,110
5807,ESCUELA PARTICULAR LA ROCA,PADRE LAS CASAS,3,1,2,0,0
5808,COLEGIO DE LA SALLE,TEMUCO,4,0,1,934,10
5810,COLEGIO BAUTISTA,TEMUCO,4,0,1,1079,10
5812,COLEGIO ALEMAN,TEMUCO,4,0,1,974,10
5813,COLEGIO CENTENARIO,TEMUCO,3,0,1,1366,10
5814,COLEGIO SANTA CRUZ,TEMUCO,3,0,1,1117,10
5815,CARACOLITO,TEMUCO,4,0,3,0,0
5816,COLEGIO METODISTA,TEMUCO,3,0,1,683,10
5817,COL.INGLES GEORGE CHAYTOR(RES139-02-08),TEMUCO,4,0,3,0,0
5820,MICKEY - MOUSE,TEMUCO,4,0,3,0,0
5823,LICEO H-C JORGE TEILLIER SANDOVAL,LAUTARO,2,0,1,1101,310
5824,ESC. BASICA NUMERO SEIS,LAUTARO,2,0,1,643,10
5825,ESC. BASICA AMELIA GODOY,LAUTARO,2,0,1,217,10
5827,ESCUELA IRENE FREI,LAUTARO,2,0,1,255,10
5828,ESC. BASICA GUACOLDA,LAUTARO,2,0,1,393,10
5829,ESCUELA LOS CACHORROS,LAUTARO,2,0,1,576,10
5830,ESCUELA DE LAUTARO,LAUTARO,2,0,1,21,165
5831,LICEO LOS CASTANOS,LAUTARO,2,0,1,320,10
5832,ESC. BASICA NIERECO,LAUTARO,2,1,1,112,110
5833,ESC. BASICA REWE KIMUN,LAUTARO,2,1,1,48,110
5834,ESC. BASICA ALTO MECO,LAUTARO,2,1,1,10,110
5835,ESC. BASICA VILLA COIHUECO,LAUTARO,2,1,1,7,110
5837,ESCUELA DOLLICO ALTO,LAUTARO,2,1,1,6,110
5838,ESC. BASICA LAS MINAS,LAUTARO,2,1,1,11,110
5839,ESCUELA LOS PINOS( CERRADO),LAUTARO,2,0,3,0,0
5840,ESC. BASICA FLOR DE ULMO,LAUTARO,2,1,3,0,0
5841,ESCUELA DE LLIULLIUCURA,LAUTARO,2,1,3,0,0
5843,ESC. BASICA DOLLINCO BAJO,LAUTARO,2,1,3,0,0
5844,ESC. BASICA SAN LUIS DE ROBLER-A,LAUTARO,2,1,1,3,110
5846,ESC. BASICA TRES ESQUINAS,LAUTARO,2,1,1,24,110
5847,ESC. BASICA SANTA YOLANDA,LAUTARO,2,1,1,28,110
5848,ESC. BASICA CAMPESINA,LAUTARO,2,1,3,0,0
5849,ESC. BASICA PUMALAL,LAUTARO,2,1,1,8,110
5850,ESC. BASICA VISTA HERMOSA,LAUTARO,2,1,1,4,110
5851,ESC. BASICA CHUMIL,LAUTARO,2,1,1,7,110
5852,ESC. BASICA EL ESCUDO,LAUTARO,2,1,1,29,110
5854,ESC. BASICA VEGA LARGA,LAUTARO,2,1,1,126,10
5855,ESC. BASICA MUCO CHUREO,LAUTARO,2,1,1,16,110
5856,ESCUELA BASICA EL CRUCERO G 318,LAUTARO,2,1,3,0,0
5857,ESC. BASICA MALPICHAHUE,LAUTARO,2,1,1,14,110
5858,ESCUELA SANTA ANA,LAUTARO,2,1,3,0,0
5859,ESC. BASICA REDUCCION MARILEO,LAUTARO,2,1,3,0,0
5861,ESC.PART.SAN FRANCISCO DE ASIS - LAUTARO,LAUTARO,3,0,1,818,10
5862,ESCUELA PARTICULAR CORAZON DE JESUS,LAUTARO,3,0,1,433,10
5863,ESCUELA PARTICULAR NUEVA ALEMANA,LAUTARO,3,0,3,0,0
5868,ESCUELA PARTICULAR QUILACURA,LAUTARO,3,1,1,103,10
5869,ESCUELA PARTICULAR SANTA TERESA,LAUTARO,3,1,1,163,10
5871,ESCUELA PARTICULAR SANTA TERESITA,LAUTARO,3,1,1,25,110
5872,ESCUELA PARTICULAR HUINCA RAILAO,LAUTARO,3,1,2,0,0
5873,ESCUELA PARTICULAR LOS HUALLES,LAUTARO,3,1,1,67,10
5875,ESCUELA PARTICULAR NUEVA DOLLINCO,LAUTARO,3,1,1,145,10
5876,ESCUELA PARTICULAR SAN RAFAEL,LAUTARO,3,1,1,59,110
5877,ESCUELA PARTICULAR LOS SOLARES,LAUTARO,3,1,2,0,0
5878,ESCUELA PARTICULAR VALLEPENCO,LAUTARO,3,1,1,149,10
5879,LICEO ISABEL POBLETE V.,PERQUENCO,2,0,1,451,110
5880,ESCUELA EDUARDO FREI MONTALVA,PERQUENCO,2,0,1,400,10
5881,ESCUELA NOVOA,PERQUENCO,2,1,3,0,0
5882,ESC. BASICA EL SOL,PERQUENCO,2,1,3,0,0
5885,ESCUELA LOS QUIQUES,PERQUENCO,2,1,1,102,10
5886,ESCUELA BASICA REHUECOYAN,PERQUENCO,2,1,3,0,0
5887,ESCUELA DE CAYUL,PERQUENCO,2,1,3,0,0
5888,ESC. BASICA PARLAMENTO,PERQUENCO,2,1,1,151,10
5889,ESC. BASICA REDUCCION NECUL,PERQUENCO,2,1,3,0,0
5890,ESC. BASICA PITRACO,PERQUENCO,2,1,3,0,0
5891,ESC. BASICA RINCONADA,PERQUENCO,2,1,3,0,0
5893,ESCUELA PARTICULAR LAS CEREZAS,PERQUENCO,3,1,1,25,110
5894,ESCUELA PARTICULAR LA ESTRELLA,PERQUENCO,3,1,1,134,10
5896,ESCUELA JAPON,VILCÚN,2,0,1,131,10
5897,COLEGIO AMERICA,VILCÚN,2,0,1,586,10
5899,ESCUELA DAGOBERTO GODOY,VILCÚN,2,1,1,110,10
5900,ESC. BASICA QUINTRILPE,VILCÚN,2,1,3,0,0
5901,ESC. BASICA VEGA REDONDA,VILCÚN,2,1,1,196,10
5902,ESCUELA MARTIN ALONQUEO PIUTRIN,VILCÚN,2,1,1,228,10
5905,ESC. BASICA COLLIN ALTO,VILCÚN,2,1,1,61,110
5909,ESC. BASICA HOGAR DE PEDREGOSO,CUNCO,2,1,3,0,0
5910,ESC. BASICA METO NORTE,VILCÚN,2,1,3,0,0
5911,ESC. BASICA CANTINO,VILCÚN,2,1,1,35,110
5912,ESC.CURACO CERRADA R/391/7/05/98,VILCÚN,2,0,3,0,0
5913,ESC. BASICA BAJO LLEUQUE,VILCÚN,2,1,3,0,0
5914,ESC. BASICA SANTA EULALIA,VILCÚN,2,1,3,0,0
5915,ESCUELA TRAIPO,PADRE LAS CASAS,2,1,3,0,0
5919,ESCUELA PADRE OSVALDO VEGA,VILCÚN,3,0,1,199,10
5921,LICEO BICENTENARIO PADRE NICOLÁS,VILCÚN,3,0,1,590,310
5922,ESCUELA PART.INMACULADA CONCEPCION,VILCÚN,3,0,3,0,0
5923,LICEO AGRICOLA CRUZ DEL SUR,VILCÚN,3,1,1,83,710
5924,ESCUELA PARTICULAR CURACO,VILCÚN,3,1,2,0,0
5925,ESCUELA PARTICULAR CURILEO,VILCÚN,3,1,3,0,0
5926,ESCUELA PARTICULAR QUILACURA,VILCÚN,3,1,3,0,0
5927,ESCUELA PARTICULAR CODINHUE,VILCÚN,3,1,1,10,110
5928,ESCUELA PARTICULAR STA.AMALIA-C.MENDOZA,VILCÚN,3,1,3,0,0
5930,ESCUELA PARTICULAR SANTA GERTRUDIS,VILCÚN,3,1,1,13,110
5931,ESCUELA PARTICULAR MALLA,VILCÚN,3,1,2,0,0
5932,ESCUELA PARTICULAR COLONIA MENDOZA,VILCÚN,3,1,2,0,0
5933,ESCUELA PARTICULAR EL NATRE,VILCÚN,3,1,1,9,110
5935,ESCUELA PARTICULAR SANTA TERESITA,VILCÚN,3,1,1,99,10
5936,ESCUELA PARTICULAR POCO A POCO,PADRE LAS CASAS,3,1,3,0,0
5938,SAN MIGUEL DE QUINTRILPE,VILCÚN,3,1,1,100,10
5939,ESCUELA PARTICULAR NUEVA CAIVICO,VILCÚN,3,1,3,0,0
5940,ESCUELA PARTICULAR VIRGEN DE FATIMA,VILCÚN,3,1,1,379,10
5942,ESCUELA PARTICULAR SAN ANTONIO,VILCÚN,3,1,1,102,10
5943,ESCUELA PART. ASENTAMIENTO EL TESORO,VILCÚN,3,1,3,0,0
5945,ESCUELA PARTICULAR RENICO,VILCÚN,3,1,3,0,0
5946,ESCUELA NUEVO SIGLO,TEMUCO,3,0,3,0,0
5947,ESCUELA PARTICULAR CRUZ DEL SUR,VILCÚN,3,1,1,40,110
5952,ESCUELA PARTICULAR SANTA MONICA,VILCÚN,3,1,1,72,10
5954,ESCUELA PARTICULAR LOS ROBLES,VILCÚN,3,1,1,77,10
5955,ESCUELA PARTICULAR MONTERREY,VILCÚN,3,0,1,333,10
5957,LICEO MUNICIPAL ATENEA,CUNCO,2,0,1,792,10
5959,LICEO ARTURO VALENZUELA,CUNCO,2,0,1,470,10
5960,ESCUELA BASICA LAS HORTENCIAS,CUNCO,2,0,1,142,10
5961,ESC. BASICA PITRUNCO,CUNCO,2,1,3,0,0
5962,ESCUELA HECTOR VALENZUELA CEA,VILLARRICA,2,0,1,58,167
5963,ESC. BASICA LLANQUI LLANQUI,CUNCO,2,1,2,0,0
5964,ESC. BASICA SAN CAMILO,CUNCO,2,1,1,6,110
5967,ESC. LAS MARGARITAS,CUNCO,2,1,3,0,0
5968,ESC. BASICA DALCAHUE,CUNCO,2,1,3,0,0
5970,ESCUELA VIDA Y PAZ,CUNCO,2,1,1,83,10
5972,ESCUELA BASICA SAN ENRIQUE FAJA 10.000,CUNCO,2,1,3,0,0
5973,ESC. BASICA EL ROSAL,CUNCO,2,1,1,12,110
5974,ESCUELA PARTICULAR RIOS DE AGUA VIVA,PADRE LAS CASAS,3,1,2,0,0
5975,ESC. BASICA FAJA 2000 HUICHAHUE,CUNCO,2,1,2,0,0
5976,ESC. BASICA FAJA 6000,CUNCO,2,1,3,0,0
5977,ESC. BASICA QUINETRU,CUNCO,2,1,1,6,110
5978,ESCUELA MUNICIPAL ADRIANO ARELLANO CABRERA,CUNCO,2,1,2,0,0
5980,ESC. BASICA LLAULLAHUE,CUNCO,2,1,1,6,110
5981,ESCUELA PAULO ARAVENA ARAVENA,CUNCO,2,1,1,1,110
5983,LO JUAN (CERRADA),CUNCO,2,0,3,0,0
5984,ESC. BASICA LO SCHMITH,CUNCO,2,1,1,5,110
5985,ESCUELA LA MANANA,CUNCO,2,1,1,4,110
5986,ESCUELA DE CALQUINCO,CUNCO,2,1,3,0,0
5987,ESC. BASICA LEUFUCHE,CUNCO,2,1,1,5,110
5988,ESC. BASICA HUICHAHUE,CUNCO,2,1,3,0,0
5989,ESC. BASICA QUINENCHIQUE,CUNCO,2,1,3,0,0
5990,ESCUELA BASICA QUECHEREHUE,CUNCO,2,1,1,132,10
5991,ESC. BASICA RIO BLANCO,CUNCO,2,1,3,0,0
5992,LICEO BICENTENARIO DE EXCELENCIA JUAN BOSCO,CUNCO,3,0,1,228,310
5993,ESCUELA LEOVIGILDO KLEY,CUNCO,3,0,1,340,10
5994,ESCUELA PARTICULAR SUBVENCIONADA PADRE MARCELINO HUICHAMIL,CUNCO,3,0,1,86,10
5995,ESCUELA PARTICULAR QUECHEREHUE,CUNCO,3,1,1,20,110
5997,ESC. PART. Nº 13 MAHUIDANCHE,PITRUFQUÉN,3,1,2,0,0
5998,ESCUELA PARTICULAR LA BASTILLA,CUNCO,3,1,1,4,110
5999,ESCUELA PARTICULAR PADRE BERNABE,CUNCO,3,1,1,41,10
6001,ESCUELA PARTICULAR DICAHUE,CUNCO,3,1,3,0,0
6003,ESC. PART. STA. ISABEL DE TRAFAMPULLI,CUNCO,3,1,1,2,110
6005,ESCUELA AURORA DE CHILE,CUNCO,2,1,1,64,10
6006,ESCUELA PARTICULAR ALAMEDA,CUNCO,3,1,1,51,110
6007,LICEO LOS ANDES,MELIPEUCO,2,0,1,176,310
6009,ESC. BASICA MOLULCO,MELIPEUCO,2,1,1,4,110
6010,ESC. BASICA HUALLERUPE,MELIPEUCO,2,1,3,0,0
6011,ESC. BASICA MOLULCO,MELIPEUCO,2,1,1,5,110
6012,ESC. BASICA CUMCUMLLAQUE,MELIPEUCO,2,1,1,26,110
6013,ESC. BASICA CAREN,MELIPEUCO,2,1,3,0,0
6014,ESCUELA ALPEHUE,MELIPEUCO,2,1,3,0,0
6015,ESC. BASICA CURACALCO,CUNCO,2,1,1,4,110
6017,ESCUELA MUNICIPAL CARÉN,MELIPEUCO,2,1,1,3,110
6018,ESCUELA PARTICULAR SAN GABRIEL,MELIPEUCO,3,0,1,164,10
6019,ESCUELA PARTICULAR LLAIMA,MELIPEUCO,3,1,1,30,110
6020,ESCUELA PARTICULAR TRACURA,MELIPEUCO,3,1,3,0,0
6021,ESCUELA PARTICULAR CAREN,MELIPEUCO,3,1,1,6,110
6022,ESCUELA PARTICULAR LA SUERTE,MELIPEUCO,3,1,2,0,0
6023,ESCUELA PARTICULAR PALIHUEPILLAN,MELIPEUCO,3,1,1,28,110
6024,ESCUELA PARTICULAR EL RETIRO,MELIPEUCO,3,1,1,4,110
6025,ESCUELA DAHUELHUE,MELIPEUCO,3,1,1,7,110
6026,ESCUELA PARTICULAR EL SALTO,MELIPEUCO,3,1,2,0,0
6027,COMPLEJO EDUCACIONAL MONSEÑOR FRCO. VALDES S,CURARREHUE,2,0,1,316,10
6028,ESCUELA FRONTERIZA LA ARAUCANA,CURARREHUE,2,0,3,0,0
6029,ESCUELA RUCA MANKE,CURARREHUE,2,1,1,77,10
6030,ESCUELA JERONIMO NECULPAN,CURARREHUE,2,1,1,91,10
6031,ESCUELA EL SANTILLO,CURARREHUE,2,1,1,40,10
6032,ESCUELA MAMUIL MALAL,CURARREHUE,2,1,1,18,110
6034,ESCUELA KURT GOLDAMMER,CURARREHUE,2,1,3,0,0
6035,ESCUELA LA FRONTERA,CURARREHUE,2,1,3,0,0
6036,ESCUELA LICANCURA,CURARREHUE,2,1,1,85,10
6037,ESCUELA PUENTE BASA,CURARREHUE,2,1,1,0,0
6038,COMPLEJO EDUCACIONAL RUKA NGEN,CURARREHUE,3,0,1,166,10
6039,ESCUELA PARTICULAR CATRIPULLI,CURARREHUE,3,1,1,223,10
6040,ECO ESCUELA ANTU MAWIDA,CURARREHUE,3,1,1,47,110
6041,ESCUELA PARTICULAR LOS RAULIES,CURARREHUE,3,1,1,6,110
6042,ESCUELA PARTICULAR VIRGEN DE RINCONADA,CURARREHUE,3,1,1,4,110
6043,ESCUELA PARTICULAR LONCOFILO,CURARREHUE,3,1,1,13,110
6044,ESCUELA PARTICULAR MAITE,CURARREHUE,3,1,1,9,110
6045,ESCUELA PARTICULAR PANQUE,CURARREHUE,3,1,1,96,10
6046,ESCUELA PARTICULAR MAITE ALTO,CURARREHUE,3,1,1,0,0
6048,ESCUELA PARTICULAR MAICHIN,CURARREHUE,3,1,1,4,110
6049,ESCUELA PARTICULAR LOS SAUCES,CURARREHUE,3,1,3,0,0
6051,LICEO BICENTENARIO   HOTELERIA Y TURISMO,PUCÓN,2,0,1,356,610
6052,ESCUELA CARLOS HOLZAFEL,PUCÓN,2,0,1,817,10
6053,ESCUELA JOSE MIGUEL MARTINEZ SOTO,PUCÓN,2,1,1,122,110
6054,ESC. BASICA QUELHUE,PUCÓN,2,1,1,37,110
6055,ESCUELA BASICA CABURGUA,PUCÓN,2,1,3,0,0
6056,ESCUELA BASICA MUNICIPAL DE EL CLARO,PUCÓN,2,1,1,304,10
6057,ESCUELA BASICA CARHUELLO,PUCÓN,2,1,3,0,0
6058,MENETUE (CERRADO 97),PUCÓN,2,0,3,0,0
6059,ESCUELA HUIFE ALTO,PUCÓN,2,1,2,0,0
6060,ESC. BASICA VILLA SAN PEDRO,PUCÓN,2,1,1,163,110
6061,ESC. BASICA HUEPIL,PUCÓN,2,1,3,0,0
6062,ESC. BASICA PICHARES,PUCÓN,2,1,1,30,110
6063,ESC. BASICA CANDELARIA,PUCÓN,2,1,1,39,110
6065,ESCUELA COILACO BAJO,PUCÓN,2,1,3,0,0
6066,ESC. BASICA CARILEUFU,PUCÓN,2,1,1,261,10
6068,ESC. BASICA QUETROLEUFU,PUCÓN,2,1,3,0,0
6069,ESC.BASICA PAILLACO,PUCÓN,2,1,1,183,10
6070,COMPLEJO EDUCACIONAL PABLO SEXTO,PUCÓN,3,0,1,443,310
6071,ESCUELA PARTICULAR NTRA.SRA.DE FATIMA,PUCÓN,3,0,1,577,10
6072,ESCUELA PARTICULAR RAMON GUINEZ,PUCÓN,3,0,1,838,10
6074,ESCUELA PARTICULAR CABURGUA,PUCÓN,3,1,3,0,0
6075,ESCUELA PARTICULAR SAN LUIS,PUCÓN,3,1,1,7,110
6076,ESCUELA PARTICULAR CABURGUA,PUCÓN,3,1,1,26,110
6077,ESCUELA PARTICULAR QUETROLELFU,PUCÓN,3,1,1,29,110
6080,ESCUELA PARTICULAR P.SEBASTIAN ENGLERT,PUCÓN,3,1,3,0,0
6082,ESCUELA SANTA ROSA DE LLAFENCO,PUCÓN,3,1,1,65,10
6083,ESCUELA PARTICULAR RELICURA,PUCÓN,3,1,1,5,110
6084,LICEO BICENTENARIO ARAUCANÍA,VILLARRICA,2,0,1,597,110
6085,LICEO BICENTENARIO DE EXCELENCIA POLITECNICO VILLARRICA,VILLARRICA,2,0,1,626,410
6086,ESCUELA JOSE ABELARDO NUNEZ,VILLARRICA,2,0,1,461,10
6087,LICEO BICENTENARIO DE EXCELENCIA ARTÍSTICO ALEXANDER GRAHAM BELL,VILLARRICA,2,0,1,577,10
6088,ESCUELA VALENTIN LETELIER,VILLARRICA,2,0,1,277,10
6089,ESCUELA VOIPIR DE NANCUL,VILLARRICA,2,0,1,291,10
6090,ESCUELA MARIANO LATORRE,VILLARRICA,2,0,1,391,10
6091,ESC.ESP.RET.MENTAL BEATO LUIS ORIONE,VILLARRICA,2,0,1,59,212
6092,ESCUELA EPUKLEI,VILLARRICA,2,0,1,227,10
6093,ESCUELA MOLCO ALTO,VILLARRICA,2,1,1,113,10
6094,ESCUELA BASICA MALLOCO,VILLARRICA,2,1,3,0,0
6097,ESCUELA LAS VERTIENTES,VILLARRICA,2,1,1,7,110
6098,SAN FRANCISCO CERRADA(RES/412/04/98),VILLARRICA,2,0,3,0,0
6101,ESCUELA CATRICO LA LUNA,VILLARRICA,2,1,2,0,0
6103,ESCUELA HUINCACARA SUR,VILLARRICA,2,1,3,0,0
6106,ESCUELA BASICA HUILLINCO,VILLARRICA,2,1,3,0,0
6107,ESCUELA CONQUIL,VILLARRICA,2,1,1,60,10
6108,ESCUELA MANANTIAL,VILLARRICA,2,1,1,93,10
6109,ESCUELA TERESITA DE LOS ANDES,VILLARRICA,2,1,3,0,0
6111,ESCUELA BASICA MANQUEPAN,VILLARRICA,2,1,3,0,0
6112,COLEGIO DE HUMANIDADES DE VILLARICA,VILLARRICA,3,0,1,1714,10
6113,ESCUELA INDUSTRIAL SAN JOSE,VILLARRICA,3,0,1,548,363
6115,LICEO BICENTENARIO DE EXCELENCIA SAN AGUSTÍN,VILLARRICA,3,0,1,385,10
6116,ESCUELA PARTICULAR SAGRADA FAMILIA,VILLARRICA,3,0,1,517,10
6117,ESCUELA PARTICULAR NANCUL,VILLARRICA,3,0,1,85,10
6118,COLEGIO SANTA CRUZ,VILLARRICA,3,0,1,849,10
6119,LICEO PART. LIBERTAD,VILLARRICA,3,0,1,379,10
6120,COLEGIO ALBERTO HURTADO,VILLARRICA,3,0,1,1299,10
6121,ESCUELA PARTICULAR PUCARA ALTO,VILLARRICA,3,0,1,109,10
6122,ESCUELA PARTICULAR ADVENTISTA,VILLARRICA,3,0,1,537,10
6123,ESCUELA PARTICULAR ARTURO PRAT,LONCOCHE,3,1,1,28,110
6124,ESCUELA PARTICULAR PEDRO AGUIRRE CERDA,VILLARRICA,3,0,1,253,110
6126,ESCUELA PARTICULAR NUEVA ESPERANZA,VILLARRICA,3,0,1,165,10
6127,ESCUELA PARTICULAR CUDICO,VILLARRICA,3,1,1,6,110
6129,ESCUELA PARTICULAR HUECHULELFU,VILLARRICA,3,1,1,9,110
6130,ESCUELA PARTICULAR LLAU LLAU,VILLARRICA,3,1,3,0,0
6132,ESCUELA PARTICULAR CHAURA,VILLARRICA,3,1,3,0,0
6135,ESCUELA PARTICULAR LUIS CRUZ MARTINEZ,VILLARRICA,3,1,1,510,10
6136,ESCUELA PARTICULAR FLOR DEL LAGO,VILLARRICA,3,1,3,0,0
6137,ESCUELA PARTICULAR SAN LUIS,VILLARRICA,3,1,1,101,10
6138,ESCUELA PARTICULAR CALFUTUE,VILLARRICA,3,1,1,106,10
6139,ESCUELA PARTICULAR SANTA RITA,VILLARRICA,3,1,1,29,110
6140,ESCUELA PARTICULAR NUEVA LONCOTRARO,VILLARRICA,3,1,1,4,110
6141,ESCUELA PARTICULAR CHESQUE ALTO,VILLARRICA,3,1,3,0,0
6142,ESCUELA PARTICULAR LIUMALLA,VILLARRICA,3,1,1,5,110
6143,ESCUELA PARTICULAR RAYENKO,VILLARRICA,3,1,1,29,110
6144,ESCUELA PARTICULAR LOS CIRUELOS,VILLARRICA,3,1,2,0,0
6146,ESCUELA PARTICULAR COLONIA CHALLUPEN,VILLARRICA,3,1,3,0,0
6147,ESCUELA PARTICULAR NELTUME,VILLARRICA,3,1,1,30,110
6148,TERESITA DE LOS ANDES (CERRADA 97),VILLARRICA,3,0,3,0,0
6149,ESCUELA PARTICULAR SANTA FILOMENA,VILLARRICA,3,1,1,28,110
6150,ESCUELA PARTICULAR MARIA LUISA,VILLARRICA,3,1,3,0,0
6151,ESCUELA PARTICULAR PUENTE BASA,CURARREHUE,3,1,1,14,110
6153,ESCUELA PARTICULAR QUETROCO,VILLARRICA,3,1,3,0,0
6154,ESCUELA PARTICULAR CURILELFU,VILLARRICA,3,1,1,6,110
6155,ESCUELA PARTICULAR SAN FRANCISCO,VILLARRICA,3,1,1,10,110
6156,ESCUELA PARTICULAR LOS CIERVOS,VILLARRICA,3,1,2,0,0
6157,ESCUELA PARTICULAR VIRGEN CANDELARIA,VILLARRICA,3,1,1,6,110
6160,ESCUELA PARTICULAR CARMELITA,VILLARRICA,3,1,1,24,110
6161,COLEGIO ALEMAN VILLARRICA,VILLARRICA,4,0,1,354,10
6163,LICEO JUAN SCHLEYER,FREIRE,2,0,1,341,310
6164,ESCUELA JUAN SEGUEL,FREIRE,2,0,1,329,10
6165,ESCUELA RAIMAPU,FREIRE,2,0,1,106,110
6166,ESCUELA LA ESPERANZA,FREIRE,2,0,1,186,10
6167,ESC. ESP.RET.MENTAL PAUL HARRIS,FREIRE,2,0,1,60,212
6168,ESCUELA LENFUEN,PADRE LAS CASAS,2,1,1,16,110
6170,ESCUELA ARMANDO QUINTULEN,FREIRE,2,1,1,69,10
6172,ESCUELA SANTA PAULA,FREIRE,2,1,3,0,0
6173,ESCUELA RUCAHUE,FREIRE,2,1,1,15,110
6174,ESCUELA RURAL LOS COPIHUES SUEVIA,FREIRE,2,1,3,0,0
6175,ESCUELA LAS PALMERAS,FREIRE,2,1,1,20,110
6177,ESCUELA CACIQUE AILLANIR,FREIRE,2,1,1,17,110
6178,ESCUELA BASICA QUETROCO,FREIRE,2,1,1,46,110
6179,ESCUELA RURAL EL LLIUCO,FREIRE,2,1,1,18,110
6180,ESCUELA DOLLINCO,FREIRE,2,1,1,7,110
6181,ESCUELA COIPUE,FREIRE,2,1,1,87,10
6182,ESCUELA BASICA  CALFUCO,FREIRE,2,1,3,0,0
6183,ESCUELA ALLIPEN,FREIRE,2,1,1,163,10
6184,ESC. BASICA CAHUINPANGUE,FREIRE,2,1,3,0,0
6187,ESCUELA PARTICULAR SUBVENCIONADA PADRE PIO DE PIETRELCINA,FREIRE,3,0,3,0,0
6188,COLEGIO SANTA CRUZ DE FREIRE,FREIRE,3,0,1,496,10
6189,ESCUELA PARTICULAR ARTURO PRAT,FREIRE,3,0,1,286,10
6190,ESCUELA PARTICULAR GENERAL PRIETO,FREIRE,3,0,1,151,10
6192,ESCUELA PARTICULAR LAS PATAGUAS,FREIRE,3,1,1,15,110
6194,ESCUELA PARTICULAR DOLLINCO,FREIRE,3,1,2,0,0
6195,ESCUELA PARTICULAR LONG LONG,FREIRE,3,1,3,0,0
6196,ESCUELA PARTICULAR TRALGNA,NUEVA IMPERIAL,3,1,3,0,0
6197,ESCUELA SANTA ELENA FIN - FIN,FREIRE,3,1,3,0,0
6198,COLEGIO AYÜN MAPU,FREIRE,3,1,1,40,10
6200,ESCUELA PARTICULAR EL TESORO,PADRE LAS CASAS,3,1,1,170,10
6203,ESCUELA PARTICULAR SAN NICANOR,FREIRE,3,1,3,0,0
6204,ESCUELA PARTICULAR SAN ISIDRO LABRADOR,FREIRE,3,1,1,102,10
6205,ESCUELA PARTICULAR SAN MANUEL DE LOLEN,FREIRE,3,1,1,197,10
6206,ESCUELA PARTICULAR ROSARIO VASQUEZ DE V.,FREIRE,3,1,1,33,110
6207,ESCUELA PARTICULAR RUPAYAN DE MALLOHUE,FREIRE,3,1,1,76,110
6208,REDUCCIÓN PAINEMIL,FREIRE,3,1,1,17,110
6210,LICEO AGRICOLA PUQUEREO,FREIRE,3,1,1,236,110
6211,ESCUELA PARTICULAR MAHUIDACHE,FREIRE,3,1,1,47,110
6213,ESCUELA PARTICULAR SAGRADA FAMILIA,FREIRE,3,1,3,0,0
6214,ESCUELA PARTICULAR RENACER,NUEVA IMPERIAL,3,1,1,27,110
6216,ESCUELA PARTICULAR SAN ANTONIO,FREIRE,3,1,1,106,110
6217,ESCUELA PARTICULAR RUCAHUE,FREIRE,3,1,3,0,0
6219,ESCUELA PARTICULAR TRAPILHUE,FREIRE,3,1,1,28,110
6220,ESCUELA PARTICULAR PATRIA NUEVA,FREIRE,3,1,1,122,10
6221,ESCUELA PARTICULAR SAN ROQUE,FREIRE,3,1,1,2,110
6222,ESCUELA PARTICULAR SANTA ELENA,FREIRE,3,1,1,5,110
6223,LICEO BICENTENARIO CIENCIAS Y HUMANIDADES RBD 6223-5,PITRUFQUÉN,2,0,1,701,110
6224,ESCUELA UNION LATINOAMERICANA,PITRUFQUÉN,2,0,1,411,10
6225,ESCUELA JUAN BTA. CHESTA CH.,PITRUFQUÉN,2,0,1,218,10
6227,ESCUELA LAS AMERICAS,PITRUFQUÉN,2,0,1,217,10
6228,ESCUELA RIO TOLTEN,PITRUFQUÉN,2,0,1,14,165
6229,ESCUELA MUNICIPAL SENDERO DEL ALBA,PITRUFQUÉN,2,0,3,0,0
6230,LICEO MUNICIPAL LA FRONTERA,PITRUFQUÉN,2,0,1,249,10
6231,ESC. BASICA LOS GALPONES,PITRUFQUÉN,2,1,1,55,110
6232,ESCUELA MUNICIPAL POLUL,PITRUFQUÉN,2,1,3,0,0
6233,ESCUELA PETRENCO,PITRUFQUÉN,2,1,3,0,0
6234,ESCUELA MILLEHUIN ALTO,PITRUFQUÉN,2,1,3,0,0
6235,ESCUELA COICOMA,PITRUFQUÉN,2,1,3,0,0
6236,ESCUELA MUNE ALTO,PITRUFQUÉN,2,1,3,0,0
6237,ESCUELA NUEVO HORIZONTE,PITRUFQUÉN,2,1,1,45,110
6238,ESCUELA MOLCO,PITRUFQUÉN,2,1,3,0,0
6239,ESCUELA FILOCO,PITRUFQUÉN,2,1,3,0,0
6240,ESCUELA VALLE HONDO(CERRADA),PITRUFQUÉN,2,0,3,0,0
6242,ESCUELA PURAQUINA ALTO (CERRADO/7/97),PITRUFQUÉN,2,0,3,0,0
6244,ESCUELA SUSANA ORTIZ,PITRUFQUÉN,2,1,1,26,110
6245,ESCUELA EL ESFUERZO,PITRUFQUÉN,2,1,1,7,110
6246,ESCUELA LOICA,PITRUFQUÉN,2,1,3,0,0
6247,ESCUELA HUALLIZADA,PITRUFQUÉN,2,1,3,0,0
6248,ESCUELA CHADA,PITRUFQUÉN,2,1,1,4,110
6249,ESCUELA SAN RAMON,PITRUFQUÉN,2,1,3,0,0
6251,ESCUELA RESERVA FORESTAL MAHUIDANCHI,PITRUFQUÉN,2,1,1,43,110
6252,LICEO BICENTENARIO POLITECNICO PITRUFQUEN,PITRUFQUÉN,3,0,1,723,410
6253,LICEO BICENTENARIO DE EXCELENCIA MONSEÑOR GUILLERMO HARTL,PITRUFQUÉN,3,0,1,728,110
6254,COLEGIO MADRES DOMINICAS,PITRUFQUÉN,3,0,1,867,10
6256,ESCUELA PARTICULAR MANHUE,PITRUFQUÉN,3,1,3,0,0
6258,ESCUELA PARTICULAR ALTO MIRADOR,PITRUFQUÉN,3,1,3,0,0
6259,ESCUELA PARTICULAR CARILAFQUEN,PITRUFQUÉN,3,1,2,0,0
6261,ESCUELA PARTICULAR MAHUI DANCHI,PITRUFQUÉN,3,1,3,0,0
6262,ESCUELA PARTICULAR RESERVA RAIN,PITRUFQUÉN,3,1,1,79,10
6263,ESCUELA PARTICULAR MUNE BAJO,PITRUFQUÉN,3,1,1,29,110
6264,ESCUELA PARTICULAR QUILQUILCO,PITRUFQUÉN,3,1,3,0,0
6265,ESCUELA PARTICULAR  MANUEL BAQUEDANO,PITRUFQUÉN,3,1,3,0,0
6267,LICEO PARTICULAR SUBV.QUINQUE,PITRUFQUÉN,3,1,1,125,10
6268,ESCUELA PARTICULAR HUEFEL COMUY,PITRUFQUÉN,3,1,1,92,10
6269,LICEO BICENTENARIO COMPLEJO EDUCACIONAL ANDRES ANTONIO GORBEA,GORBEA,2,0,1,309,310
6270,LICEO JOSE VICTORINO LASTARRIA,GORBEA,2,0,1,213,10
6271,ESCUELA BASICA CINCO,GORBEA,2,0,1,261,10
6272,ESCUELA BASICA LICARAYEN,GORBEA,2,0,1,153,10
6273,ESC.PRESBITERO JOSE AGUSTIN GOMEZ Z.,GORBEA,2,0,1,418,10
6276,ESCUELA BASICA MUNICIPAL SAN JUSTO,GORBEA,2,1,1,4,110
6277,ESCUELA BASICA LAS QUINIENTAS,GORBEA,2,1,3,0,0
6278,ESCUELA MANTAHUE,GORBEA,2,1,3,0,0
6279,ESCUELA MELIRREHUE,GORBEA,2,1,1,8,110
6280,ESCUELA BASICA EL RINCO,GORBEA,2,1,1,0,0
6281,ESCUELA EL LIUCO,GORBEA,2,1,1,18,110
6282,ESCUELA EL LAUREL,GORBEA,2,1,1,0,0
6283,ESCUELA CUARTA FAJA,GORBEA,2,1,1,8,110
6284,ESCUELA BASICA EL RAUCO,GORBEA,2,1,3,0,0
6285,ESCUELA BASICA LOS PERALES,GORBEA,2,0,1,163,10
6286,ESCUELA LOS PLANCHADOS,GORBEA,2,1,3,0,0
6289,ESCUELA FAJA RICCI,GORBEA,2,1,1,11,110
6290,ESCUELA PIDENCO ALTO,GORBEA,2,1,1,0,0
6293,ESCUELA PARTICULAR SANTA GEMITA,GORBEA,3,0,3,0,0
6294,ESCUELA PARTICULAR NTRA.SRA.DEL CARMEN,GORBEA,3,0,1,90,10
6296,ESCUELA PARTICULAR BOTACURA,GORBEA,3,1,3,0,0
6298,ESCUELA PARTICULAR SAN JOSE,GORBEA,3,1,3,0,0
6299,ESCUELA MUNICIPAL ANCUE,PITRUFQUÉN,2,1,3,0,0
6300,COLEGIO JUAN PABLO II,GORBEA,3,0,1,318,10
6301,LICEO BICENTENARIO DE EXCELENCIA TÉCNICO PROFESIONAL ANDRÉS BELLO,LONCOCHE,2,0,1,310,510
6302,LICEO BICENTENARIO PADRE ALBERTO HURTADO CRUCHAGA,LONCOCHE,2,0,1,713,110
6303,ESCUELA EGON ERNTS KEUTMANN BESGEN,LONCOCHE,2,0,1,143,10
6304,ESCUELA ALBORADA,LONCOCHE,2,0,1,755,10
6305,ESCUELA DOMITILA PINNA PARRA,LONCOCHE,2,0,1,218,10
6308,CENTRO EDUCACIONAL DE DESARROLLO INTEGRAL WE NEPEN,LONCOCHE,2,0,1,40,212
6309,ESCUELA EL PRADO,LONCOCHE,2,1,3,0,0
6311,ESCUELA RURAL DONGUIL,LONCOCHE,2,1,3,0,0
6312,ESCUELA MUNICIPAL RURAL HUELLEN,LONCOCHE,2,1,3,0,0
6314,ESCUEL RAYEN MAPU,LONCOCHE,2,1,3,0,0
6315,ESCUELA RUCAHUE,LONCOCHE,2,1,1,6,110
6317,ESCUELA EL CASTILLO,VILLARRICA,2,1,1,4,110
6318,ESCUELA BELLAVISTA,LONCOCHE,2,1,3,0,0
6319,ESCUELA ESMERALDA,LONCOCHE,2,1,1,20,110
6320,ESCUELA LAS ROSAS,LONCOCHE,2,1,3,0,0
6321,ESCUELA FLOR DEL BOSQUE,LONCOCHE,2,1,3,0,0
6322,ESCUELA WINGKUL-NIGEN,LONCOCHE,2,1,1,4,110
6323,ESCUELA WENUY KUDAU,LONCOCHE,2,1,1,22,110
6325,ESCUELA PUKOYAM,LONCOCHE,2,1,1,2,110
6326,ESCUELA ANCAHUAL,LONCOCHE,2,1,3,0,0
6327,ESCUELA ESTADO DE ISRAEL,LONCOCHE,2,1,1,6,110
6328,ESCUELA SANTA ANITA,LONCOCHE,2,1,3,0,0
6329,ESCUELA QUESQUECHAN,LONCOCHE,2,1,1,3,110
6330,ESCUELA EL TUNEL,LONCOCHE,2,1,2,0,0
6331,ESCUELA PIDENCO BAJO,LONCOCHE,2,1,3,0,0
6332,ESCUELA BASICA NILCAHUIN,LONCOCHE,2,1,1,9,110
6333,ESCUELA HUELQUELELFUN,LONCOCHE,2,1,2,0,0
6334,ESCUELA MOLUL PIDENCO,LONCOCHE,2,1,3,0,0
6335,ESCUELA NANCAHUE,LONCOCHE,2,1,3,0,0
6336,COLEGIO SANTA CRUZ DE LONCOCHE,LONCOCHE,3,0,1,1156,10
6337,ESCUELA PARTICULAR JUAN XXIII,LONCOCHE,3,0,1,274,10
6340,ESCUELA PARTICULAR LOLO RUCA,LONCOCHE,3,1,3,0,0
6343,ESCUELA PARTICULAR COLLICO,LONCOCHE,3,1,1,14,110
6344,ESCUELA PARTICULAR LIGLELFUN,LONCOCHE,3,1,1,15,110
6345,ESCUELA PARTICULAR PULMAHUE,LONCOCHE,3,1,1,0,0
6347,ESCUELA PARTICULAR SUBVENCIONADA LA FAMILIA,LONCOCHE,3,1,1,97,110
6348,COMPLEJO EDUCACIONAL MARTIN KLEINKNECHT,TOLTÉN,6,0,1,432,310
6349,ESCUELA AGUAS Y GAVIOTAS,TOLTÉN,6,0,1,253,10
6350,ESCUELA RAYEN LAFQUEN QUEULE,TOLTÉN,6,0,1,161,10
6351,ESCUELA EL SEMBRADOR,TOLTÉN,6,1,1,113,10
6352,ESCUELA AMANECER DE VILLA LOS BOLDOS,TOLTÉN,6,0,1,79,10
6353,ESCUELA SAN PEDRO,TOLTÉN,6,1,1,8,110
6354,ESCUELA LA CASCADA,TOLTÉN,6,1,1,0,0
6356,ESCUELA FILULAFQUEN,TEODORO SCHMIDT,6,1,2,0,0
6357,ESCUELA SAN CARLOS,TOLTÉN,6,1,3,0,0
6358,ESCUELA BASICA ESTACION TOLTEN,TEODORO SCHMIDT,6,1,1,4,110
6359,ESCUELA RIO BUENO,TOLTÉN,6,1,3,0,0
6360,ESCUELA LAS DELICIAS,TOLTÉN,6,1,3,0,0
6361,ESCUELA DE CAYCHAYEN,TEODORO SCHMIDT,6,1,1,2,110
6362,ESCUELA BASICA EUSEBIO LILLO,TOLTÉN,6,0,3,0,0
6363,ESCUELA PUCHILCO,TOLTÉN,6,1,1,2,110
6364,ESCUELA LA VERTIENTE,TOLTÉN,6,1,3,0,0
6365,ESCUELA BASICA NEWEN MAPU,TOLTÉN,6,1,3,0,0
6366,ESCUELA SAN JOSE,TOLTÉN,6,1,3,0,0
6367,ESCUELA LA COLONIA,TOLTÉN,6,1,3,0,0
6368,ESCUELA LAS LOICAS,TOLTÉN,6,1,3,0,0
6370,ESCUELA LA CONCEPCION,TOLTÉN,6,1,1,2,110
6371,ESCUELA ANTU-LAFQUEN,TOLTÉN,6,1,1,6,110
6373,ESCUELA PORMA,TEODORO SCHMIDT,6,1,1,27,10
6374,ESCUELA BASICA RURAL FLOR DEL VALLE,TOLTÉN,6,1,1,2,110
6375,ESCUELA FOLO-MAPU,TOLTÉN,6,1,3,0,0
6377,ESCUELA DE CAMAGUEY,TOLTÉN,6,1,1,4,110
6378,ESCUELA BOROA NORTE,TOLTÉN,6,1,3,0,0
6379,ESCUELA PART. SUBV. SAN JOSÈ OBRERO,TOLTÉN,3,0,1,160,10
6380,ESCUELA PARTICULAR SUBVENCIONADA PADRE ISIDORO,TOLTÉN,3,0,1,152,10
6381,ESCUELA PARTICULAR PURALACO,TOLTÉN,3,1,1,138,10
6382,ESCUELA PARTICULAR RAQUINCURA,TOLTÉN,3,1,1,16,110
6384,ESCUELA PARTICULAR COLONIA BOROA SUR,TOLTÉN,3,1,3,0,0
6385,ESCUELA PARTICULAR CHANQUIN,TOLTÉN,3,1,1,103,10
6387,RINCON DEL TOLTEN(RECESO RES.726/18/08/97),TOLTÉN,3,0,3,0,0
6388,ESCUELA PARTICULAR ISABEL MONJE,TOLTÉN,3,1,3,0,0
6389,ESCUELA POCOYAN,TOLTÉN,3,1,1,150,10
6390,ESCUELA PARTICULAR ARAUCANA PELEHUE,TEODORO SCHMIDT,3,1,1,22,110
6391,ESCUELA PARTICULAR VILLA BOLDOS,TOLTÉN,3,0,1,4,110
6392,ESCUELA PARTICULAR PIREN,TOLTÉN,3,1,3,0,0
6393,ESCUELA PARTICULAR FRUTILLAR,TOLTÉN,3,1,1,50,110
6397,LICEO MUNICIPAL BARROS ARANA,TEODORO SCHMIDT,6,0,1,248,10
6398,COMPLEJO EDUCACIONAL NUEVA ALBORADA,TEODORO SCHMIDT,6,0,1,478,10
6399,ESCUELA HORIZONTES,TEODORO SCHMIDT,6,0,1,220,10
6400,ESCUELA ISLA LLICAN,TEODORO SCHMIDT,6,1,1,9,110
6401,ESCUELA LUMAHUE,TEODORO SCHMIDT,6,1,3,0,0
6402,ESCUELA PULIL,TEODORO SCHMIDT,6,1,3,0,0
6403,ESCUELA DE NEICUF,TEODORO SCHMIDT,6,1,2,0,0
6404,ESCUELA MOLONHUE,TEODORO SCHMIDT,6,1,3,0,0
6406,ESCUELA LLOLLINCO,TEODORO SCHMIDT,6,1,3,0,0
6407,ESCUELA NOHUALHUE,TEODORO SCHMIDT,6,1,1,9,110
6408,ESCUELA COIHUE CERRADA /R/391/04/98,TEODORO SCHMIDT,6,0,3,0,0
6409,ESCUELA PENEHUE,TEODORO SCHMIDT,6,1,3,0,0
6410,ESCUELA MALALHUE,TEODORO SCHMIDT,6,1,1,5,110
6411,ESCUELA PUYEHUE,TEODORO SCHMIDT,6,1,1,14,110
6412,ESCUELA HUINCULLICAN,TEODORO SCHMIDT,6,1,3,0,0
6413,ESCUELA DE RUCA-CURA,TEODORO SCHMIDT,6,1,1,2,110
6414,ESCUELA ALTO CHELLE,TEODORO SCHMIDT,6,1,3,0,0
6415,ESCUELA LOS TRONCOS,TEODORO SCHMIDT,6,1,1,4,110
6416,ESCUELA EL BUDI,TEODORO SCHMIDT,6,1,3,0,0
6417,ESCUELA MUNICIPAL LA MAPU,TEODORO SCHMIDT,6,1,3,0,0
6418,COMPLEJO EDUCACIONAL CRISTO REY,TEODORO SCHMIDT,3,0,3,0,0
6420,ESCUELA PARTICULAR PADRE ALEJANDRO ORTEGA,TEODORO SCHMIDT,3,0,1,213,10
6421,ESCUELA PARTICULAR BAUTISTA,TEODORO SCHMIDT,3,0,1,270,10
6423,ESCUELA PARTICULAR HUALPIN,TEODORO SCHMIDT,3,0,1,85,10
6424,ESCUELA PARTICULAR ARTURO ALESSANDRI,TEODORO SCHMIDT,3,0,1,26,110
6425,ESCUELA PARTICULAR QUILIMANZANO,TEODORO SCHMIDT,3,1,1,0,0
6426,ESCUELA PARTICULAR QUEUPUE,TEODORO SCHMIDT,3,1,3,0,0
6427,ESCUELA PARTICULAR QUILMER,TEODORO SCHMIDT,3,1,1,46,110
6429,ESCUELA PARTICULAR REBECA MATTE BELLO,TEODORO SCHMIDT,3,1,1,7,110
6432,ESCUELA PARTICULAR ALTO CHELLE,TEODORO SCHMIDT,3,1,1,54,10
6433,ESCUELA PARTICULAR HUILO,TEODORO SCHMIDT,3,1,1,2,110
6434,ESCUELA PARTICULAR PORMA,TEODORO SCHMIDT,3,1,1,119,10
6435,ESCUELA PARTICULAR HUIDIMA,TEODORO SCHMIDT,3,1,1,7,10
6440,ESCUELA PARTICULAR ALLIPEN,TEODORO SCHMIDT,3,1,3,0,0
6441,ESCUELA RUCA COMCHE DE PELECOE,TEODORO SCHMIDT,3,1,2,0,0
6442,ESCUELA PARTICULAR LAS DELICIAS,TEODORO SCHMIDT,3,1,1,4,110
6443,ESCUELA PART. KOM PU LOF NI KIMELTUWE,TEODORO SCHMIDT,3,1,1,43,110
6444,ESCUELA PARTICULAR BELLAVISTA,TEODORO SCHMIDT,3,1,3,0,0
6445,ESCUELA PARTICULAR SANTA IRENE,TEODORO SCHMIDT,3,1,3,0,0
6446,ESCUELA PARTICULAR SAN MIGUEL DE TRAUHUE,TEODORO SCHMIDT,3,1,1,5,110
6448,ESCUELA PARTICULAR GENERAL BONILLA,TEODORO SCHMIDT,3,1,3,0,0
6449,ESCUELA PARTICULAR BERNARDO O`HIGGINS,TEODORO SCHMIDT,3,1,2,0,0
6452,LICEO REINO DE SUECIA,SAAVEDRA,6,0,1,401,10
6454,ESCUELA BASICA COLLICO RANCO,SAAVEDRA,6,1,1,62,10
6455,ESCUELA BASICA BARTOLO LLANCALEO,SAAVEDRA,6,1,1,68,10
6456,ESCCUELA BASICA INALAFQUEN,SAAVEDRA,6,1,1,40,110
6457,ESC. BASICA AUGUSTO WINTER TAPIA,SAAVEDRA,6,0,1,213,10
6458,ESCUELA BASICA CALOF,SAAVEDRA,6,1,1,46,110
6459,ESC. BASICA ANTONIO LADINO,SAAVEDRA,6,1,1,77,10
6460,ESCUELA PARTICULAR SAN SEBASTIAN,SAAVEDRA,3,0,1,303,10
6461,ESCUELA PARTICULAR PADRE JUAN WEVERING,SAAVEDRA,3,0,1,108,10
6462,ESCUELA PARTICULAR RONGUIPULLI,SAAVEDRA,3,1,2,0,0
6463,ESCUELA PARTICULAR EL ALMA,SAAVEDRA,3,1,3,0,0
6464,ESCUELA PARTICULAR HUAPI,SAAVEDRA,3,1,1,3,110
6465,LICEO PART. SUBVENC. LA SIERRA,SAAVEDRA,3,1,1,114,110
6466,MALALHUE,SAAVEDRA,3,0,3,0,0
6468,ESCUELA PARTICULAR SAN FCO. DE QUIFO,SAAVEDRA,3,1,3,0,0
6469,ESCUELA PARTICULAR ANGELES CUSTODIOS,SAAVEDRA,3,1,3,0,0
6471,ESCUELA PARTICULAR SOL NACIENTE,SAAVEDRA,3,1,1,24,110
6473,ESCUELA PARTICULAR INES DE SUAREZ,SAAVEDRA,3,1,3,0,0
6474,ESCUELA PARTICULAR QUIFO,SAAVEDRA,3,1,1,17,110
6475,ESCUELA PARTICULAR LLAGUEY,SAAVEDRA,3,1,1,27,110
6476,ESCUELA PARTICULAR EL TEMO,SAAVEDRA,3,1,2,0,0
6477,ESCUELA PARTICULAR PERQUINAN,SAAVEDRA,3,1,1,0,0
6478,ESCUELA PARTICULAR PIEDRA ALTA,SAAVEDRA,3,1,1,47,110
6479,ESCUELA PARTICULAR DEUME,SAAVEDRA,3,1,1,19,110
6480,ESCUELA PARTICULAR NUEVA RUCATRARO,SAAVEDRA,3,1,1,49,110
6481,ESCUELA PARTICULAR CHEUCAN,SAAVEDRA,3,1,1,0,0
6482,ESCUELA PARTICULAR NUEVO QUIFO,SAAVEDRA,3,1,1,0,0
6483,ESCUELA PARTICULAR GUACOLDA,SAAVEDRA,3,1,3,0,0
6485,ESCUELA PADRE ERNESTO WILHELM,SAAVEDRA,3,1,1,31,10
6486,ESCUELA PARTICULAR SAN GASTON,SAAVEDRA,3,1,1,0,0
6487,ESCUELA PARTICULAR LOS CISNES,SAAVEDRA,3,1,1,37,10
6488,ESCUELA PARTICULAR DIEGO PORTALES,SAAVEDRA,3,1,1,97,10
6489,ESCUELA PARTICULAR SANTA CRUZ,SAAVEDRA,3,1,3,0,0
6490,ESCUELA PARTICULAR MANUEL ROJAS,SAAVEDRA,3,1,1,10,110
6491,ESCUELA PARTICULAR AUGUSTO WINTER,SAAVEDRA,3,1,3,0,0
6492,ESCUELA PARTICULAR DAGOBERTO GODOY,SAAVEDRA,3,1,1,9,110
6494,ESCUELA PARTICULAR DIEGO DE ALMAGRO,SAAVEDRA,3,1,3,0,0
6495,ESCUELA RUCA RAQUI,SAAVEDRA,6,1,1,45,10
6496,ESCUELA GABRIELA MISTRAL,SAAVEDRA,3,1,1,58,110
6497,LICEO PUBLICO BICENTENARIO DE EXCELENCIA CLAUDIO ARRAU LEON,CARAHUE,6,0,1,812,110
6499,ROMILIO ADRIAZOLA,CARAHUE,6,0,1,258,10
6500,COMPLEJO EDUCACIONAL DARÍO SALAS,CARAHUE,6,0,1,1194,10
6501,ESCUELA BASICA KIM RUKA,CARAHUE,6,0,1,567,10
6502,ESCUELA BASICA NEHUENTUE,CARAHUE,6,0,1,128,10
6504,ESCUELA TRANAPUENTE,CARAHUE,6,1,1,104,10
6505,ESCUELA BASICA EL CIRCO,CARAHUE,6,1,2,0,0
6506,ESCUELA MUNICIPAL DINAMARCA,CARAHUE,6,1,1,1,110
6507,ESCUELA BASICA LOS CORRALES,CARAHUE,6,1,3,0,0
6508,"ESCUELA BASICA DINAMARCA, LUCERO",CARAHUE,6,1,1,5,110
6509,ESCUELA BASICA SANTA CELIA,CARAHUE,6,1,3,0,0
6510,ESCUELA BASICA PAILACOYAN,CARAHUE,6,1,1,2,110
6511,ESCUELA BASICA LAS DAMAS,CARAHUE,6,1,3,0,0
6512,ESCUELA VILLA LAS ARAUCARIAS,CARAHUE,6,1,1,1,110
6513,ESCUELA BASICA CAMAR,CARAHUE,6,1,3,0,0
6514,ESCUELA QUIRIPIO,CARAHUE,6,1,3,0,0
6515,ESCUELA CATRIPULLI,CARAHUE,6,1,1,3,110
6516,ESCUELA LAS MINAS,CARAHUE,6,1,3,0,0
6518,ESCUELA BASICA EL MANZANO,CARAHUE,6,1,1,0,0
6519,ESCUELA BASICA QUILLEN,CARAHUE,6,1,2,0,0
6521,ESCUELA BASICA CAMARONES,CARAHUE,6,1,1,3,110
6522,ESCUELA BASICA PUYANGUE,CARAHUE,6,1,1,0,0
6523,ESCUELA BASICA CHOMIO,CARAHUE,6,1,1,1,110
6524,ESCUELA CULLINCO,CARAHUE,6,1,1,2,110
6525,ESC. BASICA CARLOS PALMA LAFUENTE,CARAHUE,6,1,2,0,0
6526,ESCUELA BASICA EL PERAL,CARAHUE,6,1,1,0,0
6527,ESCUELA BASICA ALTO YUPEHUE,CARAHUE,6,1,2,0,0
6528,ESCUELA BASICA BAJO YUPEHUE,CARAHUE,6,1,1,33,110
6529,ESCUELA BASICA MATTE Y SANCHEZ,CARAHUE,6,1,1,3,110
6530,ESC. BASICA PROF.GUILLERMO SALGADO CARRILLO,CARAHUE,6,1,2,0,0
6531,ESCUELA BASICA CHANQUIN,CARAHUE,6,1,3,0,0
6532,ESCUELA BASICA LAS SELVAS,CARAHUE,6,1,3,0,0
6533,ESCUELA BASICA SAN JUAN DE TROVOLHUE,CARAHUE,6,1,3,0,0
6535,ESCUELA BASICA LOS LAURELES,CARAHUE,6,1,2,0,0
6536,ESCUELA AMULEY,CARAHUE,6,1,2,0,0
6537,ESCUELA BASICA COIPUCO,CARAHUE,6,1,3,0,0
6538,ESCUELA BASICA MACHACO CHICO,CARAHUE,6,1,3,0,0
6539,ESCUELA BASICA COI COI,CARAHUE,6,1,1,15,110
6540,ESCUELA BASICA COLICO,CARAHUE,6,1,1,0,0
6541,ESCUELA PARTICULAR MARANATTA,CARAHUE,3,0,3,0,0
6542,ESCUELA PARTICULAR ADVENTISTA,CARAHUE,3,0,1,125,10
6544,ESCUELA PARTICULAR EL COIGUE,CARAHUE,3,1,3,0,0
6545,ESCUELA PARTICULAR CHANGO,CARAHUE,3,1,1,3,110
6546,ESCUELA SAN CARLOS LLUFQUENTÚE,GALVARINO,3,1,1,24,10
6547,ESCUELA PARTICULAR CENTRO LONCOYAMO,CARAHUE,3,1,1,6,110
6549,ESCUELA PARTICULAR COLONIA LAS NOCHAS,CARAHUE,3,1,1,6,110
6550,ESCUELA PARTICULAR VISTA HERMOSA,CARAHUE,3,1,1,44,110
6552,ESCUELA CODIHUE,CARAHUE,3,1,1,46,110
6553,ESCUELA PARTICULAR ALTO TIRUA,CARAHUE,3,1,1,3,110
6554,ESCUELA PARTICULAR CHACAMO,CARAHUE,3,1,3,0,0
6555,ESCUELA PARTICULAR PILMAIQUENCO,CARAHUE,3,1,1,10,110
6556,ESCUELA PARTICULAR LLIHUIN,CARAHUE,3,1,2,0,0
6558,ESCUELA PARTICULAR MIRAFLOR DE PANCUL,CARAHUE,3,1,2,0,0
6560,ESCUELA PARTICULAR EL AMANECER,CARAHUE,3,1,1,43,110
6561,ESCUELA PARTICULAR SANTA INGRID,CARAHUE,3,1,3,0,0
6562,ESCUELA PARTICULAR LA ALBORADA,CARAHUE,3,1,1,45,110
6564,ESCUELA PARTIC.JOSE MIGUEL CARRERA,CARAHUE,3,1,1,56,10
6566,ESCUELA PARTICULAR JAVIERA CARRERA,CARAHUE,3,1,1,87,10
6567,ESCUELA PARTICULAR JOSE ABELARDO NUNEZ,NUEVA IMPERIAL,3,1,1,2,110
6568,ESCUELA PARTICULAR EUSEBIO LILLO,CARAHUE,3,1,3,0,0
6569,ESCUELA PARTICULAR LUIS CRUZ MARTINEZ,CARAHUE,3,1,1,59,10
6570,ESCUELA PARTICULAR PEDRO DE VALDIVIA,CARAHUE,3,1,1,0,0
6571,ESCUELA PARTICULAR MARTA BRUNET,NUEVA IMPERIAL,3,0,3,0,0
6572,ESCUELA PARTICULAR RAMON FREIRE,CARAHUE,3,1,1,187,110
6575,ESCUELA PARTICULAR ALONSO DE ERCILLA,CARAHUE,3,1,1,30,110
6576,ESCUELA PARTICULAR CLAUDIO MATTE,CARAHUE,3,1,1,0,0
6577,COLEGIO DREAM HOUSE,CARAHUE,3,1,1,134,10
6578,ESCUELA PARTICULAR LA MONTANA,CARAHUE,3,1,1,3,110
6580,ESCUELA PARTICULAR CAMILO HENRIQUEZ,CARAHUE,3,1,1,0,0
6583,ESCUELA PARTICULAR RUCATRARO,CARAHUE,3,1,1,53,110
6584,LICEO INDUSTRIAL C-16 NUEVA IMPERIAL,NUEVA IMPERIAL,5,0,1,397,310
6585,LICEO BICENTENARIO LUIS GONZALEZ VASQUEZ 6585-4,NUEVA IMPERIAL,6,0,1,824,110
6586,LICEO BICENTENARIO JAMES MUNDELL,CHOLCHOL,2,0,1,631,10
6587,ESCUELA ALEJANDRO GOROSTIAGA,NUEVA IMPERIAL,6,0,1,410,10
6588,ESCUELA REPUBLICA,NUEVA IMPERIAL,6,0,1,232,10
6589,ESCUELA JUAN XXIII,NUEVA IMPERIAL,6,0,1,264,10
6590,ESC. ESP.RET.MENTAL AVANCEMOS JUNTOS,NUEVA IMPERIAL,6,0,1,63,212
6591,FEDERICO GARC-A LORCA,NUEVA IMPERIAL,6,0,1,24,165
6593,ESCUELA BASICA EL CRUCERO,NUEVA IMPERIAL,6,1,1,124,10
6594,ESCUELA BASICA LOS AVELLANOS,CHOLCHOL,2,1,1,13,110
6595,ESCUELA BASICA RAYEN RUNGI,CHOLCHOL,2,1,1,7,110
6597,ESCUELA BASIC RAYEN MAPU,NUEVA IMPERIAL,6,1,3,0,0
6598,ESCUELA BASICA VIOLETA PARRA,NUEVA IMPERIAL,6,1,3,0,0
6599,ESCUELA BASICA COIHUE CURACO,CHOLCHOL,2,1,1,37,10
6600,ESCUELA EL COPIHUAL,NUEVA IMPERIAL,6,1,1,7,110
6602,ESCUELA BASICA CATRIANCHE,NUEVA IMPERIAL,6,1,1,11,110
6603,ESCUELA BASICA RAPAHUE,CHOLCHOL,2,1,3,0,0
6604,ESCUELA LOS CARRERA,LAUTARO,2,0,1,355,10
6605,ESC.BASICA RAYEN MAHUIDA,NUEVA IMPERIAL,6,1,1,15,110
6606,ESC. BASICA JUNTA HUAMAQUI,CHOLCHOL,2,1,3,0,0
6607,ESC. BASICA SANTA MARIA,NUEVA IMPERIAL,6,1,3,0,0
6608,ESC. BASICA LA ARAUCARIA,NUEVA IMPERIAL,6,1,1,22,10
6610,ESC. BASICA SANTOS COLLIPAL,NUEVA IMPERIAL,6,1,3,0,0
6611,ESC. BASICA CHIVILCOYAN,NUEVA IMPERIAL,6,1,1,17,10
6612,ESC. BASICA PICHIRAYEN,CHOLCHOL,2,1,1,11,110
6613,ESC. BASICA CACIQUE HUEICHAQUEO,NUEVA IMPERIAL,6,1,3,0,0
6614,ESC. BASICA CINCO MANZANOS,NUEVA IMPERIAL,6,1,3,0,0
6616,ESC. BASICA SANTA CAROLINA,CHOLCHOL,2,1,1,5,110
6617,ESC. RAYEN KOSKILLA,NUEVA IMPERIAL,6,1,3,0,0
6618,ESC. BASICA SAN MANUEL,NUEVA IMPERIAL,6,1,3,0,0
6620,ESC. BASICA AILLINCO,NUEVA IMPERIAL,6,1,3,0,0
6621,ESC. BASICA MALALCHE BAJO,CHOLCHOL,2,1,1,3,110
6622,ESC. BASICA CAMPANARIO,CHOLCHOL,2,1,1,3,110
6623,ESCUELA ARENAS BLANCAS,NUEVA IMPERIAL,6,1,1,20,10
6624,ESC. BASICA EL PROGRESO,CHOLCHOL,2,1,1,36,10
6625,ESC. BASICA LOS CANELOS,NUEVA IMPERIAL,6,1,1,0,0
6626,ESC. BASICA RUCAPANGUE,CHOLCHOL,2,1,1,20,110
6627,ESC. BASICA ALTAMIRA,CHOLCHOL,2,1,1,10,110
6628,ESC. BASICA LIFKO,NUEVA IMPERIAL,6,1,1,15,110
6630,ESC. BASICA NUEVA AURORA,CHOLCHOL,2,1,1,13,110
6631,ESCUELA BÁSICA EL PERAL,NUEVA IMPERIAL,6,1,3,0,0
6633,ESC. BASICA SANTA MARIA DE BOROA,NUEVA IMPERIAL,6,1,1,49,10
6634,ESC. BASICA SANTA LIDIA,NUEVA IMPERIAL,6,1,3,0,0
6635,ESC. BASICA LOS ROBLES,NUEVA IMPERIAL,6,1,1,0,0
6636,ESCUELA BASICA PIDENCO,NUEVA IMPERIAL,6,1,3,0,0
6637,LOLOCURA(CERRADA),NUEVA IMPERIAL,6,0,3,0,0
6638,ESCUELA EL MIRADOR,NUEVA IMPERIAL,6,1,3,0,0
6639,ESCUELA BASICA MANIO DUCANAN,NUEVA IMPERIAL,6,1,1,33,10
6641,LICEO AGRICOLA CHOL CHOL,CHOLCHOL,3,0,1,150,110
6642,LICEO COMERCIAL DIEGO PORTALES,NUEVA IMPERIAL,3,0,3,0,0
6643,LICEO INTERCULTURAL TÉCNICO PROFESIONAL GUACOLDA,CHOLCHOL,3,0,1,384,410
6644,LICEO SAN FCO DE ASIS DE NVA IMPERIAL,NUEVA IMPERIAL,3,0,1,1115,10
6645,ESCUELA ALTAMIRA,CHOLCHOL,3,0,3,0,0
6647,ESCUELA PARTICULAR BELEN,NUEVA IMPERIAL,3,0,2,0,0
6648,ESCUELA PARTICULAR SAN ADRIAN,NUEVA IMPERIAL,3,0,3,0,0
6649,LICEO SAN FRANCISCO DE ASIS DE CHOL CHOL,CHOLCHOL,3,0,1,335,10
6650,COLEGIO ANGLICANO WILLIAM WILSON,CHOLCHOL,3,0,1,494,10
6651,ESCUELA PARTICULAR GALVARINO,CHOLCHOL,3,0,3,0,0
6652,ESCUELA PARTICULAR BOROA,NUEVA IMPERIAL,3,1,1,97,10
6653,ESCUELA PARTICULAR COILACO,CHOLCHOL,3,1,1,8,110
6654,ESCUELA PARTICULAR ENTRE RIOS,NUEVA IMPERIAL,3,1,1,34,110
6655,ESCUELA PARTICULAR LORD COCHRANE,NUEVA IMPERIAL,3,1,3,0,0
6656,ESCUELA PARTICULAR LOS GUINDOS,NUEVA IMPERIAL,3,1,1,95,110
6657,ESCUELA CARRERINE,CHOLCHOL,2,1,3,0,0
6658,ESCUELA PARTICULAR LOS CONDORES,CHOLCHOL,3,1,2,0,0
6659,ESCUELA PARTICULAR SAN SEBASTIAN,NUEVA IMPERIAL,3,1,3,0,0
6660,ESCUELA PARTICULAR SANTA ISABEL,CHOLCHOL,3,1,1,4,110
6661,ESCUELA PARTICULAR LOS COPIHUES,CHOLCHOL,3,1,3,0,0
6662,ESCUELA PARTICULAR LOMA LARGA,NUEVA IMPERIAL,3,1,1,35,110
6664,ESCUELA PARTICULAR CARDAL,NUEVA IMPERIAL,3,1,3,0,0
6665,ESCUELA PARTICULAR CUDICO,NUEVA IMPERIAL,3,1,2,0,0
6666,ESCUELA PARTICULAR ALMAGRO,NUEVA IMPERIAL,3,1,1,149,110
6667,ESCUELA PARTICULAR RULO,NUEVA IMPERIAL,3,1,1,94,10
6668,ESCUELA PARTICULAR COPINCHE,CHOLCHOL,3,1,1,11,110
6669,ESCUELA PARTICULAR DOLLIMCO,CHOLCHOL,3,1,1,210,10
6670,ESCUELA PARTICULAR HUEICO,CHOLCHOL,3,1,1,47,110
6671,ESCUELA PARTICULAR RENACO,CHOLCHOL,3,1,1,48,110
6672,ESCUELA PARTICULAR LA AURORA,CHOLCHOL,3,1,2,0,0
6673,ESCUELA PARTICULAR PUEL MAPU,NUEVA IMPERIAL,3,1,1,0,0
6674,ESCUELA PARTICULAR ALTO MANIO,NUEVA IMPERIAL,3,1,1,10,110
6676,ESCUELA PARTICULAR LLANCAHUE,NUEVA IMPERIAL,3,1,3,0,0
6678,ESCUELA PARTICULAR SANTA MARIA,GALVARINO,3,1,1,18,110
6679,ESCUELA PARTICULAR PIUHUICHEN,CHOLCHOL,3,1,1,70,10
6681,ESCUELA PARTICULAR COIPUCO,CHOLCHOL,3,1,2,0,0
6682,ESCUELA PARTICULAR SANTA IRMA,NUEVA IMPERIAL,3,1,3,0,0
6683,ESCUELA PARTICULAR WILFREDO PASSAU,NUEVA IMPERIAL,3,1,2,0,0
6684,ESCUELA PARTICULAR SAN ANTONIO,NUEVA IMPERIAL,3,1,1,12,110
6686,ESCUELA PARTICULAR LIDIA RIQUELME,NUEVA IMPERIAL,3,1,1,72,10
6687,ESCUELA PARTICULAR PITRACO TOSCA,CHOLCHOL,3,1,3,0,0
6688,ESCUELA PARTICULAR TRANAMIL RULO,NUEVA IMPERIAL,3,1,1,66,10
6689,ESCUELA PARTICULAR BANDERA,CHOLCHOL,3,1,2,0,0
6690,ESCUELA PARTICULAR PEDRO AGUIRRE CERDA,NUEVA IMPERIAL,3,1,1,92,10
6691,ESCUELA PARTICULAR GABRIELA MISTRAL,NUEVA IMPERIAL,3,0,1,221,110
6692,ESCUELA PARTICULAR ARTURO PRAT,CHOLCHOL,3,1,1,68,10
6693,ESCUELA PARTICULAR ISABEL RIQUELME,NUEVA IMPERIAL,3,1,2,0,0
6695,ESCUELA PARTICULAR FAIZI,NUEVA IMPERIAL,3,1,1,38,10
6696,ESCUELA PARTICULAR L.BERNARDO O`HIGGINS,CHOLCHOL,3,1,2,0,0
6698,ESCUELA PARTICULAR BUENOS AIRES,NUEVA IMPERIAL,3,1,2,0,0
6699,ESCUELA PARTICULAR AMBROSIO OHIGGINS,VILCÚN,3,1,1,42,10
6700,ESCUELA PARTICULAR TRAYENCO,CHOLCHOL,3,1,1,34,10
6701,ESCUELA PARTICULAR ANIBAL PINTO,NUEVA IMPERIAL,3,1,1,12,110
6702,ESCUELA PARTICULAR INES DE SUAREZ,CHOLCHOL,3,1,1,27,10
6703,ESCUELA PARTICULAR LAS GAVIOTAS,NUEVA IMPERIAL,3,1,2,0,0
6705,ESCUELA PARTICULAR PROF.NIMIA RIVAS,CHOLCHOL,3,1,1,132,10
6706,ESCUELA PARTICULAR SAN MIGUEL,NUEVA IMPERIAL,3,1,3,0,0
6707,ESCUELA PARTICULAR YAUYAUQUEN,NUEVA IMPERIAL,3,1,3,0,0
6708,LICEO GREGORIO URRUTIA,GALVARINO,2,0,1,499,110
6709,ESCUELA MUNICIPAL RIO QUILLEN,GALVARINO,2,0,1,327,10
6710,ESCUELA BASICA DE LA PIEDRA,GALVARINO,2,1,1,114,10
6711,ESCUELA BASICA MANIUCO,GALVARINO,2,1,1,49,10
6712,ESCUELA SAN JUAN DE AILLINCO,GALVARINO,2,1,1,111,10
6714,ESCUELA MUNICIPAL DE LLUQUENTUE,GALVARINO,2,1,1,30,10
6715,ESCUELA BASICA TRABUNQUILLEM,GALVARINO,2,1,1,6,110
6716,ESC. BASICA QUETRE,GALVARINO,2,1,1,18,110
6717,MIRASOL (RECESO AÑO 2000),GALVARINO,2,0,3,0,0
6718,ESCUELA BASICA DE EL CAPRICHO,GALVARINO,2,1,1,113,10
6719,ESCUELA BASICA CHACAICO,GALVARINO,2,1,1,9,110
6720,ESCUELA HILOHUE,GALVARINO,2,1,3,0,0
6721,ESCUELA REDUCCION PANGUECO,GALVARINO,2,1,1,14,110
6722,ESCUELA BASICA QUINAHUE,GALVARINO,2,1,1,4,110
6723,ESC. BASICA PITRACO,GALVARINO,2,1,3,0,0
6725,ESCUELA DE HUAMPOMALLIN,GALVARINO,2,1,1,43,110
6726,ESCUELA BASICA SANTA MARGARITA,GALVARINO,2,1,1,32,110
6728,ESCUELA BASICA TRIF TRIFCO,GALVARINO,2,1,1,9,110
6729,ESC. BASICA LINGUEMALLIN,GALVARINO,2,1,3,0,0
6731,ESCUELA BASICA PELANTARO,GALVARINO,2,1,1,36,110
6732,ESC. BASICA FORTIN NIELOL,GALVARINO,2,1,1,66,10
6733,ESCUELA PARTICULAR VANGUARDIA,TEMUCO,3,0,3,0,0
6734,ESCUELA PARTICULAR SAN SEBASTIAN,GALVARINO,3,1,1,87,110
6735,ESCUELA PARTICULAR ADVENTISTA,GALVARINO,3,1,1,58,10
6736,ESCUELA PARTICULAR RAPA,GALVARINO,3,1,1,8,110
6737,ESCUELA PARTICULAR PAILLAHUE,TRAIGUÉN,3,1,1,34,10
6738,ESCUELA PARTICULAR REPOCURA,GALVARINO,3,1,1,2,110
6739,ESCUELA MUNICIPAL NILPE,GALVARINO,2,1,1,10,110
6740,ESCUELA BASICA EL PAJAL,GALVARINO,2,1,3,0,0
6741,ESCUELA PARTICULAR EL PROGRESO,GALVARINO,3,1,1,9,110
6742,ESCUELA MUNICIPAL RUCATRARO,GALVARINO,2,1,3,0,0
6743,ESCUELA PARTICULAR RENICURA,GALVARINO,3,1,1,12,110
6745,ESCUELA PARTICULAR BELLAVISTA,GALVARINO,3,1,1,15,110
6746,ESCUELA PARTICULAR SAN CARLOS,GALVARINO,3,1,3,0,0
6747,ESCUELA PARTICULAR EL PERAL,GALVARINO,3,1,1,4,110
6748,ESCUELA PARTICULAR EL JARDIN,GALVARINO,3,1,1,8,110
6750,ESCUELA LLOLLETUE,TEMUCO,3,1,1,14,110
6751,INSTITUTO COMERCIAL DE VALDIVIA,VALDIVIA,2,0,1,699,310
6752,LICEO TECNICO VALDIVIA,VALDIVIA,2,0,1,662,610
6753,LICEO SANTA MARIA LA BLANCA,VALDIVIA,2,0,1,358,310
6754,LICEO ARMANDO ROBLES RIVERA,VALDIVIA,2,0,1,589,110
6755,LICEO INDUSTRIAL VALDIVIA,VALDIVIA,2,0,1,509,510
6756,LICEO POLIVALENTE LOS AVELLANOS,VALDIVIA,2,0,3,0,0
6757,LICEO POLITECNICO BENJAMIN VICUNA MACKENNA,VALDIVIA,2,0,1,74,310
6759,ESCUELA CHILE,VALDIVIA,2,0,1,488,10
6760,ESCUELA SANTIAGO BUERAS,VALDIVIA,2,0,3,0,0
6762,ESCUELA MEXICO,VALDIVIA,2,0,1,453,10
6763,ESCUELA RENE SCHEIDER,VALDIVIA,2,0,3,0,0
6764,ESCUELA ESPANA,VALDIVIA,2,0,1,728,10
6765,COLEGIO DEPORTIVO MUNICIPAL DE VALDIVIA,VALDIVIA,2,0,1,98,10
6766,COLEGIO TENIENTE HERNAN MERINO CORREA,VALDIVIA,2,0,1,939,10
6767,ESCUELA LEONARDO DA VINCI,VALDIVIA,2,0,1,287,10
6768,ESCUELA DIFERENCIAL ANN SULLIVAN,VALDIVIA,2,0,1,10,213
6769,COLEGIO CIENCIAS Y TECNOLOGIA LUIS PASTEUR,VALDIVIA,2,0,3,0,0
6770,COLEGIO BICENTENARIO DE MUSICA JUAN SEBASTIAN BACH,VALDIVIA,2,0,1,484,110
6771,COLEGIO HOLANDA,VALDIVIA,2,0,3,0,0
6772,C.E.I.A. NARCISO GARCIA BARRIA,PUERTO MONTT,2,1,1,186,167
6773,ESCUELA LAS ANIMAS,VALDIVIA,2,0,1,209,10
6774,ESCUELA EL LAUREL,VALDIVIA,2,0,1,178,10
6777,ESCUELA FEDOR M.DOSTOIEVSKI,VALDIVIA,2,0,1,276,10
6779,COLEGIO MARCELA PAZ,VALDIVIA,2,0,3,0,0
6780,ESCUELA FERNANDO SANTIVAN,VALDIVIA,2,0,1,243,10
6781,ESCUELA ALEMANIA,VALDIVIA,2,0,1,242,10
6784,ESCUELA COLLICO,VALDIVIA,2,0,3,0,0
6785,ESCUELA ANGACHILLA,VALDIVIA,2,0,1,191,10
6786,ESCUELA ESPECIAL WALTER SCHMIDT ROESTEL,VALDIVIA,2,0,1,83,212
6787,CENTRO EDUC.ADULTOS LUIS MOLL BRIONES,VALDIVIA,2,0,1,264,165
6788,ESCUELA LOURDES,VALDIVIA,2,0,3,0,0
6790,ESCUELA LAS MARIAS,VALDIVIA,2,0,3,0,0
6791,ESCUELA DE NIEBLA JUAN BOSCH,VALDIVIA,2,1,1,424,10
6793,ESCUELA RURAL HUELLELHUE,VALDIVIA,2,1,1,71,10
6794,ESCUELA RURAL CHABELITA,VALDIVIA,2,0,3,0,0
6795,ESCUELA RURAL MORROMPULLI,VALDIVIA,2,1,3,0,0
6797,ESCUELA RURAL CURINANCO,VALDIVIA,2,1,1,71,110
6798,ESCUELA RURAL PUNUCAPA,VALDIVIA,2,1,1,25,110
6799,ESCUELA RURAL CABO BLANCO,VALDIVIA,2,1,3,0,0
6800,ESCUELA RURAL TORO BAYO,VALDIVIA,2,1,2,0,0
6803,ESCUELA RURAL CASA BLANCA,VALDIVIA,2,1,1,13,110
6804,ESCUELA RURAL LOS GUINDOS,VALDIVIA,2,1,1,13,110
6805,ESCUELA RURAL SANTO DOMINGO,VALDIVIA,2,1,1,15,110
6807,ESCUELA RURAL PISHUINCO,VALDIVIA,2,1,1,8,110
6812,ESCUELA RURAL CLUB DE LEONES DE VALDIVIA,VALDIVIA,2,1,3,0,0
6814,ESCUELA RURAL MISION DE ARIQUE,VALDIVIA,2,1,1,47,110
6815,ESCUELA RURAL LOS MOLINOS,VALDIVIA,2,0,1,33,10
6816,ESCUELA RURAL CAYUMAPU,VALDIVIA,2,1,1,41,10
6817,ESCUELA RURAL ANDRES FRIED KOPP,VALDIVIA,2,1,1,10,110
6818,ESCUELA RURAL LOS PELLINES,VALDIVIA,2,1,1,69,110
6820,ESCUELA DE PARVULOS N.265 CAPULLITO,VALDIVIA,4,0,3,0,0
6821,ESCUELA DE PARVULOS N.263 PAPELUCHO,VALDIVIA,4,0,3,0,0
6822,ESCUELA PARVULARIA ESPERANZA,VALDIVIA,3,0,3,0,0
6824,ESCUELA DE PARVULOS N.261 EL CANELITO,VALDIVIA,4,0,3,0,0
6826,COLEGIO SANTA MARTA DE VALDIVIA,VALDIVIA,3,0,1,627,10
6827,COLEGIO PARTICULAR SAN AGUSTIN,VALDIVIA,3,0,3,0,0
6828,COLEGIO AUSTRAL,VALDIVIA,3,0,1,210,110
6829,INSTITUTO SALESIANO,VALDIVIA,3,0,1,1130,10
6830,COLEGIO NUESTRA SENORA DEL CARMEN,VALDIVIA,3,0,1,1178,10
6832,COLEGIO MARIA AUXILIADORA,VALDIVIA,3,0,1,776,110
6833,INSTITUTO EDUCACIONAL COLLICO,VALDIVIA,3,0,1,227,10
6834,COLEGIO METODISTA LA TRINIDAD,VALDIVIA,3,0,1,291,10
6835,COLEGIO ADVENTISTA DE VALDIVIA,VALDIVIA,3,0,1,1061,10
6836,COLEGIO ALONSO DE ERCILLA,VALDIVIA,3,0,1,484,110
6837,ESCUELA PARTICULAR GABRIELA MISTRAL,VALDIVIA,3,1,2,0,0
6841,COLEGIO VALLE DE LOS RIOS,VALDIVIA,3,1,1,26,10
6843,COLEGIO WINDSOR SCHOOL,VALDIVIA,4,0,1,1186,10
6844,INSTITUTO ALEMAN CARLOS ANWANDTER,VALDIVIA,4,0,1,883,10
6845,COLEGIO INMACULADA CONCEPCION,VALDIVIA,4,0,3,0,0
6846,LICEO SAN LUIS DE ALBA,MARIQUINA,2,0,1,338,310
6848,ESCUELA PARTICULAR EL BOSQUE,LAGO RANCO,3,1,1,9,110
6852,COLEGIO PELCHUQUIN,MARIQUINA,2,1,1,154,10
6853,LICEO POLITECNICO PESQUERO,MARIQUINA,2,1,1,202,10
6854,ESCUELA RURAL PADRE EMILIO TIGGELBECK,MARIQUINA,2,1,3,0,0
6855,ESCUELA RURAL MAIQUILLAHUE,MARIQUINA,2,1,1,2,110
6857,ESCUELA RURAL MISSISSIPPI,MARIQUINA,2,1,1,18,10
6859,ESCUELA RURAL PURINGUE RICO,MARIQUINA,2,1,3,0,0
6860,ESCUELA RURAL LOCUCHE,MARIQUINA,2,1,3,0,0
6862,ESCUELA RURAL SAN SEBASTIAN,MARIQUINA,2,1,3,0,0
6865,ESCUELA RURAL HUIFCO,MARIQUINA,2,1,1,2,110
6866,ESCUELA RURAL ALFONSO OSSES PEREZ,MARIQUINA,2,1,1,27,10
6867,ESC.RURAL JORGE ROBERTO FONTANNAZ BLUAS,MARIQUINA,2,1,1,1,110
6868,ESCUELA RURAL INIPULLI,MARIQUINA,2,1,1,0,0
6872,ESCUELA RURAL MEHUIN BAJO,MARIQUINA,2,1,3,0,0
6875,ESCUELA RURAL PURINGUE POBRE,MARIQUINA,2,1,3,0,0
6876,ESCUELA FRAY BERNABE DE LUCERNA,MARIQUINA,2,1,1,193,10
6877,ESCUELA RURAL OSVALDO FERNANDEZ V.,MARIQUINA,2,1,1,13,110
6878,ESCUELA RURAL PAILLACO,MARIQUINA,2,1,1,7,110
6879,ESCUELA RURAL YECO,MARIQUINA,2,1,3,0,0
6880,COLEGIO ANGLO AMERICAN INTERNATIONAL,LO BARNECHEA,4,0,3,0,0
6881,ESCUELA RURAL PON-PON,MARIQUINA,2,1,3,0,0
6882,ESCUELA RURAL LINGUENTO,MARIQUINA,2,1,1,2,110
6883,ESCUELA RURAL ESPERANZA,MARIQUINA,2,1,3,0,0
6884,ESCUELA RURAL FLORA MARTIN IMIGO,MARIQUINA,2,1,1,1,110
6885,ESCUELA RURAL ELISEO JARAMILLO,MARIQUINA,2,1,3,0,0
6886,ESCUELA VALLE DE MARIQUINA,MARIQUINA,2,0,1,217,10
6888,ESCUELA RURAL CALQUINCO ALTO,MARIQUINA,2,1,3,0,0
6889,ESCUELA RURAL CHACAYAL LINGUE,MARIQUINA,2,1,3,0,0
6891,ESC.RURAL JUAN POBLETE SAINT-SIMON,MARIQUINA,2,1,1,32,10
6892,ESCUELA RURAL PEDRO W. URIBE OPLINGER,MARIQUINA,2,1,3,0,0
6893,ESCUELA RURAL TRALCAO,MARIQUINA,2,1,1,0,0
6895,LICEO BICENTENARIO SANTA CRUZ,MARIQUINA,3,0,1,846,10
6896,SEMINARIO SAN FIDEL,MARIQUINA,3,0,1,1131,10
6897,LICEO BICENTENERIO DE EXCELENCIA CAMILO HENRIQUEZ GONZALEZ DE LANCO.,LANCO,2,0,1,574,310
6898,ESCUELA FELIPE BARTHOU CORBEAUX,LANCO,2,0,1,257,10
6899,LICEO REPUBLICA DEL BRASIL,LANCO,2,1,1,240,10
6900,ESCUELA RURAL PANGUINILAHUE,LANCO,2,1,3,0,0
6901,ESCUELA RURAL REDUCCION ANTILHUE,LANCO,2,1,1,30,110
6902,ESCUELA RURAL RUCAKLEN,LANCO,2,1,1,27,110
6903,ESCUELA RURAL PUQUINE BAJO,LANCO,2,1,1,17,110
6904,ESCUELA RURAL COMUNIDAD CHINURA,LANCO,2,1,3,0,0
6905,ESCUELA RURAL AYLIN,LANCO,2,1,1,37,110
6907,ESCUELA RURAL EL TALLO,LANCO,2,1,3,0,0
6908,ESCUELA RURAL REDUCCION QUEMCHUE,LANCO,2,1,3,0,0
6909,ESCUELA RURAL HUENUYE,LANCO,2,1,3,0,0
6912,ESCUELA RURAL MINAS DE HUEIMA,LANCO,2,1,2,0,0
6913,ESCUELA RURAL QUILCHE,LANCO,2,1,3,0,0
6914,ESCUELA RURAL HUIPEL,LANCO,2,1,3,0,0
6915,ESCUELA RURAL CHOSDOY ALTO,LANCO,2,1,3,0,0
6916,ESCUELA ALBERTO CORDOVA LATORRE,LANCO,2,0,1,290,10
6917,ESCUELA PARTICULAR PADRE CARLOS,LANCO,3,0,1,272,10
6918,ESCUELA PARTICULAR SAN FRANCISCO,LANCO,3,0,1,303,10
6919,ESCUELA PARTICULAR SAN SEBASTIAN,LANCO,3,1,3,0,0
6920,ESCUELA PARTICULAR GUIDO BECK,LANCO,3,0,1,120,10
6921,LICEO AGRICOLA FEMENINA MARIA REINA,LANCO,3,1,3,0,0
6922,LICEO PADRE ALCUINO,LANCO,3,0,1,136,410
6924,ESCUELA PARTICULAR LOS SAUCES,LANCO,3,1,2,0,0
6925,COLEGIO MARIA REINA,LANCO,3,1,1,238,10
6929,LICEO BICENTENARIO ALBERTO BLEST GANA,LOS LAGOS,2,0,1,855,310
6930,ESCUELA FRANCIA,LOS LAGOS,2,0,1,382,10
6931,ESCUELA JOSE MARIA MUNOZ HERMOSILLA,LOS LAGOS,2,0,3,0,0
6932,ESCUELA NEVADA,LOS LAGOS,2,0,1,189,10
6933,ESCUELA RURAL FOLILCO,LOS LAGOS,2,1,1,200,10
6934,ESCUELA NUEVA ESPANA,LOS LAGOS,2,0,1,594,10
6935,ESCUELA RURAL ANTILHUE,LOS LAGOS,2,0,1,171,10
6936,ESCUELA RURAL CORONEL SANTIAGO BUERAS A.,LOS LAGOS,2,1,3,0,0
6938,ESCUELA RURAL CHANCO,LOS LAGOS,2,1,1,0,0
6939,ESCUELA RURAL COLLILELFU,LOS LAGOS,2,1,3,0,0
6941,ESCUELA RURAL EL VERGEL,LOS LAGOS,2,1,1,0,0
6942,ESCUELA RURAL EL TREBOL,LOS LAGOS,2,1,1,0,0
6943,ESCUELA RURAL PUNAHUE,LOS LAGOS,2,1,3,0,0
6944,ESCUELA RURAL USTARITZ,LOS LAGOS,2,1,1,19,110
6945,ESCUELA RURAL LOS BAJOS,LOS LAGOS,2,1,1,0,0
6946,ESCUELA RURAL COMUNIDAD STA CARLA,LOS LAGOS,2,1,1,8,110
6947,ESCUELA RURAL AGUAS BUENAS,LOS LAGOS,2,1,3,0,0
6948,ESCUELA RURAL FEDERACION RODEO CHILENO,LOS LAGOS,2,1,3,0,0
6949,ESCUELA RURAL LA ESPERANZA,LOS LAGOS,2,1,3,0,0
6950,ESCUELA RURAL LAS HUELLAS,LOS LAGOS,2,1,1,0,0
6951,ESCUELA RURAL LA VICTORIA,LOS LAGOS,2,1,1,0,0
6953,ESCUELA RURAL EL SALTO,LOS LAGOS,2,1,1,117,10
6955,ESCUELA RURAL ENRIQUE HEVIA LABBE,LOS LAGOS,2,1,1,35,110
6956,ESCUELA RURAL ALICIA MERA OVALLE,LOS LAGOS,2,1,1,16,10
6957,ESCUELA RURAL TRAFUN,LOS LAGOS,2,1,1,0,0
6958,ESCUELA RURAL PICHIHUE,LOS LAGOS,2,1,3,0,0
6959,ESCUELA RURAL LAS JUNTAS,LOS LAGOS,2,1,3,0,0
6961,ESCUELA RURAL EL EXPLORADOR,LOS LAGOS,2,1,3,0,0
6962,ESCUELA RURAL CURALELFU,LOS LAGOS,2,1,3,0,0
6963,ESCUELA CENTROS UNIDOS SAN JUAN,LOS LAGOS,3,1,1,0,0
6964,ESCUELA PARTICULAR LOS MAITENES,LOS LAGOS,3,1,1,198,10
6965,ESCUELA PARTICULAR HUAIQUIMILLA,LOS LAGOS,3,1,1,2,110
6969,ESCUELA PARTICULAR EL FAROL,LOS LAGOS,3,1,1,3,110
6970,ESCUELA PARTICULAR PATAGONIA,LOS LAGOS,3,1,1,112,110
6972,ESCUELA COLEGUAL NUM.32,LOS LAGOS,3,1,1,1,110
6973,ESCUELA PARTICULAR SANTA JIMENA,LOS LAGOS,3,1,3,0,0
6975,ESCUELA PARTICULAR COVADONGA,LOS LAGOS,3,1,1,6,110
6978,ESCUELA PARTICULAR SANTA ANA,LOS LAGOS,3,1,1,2,110
6979,ESCUELA PARTICULAR PABLO NERUDA,LOS LAGOS,3,1,2,0,0
6980,ESCUELA PARTICULAR FLOR DEL LAGO,LOS LAGOS,3,1,3,0,0
6981,ESCUELA PARTICULAR SAN PEDRO,LOS LAGOS,3,1,3,0,0
6982,ESCUELA PARTICULAR MI TIERRA,LOS LAGOS,3,1,1,2,110
6983,COLEGIO JOSE MANUEL BALMACEDA FÉRNANDEZ,FUTRONO,2,0,1,767,10
6984,ESCUELA RURAL NONTUELA,FUTRONO,2,1,1,182,10
6986,ESCUELA FRONTERIZA DE LLIFEN,FUTRONO,2,1,1,135,10
6987,ESCUELA RURAL LONCOPAN,FUTRONO,2,1,3,0,0
6988,ESCUELA RURAL LONCOPAN BAJO,FUTRONO,2,1,1,3,110
6989,ESCUELA RURAL LOS CERRILLOS,FUTRONO,2,1,1,13,110
6990,ESCUELA RURAL EL LLOLLY,PAILLACO,2,1,1,16,10
6991,ESCUELA RURAL ISLA HUAPI,FUTRONO,2,1,1,28,10
6992,ESCUELA RURAL VISTA HERMOSA,FUTRONO,2,1,1,14,110
6994,ESCUELA RURAL ENTRE CERROS,FUTRONO,2,1,2,0,0
6995,ESCUELA RURAL LOS AMANCAYES,FUTRONO,2,1,2,0,0
6996,ESCUELA RURAL PUMOL,FUTRONO,2,1,1,32,110
7000,ESCUELA RURAL HUEINAHUE,FUTRONO,2,1,1,12,110
7001,ESCUELA RURAL ARQUILHUE,FUTRONO,2,1,3,0,0
7003,ESCUELA RURAL CURRINE,FUTRONO,2,1,1,198,10
7004,COLEGIO MARIA DEOGRACIA,FUTRONO,3,0,1,725,10
7006,LICEO SAN CONRADO DE FUTRONO,FUTRONO,3,0,1,619,110
7008,ESCUELA PARTICULAR FLORIN,FUTRONO,3,1,2,0,0
7009,ESCUELA PARTICULAR CHOLLINCO,FUTRONO,3,1,1,109,110
7011,ESCUELA PARTICULAR CHIHUIO,FUTRONO,3,1,1,24,10
7012,ESCUELA PARTICULAR RADICACION MAIHUE,FUTRONO,3,1,2,0,0
7013,ESCUELA PARTICULAR NONTUELA ALTO,FUTRONO,3,1,1,0,0
7014,ESCUELA PARTICULAR CAUNAHUE,FUTRONO,3,1,2,0,0
7015,LICEO BICENTENARIO DE EXCELENCIA CARLOS HAVERBECK RICHTER,CORRAL,2,0,1,253,310
7016,ESCUELA BASICA DE CORRAL,CORRAL,2,0,1,307,10
7018,ESCUELA RURAL TRES CHIFLONES ALTO,CORRAL,2,1,1,1,110
7020,ESCUELA RURAL CARBONEROS,CORRAL,2,1,1,44,110
7021,ESCUELA RURAL SAN JUAN,CORRAL,2,1,3,0,0
7023,ESCUELA RURAL LA AGUADA,CORRAL,2,0,1,192,10
7024,ESCUELA RURAL SAN CARLOS,CORRAL,2,0,1,14,110
7025,ESCUELA RURAL EL HUAPE,CORRAL,2,1,1,27,110
7026,ESCUELA RURAL CHAIHUIN,CORRAL,2,1,1,48,10
7027,ESCUELA RURAL FUTA,CORRAL,2,1,3,0,0
7029,ESCUELA RURAL AMARGOS,CORRAL,2,1,3,0,0
7030,ESCUELA RURAL LAS COLORADAS,CORRAL,2,1,1,3,110
7031,LICEO BICENTENARIO GABRIELA MISTRAL,MÁFIL,2,0,1,505,10
7032,ESCUELA ARTÍSTICA ALABAMA,MÁFIL,2,0,1,73,10
7034,ESCUELA RURAL PUTREGUEL,MÁFIL,2,1,1,0,0
7037,ESCUELA RURAL SANTA HIGIDIA,MÁFIL,2,1,1,7,110
7038,ESCUELA RURAL HUILLICOIHUE,MÁFIL,2,1,1,1,110
7039,ESCUELA RURAL ENRIQUE TALADRIZ,MÁFIL,2,1,1,1,110
7040,ESCUELA RURAL RUNCA,MÁFIL,2,1,1,14,110
7041,ESCUELA RURAL SAN PEDRO,MÁFIL,2,1,3,0,0
7042,ESCUELA RURAL QUESQUECHAN,MÁFIL,2,1,3,0,0
7044,LICEO SANTO CURA DE ARS,MÁFIL,3,0,1,634,10
7045,ESCUELA PARTICULAR LAS ALTURAS,MÁFIL,3,1,3,0,0
7047,ESCUELA PARTICULAR SAN JOSE DE FOLILCO,MÁFIL,3,1,2,0,0
7049,CENTRO EDUCATIVO FERNANDO SANTIVAN,PANGUIPULLI,1,0,1,392,10
7050,ESCUELA MARIA ALVARADO GARAY,PANGUIPULLI,1,0,1,516,10
7051,ESCUELA RURAL PANGUILELFUN,PANGUIPULLI,1,1,1,17,110
7052,ESCUELA RURAL PUNIR,PANGUIPULLI,1,1,3,0,0
7054,ESCUELA RURAL PUYEHUE,PANGUIPULLI,1,1,3,0,0
7055,ESCUELA RURAL CHAUQUEN,PANGUIPULLI,1,1,3,0,0
7056,ESCUELA RURAL BELLA VISTA,PANGUIPULLI,1,1,3,0,0
7057,ESCUELA RURAL PITREN,PANGUIPULLI,1,1,1,4,110
7058,ESCUELA RURAL HUITAG,PANGUIPULLI,1,1,1,14,110
7059,ESCUELA MANUEL ANABALÓN SÁEZ,PANGUIPULLI,1,0,1,446,10
7060,ESCUELA AMANECER,PANGUIPULLI,1,0,3,0,0
7061,ESCUELA RURAL LA RINCONADA,PANGUIPULLI,1,1,1,136,10
7062,ESCUELA RURAL PULLINQUE,PANGUIPULLI,1,1,1,123,10
7063,ESCUELA RURAL HUELLAHUE,PANGUIPULLI,1,1,1,178,10
7064,ESCUELA BASICA REPUBLICA DE CHILE,PANGUIPULLI,1,1,1,79,10
7065,ESCUELA RURAL EL MANZANO,PANGUIPULLI,1,1,1,1,110
7066,ESCUELA RURAL ALBORADA,PANGUIPULLI,1,1,3,0,0
7068,ESCUELA RURAL CORRELTUE,PANGUIPULLI,1,1,2,0,0
7069,ESCUELA RURAL COZ COZ,PANGUIPULLI,1,1,1,8,110
7071,ESCUELA RURAL LAGO AZUL,PANGUIPULLI,1,1,1,71,10
7072,ESCUELA RURAL LLANCAHUE,PANGUIPULLI,1,1,1,12,110
7073,ESCUELA RURAL CURIHUE,PANGUIPULLI,1,1,3,0,0
7074,ESCUELA RURAL CACIQUE AILLAPAN,PANGUIPULLI,1,1,1,13,110
7075,ESCUELA RURAL LINDA FLOR,PANGUIPULLI,1,1,3,0,0
7076,ESCUELA ESTADIO,VILLARRICA,2,1,1,6,110
7077,ESCUELA ALIHUEN,VILLARRICA,2,1,1,11,110
7078,ESCUELA RURAL CARRIRINE,PANGUIPULLI,1,1,1,31,110
7079,ESCUELA RURAL MALCHEHUE,PANGUIPULLI,1,1,1,6,110
7080,ESCUELA RURAL CULTRUNCAHUE,PANGUIPULLI,1,1,3,0,0
7081,ESCUELA RURAL RANINTULELFU,PANGUIPULLI,1,1,3,0,0
7083,ESCUELA RURAL BOCATOMA,PANGUIPULLI,1,1,1,56,110
7085,COMPLEJO EDUCACIONAL TIERRA DE ESPERANZA,PANGUIPULLI,1,1,1,203,10
7086,ESCUELA RURAL COIHUECO,PANGUIPULLI,1,1,1,32,110
7087,ESCUELA RURAL PULLINQUE ALTO,PANGUIPULLI,1,1,3,0,0
7088,ESCUELA RURAL CAYUMAPU,PANGUIPULLI,1,1,1,6,110
7089,ESCUELA RURAL LAGO NELTUME,PANGUIPULLI,1,1,1,8,110
7090,ESCUELA RURAL PUNAHUE,PANGUIPULLI,1,1,1,8,110
7091,ESCUELA RURAL CUDILELFU,PANGUIPULLI,1,1,3,0,0
7092,ESCUELA RURAL REHUEICO,PANGUIPULLI,1,1,1,35,10
7093,ESCUELA RURAL TRAFUN,PANGUIPULLI,1,1,3,0,0
7094,ESCUELA RURAL LOS RAULIES,PANGUIPULLI,1,1,3,0,0
7095,ESCUELA RURAL MILLEUCO,PANGUIPULLI,1,1,1,2,110
7096,ESCUELA RURAL LOS NADIS,PANGUIPULLI,1,1,3,0,0
7097,ESCUELA RURAL RAGUINTULALFU,PANGUIPULLI,1,1,3,0,0
7099,ESCUELA RURAL TRANGUIL,PANGUIPULLI,1,1,3,0,0
7100,ESCUELA RURAL LLONQUEN,PANGUIPULLI,1,1,1,90,10
7101,ESCUELA RURAL CACHIM,PANGUIPULLI,1,1,1,2,110
7102,LICEO PADRE SIGISFREDO,PANGUIPULLI,3,0,1,358,410
7104,ESCUELA PARTICULAR SANTA ISABEL,PANGUIPULLI,3,0,3,0,0
7105,ESCUELA PARTICULAR PANGUIPULLI,PANGUIPULLI,3,0,3,0,0
7106,ESCUELA PARTICULAR FRAY INOCENCIO,PANGUIPULLI,3,1,2,0,0
7108,ESCUELA PART. PADRE ENRIQUE ROMER,PANGUIPULLI,3,1,1,191,10
7109,ESCUELA PARTICULAR PELEHUE,PANGUIPULLI,3,1,1,16,110
7110,ESCUELA PARTICULAR SANTA CLARA,PANGUIPULLI,3,1,3,0,0
7111,ESCUELA PARTICULAR PUCURA,PANGUIPULLI,3,1,1,74,10
7112,ESCUELA PARTICULAR PAMPA NANCUL,PANGUIPULLI,3,1,1,114,10
7113,ESCUELA PARTICULAR LIQUINE,PANGUIPULLI,3,1,1,36,110
7114,ESCUELA FRANCISCO DE ASIS,PANGUIPULLI,3,1,1,232,10
7115,ESCUELA PARTICULAR NUEVA LIQUINE,PANGUIPULLI,3,1,1,151,10
7116,ESCUELA PARTICULAR EL PORVENIR,PANGUIPULLI,3,1,1,5,110
7118,ESCUELA PARTICULAR TRAITRAICO,PANGUIPULLI,3,1,1,50,10
7119,ESCUELA PARTICULAR PILINHUE,PANGUIPULLI,3,1,3,0,0
7121,ESCUELA PARTICULAR PANGUIPULLI DOLLINCO,PANGUIPULLI,3,1,3,0,0
7122,"COL. DE ARTES, CIENCIA Y TEC. DA VINCI",PANGUIPULLI,3,1,1,240,10
7123,ESCUELA PARTICULAR TRELEHUENO,PANGUIPULLI,3,1,1,36,10
7124,ESCUELA PARTICULAR PASCUAL ALLCAPANG,PANGUIPULLI,3,1,2,0,0
7125,ESCUELA PARTICULAR PADRE BERGER,PANGUIPULLI,3,1,1,244,10
7127,ESC. ADULTOS INTEGRACION Y ESPERANZA,LA UNIÓN,2,0,3,0,0
7128,COLEGIO DE CULTURA Y DIFUSION ARTISTICA,LA UNIÓN,2,0,1,810,10
7129,LICEO BICENTENARIO RECTOR ABDON ANDRADE COLOMA,LA UNIÓN,2,0,1,955,110
7130,ESCUELA LA UNION,LA UNIÓN,2,0,1,320,10
7131,ESCUELA PRESIDENTE JORGE ALESSANDRI R.,LA UNIÓN,2,0,1,384,10
7132,ESC.DIFERENC.VILLA SAN JOSE DE LA UNION,LA UNIÓN,2,0,1,80,212
7133,ESCUELA RADIMADI,LA UNIÓN,2,0,1,412,10
7135,COLEGIO TECNICO PROFESIONAL N°1 HONORIO OJEDA VALDERAS,LA UNIÓN,2,0,1,221,110
7136,ESCUELA RURAL CATAMUTUN,LA UNIÓN,2,1,1,51,10
7137,ESCUELA RURAL CHOROICO,LA UNIÓN,2,1,1,98,10
7138,ESCUELA RURAL PUERTO NUEVO,LA UNIÓN,2,1,1,150,10
7139,ESCUELA RURAL PURRIHUIN,LA UNIÓN,2,1,3,0,0
7140,ESCUELA RURAL LOS ESTEROS,LA UNIÓN,2,1,1,165,10
7141,ESCUELA RURAL FOLLECO,LA UNIÓN,2,1,1,8,110
7142,ESCUELA RURAL CUINCO,LA UNIÓN,2,1,1,54,10
7143,ESCUELA RURAL SAN PEDRO DE COIQUE,LA UNIÓN,2,1,3,0,0
7145,ESCUELA RURAL PUTRARO,LA UNIÓN,2,1,3,0,0
7147,ESCUELA RURAL HUILLINCO,LA UNIÓN,2,1,1,70,110
7149,ESCUELA RURAL SANTA ELISA,LA UNIÓN,2,1,3,0,0
7153,ESCUELA RURAL ROFUCO,LA UNIÓN,2,1,3,0,0
7154,ESCUELA RURAL SAN JUAN CHICO,LA UNIÓN,2,1,3,0,0
7156,ESCUELA RURAL TRUMAO,LA UNIÓN,2,1,3,0,0
7157,ESCUELA RURAL TRAIGUEN,LA UNIÓN,2,1,1,115,10
7158,ESCUELA RURAL CARIMANCA,LA UNIÓN,2,1,1,6,110
7159,ESCUELA RURAL SAN MIGUEL,LA UNIÓN,2,1,3,0,0
7160,ESCUELA RURAL FLOR M. MUNDACA H.,LA UNIÓN,2,1,1,11,110
7161,ESCUELA RURAL DAGLIPULLI,LA UNIÓN,2,1,2,0,0
7162,ESCUELA RURAL CENTINELA,LA UNIÓN,2,1,3,0,0
7164,ESCUELA RURAL HUEQUECURA,LA UNIÓN,2,1,3,0,0
7166,ESCUELA ALDEA CAMPESINA,LA UNIÓN,2,0,1,140,10
7167,ESCUELA RURAL NAPOLES,LA UNIÓN,2,1,3,0,0
7168,ESCUELA RURAL LLANCACURA,LA UNIÓN,2,1,1,10,110
7169,ESCUELA RURAL HUEICOLLA,LA UNIÓN,2,1,3,0,0
7170,ESCUELA RURAL MASHUE,LA UNIÓN,2,1,1,81,10
7171,ESCUELA RURAL LONCO TREGUA,LA UNIÓN,2,1,3,0,0
7172,ESCUELA RURAL PILPILCAHUIN,LA UNIÓN,2,1,1,3,110
7173,ESCUELA RURAL EL HUAPE,LA UNIÓN,2,1,1,6,110
7174,ESCUELA RURAL LOS CHILCOS,LA UNIÓN,2,1,1,4,110
7176,ESCUELA RURAL LOS CONALES,LA UNIÓN,2,1,3,0,0
7178,ESCUELA RURAL HUACAHUE,LA UNIÓN,2,1,1,1,110
7180,COLEGIO ALEMAN R.A. PHILIPPI,LA UNIÓN,4,0,1,402,10
7181,COLEGIO SANTA MARTA,LA UNIÓN,3,0,1,612,10
7183,COLEGIO PADRE DAMIAN,LA UNIÓN,3,0,1,538,10
7184,ESCUELA PARTICULAR CAMPO LINDO,PAILLACO,3,1,1,2,110
7185,ESCUELA PARTICULAR LOS AVELLANOS,LA UNIÓN,3,1,1,19,110
7186,ESCUELA PARTICULAR MONTES AZULES,LA UNIÓN,3,1,1,4,110
7187,ESCUELA PARTICULAR SAN MIGUEL,LA UNIÓN,3,1,3,0,0
7188,ESCUELA PARTICULAR TRES VENTANAS,LA UNIÓN,3,1,1,18,110
7190,ESCUELA PARTICULAR CUMULEUFU,LA UNIÓN,3,1,2,0,0
7192,ESCUELA PARTICULAR PUMAIHUE,LA UNIÓN,3,1,1,28,110
7193,ESCUELA PARTICULAR LAGO VERDE,LA UNIÓN,3,1,1,0,0
7195,ESCUELA PARTICULAR ROBLENTAL,LA UNIÓN,3,1,2,0,0
7197,ESCUELA PARTICULAR COPIO,LA UNIÓN,3,1,2,0,0
7198,ESCUELA PARTICULAR CHAMPEL,LA UNIÓN,3,1,3,0,0
7199,ESCUELA PARTICULAR NANCULEN,LA UNIÓN,3,1,2,0,0
7200,LICEO RODULFO AMANDO PHILIPPI,PAILLACO,2,0,1,884,110
7202,ESCUELA PROYECTO DE FUTURO,PAILLACO,2,0,1,605,10
7203,ESCUELA OLEGARIO MORALES OLIVA,PAILLACO,2,0,1,460,10
7204,ESCUELA NUEVA AURORA,PAILLACO,2,0,1,150,10
7205,ESCUELA ROBERTO OJEDA TORRES,PAILLACO,2,0,1,183,10
7206,ESCUELA RURAL 21 DE MAYO,PAILLACO,2,1,1,280,10
7207,ESCUELA RURAL LA PALOMA,PAILLACO,2,1,3,0,0
7208,ESCUELA RURAL LUMACO,PAILLACO,2,1,3,0,0
7209,ESCUELA RURAL EL MANZANO,PAILLACO,2,1,3,0,0
7210,ESCUELA RURAL LLANCAHUE,PAILLACO,2,1,3,0,0
7211,ESCUELA RURAL AGUAS NEGRAS,PAILLACO,2,1,3,0,0
7212,ESCUELA RURAL EL NARANJO,PAILLACO,2,1,1,17,110
7213,ESCUELA RURAL ARCO IRIS,PAILLACO,2,1,2,0,0
7214,ESCUELA RURAL MANAO,PAILLACO,2,1,1,7,110
7216,ESCUELA RURAL LOS CERRILLOS,PAILLACO,2,1,3,0,0
7217,ESCUELA RURAL ESTRELLA DE CHILE,PAILLACO,2,1,1,36,10
7218,ESCUELA RURAL LA LUMA,PAILLACO,2,1,2,0,0
7219,ESCUELA RURAL DEMAIHUE,PAILLACO,2,1,3,0,0
7220,ESCUELA RURAL LA PENA,PAILLACO,2,1,1,7,110
7221,ESCUELA RURAL PICHI-QUEMA,PAILLACO,2,1,3,0,0
7223,ESCUELA RURAL LAGO VERDE,PAILLACO,2,1,3,0,0
7224,ESCUELA RURAL LA ESPERANZA,PAILLACO,2,1,3,0,0
7225,ESCUELA RURAL EDUVIGES SCHULZ DE MOHR,PAILLACO,2,1,1,10,110
7227,ESCUELA RURAL EL ESFUERZO,PAILLACO,2,1,2,0,0
7228,ESCUELA RURAL NUEVO HORIZONTE,PAILLACO,2,1,3,0,0
7230,ESCUELA RURAL SANTA MARIA,PAILLACO,2,1,3,0,0
7231,ESCUELA PARTICULAR ALEMANA,PAILLACO,3,0,1,489,10
7233,ESCUELA PARTICULAR COTRILLA CHICO,PAILLACO,3,1,2,0,0
7234,ESCUELA PADRE ALEJANDRO CORCUERA MARTINEZ,PAILLACO,3,0,1,117,10
7235,ESCUELA PART. N.259 SANTA INES,PAILLACO,3,0,3,0,0
7236,LICEO BICENTENARIO VICENTE PÉREZ ROSALES,RÍO BUENO,2,0,1,474,310
7237,ESCUELA BASICA RIO BUENO,RÍO BUENO,2,0,1,579,10
7238,ESCUELA BASICA PATRICIO LYNCH,RÍO BUENO,2,0,1,181,10
7239,ESCUELA BASICA SAN JOSE DE FILUCO,RÍO BUENO,2,1,1,12,110
7240,COLEGIO BICENTENARIO CRUCERO OSCAR DANIEL,RÍO BUENO,2,1,1,405,10
7241,ESCUELA RURAL SAN PEDRO,RÍO BUENO,2,1,3,0,0
7242,ESCUELA RURAL VIVANCO,RÍO BUENO,2,1,1,69,10
7243,ESCUELA RURAL CARIMALLIN BAJO,RÍO BUENO,2,1,1,79,10
7244,ESCUELA RURAL COLONIA DIUMEN,RÍO BUENO,2,1,1,143,10
7245,ESCUELA RURAL MARIA TRAUTMANN  T,RÍO BUENO,2,1,3,0,0
7247,ESCUELA RURAL EL ROBLEE,RÍO BUENO,2,1,2,0,0
7248,ESCUELA RURAL  CURACO,RÍO BUENO,2,1,2,0,0
7249,ESCUELA RURAL TIQUECO,RÍO BUENO,2,1,1,9,110
7250,ESCUELA RURAL VALLE MANTILHUE BAJO,RÍO BUENO,2,1,1,125,10
7251,ESCUELA RURAL LA VICTORIA,RÍO BUENO,2,1,3,0,0
7252,ESCUELA RURAL MANTILHUE ALTO,RÍO BUENO,2,1,1,137,10
7253,ESCUELA RURAL CURRALHUE GRANDE,RÍO BUENO,2,1,1,11,110
7254,ESCUELA RURAL LOS COPIHUES,RÍO BUENO,2,1,3,0,0
7255,ESCUELA RURAL RUCATAYO,RÍO BUENO,2,1,3,0,0
7256,ESCUELA RURAL FOLILCO,RÍO BUENO,2,1,1,6,110
7257,ESCUELA RURAL FUTAHUENTE,RÍO BUENO,2,1,1,9,110
7258,ESCUELA RURAL NOLGUEHUE,RÍO BUENO,2,1,2,0,0
7259,ESCUELA RURAL COCULE,RÍO BUENO,2,1,3,0,0
7260,ESCUELA RURAL CHAMPULLI,RÍO BUENO,2,1,1,55,110
7261,ESCUELA RURAL CHIRRE,RÍO BUENO,2,1,1,24,110
7262,ESCUELA RURAL PISU-PISUE,RÍO BUENO,2,1,1,6,110
7264,ESCUELA RURAL HACIENDA SAN PABLO,RÍO BUENO,2,1,3,0,0
7265,ESCUELA RURAL CONTRA CORONEL,RÍO BUENO,2,1,3,0,0
7266,ESCUELA RURAL TRAPI,RÍO BUENO,2,1,1,50,10
7267,ESCUELA RURAL FORRAHUE,RÍO BUENO,2,1,2,0,0
7268,ESCUELA RURAL CURRALHUE CHICO,RÍO BUENO,2,1,1,7,110
7269,ESCUELA RURAL EL MELI,RÍO BUENO,2,1,3,0,0
7270,ESCUELA RURAL TRAFUN,RÍO BUENO,2,1,3,0,0
7272,ESCUELA RURAL COLLICO,RÍO BUENO,2,1,3,0,0
7273,ESCUELA RURAL EL ARRAYAN,RÍO BUENO,2,1,1,67,10
7274,ESCUELA RURAL LA GRUTA,RÍO BUENO,2,1,2,0,0
7275,ESCUELA RURAL BRAMADERO,RÍO BUENO,2,1,3,0,0
7276,COLEGIO SANTA CRUZ,RÍO BUENO,3,0,1,1107,10
7279,ESCUELA PART LA AGUADA,RÍO BUENO,3,1,1,16,110
7282,ESCUELA PARTICULAR NUEVA LUMACO,RÍO BUENO,3,1,1,5,110
7283,ESCUELA PARTICULAR RUCATAYO,RÍO BUENO,3,1,3,0,0
7284,ESCUELA PARTICULAR NUEVA PINDACO,RÍO BUENO,3,1,1,26,110
7285,ESCUELA PARTICULAR BOQUIAL,RÍO BUENO,3,1,1,25,110
7286,ESCUELA PARTICULAR LOS CASTANOS,RÍO BUENO,3,1,3,0,0
7287,ESCUELA PARTICULAR FRUTILLAR,RÍO BUENO,3,1,3,0,0
7288,ESCUELA CHISCAIHUE,RÍO BUENO,3,1,1,29,110
7289,ESCUELA PARTICULAR TRAPI,RÍO BUENO,3,1,3,0,0
7290,ESCUELA PARTICULAR TREHUACO,RÍO BUENO,3,1,1,28,110
7291,ESCUELA PARTICULAR MANTILHUE BOQUEAL,RÍO BUENO,3,1,2,0,0
7292,ESCUELA PARTICULAR NUEVA ESPERANZA,RÍO BUENO,3,1,1,0,0
7295,ESCUELA PARTICULAR PORVENIR,RÍO BUENO,3,1,3,0,0
7296,ESCUELA PARTICULAR LOS AZADORES,RÍO BUENO,3,1,1,14,110
7297,ESCUELA RURAL SANTA ISABEL,RÍO BUENO,2,1,1,7,110
7298,ESCUELA PARTICULAR EL RADAL,RÍO BUENO,3,1,1,11,110
7299,LICEO ANTONIO VARAS,LAGO RANCO,2,0,1,878,10
7300,ESCUELA RURAL IGNAO,LAGO RANCO,2,1,2,0,0
7301,ESCUELA RURAL ILIHUE,LAGO RANCO,2,1,1,41,110
7302,ESCUELA RURAL PITRENO,LAGO RANCO,2,1,1,3,110
7303,ESCUELA RURAL RININAHUE,LAGO RANCO,2,1,1,159,10
7304,ESCUELA RURAL CALCURRUPE,LAGO RANCO,2,1,1,9,110
7305,ESCUELA RURAL ILLAHUAPI,LAGO RANCO,2,1,1,29,110
7306,ESCUELA RURAL QUILLIN,LAGO RANCO,2,1,1,9,110
7307,ESCUELA RURAL LA ENSENADA,LAGO RANCO,2,1,1,10,110
7308,ESCUELA RURAL LA JUNTA,LAGO RANCO,2,1,1,2,110
7309,ESCUELA RURAL PITRIUCO,LAGO RANCO,2,1,1,39,110
7310,ESCUELA RURAL RININAHUE ALTO,LAGO RANCO,2,1,3,0,0
7311,ESCUELA PARTICULAR AUQUINCO,LAGO RANCO,3,1,3,0,0
7312,ESCUELA PARTICULAR CARRAN,LAGO RANCO,3,1,1,122,10
7314,ESCUELA PARTICULAR LOS GUINDOS,LAGO RANCO,3,1,1,6,110
7315,ESCUELA PARTICULAR RUPUMEICA,LAGO RANCO,3,1,1,14,110
7316,ESCUELA PARTICULAR POCURA,LAGO RANCO,3,1,1,17,110
7317,ESCUELA RURAL MAIHUE,LAGO RANCO,2,1,2,0,0
7318,ESCUELA PARTICULAR HUEIMEN,LAGO RANCO,3,1,1,1,110
7319,ESCUELA PARTICULAR ILIHUE,LAGO RANCO,3,1,2,0,0
7321,ESCUELA PARTICULAR SAN SEBASTIÁN DE CHANCOYAN,VALDIVIA,3,1,1,16,110
7322,ESCUELA PARTICULAR MAYAY,LAGO RANCO,3,1,3,0,0
7323,COLEGIO INTI SUYAY,OSORNO,2,0,1,101,165
7325,LICEO CARMELA CARVAJAL DE PRAT,OSORNO,2,0,1,1209,110
7326,LICEO INDUSTRIAL OSORNO,OSORNO,2,0,1,470,510
7328,LICEO RAHUE,OSORNO,2,0,1,540,310
7329,LICEO ELEUTERIO RAMIREZ,OSORNO,2,0,1,1123,310
7331,INSTITUTO COMERCIAL DE OSORNO,OSORNO,2,0,1,1055,310
7332,ESCUELA JUAN RICARDO SANCHEZ ASCENCIO,OSORNO,2,0,1,252,10
7333,ESCUELA ESPAÑA,OSORNO,2,0,1,248,10
7334,ESCUELA EFRAIN CAMPANA SILVA,OSORNO,2,0,1,570,10
7335,ESCUELA SUIZA,OSORNO,2,0,1,264,10
7336,ESCUELA FUNDACION PAUL HARRIS,OSORNO,2,0,1,208,10
7337,ESCUELA GARCIA HURTADO DE MENDOZA,OSORNO,2,0,1,313,10
7338,ESCUELA LEONILA FOLCH LOPEZ,OSORNO,2,0,1,549,10
7339,ESCUELA N.88 CANADA,OSORNO,2,0,1,373,10
7340,ESCUELA CLAUDIO ARRAU,OSORNO,2,0,1,158,10
7341,ESCUELA MONSEÑOR FRANCISCO VALDES SUBERCASEAUX,OSORNO,2,0,1,211,10
7342,ESCUELA DOMINGO SANTA MARIA,OSORNO,2,0,2,0,0
7343,ESCUELA MEXICO DE MICHOACAN,OSORNO,2,0,1,757,10
7345,ESCUELA MODELO N. 536,OSORNO,2,0,3,0,0
7346,ESCUELA N. 46 ITALIA,OSORNO,2,0,1,344,10
7347,ESCUELA DEPORTIVA OSORNO,OSORNO,2,0,1,187,10
7348,ESCUELA CARLOS CONDELL,OSORNO,2,0,1,289,10
7349,ESCUELA DE ARTES Y CULTURA OSORNO,OSORNO,2,0,1,395,10
7350,ESCUELA BASICA PIO XII,OSORNO,2,0,3,0,0
7352,ESCUELA SOCIEDAD DE SOCORRO DE SEÑORAS,OSORNO,2,0,1,306,10
7353,ESCUELA ESPECIAL `ANA AICHELE CARRASCO`,OSORNO,2,0,1,106,212
7354,ESCUELA RURAL LUZ Y SABER,OSORNO,2,1,1,133,10
7355,ESCUELA RURAL EMILIO SURBER SCHULZ,OSORNO,2,1,1,76,10
7356,ESCUELA RURAL PELLECO,OSORNO,2,1,1,16,110
7357,ESCUELA RURAL PUCOIHUE,OSORNO,2,1,1,52,110
7359,ESCUELA RURAL TRINQUICAHUIN,OSORNO,2,1,1,9,110
7360,ESCUELA RURAL EL LABRADOR,OSORNO,2,1,3,0,0
7362,ESCUELA RURAL PILAUCO,OSORNO,2,1,2,0,0
7363,ESCUELA RURAL SANTA FE,OSORNO,2,1,3,0,0
7364,ESCUELA RURAL EUSEBIO LILLO,OSORNO,2,1,2,0,0
7365,ESCUELA RICARDO FOLLERT,OSORNO,2,1,3,0,0
7366,ESCUELA RURAL MARIA LUISA BOMBAL,OSORNO,2,1,1,11,110
7367,ESCUELA RURAL TACAMO BAJO,OSORNO,2,1,2,0,0
7368,ESCUELA RURAL SANTA ROSA,OSORNO,2,1,1,40,110
7369,ESCUELA AGROECOLOGICA PICHIL,OSORNO,2,1,1,150,10
7370,ESCUELA RURAL DOLLINCO,OSORNO,2,1,2,0,0
7371,ESCUELA RURAL FORRAHUE,OSORNO,2,1,1,34,110
7372,ESCUELA RURAL CANCHA LARGA,OSORNO,2,1,1,101,10
7373,ESCUELA RURAL JOAQUIN PRIETO,OSORNO,2,1,3,0,0
7374,ESCUELA RURAL JUAN AMADOR BARRIENTOS,OSORNO,2,1,3,0,0
7376,ESCUELA RURAL CUQUIMO,OSORNO,2,1,3,0,0
7377,ESCUELA RURAL WALTERIO MEYER RUSCA,OSORNO,2,1,1,187,10
7378,ESCUELA RURAL LA CAPILLA,OSORNO,2,1,3,0,0
7379,ESCUELA RURAL CURACO,OSORNO,2,1,3,0,0
7380,ESCUELA RURAL LUMACO,OSORNO,2,1,1,6,110
7381,ESCUELA RURAL CHACAYAL,OSORNO,2,1,1,8,110
7382,ESCUELA RURAL LOS ABEDULES,OSORNO,2,1,1,27,110
7383,ESCUELA RURAL PICHILCURA,OSORNO,2,1,2,0,0
7384,ESCUELA RURAL TACAMO ALTO,OSORNO,2,1,1,16,110
7385,ESCUELA PARTICULAR N.137 ARTURO ALESSANDRI,OSORNO,3,0,1,128,10
7386,ESCUELA PARTICULAR N.136 `JEAN PIAGET`,OSORNO,3,0,3,0,0
7388,COLEGIO SAN JOSE,OSORNO,3,0,1,1165,10
7390,ESCUELA PARTICULAR N.130 AURORA DE CHILE,OSORNO,3,0,1,36,10
7391,COLEGIO BETEL,OSORNO,3,0,1,173,110
7393,ESCUELA PARTICULAR SAN FRANCISCO,OSORNO,3,0,3,0,0
7395,ESCUELA PARTICULAR DE PARVULOS N.255 `PENEQUITA`,OSORNO,4,0,2,0,0
7396,COLEGIO BALDOMERO LILLO,OSORNO,3,0,1,129,10
7397,ESCUELA DE PARVULOS N.276 `PENEQUITA DOS`,OSORNO,3,0,1,40,10
7398,ESC.PARV. GABRIELA SCHILLING,OSORNO,3,0,3,0,0
7399,LICEO TECNICO PROFESIONAL TECHNOS,OSORNO,3,0,3,0,0
7400,ESCUELA MANUEL BULNES,OSORNO,3,0,2,0,0
7401,COLEGIO SANTA MARTA,OSORNO,3,0,1,1142,10
7402,ESCUELA PARTICULAR N.131 PAULA JARAQUEMADA,OSORNO,3,0,2,0,0
7403,COLEGIO WILLIAM BOOTH,OSORNO,3,0,1,656,10
7404,COLEGIO RENE SORIANO BORQUEZ,OSORNO,3,0,1,218,10
7405,ESCUELA PARTICULAR N.134 ADVENTISTA,OSORNO,3,0,1,296,10
7406,COLEGIO SAN MATEO,OSORNO,4,0,1,1179,10
7407,ESCUELA PARVULARIA `PEDRO AGUIRRE CERDA`,OSORNO,2,0,1,30,10
7412,ESCUELA PARTICULAR N.127 VIRGEN DE CANDELARIA,OSORNO,3,1,1,417,10
7414,LICEO ALIANZA FRANCESA CLAUDE GAY,OSORNO,4,0,1,759,10
7415,INSTITUTO ALEMAN DE OSORNO,OSORNO,4,0,1,939,10
7416,LICEO OSORNO COLLEGE,OSORNO,4,0,1,990,10
7417,COLEGIO ANDRES BELLO,OSORNO,4,0,3,0,0
7418,ESCUELA BASICA SAN PABLO,SAN PABLO,2,0,1,240,10
7419,ESCUELA DELICIO CARDENAS BUSTAMANTE,SAN PABLO,2,0,1,88,10
7420,ESCUELA RURAL SAN PEDRO,SAN PABLO,2,1,1,0,0
7421,ESCUELA RURAL SAN FLORENTINO,SAN PABLO,2,1,2,0,0
7422,ESCUELA RURAL QUITRA QUITRA,SAN PABLO,2,1,1,4,110
7423,ESCUELA RURAL ALEJANDRO VASQUEZ BALDEVELLANO,SAN PABLO,2,1,1,4,110
7424,ESCUELA RURAL VILLA CARACOL,SAN PABLO,2,1,1,3,110
7426,ESCUELA RURAL LOS SAUCES,SAN PABLO,2,1,2,0,0
7427,ESCUEAL RURAL QUILEN,SAN PABLO,2,1,1,63,10
7428,ESCUELA RURAL PALENA,SAN PABLO,2,1,3,0,0
7429,ESCUELA RURAL RENE SORIANO BORQUEZ,SAN PABLO,2,1,2,0,0
7430,ESC. RURAL SANTA ANA DE DOLLINCO,SAN PABLO,2,1,3,0,0
7431,ESCUELA RURAL TRUMAO,SAN PABLO,2,1,1,26,10
7432,ESCUELA RURAL JULIO MOHR SCHULER,SAN PABLO,2,1,1,88,10
7433,ESCUELA RURAL LA POZA,SAN PABLO,2,1,1,48,10
7434,ESCUELA PARTICULAR N.143 SANTA CRUZ,SAN PABLO,3,0,1,317,10
7435,COLEGIO ALEMAN,PUERTO VARAS,4,0,1,718,10
7436,ESCUELA PARTICULAR N.145 QUITRA QUITRA,SAN PABLO,3,1,1,4,110
7437,ESCUELA PARTICULAR N.148 LOLOLHUE,SAN PABLO,3,1,1,2,110
7438,ESCUELA PARTICULAR N.150 SANTA ROSA,SAN PABLO,3,1,1,4,110
7440,ESCUELA PARTICULAR N.151 PUCOPIO,SAN PABLO,3,1,1,1,110
7441,COLEGIO QUILACAHUIN,SAN PABLO,3,1,1,173,110
7443,ESCUELA PARTICULAR N.153 EL ROBLE,SAN PABLO,3,1,1,56,10
7446,ESCUELA PARTICULAR N.146 ROSARIO DE LAS ANIMAS,SAN PABLO,3,1,1,52,10
7447,ESCUELA MUNICIPAL BELLAVISTA,SAN PABLO,2,1,3,0,0
7448,ESCUELA ENTRE LAGOS,PUYEHUE,2,0,1,415,10
7449,ESCUELA RURAL ARMANDO SCHEUCH EPPLE,PUYEHUE,2,1,1,88,10
7450,ESCUELA RURAL LOS PELLINES,PUYEHUE,2,1,1,193,10
7452,ESCUELA RURAL EL ENCANTO,PUYEHUE,2,1,1,81,110
7453,ESCUELA RURAL RADALES,PUYEHUE,2,1,1,7,110
7454,ESCUELA RURAL RIO CLARO,PUYEHUE,2,1,2,0,0
7455,ESCUELA RURAL CANDELARIA PEREZ,PUYEHUE,2,1,2,0,0
7457,ESCUELA RURAL EL MIRADOR,PUYEHUE,2,1,3,0,0
7458,ESCUELA RURAL ÑADY,PUYEHUE,2,1,1,31,110
7459,ESCUELA RURAL ESTACION NUEVO PORVENIR,PUYEHUE,2,0,1,262,10
7460,ESCUELA RURAL PILMAIQUEN,PUYEHUE,2,1,1,212,10
7461,ESCUELA RURAL RUPANQUITO,PUYEHUE,2,1,3,0,0
7462,ESCUELA RURAL JOSE AROS SEGOVIA,PUYEHUE,2,1,2,0,0
7463,ESCUELA RURAL DESAGUE RUPANCO,PUYEHUE,2,1,1,20,110
7464,ESCUELA RURAL FUTACUHIN,PUYEHUE,2,1,1,73,110
7465,ESCUELA RURAL TERMAS DE PUYEHUE,PUYEHUE,2,1,1,11,110
7466,ESCUELA RURAL EL CARDAL,PUYEHUE,2,1,2,0,0
7467,ESCUELA RURAL DE PICHI PICHIL,PUYEHUE,2,1,2,0,0
7468,ESCUELA RURAL BELLAVISTA,PUYEHUE,2,1,3,0,0
7469,ESCUELA RURAL SANTA ELVIRA,PUYEHUE,2,1,1,7,110
7470,LICEO BICENTENARIO PEOPLE HELP PEOPLE DE PILMAIQUEN,PUYEHUE,3,1,1,442,610
7471,ESCUELA RURAL PAJARITOS,PUYEHUE,2,1,1,0,0
7476,ESCUELA ALBERTO HURTADO,PUERTO OCTAY,2,0,1,167,10
7477,ESCUELA RURAL ADMINISTRACION RUPANCO,PUERTO OCTAY,2,1,1,78,10
7478,ESCUELA RURAL LAS CASCADAS,PUERTO OCTAY,2,1,1,177,10
7479,ESCUELA RURAL EL ISLOTE RUPANCO,PUERTO OCTAY,2,1,1,70,10
7480,ESCUELA RURAL CARRIL,PUERTO OCTAY,2,1,3,0,0
7481,ESCUELA RURAL PAULLIN,PUERTO OCTAY,2,1,3,0,0
7482,ESCUELA DE SAN RAMON,PUERTO OCTAY,2,1,3,0,0
7484,ESCUELA RURAL LAS NIEVES,PUERTO OCTAY,2,1,3,0,0
7485,ESCUELA RURAL LA PICADA,PUERTO OCTAY,2,1,2,0,0
7486,ESCUELA DE QUILANTO,PUERTO OCTAY,2,1,3,0,0
7488,ESCUELA DE PUERTO KLOCKER,PUERTO OCTAY,2,1,3,0,0
7489,ESCUELA RURAL LA PELLINADA,PUERTO OCTAY,2,1,1,10,110
7491,ESCUELA RURAL PIEDRAS NEGRAS,PUERTO OCTAY,2,1,3,0,0
7492,ESCUELA RURAL PICHI RIO NEGRO,PUERTO OCTAY,2,1,3,0,0
7493,ESCUELA RURAL LAGUNA BONITA,PUERTO OCTAY,2,1,1,1,110
7494,ESCUELA RURAL LAS JUNTAS,PUERTO OCTAY,2,1,3,0,0
7495,ESCUELA BASICA LOS MAITENES,PUERTO OCTAY,2,1,3,0,0
7496,ESCUELA RURAL NOCHACO,PUERTO OCTAY,2,1,1,225,10
7497,ESCUELA RURAL EL VOLCAN,PUERTO OCTAY,2,1,3,0,0
7498,ESCUELA RURAL COIHUECO,PUERTO OCTAY,2,1,3,0,0
7499,ESCUELA PARTICULAR N.178 RIO BLANCO-COIHUECO,PUERTO OCTAY,3,1,3,0,0
7500,ESCUELA PARTICULAR N.183 JAVIERA CARRERA,PUERTO OCTAY,3,1,3,0,0
7501,ESCUELA PARTICULAR N.179 NOCHACO,PUERTO OCTAY,3,1,1,6,110
7502,ESCUELA PARTICULAR N.181 LAS GAVIOTAS,PUERTO OCTAY,3,1,1,1,110
7503,ESCUELA PARTICULAR RIO BLANCO-GAVIOTAS,PUERTO OCTAY,3,1,3,0,0
7505,LICEO BICENTENARIO TOMAS BURGOS,PURRANQUE,2,0,1,422,310
7507,ESCUELA BERTOLDO HOFMANN KAHLER,PURRANQUE,2,0,1,189,10
7508,ESCUELA VILLA LO BURGOS,PURRANQUE,2,0,1,92,10
7509,CENTRO EDUCACION INTEGRAL DE ADULTOS,PURRANQUE,2,0,1,158,165
7510,ESCUELA RURAL LA PAZ,PURRANQUE,2,1,1,97,10
7511,ESCUELA RURAL ANTONIO SEGUNDO FERNANDEZ PORTALES,PURRANQUE,2,1,1,12,110
7512,ESCUELA RURAL MAIPUE,PURRANQUE,2,1,2,0,0
7513,ESCUELA RURAL BAHIA SAN PEDRO,PURRANQUE,2,1,1,0,0
7514,ESCUELA RURAL COLONIA PONCE,PURRANQUE,2,1,2,0,0
7515,ESCUELA RURAL COLONIA JOSE ZAGAL A.,PURRANQUE,2,1,2,0,0
7516,ESCUELA RURAL LOS MAITENES,PURRANQUE,2,1,3,0,0
7517,ESCUELA RURAL ARAUCO,PURRANQUE,2,1,3,0,0
7518,ESCUELA RURAL LOS RISCOS,PURRANQUE,2,1,1,2,110
7519,ESCUELA RURAL ARNOLDO KEIM,PURRANQUE,2,1,2,0,0
7520,ESCUELA RURAL OROMO LA PIEDRA,PURRANQUE,2,0,3,0,0
7521,ESCUELA RURAL COMUNIDAD EL MANZANO,PURRANQUE,2,1,3,0,0
7522,ESCUELA RURAL CRUCERO NUEVO,PURRANQUE,2,1,1,16,110
7524,ESCUELA BASICA RURAL PAMPA BONITA,PURRANQUE,2,1,3,0,0
7525,ESCUELA RURAL RIO BLANCO,PURRANQUE,2,1,2,0,0
7526,ESCUELA RURAL TRES PUERTAS,PURRANQUE,2,1,3,0,0
7527,ESCUELA RURAL COMUNIDAD LLAY LLAY,PURRANQUE,2,1,3,0,0
7528,ESCUELA RURAL ARTURO PEREZ CANTO,PURRANQUE,2,1,1,0,0
7529,ESCUELA RURAL COLLIHUINCO,PURRANQUE,2,1,2,0,0
7530,ESC. RURAL JOSE DE LA CRUZ ULLOA A.,PURRANQUE,2,1,2,0,0
7531,ESCUELA PURRANQUE,PURRANQUE,2,0,1,89,10
7532,ESCUELA RURAL CONICO,PURRANQUE,2,1,2,0,0
7533,ESCUELA RURAL LOS ANGELES,PURRANQUE,2,1,2,0,0
7534,ESCUELA RURAL CONCORDIA,PURRANQUE,2,1,1,19,110
7535,ESCUELA RURAL NUEVA ISRAEL,PURRANQUE,2,1,1,42,10
7536,COLEGIO PRECIOSA SANGRE,PURRANQUE,3,0,1,1178,10
7538,ESCUELA RURAL MANQUEMAPU,PURRANQUE,2,1,1,10,110
7539,COLEGIO ALEMAN DE PURRANQUE,PURRANQUE,4,0,1,0,0
7541,ESCUELA ANDREW JACKSON,RÍO NEGRO,2,0,1,335,10
7542,LICEO JOSE TORIBIO MEDINA,RÍO NEGRO,2,0,1,291,310
7543,ESCUELA RIO NEGRO,RÍO NEGRO,2,0,1,292,10
7544,COLEGIO RIACHUELO,RÍO NEGRO,2,0,1,371,10
7545,ESCUELA RURAL PUTRIHUE,RÍO NEGRO,2,1,2,0,0
7546,ESCUELA RURAL QUISQUELELFUN,RÍO NEGRO,2,1,2,0,0
7547,ESCUELA RURAL LAS ENCINAS,RÍO NEGRO,2,1,2,0,0
7548,ESC. RURAL HEROES DE LA CONCEPCION,RÍO NEGRO,2,1,2,0,0
7549,ESCUELA RURAL CHAPACO,RÍO NEGRO,2,1,3,0,0
7550,ESCUELA RURAL EL PUMA,RÍO NEGRO,2,1,3,0,0
7551,ESCUELA RURAL SAN FRANCISCO DE ASIS,RÍO NEGRO,2,1,3,0,0
7552,ESCUELA RURAL RAMON PUSCHEL APPEL,RÍO NEGRO,2,1,1,4,110
7553,ESCUELA RURAL SAGLLUE,RÍO NEGRO,2,1,3,0,0
7555,ESCUELA RURAL LOS PARRONES,RÍO NEGRO,2,1,3,0,0
7556,ESCUELA RURAL DE VILLA BUENAVENTURA,RÍO NEGRO,2,1,3,0,0
7557,ESCUELA RURAL HUILMA GRANDE,RÍO NEGRO,2,1,1,4,110
7558,ESCUELA RURAL CASA DE LATA,RÍO NEGRO,2,1,3,0,0
7559,ESCUELA RURAL LOS CASTAÑOS,RÍO NEGRO,2,1,1,5,110
7560,ESCUELA RURAL LOS CIRUELOS,RÍO NEGRO,2,1,3,0,0
7561,ESCUELA RURAL CHEUQUEMO,RÍO NEGRO,2,1,3,0,0
7562,ESCUELA RURAL ÑANCUAN,RÍO NEGRO,2,1,2,0,0
7563,ESCUELA RURAL COSTA RIO BLANCO,RÍO NEGRO,2,1,1,1,110
7564,ESCUELA RURAL CHAHUILCO,RÍO NEGRO,2,1,3,0,0
7565,ESCUELA RURAL SAN FLORENTINO,RÍO NEGRO,2,1,3,0,0
7566,ESCUELA RURAL EL BOLSON,RÍO NEGRO,2,1,3,0,0
7567,ESCUELA,RÍO NEGRO,2,1,2,0,0
7569,ESCUELA RURAL CALETA HUELLELHUE,RÍO NEGRO,2,1,1,0,0
7570,ESCUELA RURAL EL BOSQUE,RÍO NEGRO,2,1,3,0,0
7572,COLEGIO SAGRADA FAMILIA,RÍO NEGRO,3,0,1,664,10
7573,ESCUELA RURAL LLAHUALCO,RÍO NEGRO,2,1,1,0,0
7574,ESCUELA RURAL SAN JOSE,RÍO NEGRO,2,1,1,1,110
7575,ESCUELA PARTICULAR N.184 VISTA HERMOSA,RÍO NEGRO,3,1,1,2,110
7576,ESCUELA RURAL SALCA,RÍO NEGRO,2,1,2,0,0
7578,LICEO BICENTENARIO AGRICOLA `VISTA HERMOSA`,RÍO NEGRO,5,0,1,355,710
7579,ESCUELA RURAL DE CALETA EL MANZANO,SAN JUAN DE LA COSTA,2,1,2,0,0
7580,ESCUELA RURAL PULOTRE,SAN JUAN DE LA COSTA,2,1,1,7,110
7581,ESCUELA RURAL DE HUILMA,SAN JUAN DE LA COSTA,2,1,3,0,0
7582,ESCUELA RURAL DE RUCAPIHUEL,SAN JUAN DE LA COSTA,2,1,2,0,0
7583,ESCUELA RURAL PUAUCHO,SAN JUAN DE LA COSTA,2,1,1,178,10
7584,ESCUELA RURAL CHOROY TRAIGUEN,SAN JUAN DE LA COSTA,2,1,2,0,0
7586,ESCUELA RURAL LOMA DE LA PIEDRA,SAN JUAN DE LA COSTA,2,1,1,25,110
7587,ESCUELA RURAL PUÑINQUE,SAN JUAN DE LA COSTA,2,1,1,7,110
7588,ESCUELA RURAL PUCATRIHUE,SAN JUAN DE LA COSTA,2,1,1,33,110
7589,ESCUELA RURAL DE ANCHIQUEUMO,SAN JUAN DE LA COSTA,2,1,3,0,0
7590,ESCUELA RURAL LIUCURA,SAN JUAN DE LA COSTA,2,1,1,3,110
7591,ESCUELA RURAL DE CUINCO,SAN JUAN DE LA COSTA,2,1,3,0,0
7592,ESCUELA RURAL PURREHUIN,SAN JUAN DE LA COSTA,2,1,1,17,110
7593,ESCUELA RURAL BAHIA MANSA,SAN JUAN DE LA COSTA,2,1,1,126,10
7594,ESCUELA RURAL DE PICHI-LAFQUENMAPU,SAN JUAN DE LA COSTA,2,1,3,0,0
7595,ESCUELA RURAL DE CUNAMO,SAN JUAN DE LA COSTA,2,1,3,0,0
7596,ESCUELA RURAL CARRICO,SAN JUAN DE LA COSTA,2,1,1,3,110
7597,ESCUELA RURAL DE TRINIDAD,SAN JUAN DE LA COSTA,2,1,3,0,0
7598,ESCUELA RURAL DE LONCOPITRIO,SAN JUAN DE LA COSTA,2,1,3,0,0
7600,ESCUELA PARTICULAR N.163 LAFQUELMAPU,SAN JUAN DE LA COSTA,3,1,1,26,110
7601,ESCUELA PARTICULAR N.158 POPOEN,SAN JUAN DE LA COSTA,3,1,3,0,0
7602,ESCUELA PARTICULAR N.161 HACIENDA HUITRAPULLI,SAN JUAN DE LA COSTA,3,1,1,1,110
7603,ESCUELA PARTICULAR PANGUIMAPU,SAN JUAN DE LA COSTA,3,1,3,0,0
7605,ESCUELA PARTICULAR N.157 PURRUCALHUE,SAN JUAN DE LA COSTA,3,1,3,0,0
7606,ESCUELA PARTICULAR N.164 TROSCO,SAN JUAN DE LA COSTA,3,1,1,32,110
7607,ESCUELA PARTICULAR N.156 CHANCO,SAN JUAN DE LA COSTA,3,1,1,19,110
7608,ESCUELA PARTICULAR LAUPULLI,SAN JUAN DE LA COSTA,3,1,3,0,0
7609,ESCUELA PARTICULAR N.159 QUEMEUMO,SAN JUAN DE LA COSTA,3,1,3,0,0
7610,ESCUELA PARTICULAR N.269 CHAMILCO,SAN JUAN DE LA COSTA,3,1,2,0,0
7611,ESCUELA PARTICULAR KINTUYEMAY,SAN JUAN DE LA COSTA,3,1,3,0,0
7612,ESCUELA PARTICULAR N.168 CUMILELFU,SAN JUAN DE LA COSTA,3,1,1,11,110
7613,ESCUELA PARTICULAR N.169 LOS HUALLES,SAN JUAN DE LA COSTA,3,1,1,114,110
7614,COLEGIO TECNICO PROFESIONAL MISION SAN JUAN DE LA COSTA,SAN JUAN DE LA COSTA,3,1,1,298,10
7615,ESCUELA PARTICULAR HUACAMAPU,SAN JUAN DE LA COSTA,3,1,3,0,0
7616,ESCUELA PARTICULAR N.166 MONTE VERDE,SAN JUAN DE LA COSTA,3,1,1,4,110
7617,ESCUELA PARTICULAR N.172 PUNOTRO,SAN JUAN DE LA COSTA,3,1,1,7,110
7619,ESCUELA PARTICULAR N.173 HUAMPUTUE,SAN JUAN DE LA COSTA,3,1,1,7,110
7620,ESCUELA PARTICULAR N.160 MILLAHUAIMO,SAN JUAN DE LA COSTA,3,1,1,7,110
7622,ESCUELA PARTICULAR N.154 HUITRAPULLI,SAN JUAN DE LA COSTA,3,1,1,25,110
7623,ESCUELA PARTICULAR N.167 PUCATRIHUE,SAN JUAN DE LA COSTA,3,1,3,0,0
7624,ESCUELA DE ADULTOS RELONCAVI,PUERTO MONTT,2,0,1,115,165
7625,LICEO INDUSTRIAL PUERTO MONTT,PUERTO MONTT,2,0,1,492,510
7626,INSTITUTO COMERCIAL DE PUERTO MONTT,PUERTO MONTT,2,0,1,699,410
7627,LICEO DE HOMBRES MANUEL MONTT,PUERTO MONTT,2,0,1,821,110
7628,LICEO ISIDORA ZEGERS DE HUNEEUS,PUERTO MONTT,2,0,1,463,110
7629,LICEO ANDRES BELLO,PUERTO MONTT,2,0,1,698,310
7630,ESCUELA ESPANA,PUERTO MONTT,2,0,1,530,10
7631,ESCUELA N°2 REPUBLICA ARGENTINA,PUERTO MONTT,2,0,1,689,10
7632,ESCUELA N 10 ANGELMO,PUERTO MONTT,2,0,1,417,10
7633,ESCUELA CAPITAN ARTURO PRAT CHACON,PUERTO MONTT,2,0,1,410,10
7634,ESCUELA MIRASOL,PUERTO MONTT,2,0,1,660,10
7636,ESCUELA N 5 MIRAMAR,PUERTO MONTT,2,0,1,314,10
7637,ESCUELA N 7 ARABE-SIRIA,PUERTO MONTT,2,0,1,384,10
7638,ESCUELA N 3 MELIPULLI,PUERTO MONTT,2,0,1,415,10
7639,COLEGIO DARIO SALAS,PUERTO MONTT,2,0,1,840,10
7640,ESCUELA REPUBLICA DE ALEMANIA,PUERTO MONTT,2,0,3,0,0
7641,ESCUELA BELLAVISTA,PUERTO MONTT,2,0,1,255,10
7642,ESCUELA BASICA GABRIELA MISTRAL,PUERTO MONTT,2,0,1,135,10
7643,ESCUELA CHILOE,PUERTO MONTT,2,0,1,242,10
7644,ESCUELA BASICA SANTA INES,PUERTO MONTT,2,0,1,289,10
7645,ESCUELA DIFERENCIAL `LOS EUCALIPTOS`,PUERTO MONTT,2,0,1,147,212
7646,ESCUELA ROTARIO PEDRO AVELINO BRAVO,PUERTO MONTT,2,0,1,318,10
7647,ESCUELA LIBERTAD,PUERTO MONTT,2,0,1,370,10
7648,ESCUELA MARCELA PAZ,PUERTO MONTT,2,0,1,154,10
7650,ESCUELA DE CULTURA Y DIFUSION ARTISTICA,PUERTO MONTT,2,0,1,265,110
7651,COLEGIO TECNICO PROFESIONAL PIEDRA AZUL,PUERTO MONTT,2,1,1,308,10
7654,ESCUELA RURAL LENCA,PUERTO MONTT,2,1,1,198,10
7655,ESCUELA RURAL MAILLEN,PUERTO MONTT,2,1,1,67,10
7656,ESCUELA BASICA DE PELLUCO,PUERTO MONTT,2,1,1,101,10
7657,ESCUELA ANITA ZANINI,PUERTO MONTT,2,1,3,0,0
7658,ESCUELA RURAL CORRENTOSO,PUERTO MONTT,2,1,1,134,10
7659,ESCUELA ALERCE HISTORICO,PUERTO MONTT,2,0,1,378,10
7661,ESCUELA RURAL COLONIA METRENQUEN,PUERTO MONTT,2,1,1,4,110
7662,ESCUELA RURAL SENDA SUR,PUERTO MONTT,2,1,1,17,110
7663,ESCUELA RURAL LOS COLONOS,PUERTO MONTT,2,1,1,59,110
7664,ESCUELA CAYENEL,PUERTO MONTT,2,1,1,222,10
7665,ESCUELA RURAL LA CHAMIZA,PUERTO MONTT,2,1,1,330,10
7667,CENTRO DE EDUCACION DE ADULTOS JOSE BERNARDO SUAREZ,PUERTO MONTT,2,0,1,59,167
7668,COLEGIO ISLA TENGLO,PUERTO MONTT,2,1,1,45,110
7669,ESCUELA RURAL ILQUE,PUERTO MONTT,2,1,1,64,110
7670,ESCUELA RURAL CARE - CHILE,PUERTO MONTT,2,1,1,3,110
7671,ESCUELA RURAL LAGUNITAS,PUERTO MONTT,2,1,1,232,10
7672,ESCUELA RURAL CHAICAS,PUERTO MONTT,2,1,1,129,10
7673,ESCUELA RURAL LOS PIONEROS DE SALTO CHICO,PUERTO MONTT,2,1,1,5,110
7675,ESCUELA RURAL TRAPEN,PUERTO MONTT,2,1,1,139,10
7676,ESCUELA RURAL CHINQUIHUE ALTO,PUERTO MONTT,2,1,1,82,10
7677,ESCUELA RURAL METRI,PUERTO MONTT,2,1,1,5,110
7678,ESCUELA PANITAO ALTO,PUERTO MONTT,2,1,3,0,0
7679,ESCUELA RURAL HUELMO,PUERTO MONTT,2,1,1,235,10
7680,ESCUELA RURAL COLONIA EL GATO,PUERTO MONTT,2,1,1,5,110
7681,ESCUELA RURAL RIO CHICO,PUERTO MONTT,2,1,1,7,110
7682,ESCUELA RURAL LA PALOMA,PUERTO MONTT,2,1,1,118,10
7684,ESCUELA RURAL TEPUAL,PUERTO MONTT,2,1,1,78,10
7685,ESCUELA RURAL LA VARA,PUERTO MONTT,2,1,1,276,10
7686,ESCUELA RURAL MAILLEN-PUQUELDON,PUERTO MONTT,2,1,1,15,10
7688,ESCUELA RURAL LAUCA,PUERTO MONTT,2,1,1,7,110
7689,ESCUELA RURAL PICHIQUILLAIPE,PUERTO MONTT,2,1,1,30,10
7690,ESCUELA RURAL RIO BLANCO,PUERTO MONTT,2,1,1,12,110
7691,ESCUELA RURAL ·PUNTILLA TENGLO,PUERTO MONTT,2,1,1,25,10
7692,ESCUELA RURAL CUMBRE CORTADA,PUERTO MONTT,2,1,2,0,0
7693,ESCUELA RURAL PELLINES DEL SALTO,PUERTO MONTT,2,1,1,14,110
7694,ESCUELA RURAL ALTO BONITO,PUERTO MONTT,2,1,1,10,110
7695,ESCUELA RURAL SALTO GRANDE,PUERTO MONTT,2,1,1,10,110
7696,ESCUELA ANAHUAC,PUERTO MONTT,2,0,1,339,10
7698,ESCUELA RURAL CALETA LA ARENA,PUERTO MONTT,2,1,1,16,110
7699,COLEGIO SALESIANO PADRE JOSE FERNANDEZ PEREZ,PUERTO MONTT,3,0,1,2843,10
7700,COLEGIO SAN FRANCISCO JAVIER,PUERTO MONTT,4,0,1,1473,10
7701,COLEGIO ARRIARAN BARROS,PUERTO MONTT,3,0,1,1222,10
7704,COLEGIO EJERCITO DE SALVACIÓN,PUERTO MONTT,3,0,1,421,10
7705,INSTITUTO POLITECNICO MARIA AUXILIADORA,PUERTO MONTT,3,0,1,681,410
7706,COLEGIO SANTO TOMAS DE PUERTO MONTT,PUERTO MONTT,3,0,1,1520,10
7707,COLEGIO INMACULADA CONCEPCION,PUERTO MONTT,3,0,1,1256,10
7708,ESCUELA PARTICULAR CRISTO SALVADOR,PUERTO MONTT,3,0,3,0,0
7709,COLEGIO SAN JOSE PUERTO MONTT,PUERTO MONTT,3,0,1,1074,10
7710,ESCUELA PARTICULAR N. 197 SAN IGNACIO,PUERTO MONTT,3,0,1,177,110
7711,ESCUELA PARTICULAR MOISES,PUERTO MONTT,3,0,3,0,0
7712,COLEGIO SAN ANTONIO,PUERTO MONTT,3,1,1,106,10
7714,ESCUELA PARTICULAR N. 193 NUEVA PANITAO,PUERTO MONTT,3,1,1,120,10
7715,ESCUELA PARTICULAR N. 196 CASCAJAL,PUERTO MONTT,3,1,3,0,0
7717,INSTITUTO ALEMAN DE PUERTO MONTT,PUERTO MONTT,4,0,1,1005,10
7718,THE AMERICAN SCHOOL,PUERTO MONTT,4,0,1,398,10
7719,ESCUELA ESPECIAL N.280 `C.T.I. LOS NOTROS`,OSORNO,3,0,1,83,212
7720,LICEO PEDRO AGUIRRE CERDA,PUERTO VARAS,6,0,1,573,310
7722,COLEGIO ROSITA NOVARO DE NOVARO PUERTO VARAS,PUERTO VARAS,6,0,1,550,10
7723,ESCUELA GRUPO ESCOLAR,PUERTO VARAS,6,0,1,571,10
7724,CNB ARTISTICO,PUERTO VARAS,6,0,1,445,10
7725,ESCUELA RURAL COLONIA RIO SUR,PUERTO VARAS,6,1,1,170,10
7726,ESCUELA RURAL SANTA MARIA,PUERTO VARAS,6,1,1,36,110
7727,ESCUELA RURAL TRES PUENTES,PUERTO VARAS,6,1,1,0,0
7728,ESCUELA RURAL RODOLFO LUCKHEIDE HOFFMANN,PUERTO VARAS,6,1,3,0,0
7729,ESCUELA RURAL JOSE WERNER MEIXNER,PUERTO VARAS,6,1,1,17,110
7730,ESCUELA RURAL REINALDO RADDATZ HARRICH,PUERTO VARAS,6,1,1,21,110
7731,ESCUELA RURAL EL MAITEN,PUERTO VARAS,6,0,3,0,0
7732,ESCUELA RURAL JANEQUEO,PUERTO VARAS,6,1,1,26,110
7734,ESCUELA RURAL CUATRO DE SEPTIEMBRE,PUERTO VARAS,6,1,3,0,0
7735,ESCUELA RURAL LA FABRICA,PUERTO VARAS,6,1,3,0,0
7737,ESCUELA RURAL LA CONCEPCION,PUERTO VARAS,6,1,3,0,0
7738,ESCUELA RURAL HARDY MINTE BARTSCH,PUERTO VARAS,6,1,1,42,110
7739,ESCUELA RURAL ELLA MINTE DE ROTH,PUERTO VARAS,6,1,2,0,0
7740,ESCUELA RURAL EPSON DE ENSENADA,PUERTO VARAS,6,1,1,220,10
7741,ESCUELA RURAL RICARDO ROTH SCHUTZ,PUERTO VARAS,6,1,1,13,110
7742,COLEGIO GERMANIA DEL VERBO DIVINO,PUERTO VARAS,4,0,1,1055,10
7743,COLEGIO  BICENTENARIO FELMER NIKLITSCHEK,PUERTO VARAS,3,0,1,1421,10
7744,COLEGIO INMACULADA CONCEPCION PUERTO VARAS,PUERTO VARAS,3,0,1,1189,10
7745,ESCUELA PARTICULAR N.199 LINEA CRUZADA,PUERTO VARAS,3,1,1,6,110
7748,ESCUELA PARTICULAR N. 202 SANTA GEMITA,PUERTO MONTT,3,1,2,0,0
7749,COLEGIO PORTAL DEL SUR,PUERTO VARAS,3,1,1,123,110
7752,ESCUELA PARTICULAR N.206 MARIA DOLORES,PUERTO VARAS,3,1,1,13,110
7753,ESCUELA BASICA FRONTERIZA JUAN SOLER MANFREDINI,COCHAMÓ,2,1,1,197,10
7754,ESCUELA RURAL JOHN KENNEDY,COCHAMÓ,2,1,1,9,110
7755,ESCUELA RURAL SOBERANIA,COCHAMÓ,2,1,1,2,110
7756,ESCUELA RURAL CRISTO REY,PUERTO VARAS,6,1,1,49,10
7757,ESCUELA RURAL SANTA AGUEDA,COCHAMÓ,2,1,1,4,110
7758,ESCUELA RURAL SAN ANTONIO,COCHAMÓ,2,1,1,31,110
7759,ESCUELA RURAL CLOTILDE ALMONACID OLAVARRIA,COCHAMÓ,2,1,1,1,110
7760,ESCUELA RURAL RIO PUELO,COCHAMÓ,2,1,1,273,10
7761,ESCUELA RURAL LAS CAMELIAS,PUERTO VARAS,6,1,1,11,110
7762,ESCUELA RURAL ESTUARIO DE RELONCAVI,COCHAMÓ,2,1,1,0,0
7763,ESCUELA RURAL CAPITÀN DE BANDADA CARLOS RODRIGUEZ PARIS,COCHAMÓ,2,1,1,66,10
7765,ESCUELA RURAL LA PENINSULA,PUERTO VARAS,6,1,1,6,110
7766,ESCUELA RURAL VALLE EL FRIO,COCHAMÓ,2,1,3,0,0
7767,ESCUELA RURAL CANUTILLAR,COCHAMÓ,2,1,3,0,0
7768,ESCUELA RURAL PASO EL BOLSON,COCHAMÓ,2,1,1,2,110
7769,ESCUELA RURAL LITORAL DE LLAGUEPE,COCHAMÓ,2,1,1,7,110
7770,ESCUELA RURAL SANTA TERESITA DE LOS ANDES,COCHAMÓ,2,1,1,4,110
7771,ESCUELA PARTICULAR JUSTO DONOSO,COCHAMÓ,3,1,3,0,0
7772,LICEO POLITECNICO CALBUCO,CALBUCO,2,0,1,568,310
7773,COLEGIO EULOGIO GOYCOLEA GARAY,CALBUCO,2,0,1,627,10
7774,ESCUELA RURAL SAN RAFAEL,CALBUCO,2,1,1,368,10
7775,ESCUELA RURAL PARGUA,CALBUCO,2,1,1,303,10
7776,ESCUELA RURAL EL SEMBRADOR,CALBUCO,2,1,1,140,10
7777,ESCUELA RURAL EL ROSARIO,CALBUCO,2,1,1,96,10
7779,ESCUELA RURAL ESTERO HUITO,CALBUCO,2,1,2,0,0
7782,ESCUELA RURAL QUEULLIN,CALBUCO,2,1,1,6,110
7783,ESCUELA RURAL CHAUQUEAR,CALBUCO,2,1,1,111,10
7784,ESCUELA RURAL LOS PINIS,CALBUCO,2,1,1,1,110
7785,ESCUELA RURAL QUETROLAUQUEN,CALBUCO,2,1,1,52,10
7786,ESCUELA RURAL DAITAO,CALBUCO,2,1,1,4,110
7787,ESCUELA RURAL QUENU,CALBUCO,2,1,1,1,110
7788,ESCUELA RURAL CHAYAHUE,CALBUCO,2,1,1,102,10
7789,ESCUELA RURAL ALONSO DE ERCILLA,CALBUCO,2,1,1,36,110
7790,ESCUELA RURAL SOL DEL PACIFICO,CALBUCO,2,1,1,15,110
7791,ESCUELA RURAL AGUANTAO,CALBUCO,2,1,1,66,10
7792,ESCUELA RURAL LAURA BORQUEZ,CALBUCO,2,1,3,0,0
7793,ESCUELA RURAL MARIO MORALES BECA,CALBUCO,2,1,1,9,110
7794,ESCUELA RURAL EL FARO ILTO,CALBUCO,2,1,1,0,0
7796,ESCUELA RURAL ALFARO,CALBUCO,2,1,3,0,0
7797,ESCUELA RURAL SAN RAMON,CALBUCO,2,1,1,0,0
7798,ESCUELA RURAL EL DAO,CALBUCO,2,1,1,40,110
7799,ESCUELA RURAL MI PATRIA,CALBUCO,2,1,2,0,0
7801,ESCUELA RURAL PUTENIO,CALBUCO,2,1,1,132,10
7802,ESCUELA RURAL SAN JOSE,CALBUCO,2,1,1,211,10
7803,ESCUELA RURAL SAN AGUSTIN,CALBUCO,2,1,3,0,0
7804,ESCUELA RURAL LA POZA,CALBUCO,2,1,1,0,0
7805,ESCUELA RURAL PEDRO BARRIENTOS BARRIENTOS,CALBUCO,2,1,1,2,110
7806,ESCUELA RURAL EL ESTERO RULO,CALBUCO,2,1,1,11,110
7807,ESCUELA RURAL DOLORES CATTIN FAUNDEZ,CALBUCO,2,1,3,0,0
7808,ESCUELA RURAL LA CAMPANA,CALBUCO,2,1,1,9,110
7809,ESCUELA RURAL ISLA CHIDHUAPI,CALBUCO,2,1,1,4,110
7810,ESCUELA RURAL SAN ANTONIO,CALBUCO,2,1,1,45,110
7811,ESCUELA RURAL LOS BAJOS DE MAYELHUE,CALBUCO,2,1,1,2,110
7812,ESCUELA RURAL CARMEN MIRANDA NAVARRO,CALBUCO,2,1,1,3,110
7813,ESCUELA RURAL CAICAEN,CALBUCO,2,1,3,0,0
7815,ESCUELA RURAL HUAPI ABTAO,CALBUCO,2,1,1,6,110
7816,ESCUELA RURAL SIETE COLINAS,CALBUCO,2,1,1,0,0
7817,ESCUELA RURAL YACO BAJO,CALBUCO,2,1,2,0,0
7818,ESCUELA RURAL PEÑASMO,CALBUCO,2,1,1,162,10
7819,ESCUELA RURAL EL AVELLANAL,CALBUCO,2,1,1,18,110
7820,ESCUELA RURAL CHUCAGUA,CALBUCO,2,1,1,28,110
7821,ESCUELA RURAL ISLA TABON,CALBUCO,2,1,1,16,110
7822,ESCUELA RURAL MACHIL,CALBUCO,2,1,1,20,110
7823,ESCUELA RURAL EL YALE,CALBUCO,2,1,1,0,0
7824,ESCUELA RURAL HUAYUN BAJO,CALBUCO,2,1,1,4,110
7825,ESCUELA LIBERTADOR GENERAL BERNARDO O´HIGGINS RIQUELME,CALBUCO,2,0,1,142,10
7826,COLEGIO SAN MIGUEL,CALBUCO,3,0,1,1163,10
7829,ESCUELA RURAL ISLA AMORTAJADO,MAULLIN,2,1,3,0,0
7830,LICEO CAPITAN DE FRAGATA FRANCISCO VIDAL GORMAZ,MAULLIN,2,0,1,181,310
7832,ESCUELA RURAL FRANCISCO CORTES OJEDA,MAULLIN,2,0,1,191,10
7833,ESCUELA JOSE ABELARDO NUÑEZ,MAULLIN,2,0,1,253,10
7834,ESCUELA ENCARNACION OLIVARES,MAULLIN,2,0,1,203,10
7835,ESCUELA RURAL EL VOCAL,MAULLIN,2,1,3,0,0
7836,ESCUELA RURAL DORILA AGUILA AGUILAR,MAULLIN,2,1,1,133,10
7837,ESCUELA RURAL PADRE NELSON AGUILAR ESPAÑA,MAULLIN,2,1,1,1,110
7838,ESCUELA RURAL QUENUIR BAJO,MAULLIN,2,1,3,0,0
7839,ESCUELA RURAL  TEOFISTO CARCAMO SERON,MAULLIN,2,1,1,4,110
7840,ESCUELA RURAL PAULINO VELAZQUEZ ALVARADO,MAULLIN,2,1,3,0,0
7841,ESCUELA RURAL PIERNA DEL RIO,MAULLIN,2,1,3,0,0
7842,ESCUELA RURAL NATALIA WITTWER,MAULLIN,2,1,3,0,0
7844,ESCUELA RURAL PUPALGUIN,MAULLIN,2,1,3,0,0
7846,ESCUELA RURAL JOSE IGNACIO URIBE  OYARZUN,MAULLIN,2,1,3,0,0
7847,ESCUELA RURAL CHUYAGUEN,MAULLIN,2,1,1,6,110
7848,ESCUELA RURAL ABEL ASENCIO MUNOZ,MAULLIN,2,1,3,0,0
7849,ESCUELA RURAL AINCO,MAULLIN,2,1,3,0,0
7850,ESCUELA RURAL LOS ARCES,MAULLIN,2,1,1,73,10
7851,ESCUELA RURAL NUEVO AMANECER,MAULLIN,2,1,3,0,0
7852,ESCUELA RURAL JUANITA FERNANDEZ,MAULLIN,2,1,1,3,110
7853,ESCUELA RURAL OLMOPULLI,MAULLIN,2,1,3,0,0
7854,ESCUELA RURAL JUANITA GALLARDO,MAULLIN,2,1,1,133,10
7855,ESCUELA RURAL PUELPUN,MAULLIN,2,1,1,5,110
7856,ESCUELA RURAL ASTILLEROS,MAULLIN,2,1,1,9,110
7857,ESCUELA RURAL CADIQUEN,MAULLIN,2,0,3,0,0
7858,ESCUELA RURAL FRANCISCO HERNANDEZ NAVARRO,MAULLIN,2,1,1,5,110
7860,ESCUELA RURAL MARIO ENRIQUE GUZMAN ACEVEDO,MAULLIN,2,1,1,6,110
7861,ESCUELA RURAL EL JARDIN DE OLMOPULLI,MAULLIN,2,1,1,5,110
7863,ESCUELA RURAL LOS CARRERAS,MAULLIN,2,1,3,0,0
7864,ESCUELA RURAL SAN JORGE,MAULLIN,2,1,1,0,0
7865,ESCUELA RURAL ANA BORQUEZ SUBIABRE,MAULLIN,2,1,3,0,0
7866,ESCUELA RURAL HILDA HUNQUEN,MAULLIN,2,1,1,116,10
7867,ESCUELA RURAL LOS CIRUELILLOS,MAULLIN,2,1,3,0,0
7868,ESCUELA RURAL LOS PINOS DEL EMPALME,MAULLIN,2,1,1,0,0
7869,ESCUELA RURAL CUMBRE DEL BARRO PEÑOL,MAULLIN,2,1,3,0,0
7870,ESCUELA PARTICULAR CUMBRE ALTA,MAULLIN,3,1,3,0,0
7871,ESCUELA PARTICULAR N.211 LAS ENCINAS,MAULLIN,3,1,1,5,110
7872,COLEGIO BICENTENARIO DE DIFUSION ARTISTICA LOS ULMOS,LOS MUERMOS,6,0,1,382,10
7874,ESCUELA RURAL CAÑITAS,LOS MUERMOS,6,1,1,147,10
7875,ESCUELA RURAL JAVIERA CARRERA,LOS MUERMOS,6,1,3,0,0
7877,ESCUELA RURAL EL ROBLE,LOS MUERMOS,6,1,3,0,0
7878,ESCUELA RURAL PALIHUE,LOS MUERMOS,6,1,1,9,110
7879,ESCUELA RURAL QUILLAGUA,LOS MUERMOS,6,1,1,4,110
7880,ESCUELA RURAL EL MAÑIO,LOS MUERMOS,6,1,3,0,0
7881,ESCUELA RURAL HUAUTRUNES,LOS MUERMOS,6,1,1,20,110
7882,ESCUELA RURAL CULULIL,LOS MUERMOS,6,1,3,0,0
7883,ESCUELA RURAL CUESTA DE LA VACA,LOS MUERMOS,6,1,3,0,0
7884,ESCUELA RURAL LAS COLINAS DE PUTRAUTRAO,LOS MUERMOS,6,1,3,0,0
7885,ESCUELA RURAL CULULIL BOQUINEGRO,LOS MUERMOS,6,1,3,0,0
7886,ESCUELA RURAL SANTA AMANDA,LOS MUERMOS,6,1,3,0,0
7887,ESCUELA RURAL CARACOL,LOS MUERMOS,6,1,1,10,110
7888,ESCUELA RURAL LA PALOMA,LOS MUERMOS,6,1,3,0,0
7889,ESCUELA RURAL LOS PIQUES,LOS MUERMOS,6,1,3,0,0
7890,ESCUELA RURAL LA COLONIA,LOS MUERMOS,6,1,3,0,0
7891,ESCUELA RURAL SAN CARLOS,LOS MUERMOS,6,1,2,0,0
7892,ESCUELA RURAL LOS OSTIONES,LOS MUERMOS,6,1,3,0,0
7894,ESCUELA RURAL PARAGUAY CHICO EL GATO,LOS MUERMOS,6,1,2,0,0
7895,ESCUELA RURAL SAN PABLO,LOS MUERMOS,6,1,3,0,0
7896,ESCUELA RURAL ESTAQUILLA,LOS MUERMOS,6,1,1,108,10
7897,ESCUELA RURAL MANUEL GATICA ARRIAGADA,LOS MUERMOS,6,1,1,52,110
7898,ESCUELA RURAL EL MELI,LOS MUERMOS,6,1,1,174,10
7900,ESCUELA RURAL MAÑIO CHAQUIHUAN,LOS MUERMOS,6,1,3,0,0
7901,ESCUELA RURAL EL SARAOS,LOS MUERMOS,6,1,2,0,0
7902,ESCUELA SAN JOSE DE CHAQUIHUAN,LOS MUERMOS,6,1,3,0,0
7903,ESCUELA RURAL EL ÑADY,LOS MUERMOS,6,1,3,0,0
7904,ESCUELA RURAL SERENA ESPERANZA,LOS MUERMOS,6,1,3,0,0
7905,ESCUELA RURAL PARAGUAY CHICO,LOS MUERMOS,6,1,1,73,10
7906,ESCUELA RURAL MILLARAY,LOS MUERMOS,6,1,2,0,0
7907,COLEGIO RAMON ANGEL JARA,LOS MUERMOS,3,0,1,1066,10
7908,ESCUELA PARTICULAR N.216 MIRAMAR,LOS MUERMOS,3,1,1,5,110
7910,ESCUELA PARTICULAR N.212 LA ESPERANZA,LOS MUERMOS,3,1,1,6,110
7911,ESCUELA PARTICULAR N.213 EL LAUREL,LOS MUERMOS,3,1,1,54,110
7913,ESCUELA PARTICULAR N.214 JUAN STOLZENBACH HOTT,LOS MUERMOS,3,1,3,0,0
7914,ESCUELA YERBAS BUENAS,LOS MUERMOS,3,0,3,0,0
7915,ESCUELA PARTICULAR N.217 MIRAMAR BAJO,LOS MUERMOS,3,1,1,6,110
7916,ESCUELA PARTICULAR N.218 LOS KLEIN,LOS MUERMOS,3,1,3,0,0
7917,ESCUELA PARTICULAR N.219 CORDILLERA VIEJA,LOS MUERMOS,3,1,3,0,0
7918,ESCUELA PARTICULAR N.220 FUNDO LA PALOMA,LOS MUERMOS,3,1,1,0,0
7919,ESCUELA PARTICULAR N.221 ESTAQUILLA BAJO,LOS MUERMOS,3,1,1,11,110
7920,ESCUELA PARTICULAR GABRIELA MISTRAL,LOS MUERMOS,3,1,3,0,0
7921,CENTRO DIAGNOSTICO,PUERTO MONTT,3,0,3,0,0
7922,ESCUELA PARTICULAR N.232 EL PROGRESO,LOS MUERMOS,3,1,1,76,110
7923,ESCUELA RURAL POTRERO DEL NORTE,LOS MUERMOS,6,1,3,0,0
7924,ESCUELA RURAL SAN ANDRES,FRESIA,6,1,1,122,10
7925,ESCUELA RURAL LOS CUATRO VIENTOS,FRESIA,6,0,3,0,0
7927,ESCUELA RURAL CAU-CAU,FRESIA,6,1,1,11,110
7929,ESCUELA BASICA AGRICOLA HUEMPELEO,FRESIA,6,1,1,36,110
7930,ESCUELA RURAL LUCILA GODOY ALCAYAGA,FRESIA,6,1,1,14,110
7931,ESCUELA RURAL PATO LLICO,FRESIA,6,1,1,5,110
7932,ESCUELA RURAL LLICO,FRESIA,6,1,3,0,0
7933,ESCUELA RURAL OLGA SOTO ALVARADO,FRESIA,6,1,1,10,110
7936,ESCUELA RURAL RINCONADA,FRESIA,6,1,1,2,110
7937,ESCUELA RURAL AMANCAYES,FRESIA,6,1,2,0,0
7938,ESCUELA RURAL ENTRE RIOS,FRESIA,6,1,1,6,110
7939,ESCUELA RURAL LINEA SIN NOMBRE,FRESIA,6,1,1,6,110
7940,ESCUELA RURAL PARGA,FRESIA,6,1,1,15,110
7941,LICEO CARLOS IBAÑEZ DEL CAMPO,FRESIA,6,0,1,431,310
7942,COLEGIO PURISIMO CORAZON DE MARIA,FRESIA,3,0,1,877,10
7944,ESCUELA RURAL SANTA MONICA,FRESIA,6,1,1,9,110
7945,ESCUELA RURAL EL PEUCHEN,FRESIA,6,1,1,6,110
7946,ESCUELA PARTICULAR N. 224 PICHI MAULE,FRESIA,3,1,1,24,110
7947,ESCUELA PARTICULAR N. 225 LA ARAÑA,FRESIA,3,1,1,20,110
7948,ESCUELA PARTICULAR N. 226 LAS CUYAS,FRESIA,3,1,3,0,0
7949,ESCUELA PARTICULAR N. 227 EL TRAIGUEN,FRESIA,3,1,3,0,0
7950,ESCUELA PARTICULAR N. 228 EL PATO DE LLICO,FRESIA,3,1,1,20,110
7952,ESCUELA PARTICULAR N. 230 LA ESPERANZA,FRESIA,3,1,1,0,0
7953,ESCUELA PARTICULAR N. 231 SAN ANTONIO,FRESIA,3,1,1,8,110
7954,ESCUELA PARTICULAR N. 233 EL REPIL,FRESIA,3,1,3,0,0
7956,LICEO BICENTENARIO POLITECNICO HOLANDA,LLANQUIHUE,6,0,1,393,310
7958,ESCUELA INES GALLARDO ALVARADO,LLANQUIHUE,6,0,1,526,10
7959,ESCUELA BASICA GABRIELA MISTRAL,LLANQUIHUE,6,0,1,440,10
7961,ESCUELA RURAL LOS PELLINES,LLANQUIHUE,6,1,1,163,10
7962,ESCUELA RURAL LONCOTORO,LLANQUIHUE,6,1,1,48,110
7963,ESCUELA RURAL IRIS WOELKE SCHMIT,LLANQUIHUE,6,1,3,0,0
7964,ESCUELA RURAL COLIGUAL CHICO,LLANQUIHUE,6,1,3,0,0
7965,ESCUELA RURAL FUNDO CALIFORNIA,LLANQUIHUE,6,1,3,0,0
7966,ESCUELA RURAL LINEA SOLAR,LLANQUIHUE,6,1,1,5,110
7967,ESCUELA RURAL COLEGUAL,LLANQUIHUE,6,1,1,55,10
7968,ESCUELA RURAL COLIGUAL SAN JUAN,LLANQUIHUE,6,1,1,11,110
7970,ESCUELA PARTICULAR N.239 LOS VOLCANES,LLANQUIHUE,3,0,1,441,10
7971,ESCUELA PARTICULAR N.237 SAN JOSE,LLANQUIHUE,3,1,3,0,0
7972,ESCUELA PARTICULAR N.238 TOTORAL,LLANQUIHUE,3,0,3,0,0
7973,LICEO INDUSTRIAL CHILENO-ALEMAN,FRUTILLAR,6,0,1,589,510
7975,ESCUELA ARTURO ALESSANDRI PALMA,FRUTILLAR,6,0,1,362,10
7976,ESCUELA BERNARDO PHILIPPI,FRUTILLAR,6,0,1,336,10
7977,ESCUELA RURAL LOS LINARES DE CASMA,FRUTILLAR,6,1,1,271,10
7978,ESCUELA RURAL MARIO PEREZ NAVARRO,FRUTILLAR,6,1,1,24,110
7980,ESCUELA RURAL COLEGUAL,FRUTILLAR,6,1,3,0,0
7982,ESCUELA RURAL PARAGUAY,FRUTILLAR,6,1,1,65,110
7983,ESCUELA RURAL COLONIA LA RADIO,FRUTILLAR,6,1,3,0,0
7984,ESCUELA RURAL CARLOS FELMER,FRUTILLAR,6,1,3,0,0
7985,ESCUELA RURAL CENTINELA LA HUACHA,FRUTILLAR,6,1,3,0,0
7987,ESCUELA CARLOS SPRINGER NIKLITSCHEK,FRUTILLAR,6,1,1,21,110
7989,COLEGIO PARTICULAR N. 244 `MADRE DE DIOS`,FRUTILLAR,3,0,1,575,10
7990,ESCUELA RURAL COLONIA SAN MARTIN,FRUTILLAR,6,1,1,6,110
7992,COLEGIO ICEBERG,CALBUCO,3,1,1,67,110
7993,ESCUELA PARTICULAR N. 240 LA HUACHA,FRUTILLAR,3,1,1,8,110
7994,ESCUELA PARTICULAR N.241 LA PAZ,FRUTILLAR,3,1,1,23,110
7996,ESCUELA PARTICULAR N.245 SANTA ANA,FRUTILLAR,3,1,3,0,0
7998,ESCUELA PARTICULAR N.247 EL RETAMO,FRUTILLAR,3,1,1,18,110
8000,INSTITUTO ALEMAN DE FRUTILLAR,FRUTILLAR,4,0,1,331,10
8001,LICEO POLITECNICO DE CASTRO,CASTRO,1,0,1,1252,410
8002,LICEO GALVARINO RIVEROS CARDENAS,CASTRO,1,0,1,1092,110
8003,ESCUELA LUIS URIBE DIAZ,CASTRO,1,0,1,530,10
8004,ESCUELA INES MUNOZ DE GARCIA,CASTRO,1,0,1,574,10
8005,LICEO AYTUE,CASTRO,1,0,1,700,10
8006,ESCUELA RURAL PEDRO VELAZQUEZ BONTES,CASTRO,1,0,1,256,10
8007,ESCUELA RURAL ASTILLEROS,CASTRO,1,1,3,0,0
8009,ESCUELA RURAL QUELQUEL,CASTRO,1,1,3,0,0
8010,ESCUELA RURAL CURAHUE,CASTRO,1,1,1,3,110
8012,ESCUELA RURAL ANA NELLY OYARZUN CARTES,CASTRO,1,0,1,152,10
8013,ESCUELA RURAL MIRTA OYARZO VERA,CASTRO,1,1,1,58,10
8014,ESCUELA RURAL MANUELA CARDENAS BARRIA,CASTRO,1,1,1,11,110
8015,ESCUELA RURAL CAMAHUE - ISLA QUEHUI,CASTRO,1,1,2,0,0
8016,ESCUELA RURAL COIHUINCO,CASTRO,1,1,1,0,0
8017,ESCUELA RURAL CONICO,CASTRO,1,1,2,0,0
8018,ESCUELA RURAL YUTUY,CASTRO,1,1,2,0,0
8019,ESCUELA RURAL QUILQUICO,CASTRO,1,1,1,109,10
8020,ESCUELA RURAL PAUL HARRIS,CASTRO,1,1,1,6,110
8021,ESCUELA RURAL PUACURA,CASTRO,1,1,3,0,0
8022,ESCUELA RURAL ERMELINDA SANCHEZ DE CIFUENTES,CASTRO,1,1,1,3,110
8023,ESCUELA DE ADULTOS DE CASTRO,CASTRO,1,0,1,36,165
8024,ESCUELA RURAL DUCAN,CASTRO,1,1,2,0,0
8026,ESCUELA RURAL LINGUE,CASTRO,1,1,2,0,0
8027,ESCUELA RURAL OLINDA BORQUEZ BORQUEZ,CASTRO,1,1,1,92,10
8028,ESCUELA RURAL HUENUCO,CASTRO,1,1,2,0,0
8029,ESCUELA RURAL LLICALDAD,CASTRO,1,1,1,0,0
8030,ESCUELA RURAL GAMBOA,CASTRO,1,1,3,0,0
8031,ESCUELA RURAL LA CHACRA,CASTRO,1,1,1,3,110
8032,ESCUELA RURAL INES BAZAN,CASTRO,1,1,1,7,110
8033,ESCUELA RURAL LA ESTANCIA,CASTRO,1,1,1,0,0
8034,ESCUELA RURAL TEN--TEN,CASTRO,1,1,2,0,0
8035,ESCUELA RURAL PIDPID,CASTRO,1,1,1,0,0
8036,ESCUELA RURAL LOS ANGELES,CASTRO,1,1,1,49,110
8037,ESCUELA RURAL LOS ROBLES,CASTRO,1,1,1,10,110
8038,ESCUELA RURAL SAN MIGUEL,CASTRO,1,1,1,6,110
8040,ESCUELA RURAL CAPILLA DE LOURDES,CASTRO,1,1,3,0,0
8041,ESCUELA DIFERENCIAL `ANTU- KAU`,CASTRO,1,0,1,109,212
8043,LICEO AGROPECUARIO Y ACUICOLA CHILOE,CASTRO,3,0,3,0,0
8044,LICEO POLIVALENTE DE ANCUD,ANCUD,1,0,1,200,310
8046,ESCUELA PUDETO,ANCUD,1,0,1,86,10
8047,ESCUELA ANEXA,ANCUD,1,0,1,263,10
8048,ESCUELA YERBAS BUENAS,ANCUD,1,0,1,73,10
8049,ESCUELA RURAL VILLA CHACAO,ANCUD,1,1,1,51,10
8050,ESCUELA FATIMA,ANCUD,1,0,3,0,0
8051,ESCUELA RURAL EL PALOMAR,ANCUD,1,1,1,89,10
8052,ESCUELA RURAL GUAPILACUY,ANCUD,1,1,1,0,0
8053,ESCUELA RURAL SENDA CHACAO,ANCUD,1,1,1,93,10
8054,ESCUELA RURAL MANAO,ANCUD,1,1,1,92,10
8055,ESCUELA RURAL BELBEN,ANCUD,1,1,3,0,0
8057,ESCUELA RURAL COIPOMO,ANCUD,1,1,3,0,0
8058,ESCUELA RURAL LAJAS BLANCAS,ANCUD,1,1,3,0,0
8059,ESCUELA RURAL ESTRELLA DE HUILQUECO,ANCUD,1,1,2,0,0
8060,ESCUELA RURAL GOLFETE DE QUETALMAHUE,ANCUD,1,1,2,0,0
8061,ESCUELA RURAL PUNTA CHILEN,ANCUD,1,1,1,10,110
8062,ESCUELA RURAL TANTAUCO RUTA 5,ANCUD,1,1,2,0,0
8063,ESCUELA RURAL LA CAPILLA,ANCUD,1,1,3,0,0
8064,ESCUELA RURAL LAGUNA DE QUILO,ANCUD,1,1,3,0,0
8065,ESCUELA RURAL HUICHA,ANCUD,1,1,3,0,0
8066,ESCUELA RURAL CATRUMAN,ANCUD,1,1,3,0,0
8067,ESCUELA RURAL GUABUN,ANCUD,1,1,3,0,0
8068,ESCUELA BASICA ENRIQUETA RETAMAL,ANCUD,1,1,3,0,0
8069,ESCUELA RURAL PUNTA ARENAS,ANCUD,1,1,3,0,0
8070,ESCUELA RURAL COQUIAO BAJO,ANCUD,1,1,3,0,0
8071,ESCUELA RURAL NAL,ANCUD,1,1,1,5,110
8072,ESCUELA RURAL LAS ANTENAS DE CARACOLES,ANCUD,1,1,3,0,0
8074,ESCUELA RURAL DEGAN,ANCUD,1,1,3,0,0
8075,ESCUELA RURAL QUILAR,ANCUD,1,1,1,4,110
8076,ESCUELA RURAL DUATAO,ANCUD,1,1,3,0,0
8077,ESCUELA RURAL CHAQUIHUAL,ANCUD,1,1,3,0,0
8078,ESCUELA RURAL AUCACO,ANCUD,1,1,3,0,0
8079,ESCUELA RURAL CHOROIHUE,ANCUD,1,1,3,0,0
8080,ESCUELA RURAL COGOMO,ANCUD,1,1,1,0,0
8081,ESCUELA RURAL CAYUCAN,ANCUD,1,1,3,0,0
8082,ESCUELA RURAL CUMBRE DE LECAM,ANCUD,1,1,3,0,0
8083,ESCUELA RURAL FELIPE SANTANA,ANCUD,1,1,3,0,0
8084,ESCUELA RURAL KILOMETRO 25,ANCUD,1,1,3,0,0
8085,ESCUELA RURAL SAN MIGUEL DE COÑIMO,ANCUD,1,1,1,41,10
8086,ESCUELA RURAL SAN ANTONIO,ANCUD,1,1,3,0,0
8088,ESCUELA RURAL JULIO KOMPATZKI HORNICKEL,ANCUD,1,1,3,0,0
8089,ESCUELA RURAL LUIS MAXIMO OYARZUN VIDAL,ANCUD,1,1,2,0,0
8091,ESCUELA RURAL CALLE,ANCUD,1,1,2,0,0
8092,ESCUELA RURAL LUIS ALBERTO SEGOVIA ROSS,ANCUD,1,1,1,83,10
8093,ESCUELA RURAL ESTACION PUNTRA,ANCUD,1,1,3,0,0
8094,ESCUELA RURAL CAIPULLI,ANCUD,1,1,1,4,110
8095,ESCUELA RURAL AGUAS BUENAS,ANCUD,1,1,1,5,110
8096,ESCUELA RURAL PUGUEÑUN,ANCUD,1,1,1,0,0
8097,ESCUELA BASICA RURAL SONIA AMPUERO A.,ANCUD,1,1,3,0,0
8098,ESCUELA RURAL CAULIN ALTO,ANCUD,1,1,3,0,0
8099,ESCUELA RURAL COCOTUE,ANCUD,1,1,1,22,110
8100,ESCUELA RURAL SOL DEL PACIFICO,ANCUD,1,1,1,73,10
8102,ESCUELA RURAL HUELDEN,ANCUD,1,1,1,3,110
8103,ESCUELA RURAL BAHIA LINAO,ANCUD,1,1,1,69,10
8104,ESCUELA RURAL PUENTE PUNTRA,ANCUD,1,1,1,21,110
8105,LICEO BICENTENARIO DE ANCUD,ANCUD,1,0,1,414,110
8107,ESCUELA DIFERENCIAL `SAN CARLOS DE ANCUD`,ANCUD,1,0,1,64,212
8108,SEMINARIO CONCILIAR DE ANCUD,ANCUD,3,0,1,1341,10
8109,LICEO COMERCIAL EL PILAR,ANCUD,3,0,1,829,310
8110,ESCUELA PARTICULAR N.250 `EL PILAR`,ANCUD,3,0,2,0,0
8111,LICEO BICENTENARIO QUEMCHI,QUEMCHI,2,0,1,212,310
8112,ESCUELA RURAL JUAN VICTORINO TANGOL,DALCAHUE,1,1,1,43,10
8113,ESCUELA RURAL AQUELARRE,QUEMCHI,2,1,1,51,10
8114,ESCUELA RURAL LLIUCO,QUEMCHI,2,1,1,121,10
8115,ESCUELA RURAL MORRO LOBOS ALTO,QUEMCHI,2,1,1,3,110
8116,ESCUELA RURAL HUITE,QUEMCHI,2,1,1,6,110
8117,ESCUELA RURAL MONTEMAR,QUEMCHI,2,1,1,108,10
8118,ESCUELA RURAL AUCHO,QUEMCHI,2,1,3,0,0
8119,ESCUELA RURAL COLO,QUEMCHI,2,1,3,0,0
8120,ESCUELA RURAL QUINTERQUEN,QUEMCHI,2,1,1,6,110
8121,ESCUELA RURAL SANTA ROSA,QUEMCHI,2,1,1,13,10
8122,ESCUELA RURAL PIDO,QUEMCHI,2,1,1,3,110
8124,ESCUELA RURAL CAUCAHUE,QUEMCHI,2,1,1,3,110
8125,ESCUELA RURAL DE TUBILDAD,QUEMCHI,2,1,3,0,0
8126,ESCUELA RURAL AUCAR,QUEMCHI,2,1,1,71,10
8127,ESCUELA RURAL QUELER,QUEMCHI,2,1,1,3,110
8128,ESCUELA RURAL CHAURAHUE,QUEMCHI,2,1,3,0,0
8129,ESCUELA RURAL LLIUCO MONTANA,QUEMCHI,2,1,3,0,0
8130,ESCUELA RURAL TOCOIHUE,DALCAHUE,1,1,3,0,0
8131,ESCUELA RURAL MALUCO,QUEMCHI,2,1,1,3,110
8132,ESCUELA DE AULIN,QUEMCHI,2,1,1,2,110
8133,ESCUELA RURAL LINDA VISTA,QUEMCHI,2,1,1,20,10
8134,ESCUELA RURAL CONEB,QUEMCHI,2,1,1,1,110
8135,ESCUELA RURAL TAC,QUEMCHI,2,1,1,35,10
8136,ESCUELA RURAL ARCHIPIELAGO,QUEMCHI,2,1,1,1,110
8138,ESCUELA RURAL VOIGUE,QUEMCHI,2,1,2,0,0
8139,ESCUELA RURAL CHENIAO,QUEMCHI,2,1,1,8,110
8141,ESCUELA RURAL SAN JOSE,QUEMCHI,2,1,1,1,110
8142,ESCUELA RURAL BORDEMAR VILLA MECHUQUE,QUEMCHI,2,1,1,28,10
8143,ESCUELA RURAL NAYAHUE,QUEMCHI,2,1,1,3,110
8144,ESCUELA RURAL CESAR GOMEZ GARCIA,DALCAHUE,1,1,1,19,110
8145,ESCUELA RURAL COLEGUAL,DALCAHUE,1,1,3,0,0
8146,ESCUELA RURAL TEGUEL,DALCAHUE,1,1,3,0,0
8147,ESCUELA RURAL MALLINLEMU,DALCAHUE,1,1,1,278,10
8148,ESCUELA RURAL BUTALCURA,DALCAHUE,1,1,3,0,0
8149,ESCUELA RURAL CARIHUEICO,DALCAHUE,1,1,1,3,110
8150,ESCUELA RURAL EL PRADO,DALCAHUE,1,1,1,1,110
8151,ESCUELA RURAL SAN JUAN,DALCAHUE,1,1,3,0,0
8153,ESCUELA RURAL PROFESOR HECTOR MARIO BAHAMONDE NAVARRO,DALCAHUE,1,1,3,0,0
8155,ESCUELA RURAL DALLICO,DALCAHUE,1,1,2,0,0
8156,ESCUELA RURAL KILOMETRO 60,DALCAHUE,1,1,3,0,0
8157,ESCUELA RURAL JOSE MARIA ULLOA SALDIVIA,DALCAHUE,1,1,1,3,110
8158,ESCUELA RURAL CALEN,DALCAHUE,1,1,1,25,110
8159,ESCUELA RURAL JOSE DANIEL BAHAMONDE BAHAMONDE,DALCAHUE,1,1,1,32,10
8160,ESCUELA RURAL CULDEO,DALCAHUE,1,1,1,6,110
8161,ESCUELA BASICA DALCAHUE,DALCAHUE,1,0,1,354,10
8162,LICEO ALFREDO DEL CARMEN BARRIA OYARZUN,CURACO DE VÉLEZ,1,0,1,445,10
8163,ESCUELA RURAL CHULLEC,CURACO DE VÉLEZ,1,1,1,4,110
8164,ESCUELA RURAL TOLQUIEN,CURACO DE VÉLEZ,1,1,1,3,110
8165,ESCUELA RURAL EDUARDO FREI MONTALVA,CURACO DE VÉLEZ,1,1,1,39,10
8166,ESCUELA RURAL VISTA HERMOSA,CURACO DE VÉLEZ,1,1,1,2,110
8167,ESCUELA RURAL HUYAR BAJO,CURACO DE VÉLEZ,1,1,1,2,110
8169,ESCUELA RURAL HUYAR ALTO,CURACO DE VÉLEZ,1,1,1,46,10
8170,ESCUELA RURAL SAN JAVIER,CURACO DE VÉLEZ,1,1,1,46,10
8172,MICROCENTRO DE DIAGNOSTICO,CASTRO,3,0,3,0,0
8173,ESCUELA RURAL HUENAO,CURACO DE VÉLEZ,1,1,1,6,110
8174,LICEO BICENTENARIO INSULAR,QUINCHAO,1,0,1,754,10
8175,ESCUELA RURAL CAPILLA ANTIGUA,QUINCHAO,1,1,3,0,0
8176,ESCUELA RURAL LA CAPILLA,QUINCHAO,1,1,1,24,110
8177,ESCUELA RURAL OSTRICULTURA,QUINCHAO,1,1,1,39,110
8178,ESCUELA RURAL HUELMO,QUINCHAO,1,1,3,0,0
8179,ESCUELA RURAL FRANCISCO DE VILLAGRA,QUINCHAO,1,1,1,5,110
8180,ESCUELA RURAL ALAO,QUINCHAO,1,1,1,27,110
8181,ESCUELA RURAL METAHUE,QUINCHAO,1,1,1,21,10
8182,ESCUELA RURAL LA VILLA,QUINCHAO,1,1,1,12,110
8183,ESCUELA RURAL AMANECER 2000,QUINCHAO,1,1,1,9,110
8184,ESCUELA RURAL LLINGUA,QUINCHAO,1,1,1,13,110
8186,ESCUELA RURAL LOS PINOS,QUINCHAO,1,1,1,36,10
8187,ESCUELA RURAL EL TRANSITO,QUINCHAO,1,1,3,0,0
8188,ESCUELA RURAL LA CAPILLA,QUINCHAO,1,1,1,21,110
8189,ESCUELA RURAL TERESA CARDENAS DE PAREDES,QUINCHAO,1,1,1,84,10
8190,ESCUELA RURAL EL ESTERO,QUINCHAO,1,1,3,0,0
8191,ESCUELA RURAL SAN FRANCISCO,QUINCHAO,1,1,1,34,10
8193,ESCUELA RURAL COÑAB,QUINCHAO,1,1,3,0,0
8194,LICEO PARTICULAR RAMON FREIRE,QUINCHAO,3,0,1,474,10
8195,ESCUELA PUQUELDON,PUQUELDÓN,1,0,1,220,10
8196,ESCUELA DE CHULCHUY,PUQUELDÓN,1,1,3,0,0
8197,ESCUELA RURAL LAS LAGUNAS,PUQUELDÓN,1,1,1,7,110
8198,ESCUELA RURAL SAN JUAN DE LINCAY,PUQUELDÓN,1,1,1,3,110
8200,ESCUELA RURAL SAN AGUSTIN,PUQUELDÓN,1,1,1,11,110
8201,ESCUELA RURAL LAS CAMPANAS,PUQUELDÓN,1,1,1,40,10
8202,ESCUELA RURAL DETIF,PUQUELDÓN,1,1,1,29,10
8203,ESCUELA RURAL SANTA ROSA,PUQUELDÓN,1,1,1,46,110
8205,ESCUELA RURAL ICHUAC,PUQUELDÓN,1,1,1,47,10
8206,LICEO BICENTENARIO MANUEL JESUS ANDRADE BORQUEZ,CHONCHI,1,0,1,988,10
8207,ESCUELA RURAL NOTUCO,CHONCHI,1,1,1,66,110
8208,ESCUELA RURAL CURACO DE VILUPULLI,CHONCHI,1,1,1,23,110
8209,ESCUELA RURAL ALCALDEO DE RAUCO,CHONCHI,1,1,3,0,0
8210,ESCUELA RURAL QUITRIPULLI,CHONCHI,1,1,1,67,110
8211,ESCUELA RURAL HUILLINCO,CHONCHI,1,1,1,88,110
8212,ESCUELA RURAL PILPILEHUE,CHONCHI,1,1,3,0,0
8213,ESCUELA RURAL EL PULPITO,CHONCHI,1,1,1,25,110
8214,ESCUELA RURAL QUIAO,CHONCHI,1,1,3,0,0
8215,ESCUELA RURAL TARA,CHONCHI,1,1,3,0,0
8216,ESCUELA RURAL PUCATUE,CHONCHI,1,1,1,13,110
8217,ESCUELA RURAL TEUPA,CHONCHI,1,1,1,11,110
8219,ESCUELA RURAL PINDACO,CHONCHI,1,1,3,0,0
8220,ESCUELA RURAL CUCAO,CHONCHI,1,1,1,50,110
8222,ESCUELA RURAL NOTUE,CHONCHI,1,1,3,0,0
8223,ESCUELA RURAL QUILIPULLI,CHONCHI,1,1,3,0,0
8224,ESCUELA RURAL DICHAM,CHONCHI,1,1,3,0,0
8225,ESCUELA RURAL CANAN,CHONCHI,1,1,1,11,110
8226,ESCUELA RURAL QUINCHED,CHONCHI,1,1,1,6,110
8227,ESCUELA RURAL CHANQUIN,CHONCHI,1,1,1,27,110
8228,ESCUELA RURAL VILUPULLI,CHONCHI,1,1,1,11,110
8229,ESCUELA RURAL MELLEICO,CHONCHI,1,1,3,0,0
8230,ESCUELA RURAL RAUCO,CHONCHI,1,1,1,56,110
8231,ESCUELA RURAL TERAO,CHONCHI,1,1,1,21,110
8232,ESCUELA RURAL LOS PETANES,CHONCHI,1,1,3,0,0
8233,ESCUELA RURAL NATRI,CHONCHI,1,1,3,0,0
8234,ESCUELA RURAL MIRAFLORES,CHONCHI,1,1,1,7,110
8236,ESCUELA CHILHUE,QUEILÉN,1,0,1,194,10
8237,ESCUELA RURAL PAILDAD,QUEILÉN,1,1,1,5,110
8238,ESCUELA RURAL ALQUI,QUEILÉN,1,1,1,0,0
8239,ESCUELA RURAL INSTITUTO CORFO-PUREO,QUEILÉN,1,1,1,3,110
8240,ESCUELA RURAL VILLA MARITIMA,QUEILÉN,1,1,3,0,0
8241,ESCUELA RURAL ALVARO VARGAS MIRANDA,QUEILÉN,1,1,1,175,10
8242,ESCUELA RURAL EL MALLIN,QUEILÉN,1,1,2,0,0
8243,ESCUELA RURAL JUAN BAUTISTA CHIGUAY,QUEILÉN,1,1,1,18,110
8244,ESCUELA RURAL DIAZ-LIRA,QUEILÉN,1,1,1,3,110
8245,ESCUELA RURAL RIO AITUY,QUEILÉN,1,1,3,0,0
8246,ESCUELA RURAL NEPUE,QUEILÉN,1,1,1,13,110
8247,ESCUELA RURAL JUAN ANTONIO VERA DIAZ,QUEILÉN,1,1,1,34,110
8248,ESCUELA RURAL LELBUN,QUEILÉN,1,1,3,0,0
8251,ESCUELA RURAL SAN JOSE DE TRANQUI,QUEILÉN,1,1,1,10,110
8253,ESCUELA RURAL LOS CISNES,QUEILÉN,1,1,2,0,0
8254,ESCUELA RURAL DETICO,QUEILÉN,1,1,1,6,110
8255,LICEO RAYEN MAPU,QUELLÓN,1,0,1,479,310
8256,ESCUELA EDUCADORA EULOGIA BORQUEZ PEREZ,QUELLÓN,1,0,1,465,10
8257,ESCUELA RURAL SAN ANTONIO DE CHADMO,QUELLÓN,1,1,1,5,110
8258,ESCUELA RURAL RIO MAULE,QUELLÓN,1,1,1,4,110
8259,ESCUELA RURAL CHANCO,QUELLÓN,1,1,2,0,0
8260,ESCUELA RURAL QUILEN,QUELLÓN,1,1,1,5,110
8261,ESCUELA RURAL CHADMO CENTRAL,QUELLÓN,1,1,1,20,110
8262,ESCUELA RURAL COLCAO,QUELLÓN,1,1,1,3,110
8263,ESCUELA RURAL JOSE SANTOS LINCOMAN INAICHEO,QUELLÓN,1,1,1,37,110
8264,ESCUELA RURAL ADELA GARCIA GARCIA,QUELLÓN,1,1,1,127,10
8265,ESCUELA RURAL COCAUQUE,QUELLÓN,1,1,1,3,110
8267,ESCUELA RURAL HUELPUN,QUELLÓN,1,1,1,5,110
8268,ESCUELA RURAL OQUELDAN,QUELLÓN,1,1,1,19,110
8269,ESCUELA RURAL LASTENIA OYARZUN ANDRADE,QUELLÓN,1,1,1,22,110
8270,ESCUELA RURAL PELU,QUELLÓN,1,1,1,0,0
8271,ESCUELA RURAL PUNTA PAULA,QUELLÓN,1,1,1,4,110
8272,ESCUELA RURAL SANTA ROSA,QUELLÓN,1,1,2,0,0
8273,ESCUELA RURAL COINCO ALTO,QUELLÓN,1,1,2,0,0
8274,ESCUELA RURAL CANDELARIA,QUELLÓN,1,1,1,16,110
8275,ESCUELA RURAL TRINCAO,QUELLÓN,1,1,1,8,110
8276,ESCUELA RURAL PIEDRA BLANCA,QUELLÓN,1,1,1,6,110
8277,ESCUELA RURAL SAN JUAN,QUELLÓN,1,1,3,0,0
8278,ESCUELA RURAL YELCHO,QUELLÓN,1,1,1,8,110
8279,ESCUELA RURAL ORATORIO,QUELLÓN,1,1,3,0,0
8280,ESCUELA RURAL CARMEN DOLORES MUÑOZ,QUELLÓN,1,1,2,0,0
8281,ESCUELA RURAL CHAIGUAO,QUELLÓN,1,1,1,7,110
8282,ESCUELA RURAL RIO CHALLACO,QUELLÓN,1,1,3,0,0
8284,ESCUELA RURAL COINCO,QUELLÓN,1,1,1,86,10
8285,ESCUELA RURAL AGUA FRESCA,QUELLÓN,1,1,1,4,110
8286,ESCUELA RURAL SAN ANTONIO,QUELLÓN,1,1,1,4,110
8287,ESCUELA RURAL AUCHAC,QUELLÓN,1,1,1,22,110
8288,ESCUELA RURAL YALDAD,QUELLÓN,1,1,1,58,10
8289,ESCUELA RURAL ARTISTICA ALUMNO MARCELO GUENTEO SOLIS,QUELLÓN,1,1,1,166,10
8290,ESCUELA RURAL KUME RUKA WEKETRUMAO,QUELLÓN,1,1,1,45,10
8292,LICEO ITALIA,CHAITÉN,2,0,2,0,0
8293,ESCUELA RURAL NAYAHUE,CHAITÉN,2,1,1,1,110
8294,ESCUELA RURAL AUTENI,CHAITÉN,2,1,1,4,110
8295,ESCUELA RURAL CHUIT,CHAITÉN,2,1,1,9,110
8296,ESCUELA RURAL NUEVA ESPERANZA,CHAITÉN,2,1,1,7,110
8298,ESCUELA RURAL TALCAN,CHAITÉN,2,1,3,0,0
8299,ESCUELA RURAL CASA DE PESCA,CHAITÉN,2,1,1,7,110
8300,ESCUELA RURAL LOYOLA,CHAITÉN,2,1,1,4,110
8301,ESCUELA RURAL BUILL,CHAITÉN,2,1,1,29,110
8303,ESCUELA RURAL CHUMELDEN,CHAITÉN,2,1,1,4,110
8304,ESCUELA RURAL RIO AMARILLO,CHAITÉN,2,1,1,8,110
8305,ESCUELA RURAL CHANA,CHAITÉN,2,1,1,4,110
8306,ESCUELA RURAL VALLE EL FRIO,CHAITÉN,2,1,1,14,110
8307,ESCUELA RURAL HUEQUE,CHAITÉN,2,1,1,12,110
8308,ESCUELA RURAL POYO,CHAITÉN,2,1,1,10,110
8309,LICEO PENINSULAR AYACARA,CHAITÉN,2,1,1,154,10
8310,COLEGIO MAURICIO HITCHCOCK,HUALAIHUÉ,2,1,1,350,10
8311,ESCUELA RURAL AULEN,HUALAIHUÉ,2,1,1,55,110
8312,ESCUELA RURAL PICHICOLO,HUALAIHUÉ,2,1,1,11,110
8313,ESCUELA RURAL CATARATAS DEL ALERCE,HUALAIHUÉ,2,1,1,66,10
8314,ESCUELA RURAL CANDELARIA,HUALAIHUÉ,2,1,1,7,110
8315,ESCUELA RURAL SAN PEDRO,HUALAIHUÉ,2,1,1,8,110
8317,ESCUELA RURAL LA POZA CONTAO,HUALAIHUÉ,2,1,1,3,110
8318,ESCUELA RURAL QUILDACO BAJO,HUALAIHUÉ,2,1,1,7,110
8319,ESCUELA RURAL VALLE HERMOSO,HUALAIHUÉ,2,1,1,2,110
8320,ESCUELA RURAL MANIHUEICO,HUALAIHUÉ,2,1,1,4,110
8321,ESCUELA RURAL CALETA EL MANZANO,HUALAIHUÉ,2,1,1,66,110
8322,ESCUELA RURAL HUINAY,HUALAIHUÉ,2,1,1,0,0
8323,ESCUELA RURAL N.745 SEMILLERO,HUALAIHUÉ,2,1,1,99,10
8324,ESCUELA RURAL QUETEN,HUALAIHUÉ,2,1,1,2,110
8325,ESCUELA ANTUPIREN,HUALAIHUÉ,2,1,1,318,10
8326,ESCUELA RURAL SAN FRANCISCO,HUALAIHUÉ,2,1,1,4,110
8327,ESCUELA RURAL QUIACA,HUALAIHUÉ,2,1,1,1,110
8328,ESCUELA RURAL JUAN FRANCISCO MALDONADO BARRÍA,HUALAIHUÉ,2,1,1,1,110
8329,ESCUELA RURAL CORDILLERA NEVADA,HUALAIHUÉ,2,1,1,35,110
8330,ESCUELA PARTICULAR N.252 AULEN,HUALAIHUÉ,3,1,3,0,0
8331,LICEO BICENTENARIO FUTALEUFU,FUTALEUFÚ,2,1,1,460,10
8334,ESCUELA RURAL EL ESPOLON,FUTALEUFÚ,2,1,1,9,110
8335,ESCUELA RURAL RIO AZUL,FUTALEUFÚ,2,1,1,8,110
8336,ESCUELA RURAL EL LIMITE,FUTALEUFÚ,2,1,1,46,110
8337,ESCUELA RURAL LAS ESCALAS,FUTALEUFÚ,2,1,1,17,110
8338,ESCUELA RURAL LONCONAO,FUTALEUFÚ,2,1,1,12,110
8339,COLEGIO ROBERTO WHITE GESELL,PALENA,2,1,1,285,10
8340,ESCUELA RURAL RIO MALITO,PALENA,2,1,1,6,110
8341,ESCUELA RURAL FRONTERIZA,PALENA,2,1,1,9,110
8342,ESCUELA RURAL PUERTO RAMIREZ,PALENA,2,1,1,5,110
8344,ESCUELA RURAL LA CASCADA,PALENA,2,1,1,3,110
8345,LICEO JOSEFINA AGUIRRE MONTENEGRO,COYHAIQUE,6,0,1,360,110
8346,ESCUELA VICTOR DOMINGO SILVA,COYHAIQUE,6,0,1,177,10
8348,ESCUELA BAQUEDANO,COYHAIQUE,6,0,1,408,10
8349,ESCUELA PEDRO QUINTANA MANSILLA,COYHAIQUE,6,0,1,556,10
8351,ESCUELA DIFERENCIAL ESPANA,COYHAIQUE,6,0,1,104,212
8352,LICEO TECNICO PROFESIONAL PROFESOR RICARDO NAVARRETE BARRIA,COYHAIQUE,6,0,1,320,10
8353,ESCUELA NIEVES DEL SUR,COYHAIQUE,6,0,1,179,10
8354,ESCUELA RURAL PABLO CEA VASQUEZ,COYHAIQUE,6,1,1,16,110
8355,ESCUELA RURAL PABLO NERUDA,COYHAIQUE,6,1,1,40,10
8356,ESCUELA RURAL RIO BLANCO,COYHAIQUE,6,1,1,47,10
8357,ESCUELA RURAL VALLE SIMPSON,COYHAIQUE,6,1,1,128,10
8358,ESCUELA JOSE ANTOLIN SILVA ORMENO,COYHAIQUE,6,1,1,85,10
8360,ESCUELA RIO CLARO,COYHAIQUE,6,1,3,0,0
8361,ESCUELA RURAL VALLE DE LA LUNA,COYHAIQUE,6,1,1,40,10
8362,ESCUELA RURAL ARROYO EL GATO,COYHAIQUE,6,1,1,15,110
8363,ESCUELA RURAL FRAY CAMILO HENRIQUEZ,COYHAIQUE,6,1,3,0,0
8365,LICEO SAN FELIPE BENICIO DE COYHAIQUE,COYHAIQUE,3,0,1,1055,110
8366,COLEGIO LYON COLLEGE,COYHAIQUE,3,0,1,240,10
8367,COLEGIO MATER DEI DE COYHAIQUE,COYHAIQUE,3,0,1,1052,10
8368,ESCUELA PARTICULAR SAN JOSE OBRERO,COYHAIQUE,3,0,1,385,10
8369,LICEO BICENTENARIO AGRICOLA E INDUSTRIAL DE LA PATAGONIA,COYHAIQUE,5,0,1,249,510
8370,ESCUELA MUNICIPAL VILLA AMENGUAL,LAGO VERDE,6,1,1,5,110
8371,ESC.CON INTERNADO JOSE MIGUEL CARRERA,LAGO VERDE,6,1,1,27,110
8372,ESCUELA RURAL CON INTERNADO LA TAPERA,LAGO VERDE,6,1,1,22,110
8373,ESCUELA RURAL SOBERANIA RIO CISNES,LAGO VERDE,6,1,1,0,0
8374,ESCUELA DESPERTAR,AYSÉN,6,0,1,68,212
8375,LICEO POLITECNICO DE AYSEN,AYSÉN,6,0,1,382,110
8376,ESCUELA BASICA MUNICIPAL POETISA GABRIELA MISTRAL,AYSÉN,6,0,1,353,10
8377,ESCUELA AYSEN,AYSÉN,6,0,1,170,10
8379,ESCUELA PEDRO AGUIRRE CERDA,AYSÉN,6,1,1,82,10
8380,LICEO MANIHUALES,AYSÉN,6,0,1,355,10
8382,ESCUELA CARLOS CONDELL,AYSÉN,6,1,1,49,10
8384,ESCUELA ALMIRANTE SIMPSON,AYSÉN,6,0,1,147,10
8385,ESCUELA GENERAL LUIS MARCHANT GONZALEZ,AYSÉN,6,1,2,0,0
8386,ESCUELA RURAL LOS TORREONES,AYSÉN,6,1,3,0,0
8388,ESCUELA GUIDO GOMEZ MUNOZ,CISNES,6,0,1,406,10
8389,ESCUELA AMANDA LABARCA HUBERSTONE,CISNES,6,1,1,24,110
8390,ESCUELA HAMBURGO,CISNES,6,1,1,69,10
8391,ESCUELA EUSEBIO IBAR SCHEPELER,CISNES,6,1,1,289,10
8392,LICEO MELINKA,GUAITECAS,6,1,1,276,10
8393,ESCUELA DE REPOLLAL,GUAITECAS,6,1,1,14,110
8394,LICEO BICENTENARIO LUISA RABANAL PALMA,CHILE CHICO,6,1,1,374,110
8397,ESCUELA TULIO BURGOS RIVERA,CHILE CHICO,6,1,1,12,110
8398,ESC. LIBERTADOR BERNARDO O´HIGGINS RIQUELME,CHILE CHICO,6,1,1,60,10
8399,ESCUELA DE PUERTO BERTRAND,CHILE CHICO,6,1,1,8,110
8401,ESCUELA GABRIELA MISTRAL,RÍO IBÁÑEZ,6,1,1,62,10
8403,LICEO BICENTENARIO RURAL CERRO CASTILLO,RÍO IBÁÑEZ,6,1,1,125,10
8404,ESCUELA AONIKENK,RÍO IBÁÑEZ,6,1,1,131,10
8405,ESCUELA RURAL CARRETERA AUSTRAL,RÍO IBÁÑEZ,6,1,1,28,110
8407,ESCUELA MARIA ANTONIETA PARRA MONSALVE,RÍO IBÁÑEZ,6,1,1,7,110
8408,ESC. BASICA HERNAN MERINO CORREA,COCHRANE,6,1,1,401,10
8409,LICEO PIONEROS DEL SUR,O'HIGGINS,6,1,1,123,10
8410,ESCUELA MUNICIPAL CDTE LUIS BRAVO BRAVO,TORTEL,6,1,1,76,10
8411,LICEO BICENTENARIO POLITECNICO LUIS CRUZ MARTINEZ,NATALES,6,0,1,422,410
8412,ESCUELA LIB. BERNARDO O´HIGGINS R.,NATALES,6,0,1,585,10
8413,ESCUELA CORONEL SANTIAGO BUERAS,NATALES,6,0,1,402,10
8415,ESCUELA CAPITAN JUAN LADRILLERO,NATALES,6,0,1,440,10
8416,ESC. DIF. NICOLAS MLADINIC DOBRONIC,NATALES,6,0,1,25,212
8417,ESCUELA BAUDILIA AVENDANO DE YOUSSUF,NATALES,6,0,1,216,10
8419,ESC. PROF. MIGUEL S. MONTECINOS C.,NATALES,6,1,1,12,110
8420,ESC. DE CONCENTRACION FRONTERIZA DOROTEA,NATALES,6,1,1,15,10
8421,LICEO SALESIANO MONSEÑOR FAGNANO,NATALES,3,0,1,1009,10
8422,LICEO BICENTENARIO MARIA MAZZARELLO,NATALES,3,0,1,454,10
8423,ESC.HOGAR MUN.FRONTERIZA RAMON SERRANO M,TORRES DEL PAINE,6,1,1,17,110
8424,INSTITUTO SUPERIOR DE COMERCIO LICEO BICENTENARIO,PUNTA ARENAS,6,0,1,523,110
8425,LICEO POLIVALENTE MARIA BEHETY DE MENENDEZ,PUNTA ARENAS,6,0,1,362,310
8426,COLEGIO ANDINO,PUNTA ARENAS,6,0,1,68,165
8427,LICEO INDUSTRIAL ARMANDO QUEZADA ACHARAN,PUNTA ARENAS,6,0,1,386,510
8429,LICEO LUIS ALBERTO BARRERA,PUNTA ARENAS,6,0,1,597,310
8430,LICEO POLIVALENTE SARA BRAUN,PUNTA ARENAS,6,0,1,299,310
8432,CENTRO DE EDUC.INTEGRAL DE ADULTOS CEIA.,PUNTA ARENAS,6,0,1,177,165
8433,ESCUELA LIBERTADOR CAP GRAL BDO OHIGGINS,PUNTA ARENAS,6,0,1,311,10
8434,ESCUELA ESPANA,PUNTA ARENAS,6,0,1,440,10
8435,ESCUELA DIECIOCHO DE SEPTIEMBRE,PUNTA ARENAS,6,0,1,355,10
8436,ESCUELA PORTUGAL,PUNTA ARENAS,6,0,1,240,10
8437,ESC. CAPITAN ARTURO PRAT CHACON,PUNTA ARENAS,6,0,1,158,10
8438,ESCUELA REPUBLICA DE CROACIA,PUNTA ARENAS,6,0,1,498,10
8439,ESCUELA JUAN WILLIAMS,PUNTA ARENAS,6,0,1,494,10
8440,ESCUELA CAPITAN ARTURO PRAT CHACON,PUNTA ARENAS,6,0,3,0,0
8441,ESCUELA HERNANDO DE MAGALLANES,PUNTA ARENAS,6,0,1,495,10
8442,ESCUELA PEDRO PABLO LEMAITRE,PUNTA ARENAS,6,0,1,835,10
8443,ESCUELA ESPECIAL ROTARIO PAUL HARRIS,PUNTA ARENAS,6,0,1,82,212
8444,ESCUELA PATAGONIA,PUNTA ARENAS,6,0,1,514,10
8446,ESCUELA REPUBLICA DEL PARAGUAY,PUNTA ARENAS,6,0,3,0,0
8447,ESCUELA AGUA FRESCA,PUNTA ARENAS,6,1,3,0,0
8448,ESCUELA PEDRO SARMIENTO DE GAMBOA,PUNTA ARENAS,6,0,1,167,10
8449,ESCUELA ELBA OJEDA GOMEZ,PUNTA ARENAS,6,0,1,239,10
8450,ESCUELA DELLAMIRA REBECA AGUILAR,PUNTA ARENAS,6,0,1,71,10
8452,ESCUELA DE PUERTO HARRIS,PUNTA ARENAS,6,1,1,42,10
8453,ESCUELA ESTANCIA ESMERALDA,PUNTA ARENAS,6,0,3,0,0
8454,INSTITUTO DON BOSCO,PUNTA ARENAS,3,0,1,1096,10
8455,LICEO MARIA AUXILIADORA,PUNTA ARENAS,3,0,1,915,10
8456,ESCUELA TECNICA SAGRADA FAMILIA,PUNTA ARENAS,3,0,3,0,0
8457,INSTITUTO SAGRADA FAMILIA,PUNTA ARENAS,3,0,1,697,10
8458,ESCUELA PARTICULAR LA MILAGROSA,PUNTA ARENAS,3,0,1,1247,10
8460,LICEO SALESIANO SAN JOSE,PUNTA ARENAS,4,0,3,0,0
8463,THE BRITISH SCHOOL,PUNTA ARENAS,4,0,1,779,10
8464,COLEGIO ALEMAN,PUNTA ARENAS,4,0,1,728,10
8467,BERNARDO DE BRUYNE,RÍO VERDE,6,1,1,6,10
8468,ESCUELA DIEGO PORTALES,LAGUNA BLANCA,6,1,1,25,10
8470,ESCUELA PUNTA DELGADA,SAN GREGORIO,6,1,1,28,10
8473,ESCUELA POSESION,SAN GREGORIO,6,1,3,0,0
8474,LICEO BICENTENARIO HERNANDO DE MAGALLANES,PORVENIR,6,0,1,416,310
8475,ESCUELA LIBERTADOR BDO. O´HIGGINS R.,PORVENIR,6,0,1,523,10
8478,ESC. PARTICULAR MARIA AUXILIADORA,PORVENIR,3,0,3,0,0
8479,ESCUELA CERRO SOMBRERO,PRIMAVERA,6,1,1,58,10
8480,ESCUELA CULLEN,PRIMAVERA,6,0,3,0,0
8482,ESCUELA IGNACIO CARRERA PINTO,TIMAUKEL,6,1,1,21,10
8483,LICEO BICENTENARIO DONALD MC-INTYRE GRIFFITHS,CABO DE HORNOS,6,0,1,415,10
8484,ESCUELA PUERTO TORO,CABO DE HORNOS,6,1,1,4,110
8485,LICEO INSTITUTO NACIONAL,SANTIAGO,2,0,1,3155,110
8486,ESCUELA VILLA LAS ESTRELLAS,ANTÁRTICA,2,0,1,0,0
8487,LICEO JAVIERA CARRERA,SANTIAGO,2,0,1,2386,110
8488,LICEO N° 4 BICENTENARIO ISAURA DINATOR,SANTIAGO,2,0,1,204,110
8489,LICEO 6 BICENTENARIO TERESA PRATS,SANTIAGO,2,0,1,268,110
8490,LICEO NRO 2 MIGUEL LUIS AMUNATEGUI,SANTIAGO,2,0,1,567,110
8491,LICEO DE APLICACION RECTOR JORGE E SCHNE,SANTIAGO,2,0,1,777,110
8492,LICEO MANUEL BARROS BORGONO,SANTIAGO,2,0,1,496,110
8494,LICEO A-1 VALENTIN LETELIER,RECOLETA,2,0,1,1042,110
8495,LICEO CONFEDERACION SUIZA,SANTIAGO,2,0,1,282,310
8496,LICEO JOSÉ DE SAN MARTIN,SANTIAGO,2,0,1,407,310
8497,LICEO GABRIELA MISTRAL,INDEPENDENCIA,2,0,1,1105,10
8498,LICEO DARIO SALAS,SANTIAGO,2,0,1,1288,110
8499,INTERNADO NACIONAL BARROS ARANA,SANTIAGO,2,0,1,811,110
8500,LICEO INDUSTRIAL ELIODORO GARCIA ZEGERS,SANTIAGO,2,0,1,701,310
8501,LICEO POLITEC. PDTE. GABRIEL GONZALEZ VIDELA,SANTIAGO,2,0,1,566,110
8502,LICEO COMERCIAL LUIS CORREA PRIETO,RECOLETA,5,0,1,638,310
8503,INST.SUP.DE COMERCIO EDUARDO FREI M.,SANTIAGO,2,0,1,1250,110
8504,LICEO TECNICO A N° 27 CLELIA CLAVEL DINAT,SANTIAGO,5,0,1,712,310
8505,LICEO POLIVALENTE A-28 EMILIA TORO DE BAL,SANTIAGO,5,0,1,754,310
8506,INSTITUTO COMERCIAL ELIODORO DOMINGUEZ DOMINGUEZ,SANTIAGO,5,0,1,912,310
8507,LICEO COMERCIAL JOAQUIN VERA MORALES,SANTIAGO,5,0,1,1083,310
8508,LICEO POLIVALENTE JUAN A.RIOS,QUINTA NORMAL,2,0,1,451,310
8510,LICEO PAULA JARAQUEMADA,RECOLETA,2,0,1,375,310
8511,LICEO EXPERIMENTAL ARTISTICO B-65,MAIPÚ,5,0,1,584,110
8513,ESC. BAS. REPUBLICA ORIENTAL DE URUGUAY,SANTIAGO,2,0,1,661,10
8514,LICEO MULTIGENERO DOCTORA ELOISA DIAZ INZUNZA,INDEPENDENCIA,2,0,1,1110,10
8515,ESCUELA BASICA CORNELIA OLIVARES,INDEPENDENCIA,2,0,1,307,10
8518,LICEO ESTACION CENTRAL,ESTACIÓN CENTRAL,2,0,1,660,10
8519,ESCUELA BASICA PEDRO AGUIRRE CERDA,CERRILLOS,2,0,1,335,10
8520,ESCUELA BASICA PROVINCIA DE CHILOE,SANTIAGO,2,0,1,561,10
8521,ESCUELA CARLOS CONDELL DE LA HAZA,ESTACIÓN CENTRAL,2,0,1,988,10
8522,ESCUELA BASICA REPUBLICA DE COLOMBIA,SANTIAGO,2,0,1,676,10
8523,ESCUELA BASICA REPUBLICA DE PANAMA,SANTIAGO,2,0,1,368,10
8524,CENTRO DIAGNOSTICO,SANTIAGO,2,0,3,0,0
8525,CENTRO DIAGNOSTICO,PROVIDENCIA,1,0,3,0,0
8529,ESCUELA DE PARVULOS ANTU-HUILEN,INDEPENDENCIA,2,0,1,332,10
8530,ESCUELA CADETE ARTURO PRAT CHACON,SANTIAGO,2,0,1,843,10
8531,ESCUELA BASICA IRENE FREI DE CID,SANTIAGO,2,0,1,565,10
8532,ESCUELA BASICA LIBERTADORES DE CHILE,SANTIAGO,2,0,1,375,10
8533,ESCUELA BASICA BENJAMIN VICUNA MACKENNA,SANTIAGO,2,0,1,608,10
8535,LICEO REPUBLICA DE BRASIL,SANTIAGO,2,0,1,487,10
8536,ESCUELA REPUBLICA DE ISRAEL,SANTIAGO,2,0,1,583,10
8537,ESCUELA ARNALDO FALABELLA,ESTACIÓN CENTRAL,2,0,1,700,10
8540,ESCUELA BASICA REPUBLICA DE HAITI,SANTIAGO,2,0,1,252,10
8541,LICEO DE ADULTOS HERBERT VARGAS WALLIS,SANTIAGO,2,0,1,776,165
8542,LICEO SAN FRANCISCO DE QUITO,INDEPENDENCIA,2,0,1,1020,10
8544,ESCUELA BÁSICA ARTURO ALESSANDRI PALMA,ESTACIÓN CENTRAL,2,0,1,891,10
8546,ESC.BAS.BILINGUE REPUBLICA DEL PARAGUAY,RECOLETA,2,0,1,1292,10
8547,ESCUELA NUEVA ZELANDIA,INDEPENDENCIA,2,0,1,374,10
8548,ESCUELA BASICA DR LUIS CALVO MACKENNA,SANTIAGO,2,0,1,641,10
8549,ESCUELA FERNANDO ALESSANDRI RODRIGUEZ,SANTIAGO,2,0,1,391,10
8550,ESCUELA DIFERENCIAL,SANTIAGO,2,0,3,0,0
8551,ESC. ESP. LENG. CARDENAL RAUL SILVA H.,SANTIAGO,2,0,3,0,0
8552,ESCUELA BAS SALVADOR SANFUENTES REP EEUU,SANTIAGO,2,0,1,947,10
8553,ESCUELA DE ADULTOS  JORGE ALESSANDRI R.,RECOLETA,2,0,1,839,167
8554,LICEO MUNICIPAL METROPOLITANO DE ADULTOS,SANTIAGO,2,0,1,282,165
8555,ESCUELA REPUBLICA EL LIBANO,SANTIAGO,2,0,1,260,110
8556,ESCUELA REPUBLICA DE AUSTRIA,ESTACIÓN CENTRAL,2,0,1,623,10
8558,ESCUELA BÁSICA HUMBERTO VALENZUELA GARCÍA,ESTACIÓN CENTRAL,2,0,1,516,10
8561,ESCUELA REPUBLICA DE ALEMANIA,SANTIAGO,2,0,1,339,10
8562,CIUDAD SANTIAGO DE CHILE,SANTIAGO,2,0,1,306,10
8563,ESCUELA BASICA REPUBLICA DE MEXICO,SANTIAGO,2,0,1,638,10
8564,ESCUELA BASICA REINO DE NORUEGA,QUINTA NORMAL,2,0,1,518,10
8565,ESCUELA BASICA DR JUAN VERDAGUER PLANAS,RECOLETA,2,0,3,0,0
8567,ESC. DIFERENCIAL EDMUNDO DE AMICIS,SANTIAGO,2,0,3,0,0
8568,ESCUELA DIFERENCIAL SANTA LAURA,QUINTA NORMAL,2,0,3,0,0
8569,ESCUELA BASICA REPUBLICA DEL ECUADOR,SANTIAGO,2,0,1,547,10
8571,LICEO DR HUMBERTO MATURANA ROMESIN,SANTIAGO,2,0,1,14,165
8572,ESCUELA BASICA CAMILO MORI,INDEPENDENCIA,2,0,1,301,10
8573,ESCUELA BASICA CD.ARTURO MERINO BENITEZ,INDEPENDENCIA,2,0,2,0,0
8575,ESCUELA BASICA REINA VICTORIA,SANTIAGO,2,0,3,0,0
8576,ESCUELA BASICA REYES CATOLICOS,SANTIAGO,2,0,1,259,10
8577,ESCUELA,ESTACIÓN CENTRAL,2,0,3,0,0
8579,ESCUELA BASICA UNION LATINOAMERICANA,ESTACIÓN CENTRAL,2,0,1,349,10
8581,ESCUELA BÁSICA F Nº 64,SANTIAGO,2,0,1,297,10
8583,ESC.DIFERENCIAL REPUBLICA DE SUDAFRICA,SANTIAGO,2,0,3,0,0
8584,ESCUELA DIFERENCIAL F-82,INDEPENDENCIA,2,0,3,0,0
8585,ESC. CENTRO DE CAPACITACION LABORAL SANTIAGO,SANTIAGO,2,0,1,71,212
8586,ESCUELA DIFERENCIAL JUAN SANDOVAL C,SANTIAGO,2,0,1,250,212
8587,LICEO DE ADULTOS MUNICIPALIZADO LUIS GOMEZ CATALAN,ESTACIÓN CENTRAL,2,0,1,528,165
8589,LICEO MIGUEL RAFAEL PRADO,INDEPENDENCIA,3,0,1,1855,10
8590,INSTITUTO COMERCIAL PITAGORAS,INDEPENDENCIA,3,0,3,0,0
8592,LICEO JOSE MIGUEL INFANTE,SANTIAGO,3,0,1,959,110
8593,LICEO COMERCIAL ARTURO PRAT,SANTIAGO,3,0,3,0,0
8598,COLEGIO ALTO PALENA,SANTIAGO,3,0,1,406,310
8601,COLEGIO WUNMAN,SANTIAGO,3,0,1,111,310
8603,CENTRO EDUCATIVO SALESIANOS ALAMEDA,SANTIAGO,3,0,1,1757,110
8604,COLEGIO SANTA CRUZ,SANTIAGO,3,0,1,976,10
8609,COLEGIO SAN IGNACIO,SANTIAGO,4,0,1,1484,10
8611,COLEGIO NUESTRA SENORA DE ANDACOLLO,SANTIAGO,3,0,1,1131,10
8612,LICEO IGNACIO CARRERA PINTO,INDEPENDENCIA,3,0,3,0,0
8613,COLEGIO FRANCISCANO MARIA REINA,ESTACIÓN CENTRAL,3,0,1,448,110
8614,COLEGIO MARIA TERESA CANCINO AGUILAR,RECOLETA,3,0,1,1079,10
8615,ESCUELA COLEGIO POLIVALENTE STA FAMILIA,SANTIAGO,3,0,3,0,0
8616,COLEGIO POLIVALENTE PLUS ULTRA,INDEPENDENCIA,3,0,1,1023,110
8617,LICEO POLIT. SARA BLINDER DARGOLTZ,SANTIAGO,3,0,1,750,410
8618,INSTITUTO DE ENS.MEDIA CLAUDIO MATTE,SANTIAGO,3,0,3,0,0
8620,COLEGIO SAN SEBASTIAN,SANTIAGO,3,0,1,443,10
8621,ESCUELA TECNICA L.BDO.O´HIGGINS-DIURNA,INDEPENDENCIA,3,0,1,0,0
8623,ESC. BAS. PART. TERESIANA DE SAN GABRIEL,INDEPENDENCIA,3,0,1,330,110
8625,CENTRO EDUC. CASA TALLERES SAN VICENTE DE PAU,SANTIAGO,3,0,1,968,110
8626,TECNICO AVENIDA RECOLETA,RECOLETA,3,0,3,0,0
8627,COLEGIO SANTA MARIA DE SANTIAGO,SANTIAGO,3,0,1,1975,10
8629,COLEGIO POLITÉCNICO SANTA ANA,QUINTA NORMAL,3,0,1,1048,10
8630,LICEO FRANCES,SANTIAGO,3,0,2,0,0
8631,COLEGIO ECHAURREN,ESTACIÓN CENTRAL,3,0,1,748,10
8632,LICEO POLIVALENTE SANTA JULIANA,RECOLETA,3,0,1,1560,10
8634,LICEO RUIZ TAGLE,ESTACIÓN CENTRAL,3,0,1,999,10
8635,COMERCIAL AVDA.RECOLETA,RECOLETA,3,0,3,0,0
8636,LICEO LEONARDO MURIALDO,RECOLETA,3,0,1,1609,110
8639,LICEO Y COLEGIO NUEVO HISPANO CHILENO,SANTIAGO,3,0,1,445,110
8642,LICEO MANUEL BULNES DE SANTIAGO,SANTIAGO,3,0,3,0,0
8643,INSTITUTO COMERCIAL BLAS CANAS,SANTIAGO,3,0,1,841,110
8644,COLEGIO INDUSTRIAL VASCO NUNEZ DE BALBOA,SANTIAGO,3,0,1,275,310
8645,LICEO JOSE DOMINGO CANAS,QUILICURA,3,0,1,1864,10
8646,COLEGIO POLIV. MANUEL BAQUEDANO,SANTIAGO,3,0,3,0,0
8647,LICEO AVENIDA INDEPENDENCIA DIURNO,INDEPENDENCIA,3,0,3,0,0
8648,LICEO METROPOLITANO,ESTACIÓN CENTRAL,3,0,2,0,0
8649,COLEGIO LORENZO SAZIE,SANTIAGO,3,0,1,552,10
8650,COLEGIO SAN BENILDO,RECOLETA,3,0,1,351,310
8652,COLEGIO SAN ANTONIO,SANTIAGO,3,0,1,995,10
8653,INSTITUTO COMERCIAL PART.ARTURO PRAT,SANTIAGO,3,0,3,0,0
8654,COLEGIO POLITECNICO AVDA. INDEPENDENCIA,INDEPENDENCIA,3,0,1,408,310
8656,INST.COMERCIAL L.BERNARDO O`HIGGINS,INDEPENDENCIA,3,0,3,0,0
8657,COLEGIO SAN ALBERTO,ESTACIÓN CENTRAL,3,0,1,961,10
8658,COLEGIO FRANCISCO ARRIARAN,SANTIAGO,3,0,1,1117,10
8659,ESCUELA PARTICULAR FRANCISCO ANDRES OLEA,SANTIAGO,3,0,1,691,10
8660,LICEO POLIVALENTE ITALIA,SANTIAGO,3,0,3,0,0
8661,ESCUELA PARTICULAR GUILLERMO MATTA,SANTIAGO,3,0,1,857,10
8663,INSTITUTO HERMANOS MATTE,SANTIAGO,3,0,1,1386,10
8665,ESCUELA BASICA N°43 PATRONATO SAN ANTONIO,SANTIAGO,3,0,1,368,10
8666,COLEGIO SANTA ISABEL,SANTIAGO,3,0,1,543,10
8667,ESCUELA BASICA BERNARDO O'HIGGINS,SANTIAGO,3,0,3,0,0
8670,ESCUELA PARTICULAR NTRA.SRA.DE LOURDES,QUINTA NORMAL,3,0,2,0,0
8671,COLEGIO BICENTENARIO VICTORIA PRIETO,SANTIAGO,3,0,1,537,10
8673,COLEGIO FILIPENSE,SANTIAGO,3,0,3,0,0
8674,ESCUELA PARTICULAR SAN LAZARO,SANTIAGO,3,0,1,421,10
8675,COLEGIO SANTA TERESITA DEL NINO JESUS,SANTIAGO,3,0,1,982,10
8676,ESCUELA MANUEL JOSE IRARRAZAVAL,SANTIAGO,3,0,1,1088,10
8677,ESCUELA BASICA TERESIANAS DE SAN JOSE,SAN BERNARDO,3,0,3,0,0
8678,ESC.SILVIA SALAS EDWARDS,ESTACIÓN CENTRAL,3,0,1,341,10
8680,COLEGIO ADVENTISTA PORVENIR,SANTIAGO,3,0,1,623,10
8681,COLEGIO ANGLO MAIPU,MAIPÚ,3,0,1,1278,10
8682,COLEGIO RAFAEL SANHUEZA LIZARDI,RECOLETA,3,0,1,1233,10
8684,COLEGIO JEAN JACQUES,INDEPENDENCIA,3,0,1,330,10
8685,ESCUELA BASICA PARTICULAR CLUB HIPICO,EL BOSQUE,3,0,1,769,10
8689,ESCUELA PARTICULAR MARIA GORETTI,ESTACIÓN CENTRAL,3,0,3,0,0
8690,ESCUELA PARTICULAR AMOR DE DIOS,CERRILLOS,3,0,1,599,10
8693,ESCUELA PARTICULAR SANTA JULIANA,RECOLETA,3,0,3,0,0
8695,ESCUELA PARTICULAR INSTITUTO SALFORD,INDEPENDENCIA,3,0,3,0,0
8697,COLEGIO ORATORIO DON BOSCO,SANTIAGO,3,0,1,1137,10
8699,ESCUELA PARTICULAR EL PEQUENO ESTUDIANTE,RECOLETA,3,0,1,354,110
8700,ESCUELA INSTITUTO CAMILO HENRIQUEZ,RECOLETA,3,0,3,0,0
8703,ESCUELA BASICA N°728 MARYLAND COLLEGE,INDEPENDENCIA,3,0,1,773,10
8706,ESCUELA SAN BENILDO,RECOLETA,3,0,1,299,110
8707,ESC.BASICA PART.BRITANIA CENTRO,SANTIAGO,3,0,2,0,0
8709,ESCUELA PARTICULAR JUAN PABLO I,INDEPENDENCIA,3,0,3,0,0
8712,ESCUELA BASICA N°1319 DAVID MATARASSO 2,SANTIAGO,4,0,1,0,0
8714,ESCUELA PARTICULAR RAMON FREIRE,RECOLETA,3,0,1,617,10
8715,COLEGIO SAO PAULO,ESTACIÓN CENTRAL,3,0,1,416,10
8716,ESCUELA BASICA ARTURO PRAT,SANTIAGO,3,0,3,0,0
8717,ESCUELA PARTICULAR SAINT HENRY SCHOOL,SANTIAGO,3,0,1,261,10
8718,ESCUELA PARTICULAR DANES,LA FLORIDA,3,0,1,221,10
8720,ESCUELA PARTICULAR ESPECIAL ALOA,CONCHALÍ,3,0,1,289,212
8721,ESCUELA PARTICULAR ESPECIAL CEDIN,SANTIAGO,3,0,1,242,212
8724,COLEGIO SAINT JOSEPH C. THOMAS SCHOOL,LA FLORIDA,3,0,1,378,10
8725,ESCUELA PARTICULAR ESPECIAL STA.JULIANA,RECOLETA,3,0,1,82,212
8726,ESCUELA PARTICULAR THOMAS JEFFERSON,INDEPENDENCIA,3,0,1,503,10
8728,COLEGIO GEORGE WASHINGTON,INDEPENDENCIA,3,0,1,781,10
8734,ESCUELA  DE PARVULOS SAN ESTEBAN,ESTACIÓN CENTRAL,4,0,3,0,0
8739,ESCUELA PARTICULAR DIVINA MARIA,SANTIAGO,3,0,1,565,10
8740,COLEGIO MARIA LUISA VILLALON,SANTIAGO,3,0,1,990,10
8748,COLEGIO INSTITUTO ALONSO DE ERCILLA,SANTIAGO,4,0,1,1883,10
8749,LICEO DE ADULTOS FONTANAR (ANEXO),PROVIDENCIA,4,0,3,0,0
8750,COLEGIO ACADEMIA DE HUMANIDADES,RECOLETA,4,0,1,1423,10
8751,COLEGIO INSTITUTO ZAMBRANO,SANTIAGO,4,0,3,0,0
8754,COLEGIO HISPANO AMERICANO,SANTIAGO,4,0,1,871,10
8755,COLEGIO SAINT ROSE SCHOOL,SANTIAGO,4,0,1,507,10
8756,COLEGIO EXCELSIOR,SANTIAGO,3,0,1,1478,110
8757,COLEGIO DE LOS SAGRADOS CORAZONES ALAMEDA,SANTIAGO,4,0,1,1598,10
8758,LICEO  MARIA AUXILIADORA,SANTIAGO,4,0,3,0,0
8759,COLEGIO SANTA CECILIA,SANTIAGO,4,0,1,133,10
8760,COLEGIO SAINT ROSE SCHOOL,SANTIAGO,4,0,3,0,0
8761,COLEGIO INSTITUTO DE HUMANIDADES LUIS CAMPINO,PROVIDENCIA,4,0,1,1192,10
8762,COLEGIO SANTA ELENA CARMELITAS MISIONERAS TERESIANA,SANTIAGO,4,0,1,402,10
8763,COLEGIO DE ADULTOS CENTRO DE ESTUDIOS LA ARAUCANA,SANTIAGO,4,0,2,0,0
8764,LICEO ALEMAN DE SANTIAGO,RECOLETA,4,0,3,0,0
8765,COLEGIO JUAN BOSCO,SANTIAGO,4,0,3,0,0
8768,LICEO JOSE MIGUEL CARRERA,SANTIAGO,4,0,3,0,0
8769,COLEGIO SANTA MARIA CERVELLON,INDEPENDENCIA,4,0,1,623,10
8771,COLEGIO CAMBRIDGE,SANTIAGO,3,0,3,0,0
8772,ESCUELA BASICA JORGE Y LUCIA,INDEPENDENCIA,3,0,3,0,0
8773,ESCUELA BASICA O HIGGINS,CONCHALÍ,4,0,3,0,0
8775,COLEGIO LUIS ENRIQUE IZQUIERDO,SANTIAGO,4,0,3,0,0
8780,ESCUELA MANUEL MONTT,SANTIAGO,3,0,1,332,10
8781,ESCUELA BASICA PARTICULAR STA BERNARDITA,SANTIAGO,3,0,3,0,0
8782,COLEGIO COEDUCACIONAL GABRIELA MISTRAL,QUINTA NORMAL,4,0,3,0,0
8787,COLEGIO IGNACIO SERRANO,SANTIAGO,3,0,3,0,0
8788,ESCUELA BASICA ENGLISH HIGH SCHOOL,SANTIAGO,4,0,3,0,0
8789,ESCUELA BASICA CONTINENTAL SCHOOL,SANTIAGO,4,0,3,0,0
8791,COLEGIO FILIPENSE,SANTIAGO,3,0,1,1010,10
8792,COLEGIO DIEGO DE ALMAGRO,SANTIAGO,4,0,3,0,0
8793,ESCUELA BASICA N°823 SPENDIX,ÑUÑOA,4,0,1,6,110
8795,ESCUELA BASICA ANTONIO BORQUEZ SOLAR,SANTIAGO,4,0,3,0,0
8797,ESCUELA BASICA ALBERT SCHWEITZER,ESTACIÓN CENTRAL,4,0,3,0,0
8800,ESCUELA PART MARY AND GEORGE S SCHOOL,RECOLETA,3,0,1,322,10
8807,ESCUELA DE PARVULOS PELUSIN,SANTIAGO,4,0,3,0,0
8809,ESCUELA DE PARVULOS N°1146 HEYDDIE,SANTIAGO,4,0,1,26,10
8810,ESCUELA DE PARVULOS ENRIQUE MAC IVER,ESTACIÓN CENTRAL,4,0,3,0,0
8811,LICEO PROFESIONAL ABDON CIFUENTES,SANTIAGO,3,0,1,795,310
8812,LICEO INDUSTRIAL DE LA CONSTRUCCION VICTOR BEZANILLA SALINAS,SANTIAGO,5,0,1,429,310
8813,LICEO BICENTENARIO TÉCNICO PROFESIONAL IGNACIO DOMEYKO,RECOLETA,5,0,1,783,310
8814,LICEO INDUSTRIAL A-22 DE SANTIAGO,SANTIAGO,5,0,1,365,310
8815,COLEGIO SAN FRANCISCO DEL ALBA,LAS CONDES,1,0,1,1021,10
8816,CENTRO APOYO INTEGRAL C.A.I.,LAS CONDES,1,0,3,0,0
8818,LICEO ALEXANDER FLEMING DE LAS CONDES,LAS CONDES,3,0,1,904,10
8819,LICEO RAFAEL SOTOMAYOR,LAS CONDES,3,0,1,878,10
8821,LICEO MUNICIPALIZADO AMANDA LABARCA,VITACURA,2,0,1,1364,10
8822,LICEO JUAN PABLO II DE LAS CONDES,LAS CONDES,1,0,1,940,10
8823,LICEO ESTADOS AMERICANOS,LO BARNECHEA,2,0,3,0,0
8824,ESCUELA BASICA GENERAL DIEGO ARACENA A.,LO BARNECHEA,2,0,3,0,0
8825,COLEGIO ANTARTICA CHILENA,VITACURA,2,0,1,1371,10
8826,ESCUELA GRAL.OSCAR BONILLA BRADANOVIC,LAS CONDES,1,0,3,0,0
8827,COLEGIO NTRA. SRA. DEL ROSARIO LAS CONDES,LAS CONDES,3,0,1,984,10
8828,LICEO BICENTENARIO SIMON BOLIVAR,LAS CONDES,1,0,1,1328,10
8830,ESCUELA EDUCADORA ADELA EDWARDS SALAS,LAS CONDES,1,0,3,0,0
8831,LICEO MUNICIPALIZADO AMANDA LABARCA,VITACURA,2,0,3,0,0
8832,ESC. DE EDUC. DIFERENCIAL PAUL HARRIS,LAS CONDES,1,0,1,150,212
8833,LICEO BICENTENARIO DE EXCELENCIA MARIA LUISA BOMBAL,VITACURA,3,0,1,516,10
8835,LICEO BICENTENARIO SANTA MARIA DE LAS CONDES,LAS CONDES,1,0,1,874,10
8837,ESCUELA DIFERENCIAL F N°254 MADRE TIERRA LO BARNECHEA,LO BARNECHEA,2,0,1,128,212
8839,INSTITUTO FERMIN VIVACETA,LO BARNECHEA,2,0,1,169,165
8840,ESCUELA DE FARELLONES,LO BARNECHEA,2,1,1,95,10
8841,COLEGIO PARROQUIAL SANTA ROSA DE LO BARNECHEA,LO BARNECHEA,3,0,1,1309,10
8842,COLEGIO LA DEHESA,LO BARNECHEA,3,0,3,0,0
8843,ESCUELA PARTICULAR HOGAR ESPANOL,LAS CONDES,3,0,3,0,0
8844,ESC.PART. DE PARVULOS EL CANELO,LAS CONDES,3,0,3,0,0
8845,COLEGIO SAN JUAN DE KRONSTADT,LO BARNECHEA,3,0,1,70,110
8846,COLEGIO INMACULADA CONCEPCION,VITACURA,4,0,1,770,10
8849,COLEGIO LA VIRGEN DE POMPEYA,LAS CONDES,3,0,1,1139,10
8852,COLEGIO SAN PATRICIO,LAS CONDES,4,0,3,0,0
8853,ESCUELA PART.DE PARVULOS LAS CAMELIAS,LAS CONDES,3,0,3,0,0
8854,INSTITUTO PRESIDENTE ERRAZURIZ,LAS CONDES,3,0,1,594,10
8856,COLEGIO LAS CONDES,LAS CONDES,4,0,3,0,0
8859,COLEGIO ADVENTISTA LAS CONDES,LAS CONDES,4,0,3,0,0
8860,COLEGIO ANGLO AMERICAN INTERNATIONAL SCHOOL,LO BARNECHEA,4,0,1,254,110
8861,COLEGIO JOHN ANDREWS ADVENTIST ACADEMY,LA REINA,4,0,1,420,10
8862,COLEGIO TABANCURA,VITACURA,4,0,1,1094,110
8863,COLEGIO SCUOLA ITALIANA VITTORIO MONTIGLIO,LAS CONDES,4,0,1,1224,10
8866,COLEGIO LO CASTILLO,LAS CONDES,4,0,3,0,0
8867,COLEGIO SAN FRANCISCO DE ASIS,LAS CONDES,4,0,1,887,10
8868,COLEGIO LA GIROUETTE,LAS CONDES,4,0,1,562,10
8869,COLEGIO THE NEWLAND SCHOOL,LO BARNECHEA,4,0,1,1084,10
8870,COLEGIO COMPANIA DE MARIA APOQUINDO,LAS CONDES,4,0,1,1223,10
8871,COLEGIO LOS ANDES DE VITACURA,VITACURA,4,0,1,967,10
8872,COLEGIO WENLOCK SCHOOL,LAS CONDES,4,0,1,793,10
8873,COLEGIO VILLA MARIA ACADEMY,LAS CONDES,4,0,1,1641,10
8876,COLEGIO MANANTIALES,PROVIDENCIA,4,0,3,0,0
8877,COLEGIO DE LOS SAGRADOS CORAZONES,VITACURA,4,0,1,1933,10
8878,COLEGIO DEL SAGRADO CORAZON DE APOQUINDO,LAS CONDES,4,0,1,1043,10
8880,COLEGIO NIDO DE AGUILAS,LO BARNECHEA,4,0,1,893,110
8881,COLEGIO APOQUINDO HOMBRES,LO BARNECHEA,4,0,3,0,0
8883,COLEGIO CONCORDIA,LAS CONDES,4,0,1,0,0
8885,COLEGIO REDLAND SCHOOL,LAS CONDES,4,0,1,779,10
8888,COLEGIO DEL VERBO DIVINO,LAS CONDES,4,0,1,1905,10
8889,COLEGIO APOQUINDO FEMENINO,LO BARNECHEA,4,0,3,0,0
8891,COLEGIO THE ANNUNCIATION SCHOOL,VITACURA,4,0,2,0,0
8892,COLEGIO SAN JUAN EVANGELISTA,LAS CONDES,4,0,1,1204,10
8893,COLEGIO INTERNACIONAL SEK CHILE,LAS CONDES,4,0,1,1641,10
8894,COLEGIO LA MAISONNETTE,VITACURA,4,0,1,618,10
8895,COLEGIO DALCAHUE,LAS CONDES,4,0,1,377,110
8899,COLEGIO NUESTRA SENORA DEL PILAR,LAS CONDES,4,0,3,0,0
8900,COLEGIO SEMINARIO PONTIFICIO MENOR,LAS CONDES,4,0,1,814,110
8902,COLEGIO CORDILLERA DE LAS CONDES,LAS CONDES,4,0,1,689,110
8903,COLEGIO LINCOLN INTERNATIONAL ACADEMY,LO BARNECHEA,4,0,1,673,10
8904,COLEGIO SANTA URSULA,VITACURA,4,0,1,742,10
8905,COLEGIO EL CARMEN TERESIANO I,VITACURA,4,0,1,185,10
8906,COLEGIO SAINT GEORGE S COLLEGE,VITACURA,4,0,1,2575,10
8908,ESCUELA BASICA LAS CARMELITAS DE LAS CONDES,LAS CONDES,4,0,3,0,0
8909,COLEGIO BRADFORD SCHOOL,VITACURA,4,0,1,1151,10
8911,COLEGIO ARABE,LAS CONDES,4,0,1,398,10
8912,ESCUELA DE PARVULOS N°1138 MY MELODY KINDERGARTEN SCHOOL,LAS CONDES,4,0,1,0,0
8913,COLEGIO EL DORADO,VITACURA,4,0,3,0,0
8914,COLEGIO WILLIAM KILPATRICK,LAS CONDES,4,0,1,239,110
8916,ESCUELA DE PARVULOS SIMON BOLIVAR,LAS CONDES,4,0,3,0,0
8917,COLEGIO CRAIGHOUSE,LO BARNECHEA,4,0,1,1873,10
8919,COLEGIO SAN PEDRO NOLASCO,VITACURA,4,0,1,988,10
8921,COLEGIO BRITISH HIGH,LAS CONDES,4,0,1,442,10
8922,COLEGIO EL CANELO,LAS CONDES,4,0,3,0,0
8923,LYCÉE ANTOINE DE SAINT-EXUPÉRY,VITACURA,4,0,1,138,10
8924,ESCUELA DE PARVULOS ANTARTICA CHILENA,VITACURA,4,0,3,0,0
8925,LICEO POLIVALENTE ARTURO ALESSANDRI P.,PROVIDENCIA,1,0,1,929,110
8926,LICEO Nº7 DE PROVIDENCIA LUISA SAAVEDRA,PROVIDENCIA,1,0,1,1185,110
8927,LICEO CARMELA CARVAJAL DE PRAT,PROVIDENCIA,1,0,1,1486,110
8928,LICEO JOSE VICTORINO LASTARRIA,PROVIDENCIA,1,0,1,2317,10
8930,LICEO B 42 TAJAMAR,PROVIDENCIA,1,0,1,850,310
8931,ESCUELA BASICA EL VERGEL,PROVIDENCIA,1,0,1,335,110
8933,ESCUELA DE PROVIDENCIA,PROVIDENCIA,1,0,1,1008,10
8934,ESCUELA ABELARDO ITURRIAGA JAMETT,PROVIDENCIA,1,0,1,111,214
8935,C.DIAGNOST.Y TRAT.INTEGRAL,PROVIDENCIA,1,0,3,0,0
8936,ESCUELA BASICA Y ESPECIAL MC-KAY,CURACAVÍ,3,0,1,200,110
8938,COLEGIO POLIV. PROF. GUILLERMO GONZALEZ HEIN,PROVIDENCIA,3,0,1,447,110
8941,COLEGIO SANTISIMA TRINIDAD,PROVIDENCIA,4,0,3,0,0
8942,ESCUELA PARTICULAR TERESIANA DE SAN JOSE,SAN BERNARDO,3,0,1,909,10
8943,ESCUELA PARTICULAR ELVIRA ERRAZURIZ,ÑUÑOA,3,0,3,0,0
8944,COLEGIO PARTICULAR REGINA PACIS,PROVIDENCIA,3,0,1,829,10
8945,ESCUELA Y LICEO PAULINA VON MALLINCKRODT,PROVIDENCIA,3,0,1,383,110
8949,COLEGIO LAS AMERICAS,LA REINA,4,0,3,0,0
8950,COLEGIO COMPANIA DE MARIA-SEMINARIO,PROVIDENCIA,4,0,1,685,10
8951,COLEGIO ARGENTINO DEL SAGRADO CORAZON,PROVIDENCIA,4,0,3,0,0
8952,COLEGIO PEDRO DE VALDIVIA,PROVIDENCIA,4,0,3,0,0
8953,COLEGIO HUELEN,VITACURA,4,0,1,679,10
8954,COLEGIO MARIA INMACULADA,PROVIDENCIA,3,0,1,972,10
8955,COLEGIO SAINT GABRIEL´S SCHOOL ANEXO,PROVIDENCIA,4,0,3,0,0
8956,COLEGIO LATINOAMERICANO DE INTEGRACION,PROVIDENCIA,4,0,1,234,10
8957,ESCUELA BASICA N°280 ASOCIACION MONTESSORI,ÑUÑOA,4,0,3,0,0
8958,COLEGIO QUEEN VICTORY COLLEGE,PROVIDENCIA,4,0,3,0,0
8959,COLEGIO SUPERIOR CAMBRIDGE,LA REINA,4,0,1,233,10
8962,ESCUELA ESPECIAL LEOPOLDO DONNENBAUM,PROVIDENCIA,4,0,3,0,0
8964,COLEGIO CARMEN MC PHEE,PROVIDENCIA,4,0,3,0,0
8965,COLEGIO CARLOMAGNO,PROVIDENCIA,3,0,3,0,0
8966,COLEGIO SAINT GABRIEL´S SCHOOL LOCAL SEDE,PROVIDENCIA,4,0,1,1705,10
8967,ESCUELA DE PARVULOS N°1198 HOUSE GARDEN,PROVIDENCIA,4,0,1,0,0
8969,COLEGIO THE ANGEL´S SCHOOL,ÑUÑOA,4,0,1,690,10
8970,COLEGIO SAINT GABRIEL´S SCHOOL ANEXO,PROVIDENCIA,4,0,3,0,0
8971,CENTRO EDUCACIONAL OMEGA,PROVIDENCIA,4,0,3,0,0
8972,COLEGIO SAN BENITO,VITACURA,4,0,1,1506,10
8974,COLEGIO CAMPVS COLLEGE,PROVIDENCIA,4,0,1,491,10
8978,COLEGIO DUNALASTAIR,LAS CONDES,4,0,1,1334,110
8979,COLEGIO ALEMAN DE SANTIAGO,LAS CONDES,4,0,1,1184,10
8981,COLEGIO DE LOS SAGRADOS CORAZONES PROVIDENCIA,PROVIDENCIA,4,0,1,714,10
8982,COLEGIO EL PATROCINIO DE SAN JOSE,PROVIDENCIA,4,0,3,0,0
8983,COLEGIO JOHN JOHN,PROVIDENCIA,4,0,3,0,0
8984,COLEGIO TREWHELA´S ENGLISH SCHOOL,PROVIDENCIA,4,0,1,1080,10
8986,COLEGIO SAINT GABRIEL´S SCHOOL ANEXO,PROVIDENCIA,4,0,3,0,0
8987,ESCUELA DE PARVULOS N°730 JARDIN INFANTIL MAMPATO,PROVIDENCIA,4,0,3,0,0
8988,COLEGIO MARIANO,PROVIDENCIA,4,0,1,725,10
8989,COLEGIO GRANVILLE`S COLLEGE,PROVIDENCIA,4,0,3,0,0
8991,COLEGIO PADRE HURTADO Y JUANITA DE LOS ANDES,LAS CONDES,4,0,1,1632,10
8992,COLEGIO ALEMAN SANKT THOMAS MORUS,PROVIDENCIA,4,0,1,1018,10
8993,COLEGIO PASTEUR,PROVIDENCIA,4,0,3,0,0
8995,COLEGIO SANTIAGO COLLEGE,LO BARNECHEA,4,0,1,2047,10
8996,COLEGIO SAN IGNACIO EL BOSQUE,PROVIDENCIA,4,0,1,1934,10
8997,WEXFORD COLLEGE N 2,PROVIDENCIA,3,0,1,199,110
8998,COLEGIO CAMBRIDGE COLLEGE,PROVIDENCIA,4,0,1,483,10
9001,ESCUELA ESPECIAL INSTITUTO BERTOLO,PROVIDENCIA,4,0,3,0,0
9003,COLEGIO THE ENGLISH INSTITUTE,PROVIDENCIA,4,0,1,1606,10
9004,COLEGIO UNIVERSITARIO INGLES,PROVIDENCIA,4,0,1,0,0
9005,COLEGIO ANDALICAN,PROVIDENCIA,4,0,3,0,0
9006,COMPLEJO EDUCACIONAL LA REINA,LA REINA,1,0,1,775,10
9007,LICEO EUGENIO MARÍA DE HOSTOS,LA REINA,1,0,1,574,10
9008,COLEGIO MUNICIPALIZADO CONFEDERAC SUIZA,LA REINA,1,0,1,639,10
9010,ESCUELA D-231 ESPECIAL DE DESARROLLO,LA REINA,1,0,1,149,212
9011,COLEGIO SAN CONSTANTINO,LA REINA,1,0,1,329,10
9012,ESCUELA BASICA YANGTSE EX E-229,LA REINA,1,0,1,475,10
9013,ESCUELA PALESTINA,LA REINA,1,0,1,530,10
9017,ESCUELA PARTICULAR SAN LEONARDO MURIALDO,LA REINA,3,0,1,387,10
9020,COLEGIO SANTA CATALINA LABOURÉ,LA REINA,3,0,1,1017,10
9022,ESCUELA BASICA NAZARETH,LA REINA,3,0,3,0,0
9023,COMPLEJO EDUCACIONAL AMSTERDAM,LA REINA,3,0,3,0,0
9025,ESCUELA HERMANAS DEL NINO JESUS,LA REINA,3,0,1,171,110
9026,ESCUELA ESPECIAL CTI.LOS COPIHUES   N.3,SAN JOAQUÍN,3,0,1,81,212
9027,LICEO CATALINA LABOURE,LA REINA,3,0,3,0,0
9029,COLEGIO PARTICULAR INFANTES DE LA REINA,LA REINA,3,0,3,0,0
9032,ESCUELA PARTICULAR ANTINIL,LA REINA,3,0,1,141,10
9033,COLEGIO STA MARIA REINA,LA REINA,3,0,1,795,10
9035,COLEGIO EL CARMEN TERESIANO,LA REINA,4,0,1,220,10
9036,COLEGIO JOSÉ ARRIETA,LA REINA,3,0,1,949,10
9038,COLEGIO SAN LUIS DE LAS CONDES,LAS CONDES,4,0,1,63,110
9039,COLEGIO RUBEN DARIO,LA REINA,4,0,1,329,10
9041,ESCUELA BASICA SANTA LAURA,LA REINA,4,0,3,0,0
9042,COLEGIO DE LA SALLE,LA REINA,4,0,1,904,110
9043,ESCUELA DE PARVULOS N°750 CHISPITAS,LA REINA,4,0,1,0,0
9046,COLEGIO THE GRANGE SCHOOL,LA REINA,4,0,1,2121,10
9049,ESCUELA BASICA PART. PAULA JAVIERA,LA REINA,3,0,3,0,0
9050,COLEGIO REPTON SCHOOL,LA REINA,4,0,3,0,0
9051,COLEGIO ANDREE ENGLISH SCHOOL,LA REINA,4,0,1,1779,10
9052,ESCUELA DE PARVULOS LOS TROMPITOS,LA REINA,4,0,1,0,0
9053,COLEGIO TERESIANO ENRIQUE DE OSSO,LA REINA,4,0,1,1089,10
9054,COLEGIO SAINT JOHN´S VILLA ACADEMY,LA REINA,4,0,1,738,10
9056,ESCUELA BASICA N° 733 PEQUENO MOZART,LA REINA,4,0,1,15,10
9057,ESCUELA BASICA FARMHOUSE SCHOOL,LA REINA,4,0,3,0,0
9058,INSTITUTO SUPERIOR DE COMERCIO DIEGO PORT,ÑUÑOA,5,0,1,848,310
9060,LICEO POLITECNICO PEDRO DE VALDIVIA,ÑUÑOA,5,0,1,590,110
9061,LICEO POLITECNICO A N° 60 PRESIDENTE MANUEL MONTT,ÑUÑOA,5,0,1,362,310
9063,LICEO INDUSTRIAL BICENTENARIO CHILENO ALEMAN,ÑUÑOA,5,0,1,993,510
9064,LICEO TECNICO B NÕ 58 JOSE MARIA NARBONA,ÑUÑOA,5,0,1,595,310
9065,LICEO COMERCIAL GABRIEL GONZALEZ VIDELA,ÑUÑOA,5,0,1,585,310
9066,CENTRO DE DIAG.Y TRATAMIENTO,ÑUÑOA,1,0,3,0,0
9067,EDUC. DIFERENCIAL EXEQUIEL GONZALEZ C. .,ÑUÑOA,1,0,3,0,0
9069,LICEO POLIVALENTE MERCEDES MARIN DEL SOLAR,MACUL,3,0,1,291,10
9070,ESCUELA BENJAMIN CLARO VELASCO,ÑUÑOA,1,0,1,589,10
9071,LICEO AUGUSTO D HALMAR,ÑUÑOA,1,0,1,954,110
9072,LICEO VILLA MACUL ACADEMIA EX LICEO JUANA DE IBARBOUROU A 48,MACUL,6,0,1,485,110
9073,LICEO BICENTENARIO CARMELA SILVA DONOSO,ÑUÑOA,1,0,1,1467,10
9074,LICEO JOSE TORIBIO MEDINA,ÑUÑOA,1,0,1,1069,110
9075,LICEO BICENTENARIO JOAQUIN EDWARDS BELLO,MACUL,6,0,1,144,410
9077,COMPLEJO EDUC.MUN. BRIGIDA  WALKER.,ÑUÑOA,1,0,1,770,110
9078,LICEO LENKA FRANULIC,ÑUÑOA,1,0,1,892,10
9082,COL TEC PROFESIONAL REPUBLICA ARGENTINA,ÑUÑOA,1,0,1,661,310
9083,ESCUELA DIFERENCIAL MUNICIPAL AMAPOLAS,ÑUÑOA,1,0,1,136,215
9084,ESC.PRESIDENTE EDUARDO FREI MONTALVA,ÑUÑOA,1,0,1,784,10
9085,ESCUELA JOSE BERNARDO SUAREZ,MACUL,6,0,1,499,10
9086,ESCUELA AURORA DE CHILE,ÑUÑOA,1,0,1,146,212
9087,CENTRO EDUC. VALLE HERMOSO,PEÑALOLÉN,1,0,1,766,10
9088,LICEO ANTONIO HERMIDA FABRES,PEÑALOLÉN,1,0,1,1241,10
9089,ESCUELA BÁSICA JOSÉ TORIBIO MEDINA,ÑUÑOA,1,0,1,623,10
9090,ESCUELA BAS. CENTRO EDUCACIONAL MILLANTU,MACUL,6,0,1,252,10
9091,ESCUELA REPUBLICA DE FRANCIA,ÑUÑOA,1,0,1,392,10
9092,ESCUELA BASICA MUNICIPALIZADA DE MACUL,MACUL,6,0,3,0,0
9094,ESCUELA BASICA JOSE PEDRO ALESSANDRI,MACUL,6,0,3,0,0
9095,ESCUELA BASICA EL LIBERTADOR,ÑUÑOA,1,0,3,0,0
9096,ESCUELA BASICA BRIGIDA WALKER ANEXO,ÑUÑOA,1,0,3,0,0
9097,ESCUELA REPUBLICA DE COSTA RICA,ÑUÑOA,1,0,1,609,10
9098,LICEO JUAN BAUTISTA PASTEN,PEÑALOLÉN,1,0,1,466,10
9099,ESCUELA MANUEL GUZMAN MATURANA,PEÑALOLÉN,1,0,3,0,0
9100,LICEO REPUBLICA DE SIRIA,ÑUÑOA,1,0,1,2012,10
9102,ESCUELA GUILLERMO ZANARTU IRIGOYEN,ÑUÑOA,1,0,1,609,10
9103,ESCUELA UNION NACIONAL ARABE,PEÑALOLÉN,1,0,1,514,10
9104,ESCUELA VILLA MACUL,MACUL,6,0,1,600,10
9105,CENTRO EDUCACIONAL EDUARDO DE LA BARRA,PEÑALOLÉN,1,0,1,738,10
9106,CENTRO EDUCACION MARIANO EGANA,PEÑALOLÉN,1,0,1,999,10
9107,CENTRO EDUCACIONAL INTEGRAL DE ADULTOS ERASMO ESCALA ARRIAGADA (CEIA)),PEÑALOLÉN,1,0,1,226,165
9108,ESCUELA JAIME EYZAGUIRRE,MACUL,6,0,3,0,0
9110,ESCUELA CARLOS FERNANDEZ PENA,PEÑALOLÉN,1,0,1,343,10
9111,ESCUELA LUIS  ARRIETA CANAS,PEÑALOLÉN,1,0,1,440,10
9116,LICEO MUNICIPALIZADO MANUEL ROJAS,MACUL,6,0,1,113,10
9117,COLEGIO BICENTENARIO MATILDE HUICI NAVAS,PEÑALOLÉN,1,0,1,627,10
9119,CENTRO EDUCACIONAL VICUNA MACKENNA DE MACUL,MACUL,6,0,3,0,0
9120,ESCUELA ENRIQUE MOLINA GARMENDIA,MACUL,6,0,3,0,0
9121,ESCUELA TOBALABA,PEÑALOLÉN,1,0,1,502,10
9122,ESCUELA JULIO MONTT SALAMANCA,MACUL,6,0,1,537,10
9123,ESCUELA JOSE MIGUEL CARRERA,MACUL,6,0,3,0,0
9124,ESCUELA LUIS GREGORIO OSSA,PEÑALOLÉN,1,0,3,0,0
9125,ESCUELA BASICA,MACUL,6,0,1,617,10
9127,COLEGIO LIKANKURA DE PEÑALOLÉN,PEÑALOLÉN,1,0,1,502,10
9128,ESCUELA DE ED.DIFERENCIAL HELLEN KELLER,ÑUÑOA,1,0,1,85,213
9131,ESCUELA JUAN MOYA MORALES,ÑUÑOA,1,0,1,560,10
9134,ESCUELA BASICA ELEUTERIO RAMIREZ MOLINA,PEÑALOLÉN,1,0,3,0,0
9135,COLEGIO APOSTOL SAN PEDRO,ÑUÑOA,4,0,1,126,110
9137,ESCUELA PARTICULAR ESPECIAL CEINTRALE,ÑUÑOA,3,0,1,104,214
9140,ESCUELA PARTICULAR SANTA VICTORIA,PEÑALOLÉN,3,0,1,746,10
9142,ESCUELA BASICA PARTICULAR LOS HUSARES,MACUL,3,0,1,218,110
9144,ESCUELA BASICA MARTINEZ DE ROZAS,PEÑALOLÉN,3,0,1,525,10
9145,ESCUELA PARTICULAR MANUEL ANTONIO MATTA,ÑUÑOA,3,0,1,163,110
9146,ESCUELA PARTICULAR CARMEN ARRIARAN,ÑUÑOA,3,0,3,0,0
9147,COLEGIO PARTICULAR N 1 DE NUNOA,ÑUÑOA,3,0,1,925,10
9149,CENTRO EDUCACIONAL JULIO VERNE,MACUL,3,0,2,0,0
9150,ESCUELA PARTICULAR REGINA MUNDI,MACUL,3,0,1,986,10
9151,COLEGIO SANTA MARGARITA DE ESCOCIA,ÑUÑOA,3,0,1,276,110
9152,INSTITUTO DE EDUCACION MODERNA,ÑUÑOA,3,0,2,0,0
9153,CENTRO DE CAPACITACIÓN LABORAL PARA DEFICIENTES MENTALES,ÑUÑOA,3,0,1,60,212
9155,ESCUELA PART EL PROGRESO LUZ Y ESPERANZA,PEÑALOLÉN,3,0,2,0,0
9156,ESCUELA BAS. RENACIMIENTO N_ 1,ÑUÑOA,3,0,1,35,110
9158,COLEGIO PARTICULAR SAN FERNANDO,PEÑALOLÉN,3,0,1,1701,10
9159,INST. POLITEC. PROF. GUILLERMO GONZALEZ HEINR,ÑUÑOA,3,0,3,0,0
9161,ESCUELA DE PARVULOS REINA DE LA PAZ,MACUL,3,0,2,0,0
9162,ESCUELA PARTICULAR NUESTRA SRA.DEL PILAR,MACUL,3,0,1,661,10
9164,LICEO POLITEC.PARTICULAR CARMEN ARRIARAN,PEÑALOLÉN,3,0,1,578,110
9165,ESCUELA BAS. N_ 850 SANTA SOFIA,PEÑALOLÉN,3,0,1,297,10
9166,COLEGIO MAGNOLIAS,ÑUÑOA,3,0,3,0,0
9168,COLEGIO LIBERTADOR SIMON BOLIVAR,MACUL,3,0,1,983,10
9169,ESCUELA BASICA SAN SEBASTIAN ROMANO,ÑUÑOA,3,0,3,0,0
9171,ESCUELA SAN JOSE OBRERO,PEÑALOLÉN,3,0,1,265,10
9172,COLEGIO POLIV. ROCKET COLLEGE,MACUL,3,0,1,490,10
9173,COLEGIO PADRE HURTADO DE MACUL,MACUL,3,0,2,0,0
9175,ESCUELA BASICA COLEGIO SANTA MARTA DE PENALOL,PEÑALOLÉN,3,0,1,190,10
9177,LICEO COMERCIAL PARTICULAR ÑUÑOA,ÑUÑOA,3,0,1,0,0
9179,COLEGIO SANTA MARTA,ÑUÑOA,3,0,1,684,10
9180,ESCUELA PARTICULAR LUMEN VIAE,PEÑALOLÉN,3,0,3,0,0
9181,COLEGIO JESUALDO,ÑUÑOA,4,0,3,0,0
9182,COLEGIO POLIVALENTE YORK,PEÑALOLÉN,3,0,1,702,10
9183,ESC.PARA SORDOS DR. OTTE GABLER,SAN JOAQUÍN,3,0,1,105,211
9184,COLEGIO PRECIOSA SANGRE,ÑUÑOA,3,0,1,545,10
9185,LICEO SALESIANO CAMILO ORTUZAR MONTT,MACUL,3,0,1,1537,10
9187,ESC. PART. MARTA BRUNET,MACUL,3,0,1,182,110
9189,TALLER DIFER.DOCTOR ALFONSO ASENJO G.,ÑUÑOA,3,0,3,15,212
9190,ESCUELA PARTICULAR COLEGIO CEDI,MACUL,4,0,1,98,10
9194,CENTRO EDUC PROFES GMO GONZALEZ HEINRICH,ÑUÑOA,3,0,1,565,110
9197,ESCUELA PARTICULAR WELCOME SCHOOL,PEÑALOLÉN,3,0,1,665,10
9198,ESCUELA PARTICULAR ELIZABETH PEABODY,MACUL,3,0,3,0,0
9200,COLEGIO PARTICULAR JORGE PRIETO LETELIER,PEÑALOLÉN,3,0,1,702,10
9201,ESCUELA PARTICULAR SANTIAGO DE CHILE,PEÑALOLÉN,3,0,1,201,10
9204,ESCUELA PARTICULAR ESPECIAL PENALOLEN,PEÑALOLÉN,3,0,3,0,0
9205,ESCUELA PARTICULAR THE NEW SCHOOL,MACUL,3,0,1,366,10
9206,COLEGIO PARTICULAR NUMERO DOS DE NUÑOA,ÑUÑOA,3,0,1,934,10
9208,COMPLEJO EDUCACIONAL ESPERANZA,MACUL,3,0,1,926,10
9209,ESCUELA PARTICULAR SAN JUAN BAUTISTA,ÑUÑOA,3,0,1,623,10
9212,ESCUELA PARTICULAR INST.P.DE VALDIVIA,MACUL,3,0,1,42,212
9213,"COLEGIO, CENTRO EDUC.AMERICO VESPUCIO",PEÑALOLÉN,3,0,1,566,10
9216,COLEGIO SUIZO DE SANTIAGO,ÑUÑOA,4,0,1,548,10
9217,COLEGIO AKROS,ÑUÑOA,4,0,1,899,10
9218,ESCUELA DE PARAVULOS N°1126 CEDI,MACUL,4,0,1,23,10
9221,COLEGIO ALTAMIRA,PEÑALOLÉN,4,0,1,872,10
9222,ESCUELA DE PARVULOS ROCKITO,MACUL,4,0,3,0,0
9223,ESCUELA BASICA SANTA ANA,ÑUÑOA,4,0,3,0,0
9225,ESCUELA DE PARVULOS ANA MARIA,ÑUÑOA,4,0,3,0,0
9226,ESCUELA BASICA CORAZON,MACUL,4,0,3,0,0
9227,COLEGIO DITZEL,ÑUÑOA,4,0,3,0,0
9228,INSTITUTO PABLO NERUDA,ÑUÑOA,4,0,1,138,110
9229,ESCUELA BASICA SAINT FRANCIS COLLEGE,ÑUÑOA,4,0,3,0,0
9230,COLEGIO ISABEL LA CATOLICA,ÑUÑOA,4,0,1,303,10
9231,ESCUELA DE PARVULOS N°1224 RENASCENCE,ÑUÑOA,4,0,1,0,0
9232,ESCUELA BASICA DIVINA PROVIDENCIA,MACUL,4,0,3,0,0
9236,ESCUELA BASICA FRAY LUIS DE GRANADA,ÑUÑOA,4,0,3,0,0
9237,INSTITUTO HEBREO DR CHAIM WEIZMANN-ORT,LO BARNECHEA,4,0,1,1309,10
9239,COLEGIO FRANCISCO DE MIRANDA,PEÑALOLÉN,4,0,1,680,10
9240,ESCUELA ESPECIAL N°649 MIGUEL ARCANGEL,ÑUÑOA,4,0,1,14,212
9242,ESCUELA DE PARVULOS HEINRICH HIGH SCHOOL,ÑUÑOA,4,0,3,0,0
9244,FUNDACIÓN EDUCACIONAL COLEGIO NOTRE DAME,PEÑALOLÉN,4,0,1,645,10
9245,ESCUELA DE PARVULOS PAUCAR,MACUL,4,0,3,0,0
9246,COLEGIO SAN AGUSTIN,ÑUÑOA,4,0,1,1464,10
9249,COLEGIO SAINT GASPAR COLLEGE,ÑUÑOA,4,0,1,795,10
9250,COLEGIO CALASANZ,ÑUÑOA,4,0,1,1442,10
9252,ESCUELA BASICA ROSA JARAQUEMADA WALTON,ÑUÑOA,4,0,3,0,0
9254,COLEGIO DIVINA PASTORA,ÑUÑOA,4,0,3,0,0
9259,COLEGIO MANQUECURA ÑUÑOA,ÑUÑOA,4,0,1,1607,10
9262,ESCUELA DE PARVULOS N°1211 JARDIN INFANTIL MUSICAL DON OSITO,ÑUÑOA,4,0,1,0,0
9263,COLEGIO SANTA GEMA GALGANI,ÑUÑOA,4,0,1,99,110
9265,ESCUELA DE PARVULOS ASERRIN,ÑUÑOA,4,0,3,0,0
9267,LICEO EXPERIMENTAL MANUEL DE SALAS,ÑUÑOA,4,0,1,1502,10
9268,ESCUELA BÁSICA Nº520 FLORENCE NIGHTINGALE,MACUL,4,0,1,201,10
9270,COLEGIO VICTOR DOMINGO SILVA,ÑUÑOA,4,0,1,209,10
9271,COLEGIO THE KENT SCHOOL,PROVIDENCIA,4,0,1,830,10
9273,ESCUELA BASICA CHILENO ALEMAN,ÑUÑOA,4,0,3,0,0
9275,ESCUELA BASICA RAILEN,PROVIDENCIA,4,0,3,0,0
9276,COLEGIO UNIVERSITARIO EL SALVADOR,ÑUÑOA,4,0,1,796,10
9277,COLEGIO SAN MARCOS,MACUL,4,0,1,981,10
9278,COLEGIO INSTITUTO SANTA MARIA,ÑUÑOA,4,0,1,776,10
9280,C.DIAGNOSTICO,PUENTE ALTO,2,0,3,0,0
9281,LICEO BICENTENARIO DE EXCELENCIA BENJAMIN VICUNA MACKENNA,LA FLORIDA,1,0,1,414,310
9282,ESCUELA GUARDIAMARINA ERNESTO RIQUELME,LA FLORIDA,1,0,1,283,10
9283,ESCUELA BELLAVISTA,LA FLORIDA,1,0,1,1518,10
9284,ESCUELA ELSA SANTIBANEZ,LA FLORIDA,1,0,1,510,10
9285,ESCUELA MARCELA PAZ,LA FLORIDA,1,0,1,419,10
9287,ESCUELA REPUBLICA DOMINICANA,LA FLORIDA,1,0,3,0,0
9288,LICEO NUEVO AMANECER,LA FLORIDA,1,0,1,531,10
9289,ESCUELA LAS ARAUCARIAS,LA FLORIDA,1,0,1,302,10
9290,ESCUELA SOTERO DEL RIO,LA FLORIDA,1,0,1,232,10
9291,ESCUELA AREAS VERDES,LA FLORIDA,1,0,3,0,0
9292,COMPLEJO EDUC. MUNICIPAL CARDEN.A.SAMORE,LA FLORIDA,1,0,1,625,110
9293,LICEO POLIVALENTE LOS ALMENDROS,LA FLORIDA,1,0,1,383,10
9294,LICEO ANDRES BELLO,LA FLORIDA,1,0,1,193,10
9295,ESCUELA JOSE ALVO ABVUAF,LA FLORIDA,1,0,3,0,0
9296,ESCUELA LAS LILAS,LA FLORIDA,1,0,1,335,10
9297,ESCUELA CATALUNA,LA FLORIDA,1,0,3,0,0
9298,LICEO INDIRA GANDHI,LA FLORIDA,1,0,1,577,10
9299,ESCUELA SANTA IRENE,LA FLORIDA,1,0,1,499,10
9302,ESCUELA LO CANAS,LA FLORIDA,1,0,1,286,10
9303,ESCUELA VILLAS UNIDAS,LA FLORIDA,1,0,3,0,0
9304,ESCUELA LOS CEREZOS,LA FLORIDA,1,0,1,241,10
9306,ESCUELA LOS QUILLAYES,LA FLORIDA,1,0,1,0,0
9307,ESCUELA  OSCAR CASTRO,LA FLORIDA,1,0,1,201,10
9308,ESCUELA PARTICULAR UNIDAD DIVINA,LA FLORIDA,3,0,1,474,10
9311,COLEGIO PARTICULAR ISLA WELLINGTON,LA FLORIDA,3,0,1,106,10
9312,CHILEAN EAGLES COLLEGE LAS VIZCACHAS,PUENTE ALTO,3,0,1,1755,10
9313,COLEGIO RAIMAPU,LA FLORIDA,4,0,3,0,0
9317,INSTITUTO LA SALLE,LA FLORIDA,3,0,1,1198,10
9318,COLEGIO MAURICIO RUGENDAS,LA FLORIDA,3,0,1,368,110
9323,ESCUELA PARTICULAR ESPECIAL JEAN PIAGET,LA FLORIDA,3,0,3,0,0
9324,ESCUELA PARTICULAR MSR.DIEGO ROSALES,LA FLORIDA,3,0,1,414,10
9326,ESCUELA PARTICULAR PRESIDENTE LINCOLN,LA FLORIDA,3,0,2,0,0
9327,COLEGIO LA FLORIDA,LA FLORIDA,3,0,3,0,0
9328,COLEGIO POLIV. SAN SEBASTIAN DE LA FLORIDA,LA FLORIDA,3,0,1,963,10
9330,COLEGIO ALAIN DE LA FLORIDA,LA FLORIDA,3,0,3,0,0
9331,COLEGIO PARTICULAR THE GARDEN SCHOOL,LA FLORIDA,3,0,1,0,0
9332,COLEGIO SANTA PATRICIA DE LA FLORIDA,LA FLORIDA,3,0,1,694,10
9333,ESCUELA BÁSICA N°993 ANTONIO BORQUEZ SOLAR,LA FLORIDA,3,0,1,267,10
9334,COLEGIO PORTALES,LA FLORIDA,3,0,1,599,10
9335,ESCUELA PARTICULAR LOS COPIHUES,LA FLORIDA,3,0,1,193,10
9337,ESCUELA PARTICULAR LORD TOMAS COCHRANE,LA FLORIDA,3,0,1,198,110
9338,COLEGIO BERTRAND RUSSEL,LA FLORIDA,3,0,3,0,0
9339,ESCUELA Y COLEGIO POLITECNICO LOS HEROES,LA FLORIDA,3,0,1,276,10
9340,COLEGIO SANTA MARIA,LA FLORIDA,3,0,1,2605,10
9341,ESCUELA PART. JOHN PAUL SCHOOL,LA FLORIDA,3,0,1,230,10
9342,ESCUELA PARTICULAR LAURA ELGUETA,LA FLORIDA,3,0,1,376,110
9343,ESCUELA ESPECIAL BELLO HORIZONTE,LA FLORIDA,3,0,3,0,0
9344,ESCUELA BASICA ALEMAN LAS PERDICES,LA FLORIDA,3,0,3,0,0
9345,ESCUELA PARTICULAR LOS CASTANOS,LA FLORIDA,3,0,1,56,10
9347,CENTRO EDUCACIONAL LA FLORIDA,LA FLORIDA,3,0,1,1365,10
9348,ESCUELA PARTICULAR ESPECIAL NUEVO RUMBO,LA FLORIDA,3,0,1,135,212
9349,ESCUELA PARTICULAR EL SANTO ROSARIO,LA FLORIDA,3,0,3,0,0
9350,ESCUELA PARTICULAR LA ESTRELLA,LA FLORIDA,3,0,3,0,0
9351,ESCUELA COLEGIO LAANTARO,LA FLORIDA,3,0,3,0,0
9355,ESCUELA PARTICULAR MANUEL BULNES,LA FLORIDA,3,0,3,0,0
9356,COLEGIO PARTICULAR SAN FRANCISCO DE ASIS,LA FLORIDA,3,0,1,1634,10
9357,ESCUELA BAS. Y ESPECIAL ANDRES REY,LA FLORIDA,3,0,3,0,0
9358,ESC. PART. SAINT GERMAINE SCHOOL,LA FLORIDA,3,0,1,274,10
9360,COLEGIO LITTLE COLLEGE,LA FLORIDA,4,0,3,0,0
9362,COLEGIO PARTICULAR LA CONCEPCION,LA FLORIDA,3,0,1,948,10
9363,ESC. PART. RAFAEL SOTOMAYOR B.,LA FLORIDA,3,0,1,395,10
9366,ESCUELA BASICA PARTICULAR PAICAVI  NUM 1,LA FLORIDA,3,0,1,626,10
9368,ESCUELA PARTICULAR PAPA JUAN PABLO II,LA FLORIDA,3,0,1,232,10
9369,ESCUELA PARTICULAR ROSARIO CONCHA,LA FLORIDA,3,0,1,1102,10
9372,COLEGIO LICARAYEN,LA FLORIDA,3,0,3,0,0
9373,BERNADETTE COLLEGE,LA FLORIDA,3,0,1,800,10
9375,CENTRO EDUCACIONAL LONDON,LA FLORIDA,3,0,1,653,110
9376,ESCUELA ESPECIAL INST.VICUNA MACKENNA,LA FLORIDA,3,0,1,71,212
9377,COLEGIO POLIV. VICENTE VALDES,LA FLORIDA,3,0,1,631,110
9379,ESCUELA MIXTA VICTORIA,LA FLORIDA,3,0,3,0,0
9380,LICEO SAN JOSE DE LA ESTRELLA,LA FLORIDA,3,0,3,0,0
9381,ESCUELA BASICA LA ARAUCANA,LA FLORIDA,3,0,3,0,0
9382,ESCUELA BASICA NEWEN,LA FLORIDA,3,0,2,0,0
9383,ESCUELA PARTICULAR VALLE VERDE,LA FLORIDA,3,0,3,0,0
9385,COLEGIO LE MONDE,LA FLORIDA,3,0,1,1014,10
9386,ESCUELA PARVULOS LOS COPIHUES,LA FLORIDA,3,0,3,0,0
9387,ESCUELA DE PARVULOS THE RABBITS,LA FLORIDA,3,0,3,0,0
9388,COLEGIO ANTILHUE,LA FLORIDA,4,0,3,0,0
9389,ESCUELA DE PARVULOS THE RABBITS,LA FLORIDA,4,0,3,0,0
9391,ESCUELA BASICA COLUMBIA,LA FLORIDA,4,0,3,0,0
9393,ESCUELA DE PARVULOS N°1136 THE RED GARDEN,LA FLORIDA,4,0,1,0,0
9394,COLEGIO DIVINA PASTORA,LA FLORIDA,4,0,3,0,0
9396,COLEGIO SANTA CECILIA DE LA FLORIDA,LA FLORIDA,4,0,1,322,10
9397,COLEGIO INGLATERRA,LA FLORIDA,4,0,3,0,0
9402,LICEO LUIS GALECIO CORVERA,SAN MIGUEL,1,0,3,0,0
9404,ESCUELA BASICA REBECA CATALAN VARGAS,SAN MIGUEL,3,0,3,0,0
9405,LICEO BETSABE HORMAZABAL DE ALARCON,SAN MIGUEL,1,0,1,474,110
9406,LICEO ANDRES BELLO,SAN MIGUEL,1,0,1,616,110
9407,ESCUELA DE LA INDUSTRIA GRAFICA HECTOR GO,SAN MIGUEL,5,0,1,783,310
9408,LICEO BICENTENARIO POLITECNICO SAN JOAQUIN,SAN JOAQUÍN,5,0,1,428,310
9409,LICEO COMERCIAL INSTITUTO SUPERIOR DE COMERCIO DE CHILE (EX A99),SAN MIGUEL,5,0,1,603,410
9410,ESCUELA  CONSOLIDADA DAVILA,PEDRO AGUIRRE CERDA,2,0,1,377,10
9411,CENTRO EDUCACIONAL HORACIO ARAVENA A.,SAN JOAQUÍN,6,0,1,742,10
9412,ESC. BAS. GABRIELA MISTRAL DE SAN MIGUEL,SAN MIGUEL,1,0,3,0,0
9413,ESCUELA GENERAL BASICA SANTA FE,SAN MIGUEL,1,0,1,431,10
9414,COLEGIO CIUDAD DE FRANKFORT,SAN JOAQUÍN,6,0,1,585,10
9415,ESCUELA TERRITORIO ANTARTICO,SAN MIGUEL,1,0,1,641,10
9416,ESCUELA POETAS DE CHILE,PEDRO AGUIRRE CERDA,2,0,1,382,10
9418,ESCUELA LA VICTORIA,PEDRO AGUIRRE CERDA,2,0,1,207,110
9419,LICEO MUNICIPAL ENRIQUE BACKAUSSE,PEDRO AGUIRRE CERDA,2,0,1,338,10
9421,LICEO MUNICIPAL SAN JOAQUIN,SAN JOAQUÍN,6,0,1,310,10
9422,ESCUELA CENTRO EDUC. REP. MEXICANA,PEDRO AGUIRRE CERDA,2,0,1,382,10
9423,ESCUELA POETA GONZALO ROJAS,PEDRO AGUIRRE CERDA,2,0,3,0,0
9424,ESCUELA BASICA FRAY CAMILO HENRIQUEZ,SAN JOAQUÍN,6,0,1,619,10
9426,ESCUELA LLANO SUBERCASEAUX,SAN MIGUEL,1,0,1,589,10
9427,ESCUELA BSICA BERLIN,SAN MIGUEL,1,0,3,0,0
9428,ESCUELA BASICA RICARDO E. LATCHMAN,PEDRO AGUIRRE CERDA,2,0,1,284,10
9429,ESCUELA POETA VICTOR DOMINGO SILVA,SAN JOAQUÍN,6,0,1,302,10
9430,CENTRO EDUC. PROVINCIA DE ÑUBLE,SAN JOAQUÍN,6,0,1,591,10
9431,ESCUELA VILLA SAN MIGUEL,SAN MIGUEL,1,0,1,359,10
9433,ESCUELA PABLO NERUDA,SAN MIGUEL,1,0,1,365,10
9436,ESCUELA COEDUCACIONAL EUGENIO BROWNE,PEDRO AGUIRRE CERDA,2,0,3,0,0
9437,ESC. BAS. Y ESP. SU SANTIDAD JUAN XXIII,SAN JOAQUÍN,6,0,1,350,10
9438,CENTRO EDUCACIONAL MUNICIPAL SAN JOAQUIN,SAN JOAQUÍN,6,0,2,0,0
9439,ESCUELA BASICA DIEGO PORTALES PALAZUELOS,SAN JOAQUÍN,6,0,3,0,0
9443,ESCUELA BAS. LOS HEROES DE YUNGAY,LA GRANJA,6,0,1,123,10
9444,ESCUELA ESPECIAL LOS CEDROS DEL LIBANO,SAN MIGUEL,1,0,1,164,212
9445,ESCUELA DE PARVULOS HORACIO ARAVENA ANEXO,SAN JOAQUÍN,6,0,3,0,0
9446,ESCUELA DE PARVULOS RAYITO DE LUZ,PEDRO AGUIRRE CERDA,2,0,1,154,10
9452,ESCUELA REPUBLICA FEDERAL ALEMANIA,SAN JOAQUÍN,6,0,3,0,0
9453,ESCUELA ESPECIAL CHILE BRASIL,SAN MIGUEL,1,0,3,0,0
9457,ESCUELA BÁSICA POETA NERUDA (EX-483),SAN JOAQUÍN,6,0,1,316,10
9458,ESCUELA BOROA,PEDRO AGUIRRE CERDA,2,0,1,349,10
9459,ESCUELA ESPECIAL DE LISIADOS,SAN MIGUEL,1,0,3,0,0
9460,INST. REG. EDUC ADULTOS SAN MIGUEL,SAN MIGUEL,1,0,1,165,363
9461,ESC. ESP. DE ADULTOS HUGO MORALES BIZAMA,SAN MIGUEL,1,0,1,177,165
9467,COLEGIO LA CASTRINA,SAN JOAQUÍN,3,0,1,139,110
9468,ESCUELA IND. SAN ANTONIO DE PADUA,SAN JOAQUÍN,3,0,3,0,0
9469,LICEO INDUSTRIAL GENERAL CARRERA,SAN MIGUEL,3,0,3,0,0
9471,LICEO SAINT PATRICKS SCHOOL,SAN MIGUEL,3,0,3,0,0
9472,LICEO POLITECNICO SAN LUIS,SAN MIGUEL,3,0,1,1508,310
9473,ESCUELA BAS.PART.N 23 COLEGIO SANTA ANA,SAN MIGUEL,3,0,1,299,10
9474,INSTIT.POLIT.SAN MIGUEL ARCANGEL,SAN MIGUEL,3,0,1,220,310
9476,ESCUELA ESPECIAL ANEXO SAN CLEMENTE,SAN MIGUEL,3,0,3,0,0
9477,ESC. BASICA Y LICEO IND.SAINT LAWRENCE,SAN JOAQUÍN,3,0,3,0,0
9480,COLEGIO PANAMERICAN COLLEGE,SAN MIGUEL,4,0,3,0,0
9481,ESCUELA  E INSTITUTO DE MADRID,SAN MIGUEL,3,0,3,0,0
9483,ESC. TECNICA E INST. COMER. SAINT LAWRENCE,SAN JOAQUÍN,3,0,3,0,0
9484,COLEGIO SANTA ROSA,SAN MIGUEL,3,0,1,1019,10
9485,ESCUELA PARTICULAR HANSEL Y GRETEL,SAN MIGUEL,3,0,1,143,10
9486,COLEGIO ESPIRITU SANTO DEL VERBO DIVINO,SAN JOAQUÍN,3,0,1,1003,10
9487,ESCUELA INDUSTRIAL PART. LAUTARO,SAN MIGUEL,3,0,1,200,510
9488,COLEGIO CHILE ANEXO,SAN MIGUEL,3,0,3,0,0
9489,LICEO COMERCIAL JAVIERA Y J L CARRERA N1,SAN MIGUEL,3,0,1,315,310
9490,ESCUELA PARTICULAR LUCILA GODOY,SAN MIGUEL,3,0,1,327,110
9499,ESCUELA HOGAR DE CIEGOS SANTA LUCIA,LA CISTERNA,3,0,1,55,213
9500,COLEGIO PART. NUESTRA SRA DEL HUERTO,SAN JOAQUÍN,3,0,1,440,10
9502,COLEGIO POLIV.ADVENTISTA SANTIAGO SUR,SAN JOAQUÍN,3,0,1,706,10
9503,ESCUELA PARTICULAR PIO DOCE,PEDRO AGUIRRE CERDA,3,0,1,378,10
9504,ESCUELA PARTICULAR Y COLEGIO CHILE,SAN MIGUEL,3,0,1,2127,10
9505,ESCUELA PARTICULAR JOSE A.ALFONSO,PEDRO AGUIRRE CERDA,3,0,1,1197,10
9506,ESC.BAS.PROFESORA AIDA RAMOS DIAZ,PEDRO AGUIRRE CERDA,3,0,1,336,10
9507,ESCUELA PARTICULAR LAURA VICUNA,SAN JOAQUÍN,3,0,1,279,10
9508,COLEGIO PARTICULAR POBL. ALESSANDRI,PEDRO AGUIRRE CERDA,3,0,1,183,10
9509,COLEGIO SUBERCASEAUX COLLEGE,SAN MIGUEL,4,0,1,505,10
9510,COLEGIO PART. ANTONIO ACEVEDO HERNANDEZ,PEDRO AGUIRRE CERDA,3,0,1,355,10
9511,ESCUELA PARTICULAR GRAN AVENIDA,SAN MIGUEL,3,0,1,230,10
9512,ESCUELA BASICA PARTIC JACQUELINE KENNEDY,PEDRO AGUIRRE CERDA,3,0,1,102,110
9513,ESCUELA PARTICULAR SPRING COLLEGE,SAN MIGUEL,3,0,3,0,0
9516,LICEO INDUSTRIAL DEL VERBO DIVINO,SAN JOAQUÍN,3,0,3,0,0
9517,COLEGIO CRISTIANO NATANAEL,SAN JOAQUÍN,3,0,3,0,0
9518,COLEGIO PARTICULAR PADRE FIDEL ABARCA,PEDRO AGUIRRE CERDA,3,0,1,142,110
9519,COLEGIO BICENTENARIO SANTO CURA DE ARS,SAN MIGUEL,3,0,1,1065,10
9520,PRINCESS MARGARET COLLEGE,SAN MIGUEL,3,0,1,102,10
9521,COLEGIO DE LA PURISIMA PARA NINOS SORDOS,SAN MIGUEL,3,0,3,0,0
9524,ESCUELA BASICA PART. COLEGIO INGLES,SAN MIGUEL,3,0,2,0,0
9525,ESCUELA ROBERT BADEN POWELL SCHOOL,SAN JOAQUÍN,3,0,2,0,0
9526,ESCUELA BAS. ALFRED BINET SCHOOL,SAN MIGUEL,3,0,3,0,0
9527,ESCUELA PARTICULAR ECOLE NOEL,SAN MIGUEL,3,0,1,516,10
9528,ESCUELA PARTICULAR LA RAIZ Y LA ESPIGA,SAN MIGUEL,3,0,1,0,0
9531,ESCUELA PARTICULAR MIGUEL DAVILA,PEDRO AGUIRRE CERDA,3,0,1,109,110
9533,ESCUELA BASICA PARTICULAR RAINBOW SCHOOL,SAN JOAQUÍN,3,0,1,170,10
9534,COLEGIO SAN DAMIAN,LA FLORIDA,3,0,1,1237,10
9535,ESCUELA BASICA MAIN SCHOOL,SAN MIGUEL,3,0,3,0,0
9536,ESCUELA PART.CENTRO EDUC.SANTA MONICA,SAN JOAQUÍN,3,0,1,0,0
9537,ESCUELA PARTICULAR DIVINA GABRIELA,PEDRO AGUIRRE CERDA,3,0,3,0,0
9539,ESC. BAS. N°221 SANTA CATALINA DE SAN MIGUEL,SAN MIGUEL,3,0,1,197,10
9540,ESCUELA PARTICULAR SAN CARLOS,PEDRO AGUIRRE CERDA,3,0,1,136,110
9543,ESCUELA PARTICULAR EL GRECO,PEDRO AGUIRRE CERDA,3,0,1,74,110
9544,ESCUELA PARTICULAR AMIGOS,PEDRO AGUIRRE CERDA,3,0,1,376,10
9547,ESCUELA BAS. PART. QUEEN & FLOWER COLLEGE,SAN JOAQUÍN,3,0,1,342,10
9549,ESCUELA PART. FERNANDO DE ARAGON,SAN MIGUEL,3,0,2,0,0
9550,ESCUELA ESPECIAL PARTICULAR PAPELUCHO,SAN MIGUEL,3,0,3,0,0
9551,ESCUELA PARTICULAR LA RONDA DE SN.MIGUEL,PEDRO AGUIRRE CERDA,3,0,1,243,10
9553,COLEGIO KING´S SCHOOL,SAN MIGUEL,3,0,1,509,10
9554,ESCUELA DE PARVULOS PEDRO F.INIGUEZ,PEDRO AGUIRRE CERDA,3,0,3,0,0
9556,ESCUELA PARTICULAR MARQUEZ DE OVANDO,PEDRO AGUIRRE CERDA,3,0,1,626,10
9557,CENTRO ED.ESPECIAL MARIA MONTESSORI,SAN MIGUEL,3,0,3,0,0
9558,ESCUELA PARTICULAR ROCIO DE LOS ANGELES,PEDRO AGUIRRE CERDA,3,0,1,625,10
9562,ESCUELA BASICA SAINT LAWRENCE,SAN JOAQUÍN,3,0,3,0,0
9564,COLEGIO PARROQUIAL SAN MIGUEL,SAN MIGUEL,3,0,1,1226,10
9565,COLEGIO GENERAL ESTANISLAO DEL CANTO,LA FLORIDA,4,0,3,0,0
9566,COLEGIO CLARETIANO,SAN MIGUEL,4,0,3,0,0
9567,COLEGIO CORAZON DE MARIA,SAN MIGUEL,4,0,3,0,0
9569,ESCUELA DE PARVULOS PRINC. FERNANDO DE ARAGON,SAN MIGUEL,4,0,3,0,0
9570,INSTITUTO MIGUEL LEON PRADO,SAN MIGUEL,3,0,1,1229,10
9572,ESCUELA PARTICULAR JAVIERA CARRERA,SAN JOAQUÍN,3,0,1,286,110
9573,ESC.PART.BENJAMIN VICUNA MACKENNA,SAN JOAQUÍN,3,0,3,0,0
9574,ESCUELA BASICA PARTICULAR CAMINITO,SAN BERNARDO,3,0,1,566,10
9579,LICEO INDUSTRIAL DE SAN MIGUEL AGUSTIN ED,SAN JOAQUÍN,5,0,1,727,310
9581,LICEO TECNICO A-100 DE SAN MIGUEL,SAN MIGUEL,5,0,1,533,310
9582,LICEO BICENTENARIO FRANCISCO FRIAS VALENZUELA,LA GRANJA,6,0,1,325,310
9583,CENTRO EDUCACIONAL MUN.MARIANO LATORRE,LA PINTANA,2,0,1,603,363
9584,LICEO COMERCIAL VATE VICENTE HUIDOBRO,SAN RAMÓN,5,0,1,479,310
9585,LICEO DOCTOR ALEJANDRO DEL RIO,LA GRANJA,6,0,1,227,10
9586,LICEO MUNICIPALIZADO ARAUCANIA,SAN RAMÓN,2,0,1,364,10
9587,LICEO MALAQUIAS CONCHA,LA GRANJA,6,0,1,656,10
9588,ESCUELA BAS. TECNO SUR,LA GRANJA,6,0,1,233,10
9589,ESCUELA BASICA VENTURA MATURANA BARAHONA,LA GRANJA,6,0,3,0,0
9590,ESCUELA BELGICA,LA GRANJA,6,0,1,191,10
9591,LICEO N523,LA PINTANA,2,0,1,253,10
9592,ESCUELA BASICA SENDERO DEL SABER,SAN RAMÓN,2,0,1,284,10
9593,ESCUELA BASICA EDUCADORES DE CHILE,SAN RAMÓN,2,0,1,166,10
9595,ESCUELA CAPITAN AVALOS,LA PINTANA,2,0,1,326,10
9596,LICEO DOMINGO FAUSTINO SARMIENTO,SAN RAMÓN,2,0,3,0,0
9597,ESCUELA PABLO DE ROKHA,LA PINTANA,2,0,1,161,10
9598,ESCUELA MUNICIPAL VIOLETA PARRA,LA PINTANA,2,0,1,250,10
9599,LICEO MUNICIPAL PURKUYEN,SAN RAMÓN,2,0,1,415,10
9600,ESCUELA NANIHUE,SAN RAMÓN,2,0,1,251,10
9601,CENTRO EDUCACIONAL MUNICIPAL SAN RAMON,SAN RAMÓN,2,0,1,307,310
9602,COLEGIO NERUDA,LA PINTANA,2,0,1,359,10
9603,LICEO VILLA LA PINTANA,LA PINTANA,2,0,3,0,0
9604,LICEO MUNICIPALIZADO CENT.ED. LA PINTANA,LA PINTANA,2,0,1,473,10
9605,COLEGIO MUNICIPAL PROCERES DE CHILE,LA GRANJA,6,0,1,265,10
9606,ESCUELA BAS. LA ARAUCANIA,LA GRANJA,6,0,1,250,10
9607,ESCUELA DIFERENCIAL SANTA TERESITA DE LOS AND,LA GRANJA,6,0,1,32,214
9608,CENTRO EDUCACIONAL MIRADOR,SAN RAMÓN,2,0,1,118,310
9609,ESCUELA BAS. SANITAS,LA GRANJA,6,0,1,275,10
9610,ESCUELA BAS. POETA OSCAR CASTRO ZUNIGA,LA GRANJA,6,0,1,391,10
9611,ESCUELA BASICA TUPAHUE,SAN RAMÓN,2,0,1,168,10
9612,ESCUELA BASICA ISLAS DE CHILE,LA GRANJA,6,0,1,266,10
9614,ESCUELA BASICA KARELMAPU,SAN RAMÓN,2,0,1,200,10
9616,LICEO VICTOR JARA,LA PINTANA,2,0,1,363,10
9617,LICEO MUNICIPAL LA GRANJA POETA NERUDA,LA GRANJA,6,0,1,437,10
9618,ESCUELA BAS. BENJAMIN SUBERCASEAUX,LA GRANJA,6,0,1,580,10
9620,ESCUELA BASICA JUAN DE DIOS ALDEA,LA PINTANA,2,0,1,305,10
9621,ESCUELA ALBERTO PAILLAO CATRILEO,LA PINTANA,2,0,3,0,0
9625,ESCUELA BASICA VILLA LA CULTURA,SAN RAMÓN,2,0,1,230,10
9626,ESCUELA BAS. REINA GUILLERMINA DE HOLANDA,LA GRANJA,6,0,1,48,212
9629,ESCUELA BASICA ALIVEN,SAN RAMÓN,2,0,1,206,10
9631,ESCUELA ESPECIAL DE ADULTOS,SAN RAMÓN,2,0,1,331,165
9634,COLEGIO MARISTA MARCELINO CHAMPAGNAT,LA PINTANA,3,0,1,2261,10
9635,ESCUELA ESPECIAL PART. EDUCADORAS AGAZZI,LA GRANJA,3,0,1,65,212
9636,CHILEAN EAGLES COLLEGE-LA PINTANA,LA PINTANA,3,0,1,1181,10
9637,COLEGIO CHRISTIAN GARDEN SCHOOL,LA GRANJA,3,0,1,1740,10
9638,COLEGIO POLIVALENTE PADRE ESTEBAN GUMUCIO VIVES,LA GRANJA,3,0,1,501,10
9639,ESCUELA PARTICULAR EMA DIAZ SIERRA,SAN RAMÓN,3,0,1,319,10
9642,ESCUELA PARTICULAR TTE.DAGOBERTO GODOY,LA GRANJA,3,0,1,1147,10
9643,INSTITUTO COMERCIAL EMA DIAZ SIERRA-DIUR,SAN RAMÓN,3,0,3,0,0
9646,COLEGIO POLIVALENTE FRANCISCO RAMIREZ,SAN RAMÓN,3,0,1,578,310
9647,LICEO BICENTENARIO SAN FRANCISCO,SAN RAMÓN,3,0,1,1655,10
9648,ESCUELA PARTICULAR FRANCISCO DE MIRANDA,SAN RAMÓN,3,0,1,191,10
9653,ESCUELA BASICA PRESBITERIANA EL SALVADOR,LA GRANJA,3,0,1,259,10
9654,ESCUELA PARTICULAR FRANCISCO RAMIREZ,SAN RAMÓN,3,0,1,1390,10
9655,ESCUELA PARTICULAR CLAUDIO MATTE,LA GRANJA,3,0,1,1181,10
9656,ESCUELA PARTICULAR PDTE.JOSE J.PRIETO,LA PINTANA,3,0,1,1817,10
9659,ESCUELA COLEGIO ALBERTO BLEST GANA,SAN RAMÓN,3,0,1,1611,10
9660,ESCUELA PARTIC PARROQUIAL DOMINGO SAVIO,SAN RAMÓN,3,0,1,1247,10
9663,ESCUELA PARTICULAR ELSA RAMIREZ,SAN RAMÓN,3,0,1,303,110
9664,COLEGIO PARTICULAR PUERTO NAVARINO,LA PINTANA,3,0,1,1,10
9665,CENTRO EDUCACIONAL SANTA ROSA DEL SUR,LA PINTANA,3,0,1,974,10
9666,ESC. PART. CELESTIN FREINET,LA PINTANA,3,0,1,562,10
9667,ESC.PART. ESPECIAL NUESTRO MUNDO,SAN RAMÓN,3,0,1,32,212
9668,ESCUELA BASICA OSCAR SALINAS,LA PINTANA,3,0,1,561,10
9669,COLEGIO NUESTRO MUNDO,SAN RAMÓN,3,0,1,235,10
9673,ESCUELA PARTICULAR ARTURO MATTE LARRAIN,SAN RAMÓN,3,0,1,1635,10
9674,ESCUELA BASICA ALAS DE AGUILA,SAN RAMÓN,3,0,1,145,110
9676,ESCUELA PARTICULAR SAN MARCELO,LA GRANJA,3,0,1,863,10
9680,COMPLEJO EDUC.STA.RITA DE CASIA-ANEXO 1,LA PINTANA,3,0,1,197,10
9681,ESCUELA PARTICULAR ELLIOT COLLEGE,LA GRANJA,3,0,3,0,0
9684,COLEGIO SAN GREGORIO DE LA SALLE,LA GRANJA,3,0,1,1067,10
9685,ESCUELA BASICA PARTIC ESTRELLA DE CHILE,LA GRANJA,3,0,1,269,10
9686,LICEO TÉCNICO CLOTARIO BLEST RIFFO,PEDRO AGUIRRE CERDA,5,0,1,331,310
9687,LICEO CHRISTA MC AULIFFE,EL BOSQUE,2,0,1,320,310
9688,LICEO JUAN GOMEZ MILLAS,EL BOSQUE,2,0,1,586,310
9690,CENTRO DUC.CARDENAL JOSE MARIA CARO,LO ESPEJO,2,0,1,295,165
9691,LICEO POLIVALENTE MINISTRO ABDON CIFUENTES ESPINOZA,LA CISTERNA,2,0,2,0,0
9693,LICEO POLITECNICO CIENCIA Y TECNOLOGIA,LA CISTERNA,2,0,1,848,310
9694,INSTITUTO COMERCIAL PADRE ALBERTO HURTADO DE PEDRO AGUIRRE CERDA,PEDRO AGUIRRE CERDA,5,0,1,343,310
9695,LICEO POLIVALENTE EUGENIO PEREIRA SALAS,PEDRO AGUIRRE CERDA,2,0,1,500,10
9697,LICEO POLIVALENTE,LO ESPEJO,2,0,1,419,10
9698,ESCUELA BASICA AVIADORES,EL BOSQUE,2,0,1,304,10
9699,COLEGIO NACIONES UNIDAS,LA CISTERNA,2,0,1,307,10
9700,COLEGIO PALESTINO,LA CISTERNA,2,0,1,342,10
9701,LICEO POLIVALENTE OLOF PALME,LA CISTERNA,2,0,1,449,10
9702,ESCUELA BASICA MARIO ARCE GATICA,EL BOSQUE,2,0,1,216,10
9703,ESCUELA ESPERANZA JOVEN,LA CISTERNA,2,0,1,322,10
9704,ESCUELA LO VALLEDOR,PEDRO AGUIRRE CERDA,2,0,1,136,10
9705,ESCUELA BASICA SALOMON SACK,LO ESPEJO,2,0,1,200,10
9706,ESCUELA BAS. OSCAR ENCALADA YOVANOVICH,LA CISTERNA,2,0,1,307,10
9707,ESCUELA CONQUISTANDO FUTURO,LO ESPEJO,2,0,3,0,0
9709,ESCUELA BLUE STAR COLLEGE,LO ESPEJO,2,0,1,176,10
9710,ESCUELA BASICA SANTA ADRIANA,LO ESPEJO,2,0,1,154,10
9713,COMPLEJO EDUCACIONAL FELIPE HERRERA LANE,EL BOSQUE,2,0,1,223,10
9714,ESCUELA BASICA JOSE MARTI,EL BOSQUE,2,0,1,389,10
9715,ESCUELA BASICA VILLA SANTA ELENA,EL BOSQUE,2,0,1,183,10
9716,ESCUELA BASICA ACAPULCO,LO ESPEJO,2,0,1,187,10
9717,ESCUELA CIUDAD DE LYON,EL BOSQUE,2,0,1,246,10
9718,ESCUELA BASICA PAUL HARRIS,EL BOSQUE,2,0,1,231,10
9719,ESCUELA BASICA,LO ESPEJO,2,0,1,246,10
9720,COLEGIO HERNAN OLGUIN,LO ESPEJO,2,0,1,496,10
9721,ESCUELA NEMESIO ANTUNEZ,EL BOSQUE,2,0,1,256,10
9722,LICEO PORTAL DE LA CISTERNA,LA CISTERNA,2,0,1,463,110
9726,LICEO TENIENTE FRANCISCO MERY AGUIRRE,LO ESPEJO,2,0,1,518,10
9727,ESCUELA CIUDAD DE BARCELONA,PEDRO AGUIRRE CERDA,2,0,1,232,10
9728,ESCUELA DIFERENCIAL PARA NINOS SORDOS,EL BOSQUE,2,0,1,37,211
9729,ESCUELA VILLA SUR,PEDRO AGUIRRE CERDA,2,0,1,231,10
9730,COLEGIO ANTU,LA CISTERNA,2,0,1,322,10
9732,ESCUELA SERGIO SILVA ACUNA,LA CISTERNA,2,0,3,0,0
9733,ESCUELA BASICA CLARA  ESTRELLA,LO ESPEJO,2,0,1,282,10
9734,ESCUELA  RAUL SAEZ SAEZ,LO ESPEJO,2,0,1,278,10
9736,ESCUELA BASICA BERNARDO O´HIGGINS,LO ESPEJO,2,0,1,225,10
9738,COLEGIO PARQUE LAS AMERICAS,PEDRO AGUIRRE CERDA,2,0,1,234,10
9740,ESCUELA BASICA REPUBLICA DE LAS FILIPINAS,LO ESPEJO,2,0,1,217,10
9741,ESCUELA BASICA COEDUCACIONAL,LO ESPEJO,2,0,1,246,10
9743,LICEO ELENA CAFFARENA MORICE,EL BOSQUE,2,0,3,0,0
9744,ESCUELA BASICA,LO ESPEJO,2,0,3,0,0
9745,ESCUELA BRISAS DEL MAIPO,LA CISTERNA,2,0,3,0,0
9747,C.E.I.A.PEDRO AGUIRRE CERDA,PEDRO AGUIRRE CERDA,2,0,1,236,165
9748,ESCUELA POLITECNICA DE ADULTOS,EL BOSQUE,2,0,3,0,0
9749,ESCUELA ESPECIAL DE ADULTOS,SAN JOAQUÍN,6,0,3,0,0
9750,COLEGIO LO ESPEJO,LO ESPEJO,3,0,1,237,10
9752,COLEGIO BRITANIA,LA CISTERNA,3,0,3,0,0
9754,INSTITUTO COMERCIAL PARTICULAR LA CISTERNA,LA CISTERNA,3,0,1,573,310
9755,COLEGIO NUR,LA CISTERNA,3,0,3,0,0
9757,CENTRO EDUCACIONAL SANTA CLARA,LA CISTERNA,3,0,1,1038,10
9758,COLEGIO SANTA ISABEL DE HUNGRIA,LA CISTERNA,3,0,1,1154,10
9759,LICEO LAURA VICUNA,LA CISTERNA,3,0,1,665,110
9760,ESCUELA ESPECIAL PARTICULAR YUNGAY,LA CISTERNA,3,0,3,0,0
9762,LICEO POLITECNICO GALVARINO N.2,LA CISTERNA,3,0,3,0,0
9766,COLEGIO SANTA MARIA DE LOS ANGELES,LA CISTERNA,3,0,1,564,10
9767,LICEO MADRE CECILIA LAZZERI,LA CISTERNA,3,0,1,1141,10
9768,ESCUELA Y LICEO LIAHONA,EL BOSQUE,3,0,1,1595,10
9770,COLEGIO MANUEL ARRIARAN BARROS,LA CISTERNA,4,0,3,0,0
9771,CHILEAN EAGLES COLLEGE - LA CISTERNA,LA CISTERNA,3,0,1,711,10
9772,ESCUELA ESPECIAL NTA SENORA DE LAS PENAS,PEDRO AGUIRRE CERDA,3,0,1,40,212
9777,ENGLISH LADIES SCHOOL,LA CISTERNA,3,0,3,0,0
9778,ESCUELA JOSE ABELARDO NUNEZ Nº 1,EL BOSQUE,3,0,1,1109,10
9779,CENTRO EDUCACIONAL SANTA ROSA,LA CISTERNA,3,0,1,735,310
9780,COLEGIO TENIENTE DAGOBERTO GODOY,EL BOSQUE,3,0,1,926,10
9781,CENTRO POLITECNICO PARTICULAR SAN RAMON,LA CISTERNA,3,0,1,1030,110
9782,CENTRO EDUCACIONAL LINCOLN COLLEGE,LA CISTERNA,3,0,3,0,0
9784,LICEO TÉCNICO INDUSTRIAL LA CISTERNA,LA CISTERNA,3,0,1,302,310
9785,ESCUELA PARTICULAR MARIA AUXILIADORA,LA CISTERNA,3,0,3,0,0
9786,ROSA MARCKMANN DE GONZALEZ,LA CISTERNA,3,0,1,614,10
9788,ESCUELA PARTICULAR GRACIELA L.DE IBANEZ,LA CISTERNA,3,0,1,436,10
9789,ESCUELA PARTICULAR PABLO GOYENECHE IVER,LA CISTERNA,3,0,1,143,110
9791,ESCUELA PARTICULAR CHILDREN`S COLLEGE,LA CISTERNA,3,0,3,0,0
9792,ESCUELA BASICA EL BOSQUE,EL BOSQUE,3,0,3,0,0
9794,COLEGIO SANTA FE,EL BOSQUE,3,0,3,0,0
9796,ESC. PART.ADVENTISTA BUENAVENTURA,LO ESPEJO,3,0,1,893,10
9797,COLEGIO ADVENTISTA LA CISTERNA,LA CISTERNA,3,0,1,606,10
9799,COMPLEJO EDUC.PART.MONSENOR LUIS A.PEREZ,PEDRO AGUIRRE CERDA,3,0,1,2276,10
9800,ESCUELA BAS. ROSA ELVIRA MATTE DE PRIETO,LO ESPEJO,3,0,1,1228,10
9801,COLEGIO POLIV. SAINT ORLAND,LA CISTERNA,3,0,1,715,10
9803,ESCUELA PARTICULAR HISPANO AMERICANO,EL BOSQUE,3,0,1,367,10
9804,ESCUELA PABLO DE TARSO,LA CISTERNA,3,0,1,195,10
9805,ESCUELA PARTICULAR CAMPANITA,EL BOSQUE,3,0,1,351,10
9807,ESCUELA PARTICULAR LOCARNO,LA CISTERNA,3,0,1,102,110
9808,ESCUELA PARTICULAR GUIA ESTUDIANTIL,LA CISTERNA,3,0,1,275,10
9809,ESCUELA PARTICULAR SAINT PHILLIP OF NERY,LA CISTERNA,3,0,1,249,10
9810,LICEO POLITECNICO PART.SAGRADO CORAZON,LO ESPEJO,3,0,1,935,10
9811,ESCUELA PART. REPUBLICA ALEMANIA FEDERAL,LA CISTERNA,3,0,1,1592,10
9812,ESCUELA BASICA SANTA CLARA,LA CISTERNA,3,0,3,0,0
9813,ESCUELA PARTICULAR BERNARDO O'HIGGINS,EL BOSQUE,3,0,2,0,0
9814,ESCUELA BÁSICA PART.171 GALVARINO,LA CISTERNA,3,0,3,0,0
9816,ESCUELA PARTICULAR STA.MARIA MAZZARELLO,EL BOSQUE,3,0,1,370,10
9817,COLEGIO PARTICULAR KENNEDY,LO ESPEJO,3,0,1,343,10
9818,ESCUELA BASICA GABRIELA Y PABL0,LA CISTERNA,3,0,3,0,0
9819,ESCUELA BASICA CARPE DIEM,LA GRANJA,3,0,3,0,0
9822,ESCUELA PARTICULAR LAS ESPIGAS,LO ESPEJO,3,0,3,0,0
9824,COMPLEJO EDUCACIONAL STELLA MARIS,EL BOSQUE,3,0,1,955,10
9825,ESCUELA PARTICULAR ESPECIAL G.MISTRAL,LA CISTERNA,3,0,1,0,0
9826,ESCUELA PARTICULAR LOS CAPULLITOS,LA CISTERNA,4,0,1,0,0
9827,COLEGIO IDOP LIMITADA,LA CISTERNA,3,0,1,1057,10
9828,COLEGIO SOL DE CHILE,LO ESPEJO,3,0,1,622,10
9829,COLEGIO BICENTENARIO DE EXCELENCIA MIGUEL DE CERVANTES,LA CISTERNA,3,0,1,617,310
9830,ESCUELA PARTICULAR SAN MARTIN DE PORRES,LA CISTERNA,3,0,2,0,0
9832,ESCUELA PARTICULAR ERNESTO SANTANDER S.,LA CISTERNA,3,0,3,0,0
9834,COLEGIO POLITEC. MARIA GRISELDA VALLE S.,EL BOSQUE,3,0,1,1945,10
9841,ESCUELA PARTICULAR MIGUEL DE CERVANTES,EL BOSQUE,3,0,1,766,10
9842,ESCUELA PARTICULAR NUESTRA INFANCIA,LO ESPEJO,3,0,1,0,0
9844,COLEGIO EL ALMENDRO,EL BOSQUE,3,0,1,949,10
9845,COLEGIO GRACE SCHOOL,PEDRO AGUIRRE CERDA,3,0,1,1015,10
9847,ESCUELA PARTICULAR KAROL C.DE CRACOVIA,PEDRO AGUIRRE CERDA,3,0,1,774,10
9850,ESCUELA PARTICULAR LOS LAGOS CHILE,EL BOSQUE,3,0,1,99,110
9852,ESCUELA PARTICULAR VILLA EL SOL,EL BOSQUE,3,0,1,1468,10
9853,COLEGIO POLIV. SAINT TRINITY COLLEGE,LO ESPEJO,3,0,1,626,10
9855,COLEGIO PRINCESS ANNE SCHOOL,LA CISTERNA,4,0,1,0,0
9856,COLEGIO MANUEL ARRIARAN BARROS,LA CISTERNA,4,0,3,0,0
9858,ESCUELA DE PARVULOS AMERICAN COLLEGE,LA CISTERNA,4,0,3,0,0
9859,COLEGIO PARTICULAR VILLA JESUS,LA CISTERNA,3,0,1,778,10
9860,LICEO BICENTENARIO INDUSTRIAL DE ELECTROTECNIA RAMON B,LA CISTERNA,5,0,1,754,310
9861,CENTRO EDUC.MUNIC. DR. AMADOR NEGHME RODRIGUEZ,ESTACIÓN CENTRAL,2,0,1,802,10
9862,LICEO BICENTENARIO POLIVALENTE A N°71 GUILLERMO FELIU CRUZ,ESTACIÓN CENTRAL,2,0,1,613,310
9863,LICEO SANTIAGO BUERAS Y AVARIA,MAIPÚ,1,0,1,691,10
9864,LICEO JOSE IGNACIO ZENTENO,MAIPÚ,1,0,1,431,10
9865,LICEO POLIVALENTE DR. LUIS VARGAS SALCEDO,CERRILLOS,2,0,1,805,10
9866,LICEO COMERCIAL B-72,ESTACIÓN CENTRAL,5,0,1,731,310
9867,CENTRO DE EDUC. TECN.PROFESIONAL CODEDUC,MAIPÚ,1,0,1,776,110
9869,ESCUELA BASICA REPUBLICA DE FRANCIA,ESTACIÓN CENTRAL,2,0,1,303,10
9870,ESCUELA BASICA CONDORES DE PLATA,CERRILLOS,2,0,1,326,10
9872,ESCUELA BASICA PROF.RAMON DEL RIO,ESTACIÓN CENTRAL,2,0,1,350,10
9873,ESCUELA BASICA PACTO ANDINO,ESTACIÓN CENTRAL,2,0,1,585,10
9874,ESCUELA LOTHAR KOMMER BRUGER,CERRILLOS,2,0,1,317,10
9875,ESCUELA CERRILLOS,CERRILLOS,2,0,1,467,10
9876,ESCUELA GENERAL SAN MARTIN,MAIPÚ,1,0,1,493,10
9877,ESCUELA GENERAL OHIGGINS,MAIPÚ,1,0,1,473,10
9878,ESCUELA PRESIDENTE RIESCO ERRAZURIZ,MAIPÚ,1,0,1,719,10
9879,ESCUELA BASICA CAROLINA VERGARA AYARES,ESTACIÓN CENTRAL,2,0,1,448,10
9880,ESCUELA  BASICA  ESTADO  DE  PALESTINA,ESTACIÓN CENTRAL,2,0,1,325,10
9881,ESCUELA VICENTE REYES PALAZUELOS,MAIPÚ,1,0,1,516,10
9882,ESCUELA J.PRIETO VIAL,CERRILLOS,2,0,1,423,10
9883,ESCUELA BÁSICA N 263 RAMON FREIRE,MAIPÚ,1,0,1,519,10
9884,ESCUELA LEON HUMBERTO VALENZUELA,MAIPÚ,1,0,1,481,10
9886,ESCUELA ESTRELLA REINA DE CHILE,CERRILLOS,2,0,1,309,10
9887,LICEO EL LLANO DE MAIPU,MAIPÚ,1,0,1,137,310
9888,ESCUELA SANTA ADELA,CERRILLOS,2,0,1,399,10
9889,LICEO REINO DE DINAMARCA,MAIPÚ,1,0,1,597,10
9890,ESCUELA TOMAS VARGAS,MAIPÚ,1,0,1,491,10
9891,REPUBLICA DE GUATEMALA,MAIPÚ,1,0,1,604,10
9892,ESCUELA LAS AMERICAS,MAIPÚ,1,0,1,668,10
9893,ESCUELA ESPECIAL ANDALUE,MAIPÚ,1,0,1,195,212
9895,ESCUELA BASICA REINA DE SUECIA,MAIPÚ,1,0,1,535,10
9896,LICEO MAIPÚ DE LAS ARTES Y LA TECNOLOGÍA,MAIPÚ,1,0,1,507,110
9897,LICEO BICENTENARIO DE EXCELENCIA POLITÉCNICO HANNOVER,MAIPÚ,3,0,1,1298,310
9898,ESCUELA BASICA SAN BUENAVENTURA,MAIPÚ,3,0,3,0,0
9900,COLEGIO BICENTENARIO DE EXCELENCIA POLITECNICO ALEMAN ALBERT EINSTEIN,CERRILLOS,3,0,1,1057,110
9901,ESCUELA PARTICULAR FRANZ LISZT,MAIPÚ,3,0,1,277,10
9902,ESCUELA PARTICULAR ESPECIAL DON ORIONE,CERRILLOS,3,0,1,59,212
9903,COLEGIO LOS CONQUISTADORES,CERRILLOS,3,0,1,1145,10
9905,LICEO SAN PEDRO POVEDA,MAIPÚ,3,0,1,502,110
9906,COLEGIO INSTITUTO AMERICA,MAIPÚ,3,0,1,658,10
9907,COLEGIO POLIVALENTE CAMILO HENRIQUEZ,MAIPÚ,3,0,1,993,110
9909,CENTRO EDUCACIONAL PIAMARTINO CAROLINA LLONA DE CUEVAS,MAIPÚ,3,0,1,1675,10
9910,COLEGIO PARTICULAR SAN FELIX,MAIPÚ,3,0,1,385,110
9911,COLEGIO DE LA PROVIDENCIA C.LARRAIN DE I,MAIPÚ,3,0,1,1117,10
9912,COLEGIO PART. ASCENSION NICOL,ESTACIÓN CENTRAL,3,0,1,863,110
9913,COLEGIO ESC.  JOSE MANSO DE VELASCO,MAIPÚ,3,0,1,0,0
9916,ESCUELA DE PARVULOS LOS PAISES BAJOS,ESTACIÓN CENTRAL,3,0,1,196,10
9917,COLEGIO POLIVALENTE PATRICIO MEKIS,MAIPÚ,3,0,1,1946,10
9919,COLEGIO PARTICULAR MATER DEI,CERRILLOS,3,0,1,826,10
9920,ESC. BASICA DIVINO JESUS,MAIPÚ,3,0,1,170,110
9922,ESCUELA PARTICULAR HOLANDA,ESTACIÓN CENTRAL,3,0,1,724,10
9923,ESCUELA INDUSTRIAL PARTICULAR CERRILLOS,CERRILLOS,3,0,3,0,0
9924,COLEGIO ALBERTO PEREZ,MAIPÚ,3,0,1,1509,10
9925,"COLEGIO, LICEO COMERCIAL SAN JOSE",MAIPÚ,3,0,3,0,0
9926,COLEGIO SOFIA INFANTE HURTADO,MAIPÚ,3,0,1,593,10
9928,ESCUELA PARTICULAR AMANECER,ESTACIÓN CENTRAL,3,0,1,87,110
9930,ESCUELA PARTICULAR JOSE ANTONIO LECAROS,ESTACIÓN CENTRAL,3,0,1,542,10
9932,ESCUELA PARTICULAR CHILDRENS SCHOOL,ESTACIÓN CENTRAL,3,0,3,0,0
9936,ESCUELA DE PARVULOS MADRESELVA,MAIPÚ,3,0,3,0,0
9937,LICEO MATER PURISSIMA,MAIPÚ,3,0,1,805,10
9939,ESCUELA BASICA CAMPOS DE MAIPU-CERRILLOS,CERRILLOS,3,0,1,982,10
9940,ESCUELA LICEO MADRE VICENCIA,ESTACIÓN CENTRAL,3,0,1,1106,110
9941,COLEGIO PARTICULAR DE ASIS,MAIPÚ,4,0,1,260,10
9942,"ESCUELA, COLEGIO POLITEC.H.DE MAGALLANES",ESTACIÓN CENTRAL,3,0,1,553,10
9943,ESCUELA DE PARVULOS ENANO GROUMPY,MAIPÚ,3,0,1,0,0
9945,COLEGIO ELLEN COLLEGE,MAIPÚ,3,0,1,373,10
9946,ESCUELA PARTICULAR LA MONTANA,MAIPÚ,3,0,1,169,10
9947,COLEGIO INDUSTRIAL PART. DON ORIONE,CERRILLOS,3,0,1,1633,110
9948,ESCUELA PARTICULAR SAINT RODRIC COLLEGE,CERRILLOS,3,0,1,151,110
9950,COLEGIO EL REDENTOR,MAIPÚ,3,0,1,722,10
9953,CENTRO EDUCACIONAL SAN ANDRES,MAIPÚ,3,0,1,363,10
9955,COLEGIO ROSITA SANCHEZ,MAIPÚ,3,0,1,449,110
9957,LICEO INDUSTRIAL ALBERTO WIDMER,MAIPÚ,3,0,1,855,310
9959,COMPLEJO EDUCACIONAL MAIPU,MAIPÚ,3,0,1,3208,10
9960,ESCUELA PARTICULAR VILLA ESPANA,ESTACIÓN CENTRAL,3,0,1,470,10
9963,COLEGIO PARTICULAR ESPECIAL JUAN XXIII,CERRILLOS,3,0,1,219,212
9967,ESCUELA PARTICULAR RUBEN DARIO,MAIPÚ,3,0,1,799,10
9968,ESCUELA ESPECIAL EDUCACIONAL AGAZZI,MAIPÚ,3,0,1,65,212
9970,COLEGIO SAN LEONARDO,MAIPÚ,4,0,3,0,0
9972,COLEGIO SAINT MAURICE S,CERRILLOS,3,0,1,675,10
9973,COLEGIO SANTA URSULA,MAIPÚ,3,0,1,628,10
9974,ESC. BASICA PART.SUBVENCIONADA LICAN-RAY,PUDAHUEL,3,0,3,0,0
9975,COLEGIO SISTER CLARA COLLEGE,MAIPÚ,4,0,3,0,0
9976,INSTITUTO HUMANIDADES BERNARDO O HIGGINS,MAIPÚ,4,0,3,0,0
9979,COLEGIO PETER COLLEGE,CERRILLOS,3,0,1,319,10
9980,ESCUELA DE PARVULOS RICITOS DE ORO,ESTACIÓN CENTRAL,3,0,3,0,0
9981,LICEO INDUSTRIAL DOMINGO MATTE PEREZ,MAIPÚ,5,0,1,493,310
9982,LICEO COMERCIAL MOLINA LAVIN,QUINTA NORMAL,5,0,1,918,310
9984,CENTRO DE DIAGNOSTICO,QUINTA NORMAL,1,0,3,0,0
9985,LICEO GUILLERMO LABARCA HUBERTSON,QUINTA NORMAL,1,0,1,551,165
9986,LICEO POLITECNICO CAPITAN DE CORBETA INFANTE DE MARINA PEDRO GONZÁLEZ PACHECO,QUINTA NORMAL,1,0,1,430,310
9987,ESCUELA PLATON,QUINTA NORMAL,1,0,1,288,10
9990,ESCUELA FCO.GARCIA HUIDOBRO,ESTACIÓN CENTRAL,2,0,3,0,0
9991,ESCUELA ABATE MOLINA,QUINTA NORMAL,1,0,1,267,10
9992,ESCUELA DIEGO PORTALES,QUINTA NORMAL,1,0,1,554,10
9993,ESCUELA INGLATERRA,QUINTA NORMAL,1,0,1,652,10
9994,ESCUELA ANGELMO,QUINTA NORMAL,1,0,1,374,10
9995,ESCUELA INSIGNE GABRIELA,QUINTA NORMAL,1,0,1,353,10
9996,ESCUELA ESPANA,QUINTA NORMAL,1,0,1,262,10
9998,ESCUELA LO FRANCO,QUINTA NORMAL,1,0,1,808,10
9999,ESCUELA ANTUMALAL,QUINTA NORMAL,1,0,1,271,10
10000,ESCUELA CALICANTO,QUINTA NORMAL,1,0,1,543,10
10001,ESCUELA MEMBRILLAR,QUINTA NORMAL,1,0,1,327,10
10004,ESCUELA LIBERTADOR BERNARDO O'HIGGINS,QUINTA NORMAL,1,0,3,0,0
10005,ESCUELA BASICA MUNICIPAL GRENOBLE,QUINTA NORMAL,1,0,1,842,10
10006,ESCUELA REPUBLICA DE LA INDIA,QUINTA NORMAL,1,0,1,714,10
10008,ESCUELA REPUBLICA DE COREA,QUINTA NORMAL,1,0,3,0,0
10009,ESCUELA CATAMARCA,QUINTA NORMAL,1,0,3,0,0
10010,MUSTAFA KEMAL ATATURK,LO PRADO,6,0,1,334,10
10012,ESCUELA GIL DE CASTRO,QUINTA NORMAL,1,0,1,214,10
10014,ESCUELA PARTICULAR ANDRES BELLO,QUINTA NORMAL,3,0,1,291,10
10015,ESCUELA OLGA NAVARRO SEPULVEDA,QUINTA NORMAL,3,0,1,939,10
10018,ESCUELA PARTICULAR JOSE JOAQUIN PEREZ,QUINTA NORMAL,3,0,1,169,10
10019,ESCUELA PARTICULAR SAN JOSE SCHOOL,ESTACIÓN CENTRAL,3,0,1,288,110
10021,ESCUELA PARTICULAR VICTOR HUGO,QUINTA NORMAL,3,0,1,347,10
10023,LICEO ALBERTO HURTADO,QUINTA NORMAL,3,0,1,571,110
10026,ESCUELA PARTICULAR MONTE GRANDE,CERRO NAVIA,3,0,1,305,110
10028,ESCUELA N°1124 ALIANZA AMERICANA,QUINTA NORMAL,3,0,1,241,10
10029,ESCUELA DE PARVULOS JARDIN INFANTIL TRICAHUE,QUINTA NORMAL,3,0,3,0,0
10030,LICEO POLIV.SAN JOSE DE LA PRECIOSA SANG,QUINTA NORMAL,3,0,1,2073,10
10031,ESCUELA BASICA COEDUCACIONAL LUCY,QUINTA NORMAL,3,0,2,0,0
10032,ESCUELA BASICA PARTICULAR  Nº 488 `ZENON TORREALBA`,QUINTA NORMAL,3,0,1,441,10
10035,ESCUELA PARTICULAR NUEVO HORIZONTE,QUINTA NORMAL,3,0,1,269,10
10036,ESCUELA PARTICULAR PDTE. ABRAHAM LINCOLN,QUINTA NORMAL,3,0,1,612,10
10041,COLEGIO SAINT MARK,QUINTA NORMAL,3,0,1,227,10
10042,COLEGIO BICENTENARIO ELVIRA HURTADO DE MATTE DE SANTIAGO,QUINTA NORMAL,3,0,1,1239,10
10044,CENTRO EDUCACIONAL ALBERTO HURTADO,QUINTA NORMAL,3,0,1,713,310
10046,ESCUELA PARTICULAR SAGRADA FAMILIA,QUINTA NORMAL,3,0,1,549,10
10050,ESCUELA DE PARVULOS LOS CAPULLITOS,QUINTA NORMAL,4,0,3,0,0
10052,LICEO POLITECNICO SAN FRANCISCO SOLANO,CERRO NAVIA,3,0,1,474,310
10053,ESCUELA DE PARVULOS REBECA MATTE,QUINTA NORMAL,3,0,3,0,0
10056,ESCUELA DIFERENCIAL LOS LIRIOS,QUINTA NORMAL,3,0,1,104,212
10058,COLEGIO POLIVALENTE PRINCIPE DE GALES,ESTACIÓN CENTRAL,3,0,1,1173,10
10059,ESCUELA INDUSTRIAL SIMON BOLIVAR,QUINTA NORMAL,3,0,3,0,0
10063,ESCUELA PARTICULAR CARMEN CHACON,QUINTA NORMAL,3,0,1,168,10
10064,ESCUELA PARTICULAR MARIA CRISTINA,QUINTA NORMAL,3,0,1,293,10
10066,ESCUELA ESPECIAL LAS VIOLETAS,ESTACIÓN CENTRAL,3,0,2,0,0
10068,ESC. CRISTIAN AND CAREN SCHOOL II,CERRO NAVIA,3,0,2,0,0
10069,COLEGIO MARQUEL,QUINTA NORMAL,3,0,1,1452,10
10070,ESCUELA PARTICULAR HERNAN CORTES,QUINTA NORMAL,3,0,3,0,0
10072,ESCUELA BASICA REINO DE HOLANDA,ESTACIÓN CENTRAL,3,0,3,0,0
10073,LICEO BICENTENARIO INDUSTRIAL VICENTE PEREZ ROSALES,QUINTA NORMAL,5,0,1,704,310
10074,ESCUELA ALIANZA,CERRO NAVIA,6,0,1,206,10
10075,LICEO POLIVALENTE LOS HEROES DE LA CONCEPCIÓN,CERRO NAVIA,6,0,1,423,310
10076,COMPLEJO EDUCACIONAL PEDRO PRADO,LO PRADO,6,0,1,930,10
10077,LICEO MUN. CENTRO EDUCACIONAL PUDAHUEL,PUDAHUEL,6,0,1,411,310
10078,ESCUELA MONSENOR MANUEL LARRAIN,PUDAHUEL,6,0,3,0,0
10080,ESCUELA TENIENTE HERNAN MERINO CORREA,PUDAHUEL,6,0,1,344,10
10081,ESCUELA ESTRELLA DE CHILE,PUDAHUEL,6,0,1,1001,10
10083,ESCUELA PRESIDENTE ROOSEVELT,CERRO NAVIA,6,0,1,388,10
10085,ESCUELA ESTADO DE FLORIDA,PUDAHUEL,6,0,1,591,10
10086,ESCUELA REPUBLICA DE ITALIA,CERRO NAVIA,6,0,1,239,10
10087,LICEO REPUBLICA DE CROACIA,CERRO NAVIA,6,0,1,515,10
10088,ESCUELA HERMINDA DE LA VICTORIA,CERRO NAVIA,6,0,1,229,10
10089,ESCUELA JAIME GOMEZ GARCIA,LO PRADO,6,0,1,550,10
10090,ESCUELA ALEXANDER GRAHAM BELL,PUDAHUEL,6,0,1,446,10
10091,LICEO PROFESORA GLADYS VALENZUELA,LO PRADO,6,0,1,536,10
10092,ESCUELA GOLDA MEIR,LO PRADO,6,0,1,322,10
10093,ESCUELA MILLAHUE,CERRO NAVIA,6,0,1,212,10
10094,ESCUELA VIOLETA PARRA,CERRO NAVIA,6,0,3,0,0
10095,ESCUELA IGNACIO CARRERA PINTO,LO PRADO,6,0,1,189,10
10097,ESCUELA MARISCAL DE AYACUCHO,LO PRADO,6,0,1,220,10
10098,ESCUELA PROVINCIA DE ARAUCO,CERRO NAVIA,6,0,1,235,10
10099,ESCUELA GENERAL RENE ESCAURIAZA,CERRO NAVIA,6,0,1,290,10
10100,ESCUELA EL SALITRE,PUDAHUEL,6,0,1,257,10
10102,ESCUELA ALBERT EINSTEIN,PUDAHUEL,6,0,1,192,10
10103,ESCUELA SOR TERESA DE LOS ANDES,LO PRADO,6,0,1,533,10
10104,ESCUELA MONSENOR CARLOS OVIEDO,PUDAHUEL,6,0,1,318,10
10105,ESCUELA FEDERICO ACEVEDO SALAZAR,CERRO NAVIA,6,0,1,512,10
10106,LICEO BICENTENARIO POETA PABLO NERUDA,LO PRADO,6,0,1,843,10
10107,ESCUELA BASICA PAULO FREIRE,CERRO NAVIA,6,0,1,254,10
10108,ESCUELA LEONARDO DA VINCI,CERRO NAVIA,6,0,1,248,10
10109,ESCUELA DOCTOR TREVISO GIRARDI TONELLI,CERRO NAVIA,6,0,1,227,10
10110,ESCUELA FRANCISCO OCHAGAVIA HURTADO,PUDAHUEL,6,0,2,0,0
10111,ESCUELA INTENDENTE SAAVEDRA,CERRO NAVIA,6,0,3,0,0
10112,ESCUELA SANTANDER DE ESPANA,CERRO NAVIA,6,0,2,0,0
10113,ESCUELA ELVIRA SANTA CRUZ OSSA,PUDAHUEL,6,0,1,453,10
10114,ESCUELA BASICA N°389 REPUBLICA DE ESTADOS UNIDOS,LO PRADO,6,0,1,408,10
10116,COLEGIO NEPTUNO,CERRO NAVIA,6,0,1,436,10
10117,ESCUELA MARIA LUISA BOMBAL,CERRO NAVIA,6,0,1,291,10
10118,ESCUELA BASICA ATATURK,LO PRADO,6,0,3,0,0
10119,ESCUELA POETA VICENTE HUIDOBRO,LO PRADO,6,0,1,382,10
10120,LICEO DE ADULTOS ALBERTO GALLEGUILLOS J.,PUDAHUEL,6,0,1,364,363
10121,ESCUELA CIUDAD SANTO DOMINGO DE GUZMAN,CERRO NAVIA,6,0,1,228,10
10122,ESCUELA PROF. MANUEL GUERRERO CEBALLOS,CERRO NAVIA,6,0,1,427,10
10123,ESCUELA BASICA MELVIN JONES,PUDAHUEL,6,0,1,473,10
10124,ESCUELA SAN DANIEL,PUDAHUEL,6,0,1,323,10
10125,ESCUELA SARGENTO CANDELARIA,CERRO NAVIA,6,0,1,203,10
10126,COMPLEJO EDUCACIONAL CERRO NAVIA,CERRO NAVIA,6,0,1,428,10
10127,ESC.DE EDUCACION DIFERENCIAL QUILLAHUE,LO PRADO,6,0,1,203,212
10128,ESCUELA CENTRO EDUC.INTEGRAL DE ADULTOS,LO PRADO,6,0,1,458,165
10130,LICEO CIUDAD DE BRASILIA,PUDAHUEL,6,1,1,483,10
10133,ESCUELA BASICA G-N°320 LIPANGUE,LAMPA,1,1,1,62,110
10134,ESC.COMODORO ARTURO MERINO BENITEZ,PUDAHUEL,6,1,1,368,10
10135,ESCUELA LO BOZA,PUDAHUEL,6,1,1,256,10
10136,ESCUELA PARTICULAR HORIZONTE,PUDAHUEL,3,0,3,0,0
10139,ESCUELA PARTICULAR HELEN RACHEL`S SCHOOL,PUDAHUEL,3,0,3,0,0
10140,ESCUELA PARTICULAR FRINGS COLLEGE,LO PRADO,3,0,1,459,10
10142,ESCUELA BASICA PARTICULAR N°811 DRA.VICTORIA GARCIA,LO PRADO,3,0,1,181,10
10143,ESCUELA PARTICULAR ESPANA,CERRO NAVIA,3,0,1,308,10
10147,ESCUELA PARTICULAR BABILONIA,LO PRADO,3,0,1,426,10
10148,ESCUELA EDUC ESPECIAL DR RICARDO OLEA G,LO PRADO,3,0,3,0,0
10149,ESCUELA PARTICULAR RAPA NUI,LO PRADO,3,0,1,381,10
10150,ESCUELA PARTICULAR JOSE MIGUEL CARRERA,PUDAHUEL,3,0,3,0,0
10151,COLEGIO CRISTIAN AND CAREN SCHOOL,CERRO NAVIA,3,0,1,593,10
10152,ESCUELA PARTICULAR ANDANTINO,PUDAHUEL,3,0,1,409,10
10155,ESCUELA CHARLES SCHOOL-DIURNA,CERRO NAVIA,3,0,1,303,10
10156,ESCUELA JARDIN LO PRADO,LO PRADO,3,0,1,354,10
10157,COLEGIO MINISTRO DIEGO PORTALES,PUDAHUEL,3,0,1,669,10
10158,COLEGIO BICENTENARIO SAN DAMIAN DE MOLOKAI,CERRO NAVIA,3,0,1,1092,10
10159,ESCUELA PARTICULAR ROBERT KENNEDY,CERRO NAVIA,3,0,1,267,10
10160,ESCUELA BAS. COLEGIO BAU,LO PRADO,3,0,1,784,10
10162,LICEO TENIENTE DAGOBERTO GODOY NO.3,LO PRADO,3,0,1,1536,10
10164,COLEGIO SAN FRANCISCO JAVIER,CERRO NAVIA,3,0,1,1014,10
10167,ESCUELA BASICA N°1058 SANTA BEATRIZ,PUDAHUEL,3,0,1,714,10
10168,ESCUELA PARTICULAR SAN VICENTE FERRER,CERRO NAVIA,3,0,1,743,10
10171,ESCUELA PARTICULAR VILLA LOURDES,LO PRADO,3,0,1,598,10
10172,ESC BAS PART CENTRO EDUCACIONAL SN PABLO,CERRO NAVIA,3,0,1,363,10
10173,ESCUELA PART. SUNS SCHOOL,PUDAHUEL,3,0,1,242,10
10176,ESCUELA PARTICULAR ESPECIAL RENACER,LO PRADO,3,0,1,71,212
10181,ESCUELA INDUSTRIAL PUDAHUEL,PUDAHUEL,3,0,3,0,0
10182,ESCUELA  BASICA  N° 912 ELLEN  COLLEGE,PUDAHUEL,3,0,1,342,10
10183,ESCUELA PARTICULAR CARLOS PEZOA VELIZ,CERRO NAVIA,3,0,1,160,10
10184,ESCUELA PARTICULAR EUSEBIO LILLO,CERRO NAVIA,3,0,3,0,0
10186,ESCUELA PARTICULAR LA FRONTERA,CERRO NAVIA,3,0,1,455,10
10187,COLEGIO BICENTENARIO MADRE ANA EUGENIA,PUDAHUEL,3,0,1,1674,10
10190,ESCUELA PARTICULAR COLEGIO CHILENO,CERRO NAVIA,3,0,2,0,0
10191,ESCUELA PARTICULAR LA CIUDAD EDUCATIVA,PUDAHUEL,3,0,1,103,110
10193,COLEGIO POLIV. SAINT ORLAND N 3,CERRO NAVIA,3,0,1,1220,10
10195,ESCUELA DE PARVULOS N°1168 PINOCHO,LO PRADO,4,0,1,0,0
10196,LICEO INDUSTRIAL BICENTENARIO BENJAMIN DAVILA LARRAIN,RENCA,5,0,1,798,310
10197,ESCUELA JUANA DE LESTONAC,RENCA,1,0,1,251,10
10199,LICEO POLIVALENTE A80 PRESIDENTE JOSE MANUEL BALMACEDA,INDEPENDENCIA,2,0,1,951,10
10200,ESCUELA BASICA ISABEL LE BRUN,RENCA,1,0,1,737,10
10201,LICEO THOMAS ALVA EDISON,RENCA,1,0,1,350,10
10202,ESCUELA DOMINGO SANTA MARIA GONZALEZ,RENCA,1,0,1,547,10
10203,LICEO MUNICIPAL FRANCISCO INFANTE ABBOT,RENCA,1,0,3,0,0
10204,ESCUELA CAPITAN JOSE LUIS ARANEDA,RENCA,1,0,1,305,10
10205,ESCUELA GENERAL MANUEL BULNES PRIETO,RENCA,1,0,1,316,10
10207,ESCUELA REBECA MATTE BELLO,RENCA,1,0,1,954,10
10210,LICEO GENERAL ALEJANDRO GOROSTIAGA ORREGO,RENCA,1,0,1,436,10
10211,ESCUELA BASICA CORBETA ESMERALDA,RENCA,1,0,3,0,0
10212,ESCUELA JUANA ATALA DE HIRMAS,RENCA,1,0,1,448,10
10216,ESC. BASICA MONSERRAT ROBERT DE GARCIA,RENCA,1,0,1,300,10
10217,COLEGIO PARTICULAR HELENICO,RENCA,3,0,1,181,10
10218,INDUSTRIAL SAN SEBASTIAN,RENCA,3,0,3,0,0
10219,COLEGIO CORAZON DE JESUS DE RENCA,RENCA,3,0,1,207,10
10220,COLEGIO PRESIDENTE ALESSANDRI,INDEPENDENCIA,3,0,1,1201,10
10221,COLEGIO PARTICULAR CHARLES DARWIN,RENCA,3,0,1,389,10
10222,COLEGIO PART.SAN MAURICIO,RENCA,3,0,3,0,0
10223,LICEO SANTA TERESITA,INDEPENDENCIA,3,0,1,693,310
10224,COLEGIO ARTURO TORO AMOR,INDEPENDENCIA,3,0,1,1221,10
10225,ESCUELA PARTIC. COLEGIO BALMACEDA-RENCA,RENCA,3,0,1,261,10
10226,ESCUELA PARTICULAR SAN GENARO,RENCA,3,0,1,610,10
10228,ESCUELA PARTICULAR PRIMITIVA ECHEVERRIA,RENCA,3,0,1,618,10
10229,ESCUELA PARTICULAR JOSE BERNARDO SUAREZ,RENCA,3,0,1,205,10
10232,COLEG. POLIV. SANTA MARIA DE LA PROVIDENCIA,RENCA,3,0,1,728,10
10233,ESCUELA PARTICULAR SAN FIDEL,RENCA,3,0,1,573,10
10234,ESCUELA ESPECIAL PARTICULAR ESPERANZA,RENCA,3,0,1,98,212
10235,ESCUELA BASICA  N° 878  LOS ACACIOS,RENCA,3,0,1,278,10
10236,ESCUELA BASICA SN ISIDRO DE PERALILLO,LAMPA,3,0,3,0,0
10237,ESCUELA BASICA SAN NICOLAS,INDEPENDENCIA,3,0,3,0,0
10239,ESCUELA ESTADO DE MICHIGAN,QUILICURA,2,0,1,658,10
10240,ESCUELA LUIS CRUZ MARTINEZ,QUILICURA,2,0,1,1322,10
10241,ESCUELA BASICA EL MANIO,QUILICURA,2,0,1,312,10
10242,ESCUELA BASIC.SOLDADO HEROE MIGUEL PRADO,QUILICURA,2,1,2,0,0
10245,PARROQUIAL NUESTRA SEÑORA DEL CARMEN DE QUILICURA,QUILICURA,3,1,1,803,10
10246,COLEGIO POLIV. SANTA MARIA,QUILICURA,3,0,1,2037,10
10247,ESCUELA BASICA PART PAULA JARAQUEMADA,QUILICURA,3,0,1,1233,10
10248,LICEO INSTITUTO TECNOLOGICO Y COMERCIAL RECOLETA-INTECO,RECOLETA,5,0,1,749,310
10249,C DIAGNOSTICO,CONCHALÍ,1,0,3,0,0
10250,CENTRO EDUCACIONAL BICENTENARIO DE EXCELENCIA DE HUECHURABA,HUECHURABA,2,0,1,775,110
10251,LICEO POETA FEDERICO GARCIA LORCA,CONCHALÍ,1,0,1,631,10
10252,LICEO ARTURO PEREZ CANTO,RECOLETA,2,0,1,663,10
10253,LICEO POLIV. ABDON CIFUENTES,CONCHALÍ,1,0,1,1134,10
10254,CENTRO EDUCACIONAL JOSE MIGUEL CARRERA,RECOLETA,2,0,1,413,110
10255,COMPLEJO EDUCACIONAL JUANITA FERNANDEZ SOLAR,RECOLETA,2,0,1,684,310
10257,ESCUELA SARGENTO 2. DANIEL REBOLLEDO,RECOLETA,2,0,1,484,10
10259,LICEO ALBERTO BLEST GANA,CONCHALÍ,1,0,1,827,10
10260,ESCUELA UNESCO,CONCHALÍ,1,0,1,280,10
10262,ESCUELA ESPANA,RECOLETA,2,0,1,445,10
10263,ESCUELA D-114,CONCHALÍ,1,0,1,279,10
10264,ESCUELA SOL NACIENTE,CONCHALÍ,1,0,1,321,10
10265,ESCUELA HORACIO JOHNSON GANA,CONCHALÍ,1,0,1,289,10
10266,ESCUELA DRA.ELOISA DIAZ INSUNZA,CONCHALÍ,1,0,1,504,10
10267,ESCUELA ESCRITORA MARCELA PAZ,RECOLETA,2,0,1,227,10
10268,ESCUELA PUERTO RICO,RECOLETA,2,0,1,373,10
10269,LICEO MUNC.ALMIRANTE GALVARINO RIVEROS,CONCHALÍ,1,0,1,346,10
10270,CENTRO EDUC.ESCRITORES DE CHILE,RECOLETA,2,0,1,372,10
10271,ESCUELA ARAUCARIAS DE CHILE,CONCHALÍ,1,0,1,280,10
10272,ESCUELA BASICA CARLOS PRATS G.,HUECHURABA,2,0,1,529,10
10273,ESCUELA VALLE DEL INCA,CONCHALÍ,1,0,1,344,10
10274,ESCUELA BASICA COPENHAGUE,HUECHURABA,2,0,3,0,0
10277,ESCUELA ADELAIDA LA FETRA,HUECHURABA,2,0,1,614,10
10278,ESCUELA PEDRO AGUIRRE CERDA,CONCHALÍ,1,0,1,279,10
10279,ESCUELA ALLIPEN,CONCHALÍ,1,0,1,295,10
10280,ESCUELA BÁSICA POETA EUSEBIO LILLO,CONCHALÍ,1,0,1,316,10
10281,ESCUELA ATENEA,CONCHALÍ,1,0,1,411,10
10282,ESCUELA LUIS GALDAMES,INDEPENDENCIA,2,0,1,291,10
10283,ESCUELA AVIADOR DAGOBERTO GODOY F.,CONCHALÍ,1,0,1,463,10
10284,ESCUELA REPUBLICA DEL PERU,RECOLETA,2,0,3,0,0
10285,ESCUELA SANTA VICTORIA DE HUECHURABA,HUECHURABA,2,0,1,401,10
10286,ESCUELA BASICA,CONCHALÍ,1,0,3,0,0
10288,ESCUELA BASICA LIKAN-ANTAI,CONCHALÍ,1,0,1,163,10
10290,ESCUELA LAS CANTERAS,HUECHURABA,2,0,1,355,10
10291,ESCUELA VICTOR CUCCUINI,RECOLETA,2,0,1,304,10
10293,ESCUELA ESP. HUMBERTO ARANDA IRRIBARREN,CONCHALÍ,1,0,1,78,212
10295,ESCUELA ROMULO GALLEGOS,RECOLETA,2,0,3,0,0
10300,ESCUELA MARTA COLVIN,RECOLETA,2,0,1,202,10
10301,ESCUELA CAMILO HENRIQUEZ,CONCHALÍ,1,0,1,380,10
10302,ESCUELA ANNE ELEONOR ROOSEVELT,RECOLETA,2,0,1,156,10
10305,ESCUELA SANTIAGO DE GUAYAQUIL,HUECHURABA,2,0,1,362,10
10306,ESCUELA MUN.HERMANA MARIA GORETTI,RECOLETA,2,0,1,199,10
10307,ESCUELA RAFAEL VALDIVIESO,RECOLETA,2,0,1,603,10
10309,ESCUELA EDUC.DIF. STA. TERESA DE AVILA,RECOLETA,2,0,1,282,212
10312,LICEO PDTE.ARTURO ALESSANDRI-DIURNO,RECOLETA,3,0,3,0,0
10313,COLEGIO POLIV. ALEJANDRO FLORES,RECOLETA,3,0,1,1119,10
10314,ESCUELA BASICA PARTICULAR ALBORADA,CONCHALÍ,3,0,3,0,0
10315,COLEGIO CRISTOBAL COLON,CONCHALÍ,3,0,1,850,10
10320,LICEO AVENIDA RECOLETA,RECOLETA,3,0,1,1507,10
10321,LICEO LAS AMERICAS MODERNAS,INDEPENDENCIA,3,0,1,194,110
10322,LICEO PART.SUBVENCIONADO AVDA PRINCIPAL,CONCHALÍ,3,0,3,0,0
10324,ESCUELA JOSE ABELARDO NUÑEZ Nº 3,HUECHURABA,3,0,1,935,10
10326,ESCUELA PARTICULAR SAN JOSE,RECOLETA,3,0,1,629,10
10327,ESCUELA PARTICULAR SANTA TERESITA,INDEPENDENCIA,3,0,1,812,10
10328,ESCUELA PARTICULAR SANTA TERESITA,INDEPENDENCIA,3,0,3,0,0
10329,COLEGIO LIBERTADOR SAN MARTIN,CONCHALÍ,3,0,1,941,10
10330,ESCUELA PARTICULAR PDTE.A.ALESSANDRI,RECOLETA,3,0,3,0,0
10331,COLEGIO ISABEL RIQUELME,RECOLETA,3,0,1,179,10
10332,ESCUELA PARTICULAR EL CARMEN,CONCHALÍ,3,0,1,1072,10
10333,ESCUELA PARTICULAR N.SRA.DE GUADALUPE,RECOLETA,3,0,1,676,10
10334,ESCUELA PATROCINIO EL SEMBRADOR N 2,CONCHALÍ,3,0,1,352,10
10335,ESCUELA SAN JORGE,INDEPENDENCIA,3,0,1,238,10
10336,ESCUELA PARTICULAR SAN DIEGO,CONCHALÍ,3,0,1,1474,10
10337,COLEGIO MATER DOLOROSA,HUECHURABA,3,0,1,801,10
10338,ESCUELA BASICA SANTO DOMINGO,RECOLETA,3,0,1,526,10
10340,ESCUELA PARTICULAR MANUEL RODRIGUEZ,RECOLETA,3,0,3,0,0
10341,ESCUELA BASICA PART. THE LITTLE SCHOOL,CONCHALÍ,3,0,1,400,110
10343,ESCUELA BASICA PARTICULAR NAVIDAD,RECOLETA,3,0,3,0,0
10344,COLEGIO HELLEN´S COLLEGE,CONCHALÍ,3,0,1,1120,10
10345,ESCUELA PARTICULAR FRANCISCO BILBAO,RECOLETA,3,0,1,909,10
10346,ESCUELA BASICA INES DE SUAREZ,CONCHALÍ,3,0,1,184,10
10348,ESCUELA BASICA PART.MARY ANNE SCHOOL,CONCHALÍ,3,0,1,422,10
10349,ESC. PART. SANTA CLARA,CONCHALÍ,3,0,2,0,0
10350,COLEGIO ELENA BETTINI,INDEPENDENCIA,3,0,1,804,10
10351,ESCUELA PARTICULAR PARQUE ASUNCION,CONCHALÍ,3,0,1,658,10
10352,LICEO BICENTENARIO NUEVA AURORA DE CHILE,RECOLETA,3,0,1,675,10
10353,ESCUELA ESPECIAL PARTICULAR LA PIRAMIDE,RECOLETA,3,0,1,44,212
10355,COLEGIO PARTICULAR JUAN PABLO,INDEPENDENCIA,3,0,1,489,10
10358,ESC. PART. BLUE BELL,CONCHALÍ,3,0,3,0,0
10359,ESCUELA PART. SANTA LUISA DE MARILLAC,HUECHURABA,3,0,1,417,10
10361,ESCUELA PARTICULAR ZOLTAN DIENES,CONCHALÍ,3,0,1,345,10
10362,ESCUELA PARTICULAR HNAS.AGAZZI,CONCHALÍ,3,0,1,84,212
10363,ESCUELA PARTICULAR JAIME EYZAGUIRRE,RECOLETA,3,0,1,183,10
10364,ESCUELA BÁSICA Nº 953 JOSE ARTIGA,RECOLETA,3,0,1,682,10
10365,ESCUELA BAS. ISABEL GONZALEZ CARES,CONCHALÍ,3,0,1,353,10
10371,ESCUELA PARTICULAR ANDRES ALBERTO,CONCHALÍ,3,0,3,0,0
10372,ESCUELA PARTICULAR ISLA DE PASCUA,INDEPENDENCIA,3,0,1,333,10
10375,ESCUELA PARTICULAR RUTH,CONCHALÍ,3,0,1,50,214
10376,ESCUELA BÀSICA Nº 1090 UNIÒN LATINOAMERICANA,CONCHALÍ,3,0,1,193,10
10377,LICEO POLIVALENTE SAINT ANDREWS,LAMPA,3,0,1,487,10
10384,ESCUELA BASICA PART.BRIGIDA WALKER,RECOLETA,3,0,1,45,10
10385,ESCUELA PART. ADVENTISTA SANTIAGO NORTE,CONCHALÍ,3,0,1,549,10
10386,ESCUELA ESPECIAL BELLA ESPERANZA,QUILICURA,3,0,1,124,212
10388,ESCUELA BASICA FRANKLIN DELANO ROOSEVELT,CONCHALÍ,4,0,3,0,0
10393,ESCUELA DE PARVULOS N° 748 SANTA CATALINA,CONCHALÍ,4,0,3,0,0
10394,ESCUELA DE PARVULOS JARDIN INFANTIL CUA-CUA,CONCHALÍ,4,0,3,0,0
10395,ESCUELA DE PARVULOS MARIANNE,CONCHALÍ,4,0,3,0,0
10396,LICEO POLIVALENTE RAFAEL DONOSO CARRASCO,RECOLETA,5,0,1,637,310
10397,LICEO INDUSTRIAL DE RECOLETA,RECOLETA,5,0,1,388,310
10398,LICEO REBECA OLIVARES BENITEZ,COLINA,1,0,1,821,165
10399,LICEO POLIVALENTE RIGOBERTO FONTT I.,COLINA,1,0,1,1282,310
10400,ESCUELA BASICA MARCOS GOOYCOLEA CORTES,COLINA,1,0,1,791,10
10401,ESCUELA BASICA SANTA TERESA DEL CARMELO,COLINA,1,0,1,1028,10
10402,ESCUELA ESPECIAL ERNESTO SOTO NEGRETE,COLINA,1,0,1,141,212
10403,ESCUELA PREMIO NOBEL PABLO NERUDA,COLINA,1,0,1,709,10
10404,ANDALIEN DE COLINA,COLINA,1,0,1,690,10
10405,LICEO ESMERALDA,COLINA,1,0,1,1089,10
10407,ESCUELA BASICA ALGARROBAL,COLINA,1,0,1,670,10
10408,LICEO PELDEHUE,COLINA,1,1,1,565,110
10409,ESC.BASICA FRANCISCO PETRINOVIC KARLOVAC,COLINA,1,0,1,339,10
10410,ESCUELA BASICA SAN VICENTE DE LO ARCAYA,COLINA,1,0,1,359,10
10411,ESCUELA BASICA SANTA MARTA DE LIRAY,COLINA,1,1,1,512,10
10412,ESCUELA SAN FRANCISCO DE ASIS,COLINA,1,0,1,213,10
10413,ESCUELA PARTICULAR PAPELUCHO,COLINA,3,0,1,429,10
10415,ESCUELA PARTICULAR DESIREE,COLINA,3,0,1,2266,10
10416,CENTRO DE TRATAMIENTO INTEGRAL LOS LAURELES,COLINA,3,1,1,92,217
10418,ESCUELA PARTICULAR JUAN CALVINO,COLINA,3,1,3,0,0
10419,LICEO BICENTENARIO MANUEL PLAZA REYES DE LAMPA,LAMPA,1,0,1,1164,310
10420,ESCUELA MANUEL SEGOVIA MONTENEGRO,LAMPA,1,0,1,1272,10
10421,ESCUELA REPUBLICA DE POLONIA,LAMPA,1,0,1,341,10
10422,ESCUELA BASICA CACIQUE COLIN,LAMPA,1,0,1,579,10
10424,ESCUELA SANTA  BARBARA,LAMPA,1,0,1,359,10
10425,ESCUELA POLONIA GUTIERREZ C.,LAMPA,1,0,1,812,10
10426,ESCUELA BASICA F-N°371 SANTA ROSA DE LAMPA,LAMPA,1,1,1,235,10
10427,ESCUELA BASICA F - N°372 SANTA SARA,LAMPA,1,1,1,269,10
10428,ESCUELA BASICA PROFESOR OMAR ARANDA ARAYA,LAMPA,1,1,1,184,10
10429,NORMA GONZÁLEZ GUERRA,LAMPA,1,1,1,308,10
10430,ESCUELA BASICA SAN SEBASTIAN DE BATUCO,LAMPA,3,0,1,705,10
10431,ESC. ESPECIAL PADRE LUIS GUANELLA,LAMPA,3,1,1,72,212
10432,LICEO POLIVALENTE MANUEL RODRIGUEZ,TILTIL,1,0,1,720,10
10433,LICEO HUERTOS FAMILIARES,TILTIL,1,1,1,557,10
10434,ESCUELA ANGEL C. ASTORGA,TILTIL,1,1,3,0,0
10435,ESCUELA BASICA G-N°345 RUNGUE,TILTIL,1,1,1,130,10
10436,ESCUELA BASICA G-N° 346,TILTIL,1,1,1,220,10
10439,ESCUELA BASICA G-N°348,TILTIL,1,1,1,15,110
10441,ESCUELA BASICA G-N°349,TILTIL,1,1,1,52,110
10442,ESCUELA BASICA G-N°350,TILTIL,1,1,1,14,110
10443,LICEO MONTENEGRO,TILTIL,1,1,1,99,10
10444,ESCUELA BASICA G-N°352 PLAZUELA DE POLPAICO,TILTIL,1,1,1,161,10
10447,ESCUELA PARTICULAR LA MERCED,TILTIL,3,0,1,436,10
10449,ESCUELA CAMINO DE LUZ,PUENTE ALTO,1,0,1,314,165
10450,ESCUELA CONSOLIDADA,PUENTE ALTO,1,0,1,1256,10
10451,LICEO GENERAL PEDRO LAGOS,PUENTE ALTO,1,0,3,0,0
10452,LICEO PUENTE ALTO,PUENTE ALTO,1,0,1,240,310
10453,LICEO IND. MUNICIPALIZADO A N_ 116,PUENTE ALTO,1,0,1,647,510
10455,LICEO SAN GERONIMO,PUENTE ALTO,1,0,1,540,10
10456,LICEO COMERCIAL DE PUENTE ALTO,PUENTE ALTO,1,0,1,470,410
10457,COLEGIO MAIPO,PUENTE ALTO,1,0,1,724,10
10458,ESCUELA VILLA INDEPENDENCIA,PUENTE ALTO,1,0,1,618,10
10459,ESCUELA REPUBLICA DE GRECIA,PUENTE ALTO,1,0,1,312,10
10460,CENTRO EDUCACIONAL NUEVA CREACION,PUENTE ALTO,1,0,1,413,212
10461,ESCUELA LOS ANDES,PUENTE ALTO,1,0,1,367,10
10462,ESCUELA NONATO COO,PUENTE ALTO,1,0,1,228,110
10464,ESCUELA VILLA PEDRO AGUIRRE CERDA,PUENTE ALTO,1,0,1,299,10
10465,ESCUELA EJERCITO LIBERTADOR,PUENTE ALTO,1,0,1,565,10
10466,ESCUELA LOS PIMIENTOS,PUENTE ALTO,1,0,2,0,0
10467,ESCUELA MANUEL PLAZA,PUENTE ALTO,1,0,2,0,0
10469,ESCUELA ESPECIAL CREACION,PUENTE ALTO,1,0,3,0,0
10470,LICEO MUNIC.ING.MILITAR JUAN MACKENA O.,PUENTE ALTO,1,0,1,835,10
10472,ESCUELA CASAS VIEJAS,PUENTE ALTO,1,0,1,435,10
10473,ESCUELA OSCAR BONILLA,PUENTE ALTO,1,0,1,425,10
10474,ESCUELA LUIS MATTE LARRAIN,PUENTE ALTO,1,0,1,733,10
10475,ESCUELA GABRIELA,PUENTE ALTO,1,0,1,723,10
10476,ESCUELA LAS PALMAS,PUENTE ALTO,1,0,1,822,10
10478,ESCUELA SAN LUIS GONZAGA,PUENTE ALTO,3,0,1,636,10
10479,COLEGIO ESTELA SEGURA,PUENTE ALTO,3,0,1,804,110
10480,ESCUELA PIERRE VAYER,PUENTE ALTO,3,0,1,70,212
10481,LICEO INDUSTRIAL DOMINGO MATTE MESIAS,PUENTE ALTO,3,0,3,0,0
10482,COLEGIO ARTURO PRAT,PUENTE ALTO,3,0,1,395,10
10484,COLEGIO CORDILLERA,PUENTE ALTO,3,0,1,620,10
10486,ESCUELA JAVIERA CARRERA,PUENTE ALTO,3,0,3,0,0
10487,COLEGIO POLIVALENTE DOMINGO MATTE MESIAS,PUENTE ALTO,3,0,1,3648,10
10488,ESCUELA GENOVEVA MOLL BRIONES,PUENTE ALTO,3,0,1,475,10
10489,LICEO NUESTRA SENORA DE LAS MERCEDES,PUENTE ALTO,3,0,1,1038,10
10490,ESCUELA EMANUEL,PUENTE ALTO,3,0,3,0,0
10491,ESCUELA SANTA JOAQUINA DE VEDRUNA,PUENTE ALTO,3,0,1,1017,10
10492,COLEGIO CRISTIANO BELEN,PUENTE ALTO,3,0,1,422,10
10493,COLEGIO INGLES SAN LUIS GONZAGA II,PUENTE ALTO,3,0,1,742,110
10494,ESCUELA ADELAIDA INFANTE DE LIRA,PUENTE ALTO,3,0,3,0,0
10495,ESC. PART. SAN ANDRES,PUENTE ALTO,3,0,1,570,10
10496,ESCUELA INDUSTRIAL LAS NIEVES,PUENTE ALTO,3,1,1,714,510
10497,ESC. PARTICULAR JOSEFINA GANA DE J.,PUENTE ALTO,3,1,1,698,10
10498,ESCUELA ESPECIAL EL TRANQUE,PUENTE ALTO,3,0,3,0,0
10500,COLEGIO POLIV. EL ALBORADA,PUENTE ALTO,3,0,1,1078,10
10501,COLEGIO POLIV. PROFESOR ILDEFONSO CALDERON,PUENTE ALTO,3,0,1,482,10
10502,ESCUELA PARTICULAR MIGUEL CRUCHAGA T.,PUENTE ALTO,3,1,1,474,110
10503,COLEGIO EDUC.PART. COMP.DE MARIA P. ALTO,PUENTE ALTO,3,0,1,1255,10
10505,LICEO POLIVALENTE MARIA REINA,PUENTE ALTO,3,0,1,929,10
10506,COLEGIO SENDA DEL SABER,PUENTE ALTO,3,0,1,870,10
10507,LICEO BICENTENARIO TÉCNICO LAS NIEVES,PUENTE ALTO,3,1,1,749,510
10509,ESCUELA BASICA LOS PINOS,PUENTE ALTO,3,0,3,0,0
10512,COLEGIO LOS AROMOS,PUENTE ALTO,4,0,1,274,110
10513,COLEGIO PARTICULAR NIDAL,PUENTE ALTO,4,0,1,129,110
10515,ESCUELA DOMINGO FAUSTINO SARMIENTO,PUENTE ALTO,3,0,1,641,10
10516,LICEO MUNIC. TEC. PROF. EL LLANO,PIRQUE,1,0,1,771,10
10517,ESCUELA SANTA RITA,PIRQUE,1,1,2,0,0
10519,ESCUELA BASICA G-N°646 LO ARCAYA,PIRQUE,1,1,1,350,10
10520,LICEO  EL PRINCIPAL,PIRQUE,1,1,1,1076,10
10522,ESCUELA BASICA G-N°643 SAN JUAN DE PIRQUE,PIRQUE,1,1,1,173,10
10524,ESCUELA BASICA G-841 SANTOS RUBIO MORALES,PIRQUE,1,0,1,334,10
10525,ESC FAM AGRIC DOLORES VALDES DE COVARRUB,PIRQUE,3,1,3,0,0
10526,LICEO POLIVALENTE SAN JOSE DE MAIPO,SAN JOSÉ DE MAIPO,1,0,1,406,310
10527,ESCUELA JULIETA BECERRA ALVAREZ,SAN JOSÉ DE MAIPO,1,0,1,400,10
10528,ESCUELA GABRIELA TOBAR PARDO,SAN JOSÉ DE MAIPO,1,1,1,244,10
10529,ESCUELA BASICA F-N°638 EL MELOCOTON,SAN JOSÉ DE MAIPO,1,1,1,118,10
10530,ESCUELA BASICA F-N°629 DE CONCENTRACION FRONTERIZA,SAN JOSÉ DE MAIPO,1,1,1,135,10
10531,ESCUELA BOCATOMA MAITENES,SAN JOSÉ DE MAIPO,1,1,3,0,0
10532,ESCUELA BASICA G-N°631 FRONTERIZA,SAN JOSÉ DE MAIPO,1,1,1,17,110
10533,ESCUELA BASICA LOS QUELTEHUES,SAN JOSÉ DE MAIPO,1,0,3,0,0
10534,ESCUELA LA OBRA,SAN JOSÉ DE MAIPO,1,1,3,0,0
10536,ESCUELA BASICA G-N°635 INTEGRADORA EL MANZANO,SAN JOSÉ DE MAIPO,1,1,1,177,10
10537,ESCUELA BASICA G-N°636 SAN ALFONSO,SAN JOSÉ DE MAIPO,1,1,1,127,10
10538,ESCUELA BASICA G-N°637 LAS MELOSAS,SAN JOSÉ DE MAIPO,1,1,1,7,110
10540,COLEGIO RAFAEL EYZAGUIRRE,SAN JOSÉ DE MAIPO,3,0,1,615,10
10541,LICEO COMERCIAL DE SAN BERNARDO,SAN BERNARDO,5,0,1,1148,310
10542,CENTRO EDUCACIONAL BALDOMERO LILLO,SAN BERNARDO,1,0,1,727,10
10543,LICEO POLIVALENTE A-127 FIDEL PINOCHET LE-BRUN,SAN BERNARDO,1,0,1,502,310
10544,LICEO ELVIRA BRADY MALDONADO-SN.BERNARDO,SAN BERNARDO,1,0,1,866,310
10545,LICEO IND. MIGUEL AYLWIN GAJARDO,SAN BERNARDO,1,0,1,403,310
10546,ESCUELA PILAR MOLINER DE NUEZ,SAN BERNARDO,1,0,1,391,10
10547,ESCUELA REPUBLICA DEL BRASIL,SAN BERNARDO,1,0,1,190,10
10548,ESCUELA ISABEL RIQUELME,SAN BERNARDO,1,0,1,177,10
10550,ESCUELA L.GRAL. BERNARDO O´HIGGINS,SAN BERNARDO,1,0,1,238,10
10551,LICEO POLIV. LUCILA GODOY ALCAYAGA,SAN BERNARDO,1,0,1,338,110
10553,ESCUELA MARCIAL MARTINEZ FERRARI,EL BOSQUE,2,0,1,474,10
10554,ESCUELA GENERAL RENE SCHNEIDER CHEREAU,SAN BERNARDO,1,0,1,249,10
10555,ESCUELA BASICA BASE EL BOSQUE,EL BOSQUE,2,0,1,485,10
10556,ESCUELA ALEMANIA,SAN BERNARDO,1,0,1,226,10
10557,ESCUELA GENERAL ALBERTO A. BACHELET MARTINEZ,EL BOSQUE,2,0,1,304,10
10558,ESCUELA REPUBLICA DE LOS EE.UU. DE AMERICA,SAN BERNARDO,1,0,1,177,10
10559,ESCUELA BERNARDO LEIGHTON,EL BOSQUE,2,0,1,228,10
10560,ESCUELA JAVIERA CARRERA VERDUGO,SAN BERNARDO,1,0,1,261,10
10561,ESCUELA CLAUDIO ARRAU LEON,EL BOSQUE,2,0,1,243,10
10563,ESCUELA MANUEL MAGALLANES MOURE,SAN BERNARDO,1,0,1,180,10
10564,ESCUELA REPUBLICA DEL PERU,SAN BERNARDO,1,0,1,281,10
10565,ESCUELA DIEGO PORTALES,SAN BERNARDO,1,0,1,645,10
10567,ESCUELA MAHUIDA,SAN BERNARDO,1,0,1,289,10
10568,ESCUELA ORLANDO LETELIER,EL BOSQUE,2,0,1,286,10
10569,LICEO NUEVO PORVENIR,SAN BERNARDO,1,0,1,406,10
10570,ESCUELA BASICA DR LUIS SEPULVEDA SALVATI,SAN BERNARDO,1,0,1,253,10
10571,ESCUELA ESCRITORA  MARCELA PAZ,SAN BERNARDO,1,0,1,292,10
10572,LICEO FRAY LUIS BELTRAN,EL BOSQUE,2,0,1,132,165
10573,CENTRO EDUCACIONAL MATIAS COUSINO,EL BOSQUE,2,0,1,162,310
10574,ESCUELA ESPANA,SAN BERNARDO,1,0,1,126,10
10576,ESCUELA BÁSICA BRISAS DE CHENA,SAN BERNARDO,1,0,1,177,110
10577,ESCUELA DE EDUCACION DIFERENCIAL,SAN BERNARDO,1,0,1,208,212
10578,ESCUELA STA. TERESA DE LOS MORROS,SAN BERNARDO,1,0,1,487,10
10579,ESCUELA JOSE NUEZ MARTIN,SAN BERNARDO,1,0,1,357,10
10580,ESCUELA ABRAHAM LINCOLN,SAN BERNARDO,1,0,1,315,10
10581,ESCUELA BASICA ANTUPILLAN,SAN BERNARDO,1,0,1,355,10
10584,LICEO DE ADULTOS PUCARA DE CHENA,SAN BERNARDO,1,0,1,418,167
10585,ESCUELA LUIS ARENAS VASQUEZ,SAN BERNARDO,1,1,2,0,0
10586,ESCUELA ELEODORO YANEZ PONCE DE LEON,SAN BERNARDO,1,0,1,520,10
10587,ESCUELA BASICA RIO MAIPO,SAN BERNARDO,1,0,3,0,0
10588,LICEO CARDENAL ANTONIO SAMORE,SAN BERNARDO,1,0,1,516,10
10589,ESCUELA HARAS LOS CONDORES,SAN BERNARDO,1,0,1,390,10
10590,ESCUELA TERESA GARCIA HUIDOBRO,SAN BERNARDO,1,0,1,96,110
10592,LICEO CLARA SOLOVERA,SAN BERNARDO,1,0,1,537,10
10594,COLEGIO SAINT ARIELI,SAN BERNARDO,3,0,1,521,10
10595,ESCUELA BASICA PARTICULAR ROBERTO LORCA,SAN BERNARDO,3,0,1,483,10
10596,ESC. BAS. PART.N¦49 STA. TERESA DE LOS ANDES,SAN BERNARDO,3,0,3,0,0
10599,ESCUELA PARTICULAR CRISTO REY,SAN BERNARDO,3,0,3,0,0
10600,COLEGIO MONTESSORI,SAN BERNARDO,3,0,1,1034,10
10601,ESCUELA PARTICULAR SAN BERNARDO,SAN BERNARDO,3,0,1,0,0
10603,CENTRO EDUCACIONAL AMERICAN ACADEMY,SAN BERNARDO,3,0,3,0,0
10604,COLEGIO VILLA SANTA MARIA,EL BOSQUE,3,0,1,545,110
10606,COLEGIO GETSEMANI,SAN BERNARDO,3,0,1,524,10
10607,COLEGIO DOMINGO EYZAGUIRRE,SAN BERNARDO,3,0,1,766,10
10608,COLEGIO SUPERIOR DEL MAIPO,SAN BERNARDO,3,0,1,1484,10
10610,COLEGIO SAN JOSE,SAN BERNARDO,3,0,1,1125,10
10611,COLEGIO AMERICAN ACADEMY,SAN BERNARDO,4,0,1,1036,10
10614,LICEO COMERCIAL GABRIELA MISTRAL,SAN BERNARDO,3,0,3,0,0
10615,COLEGIO  INGLES ISAAC NEWTON,SAN BERNARDO,4,0,1,283,10
10618,INSTITUTO SAN PABLO MISIONERO,SAN BERNARDO,3,0,1,2357,10
10619,ESCUELA PARTICULAR JOSE MIGUEL CARRERA,EL BOSQUE,3,0,1,320,10
10621,ESCUELA JOSÉ ABELARDO NÚÑEZ N°2,SAN BERNARDO,3,0,1,1594,10
10622,ESCUELA PARTICULAR MARVIT SCHOOL,EL BOSQUE,3,0,1,236,10
10623,ESCUELA DIFERENCIAL JUAN SANDOVAL,EL BOSQUE,3,0,1,169,212
10625,ESCUELA PARTICULAR MARIA MEDIANERA,EL BOSQUE,3,0,1,768,10
10626,COLEGIO JUAN BAUTISTA DURAN,EL BOSQUE,3,0,1,414,10
10628,COLEGIO ARAGON,SAN BERNARDO,3,0,1,532,10
10629,ESCUELA PARTICULAR EL BOSQUE,EL BOSQUE,3,0,1,241,10
10631,COLEGIO QUILLAHUE SAN BERNARDO,SAN BERNARDO,3,0,1,247,10
10632,CENTRO EDUC. DENVER COLORADO SCHOOL,EL BOSQUE,3,0,1,593,10
10634,COLEGIO INMACULADA CONCEPCION,SAN BERNARDO,4,0,3,0,0
10635,INSTITUTO SAGRADO CORAZON,SAN BERNARDO,4,0,1,945,10
10636,COLEGIO EUCLIDES,SAN BERNARDO,4,0,3,0,0
10638,LICEO 131,BUIN,1,0,1,3042,10
10639,ESCUELA RAYEN MAPU,BUIN,1,0,3,0,0
10640,COLEGIO DE MAIPO,BUIN,1,0,1,872,10
10641,LICEO ALTO JAHUEL,BUIN,1,0,1,959,10
10642,LICEO POLIVALENTE LOS GUINDOS,BUIN,1,0,1,388,310
10643,ESCUELA VILLASECA,BUIN,1,0,1,339,10
10645,LICEO FRANCISCO JAVIER KRUGGER ALVARADO,BUIN,1,0,1,904,10
10646,ESCUELA VALDIVIA DE PAINE,BUIN,1,0,1,519,10
10648,ESCUELA LO SALINAS,BUIN,1,1,1,271,10
10649,ESCUELA HUMBERTO MORENO RAMIREZ,BUIN,1,1,1,415,10
10651,ESCUELA LOS ROSALES DEL BAJO,BUIN,1,1,1,747,10
10652,ESCUELA VILUCO,BUIN,1,1,1,281,10
10654,ESCUELA ANDRES PUIG FERRER,BUIN,1,1,3,0,0
10655,ESCUELA ESPECIAL DEFIC MENTAL CAMPOSANO,BUIN,1,1,1,116,212
10656,ESCUELA BASICA G-N°813 LOS AROMOS DE EL RECURSO,BUIN,1,1,1,326,10
10657,ESCUELA DE QUINTA DE MAIPO,BUIN,1,1,3,0,0
10658,LICEO POLIVALENTE MODERNO CARDENAL CARO,BUIN,3,0,1,2900,10
10659,ESC. ESP. TALLERES PRE-VOCACIONALES DIFERENCI,BUIN,3,0,2,0,0
10660,ESCUELA HOGAR REHABILITACION DON ORIONE,BUIN,3,1,3,0,0
10661,CENTRO DE EDUC.ESPECIAL HNO.BERNARDO,BUIN,3,0,1,64,212
10662,COLEGIO SAINT MARY COLLEGE,BUIN,3,0,1,522,10
10663,CENTRO EDUC. ENRIQUE BERNSTEIN CARABANTE,PAINE,2,0,1,803,310
10665,ESCUELA ALEMANIA,PAINE,2,0,1,353,10
10666,LICEO POLIVALENTE GREGORIO MORALES MIRANDA,PAINE,2,0,1,845,10
10667,LICEO  MARIA CARVAJAL FUENZALIDA,PAINE,2,1,1,734,10
10668,ESCUELA ELIAS SANCHEZ ORTUZAR,PAINE,2,1,1,330,10
10669,ESCUELA  BARBARA KAST RIST,PAINE,2,1,1,585,10
10670,ESCUELA RAUL SANCHEZ CERDA,PAINE,2,1,3,0,0
10671,ESCUELA CARMEN REVECO NUNEZ,PAINE,2,0,1,321,10
10672,COLEGIO  CHALLAY,PAINE,2,1,1,236,10
10673,ESCUELA BASICA F-N°835 HERMANOS SANCHEZ CERDA,PAINE,2,0,1,408,10
10674,ESCUELA SENDERO DE CULITRIN,PAINE,2,1,1,238,10
10675,ESCUELA  LAS COLONIAS,PAINE,2,1,1,252,10
10676,ESCUELA BASICA G-N°830 FRANCISCO LETELIER VALDES,PAINE,2,1,1,243,10
10677,ESCUELA BASICA G N°831 JAVIER EYZAGUIRRE ECHAURREN,PAINE,2,1,1,250,10
10679,ESCUELA  BASICA G-N°832 AGUILA SUR,PAINE,2,1,1,225,10
10680,ESCUELA HUGO PINO VILCHEZ,PAINE,2,0,1,439,10
10682,ESCUELA,PAINE,2,1,3,0,0
10683,LICEO REINA PAOLA DE BELGICA,PAINE,3,0,2,0,0
10684,ESCUELA PARTICULAR ESPECIAL LAS CAMELIAS,PAINE,3,1,3,0,0
10685,COLEGIO PART. MARIA ANA MOGAS,PAINE,3,0,1,1226,10
10686,LICEO MUNICIPAL POETISA GABRIELA MISTRAL,CALERA DE TANGO,1,1,1,794,10
10687,ESCUELA BASICA F-N°798 CALERA DE TANGO,CALERA DE TANGO,1,1,1,593,10
10688,LICEO LONQUEN,CALERA DE TANGO,1,1,1,717,10
10689,ESCUELA EL ROTO CHILENO,TALAGANTE,1,0,1,285,10
10692,ESCUELA PARTICULAR SAN IGNACIO,CALERA DE TANGO,3,1,1,391,10
10693,CENTRO DE DIAGNOSTICO,TALAGANTE,1,0,3,0,0
10694,ESCUELA PRESIDENTE PRIETO,TALAGANTE,1,0,1,124,165
10696,LICEO TALAGANTE,TALAGANTE,1,0,1,1371,10
10697,LICEO POLITECNICO DE TALAGANTE,TALAGANTE,1,0,1,831,410
10698,ESCUELA TALACANTA,TALAGANTE,1,0,3,0,0
10699,LICEO REPUBLICA DE GRECIA,TALAGANTE,1,0,1,1168,10
10701,LICEO POLIVALENTE DE TALAGANTE-ANEXO,TALAGANTE,1,0,3,0,0
10702,ESCUELA MANUEL RODRIGUEZ ERDOIZA,TALAGANTE,1,0,1,241,10
10703,ESCUELA ESTRELLA DE BELEN,TALAGANTE,1,0,1,84,212
10704,ESCUELA ALBORADA DE TALAGANTE,TALAGANTE,1,0,1,867,10
10705,ESCUELA LUIS UNDURRAGA,TALAGANTE,1,0,1,291,10
10706,ESCUELA EL PINO VIEJO DE LONQUEN,TALAGANTE,1,1,1,331,10
10708,ESCUELA BASICA SANTA MARIANA,TALAGANTE,1,0,3,0,0
10710,COLEGIO ALCANTARA DE TALAGANTE,TALAGANTE,3,0,1,933,10
10711,LICEO COMERCIAL TALAGANTE,TALAGANTE,3,0,1,844,410
10712,ESCUELA BAS. COLEGIO NACIONAL,TALAGANTE,3,0,1,183,10
10713,COLEGIO NINO JESUS,TALAGANTE,3,0,1,1060,10
10715,INSTITUTO SUBTTE.LUIS CRUZ MARTINEZ,TALAGANTE,3,0,1,561,110
10716,ESCUELA BAS. BARTOLOME BLUMENTHAL,TALAGANTE,3,0,1,369,10
10717,ESCUELA TECNICA SANTA MARIA MICAELA,TALAGANTE,3,0,1,359,310
10719,INSTITUTO TALAGANTE,TALAGANTE,4,0,1,381,10
10720,COLEGIO SAGRADO CORAZON,TALAGANTE,4,0,3,0,0
10721,ENGLISH COLLEGE,TALAGANTE,3,0,1,1254,10
10722,COLEGIO TORREON,TALAGANTE,3,0,1,278,10
10723,COLEGIO PARTICULAR INTEGRAL ARTURO PRAT,TALAGANTE,3,0,1,392,10
10724,COLEGIO CARAMPANGUE,TALAGANTE,4,0,1,925,10
10725,CENTRO EDUCACIONAL ISLA DE MAIPO,ISLA DE MAIPO,1,0,1,583,165
10726,LICEO BICENTENARIO MARIO BERTERO CEVASCO,ISLA DE MAIPO,1,0,1,1157,10
10727,LICEO REPUBLICA DE ITALIA,ISLA DE MAIPO,1,0,1,716,10
10729,ESCUELA BASICA EFRAIN MALDONADO TORRES,ISLA DE MAIPO,1,0,1,584,10
10730,ESC.BASICA SAN ANTONIO DE NALTAGUA,ISLA DE MAIPO,1,1,1,236,10
10732,ESCUELA RURAL LAS PARCELAS,ISLA DE MAIPO,1,1,3,0,0
10733,ESCUELA BASICA,ISLA DE MAIPO,1,0,3,0,0
10734,CENTRO EDUC. PART. MARIA REINA INMACULADA,ISLA DE MAIPO,3,0,1,1156,10
10735,LICEO POLIV. LUIS HUMBERTO ACOSTA GAY,EL MONTE,2,0,1,439,10
10736,ESCUELA REPUBLICA DEL ECUADOR,EL MONTE,2,0,1,241,10
10737,ESC. BASICA  JAVIERA CARRERA VERDUGO,EL MONTE,2,0,1,368,10
10738,ESCUELA REPUBLICA DE HONDURAS,EL MONTE,2,0,1,577,10
10740,ESCUELA CHINIGUE EL CRISTO,EL MONTE,2,1,1,313,10
10741,ESCUELA EL REMANSO,EL MONTE,2,1,1,269,10
10742,ESCUELA BAS. DIVINA PROVIDENCIA,EL MONTE,3,0,1,770,10
10743,INSTITUTO SAN FRANCISCO,EL MONTE,3,0,1,277,10
10744,ESCUELA BAS. COLEGIO EMELINA URRUTIA,EL MONTE,3,0,1,312,10
10746,LICEO MUNICIPALIZADO PENAFLOR,PEÑAFLOR,2,0,1,524,310
10747,ESCUELA TERESA DE CALCUTA,PEÑAFLOR,2,0,1,241,10
10748,ESCUELA EMILIA LASCAR,PEÑAFLOR,2,0,1,1051,10
10749,LICEO BICENTENARIO DE EXCELENCIA PAUL HARRIS,PADRE HURTADO,2,0,1,905,10
10750,ESCUELA ROSALINA PESCIO VARGAS,PEÑAFLOR,2,0,1,669,10
10751,LICEO COMERCIAL REPUBLICA DE BRASIL,PEÑAFLOR,2,0,1,279,310
10752,ESCUELA REPUBLICA ARGENTINA,PADRE HURTADO,2,0,1,359,10
10753,ESCUELA REPUBLICA CHECA,PEÑAFLOR,2,0,1,154,10
10754,ESCUELA MAND EDUARDO FREI MONTALVA,PEÑAFLOR,2,0,1,266,10
10755,ESCUELA ESPECIAL NAZARETH,PEÑAFLOR,2,0,1,95,212
10756,ESCUELA SONIA PLAZA CASTRO,PEÑAFLOR,2,0,1,224,10
10757,COLEGIO ALBERTO HURTADO CRUCHAGA,PADRE HURTADO,3,0,1,1058,10
10758,ESCUELA MALLOCO,PEÑAFLOR,2,0,1,322,10
10760,ESCUELA REPUBLICA DE ISRAEL,PEÑAFLOR,2,0,1,187,10
10761,ESCUELA BASICA JULIO COVARRUBIAS FREIRE,PADRE HURTADO,2,1,3,0,0
10763,ESCUELA CRISTAL CHILE,PADRE HURTADO,2,0,1,379,10
10764,ESCUELA LA ESPERANZA,PADRE HURTADO,2,1,1,332,10
10765,ESCUELA BASICA G-N°673 PELVIN SAN FRANCISCO DE ASIS,PEÑAFLOR,2,1,1,45,10
10766,ESCUELA DOLORES CATTIN FAUNDEZ,PEÑAFLOR,2,1,1,85,110
10767,ESCUELA BASICA ACADEMIA MALLOCO,PEÑAFLOR,3,0,1,392,110
10768,ESCUELA BASICA N 41 AUGUSTO D`HALMAR,PEÑAFLOR,3,0,1,510,10
10769,ESC.BASICA PART.BENJAMIN VERGARA,PADRE HURTADO,3,0,1,794,10
10771,ESCUELA BAS. PART. COLEGIO CLAUDIO GAY,PEÑAFLOR,3,0,1,215,10
10772,COL.PART.INMAC.CONC. DE NTRA.SRA. DE LOURDES,PEÑAFLOR,3,0,1,1060,10
10773,COMPLEJO EDUC.PART. LUIS PASTEUR,PADRE HURTADO,3,0,1,1669,10
10774,ESCUELA PARTICULAR EL REFUGIO,PEÑAFLOR,3,0,1,110,10
10777,COLEGIO TERRANOVA,PEÑAFLOR,4,0,1,174,110
10778,ESCUELA SAN MIGUEL,MELIPILLA,1,0,1,105,212
10779,ESCUELA LUIS DURAN REYES,MELIPILLA,1,0,2,0,0
10780,LICEO POLIV. HNOS. SOTOMAYOR BAEZA,MELIPILLA,1,0,1,1291,165
10781,LICEO POLITECNICO MUNICIPAL MELIPILLA,MELIPILLA,1,0,1,635,310
10782,ESCUELA IGNACIO SERRANO MONTANER,MELIPILLA,1,0,1,228,10
10783,LICEO GABRIELA MISTRAL DE MELIPILLA,MELIPILLA,1,0,1,785,10
10784,COLEGIO HUILCO ALTO,MELIPILLA,1,0,1,298,10
10785,COLEGIO MONS. JAIME LARRAIN BUNSTER,MELIPILLA,1,0,1,346,10
10786,ESCUELA SAN JOSE DE LA VILLA,MELIPILLA,1,1,1,395,10
10787,COLEGIO HERNAN ARISTIA BASCUNAN,MELIPILLA,1,0,3,0,0
10789,ESCUELA GRAL. CAROL URZUA,MELIPILLA,1,0,1,255,10
10790,ESCUELA REPUBLICA DEL BRASIL,MELIPILLA,1,0,1,501,10
10791,COLEGIO POMAIRE,MELIPILLA,1,0,1,664,10
10792,LICEO POLIV. EL BOLLENAR,MELIPILLA,1,0,1,715,10
10794,ESCUELA SANTA ROSA ESMERALDA,MELIPILLA,1,1,1,289,10
10795,ESCUELA CLAUDIO ARRAU,MELIPILLA,1,1,1,346,10
10796,ESCUELA PATRICIO LARRAIN GANDARILLAS,MELIPILLA,1,1,1,178,10
10797,ESCUELA PEDRO MARIN ALEMANY,MELIPILLA,1,1,1,336,10
10798,ESCUELA BASICA CARMEN BAJO,MELIPILLA,1,1,1,268,10
10799,ESCUELA RAMON NOGUERA PRIETO,MELIPILLA,1,1,1,306,10
10800,ESCUELA CHOLQUI,MELIPILLA,1,1,1,0,0
10801,ESCUELA SAN DIEGO,MELIPILLA,1,1,3,0,0
10803,ESCUELA BASICA,MELIPILLA,1,0,3,0,0
10805,ESCUELA PUANGUE,MELIPILLA,1,1,1,175,10
10806,ESCUELA BASICA,MELIPILLA,1,0,3,0,0
10810,ESCUELA LIDIA MATTE HURTADO,MELIPILLA,1,1,1,236,10
10811,ESCUELA EL TRANSITO,MELIPILLA,1,1,3,0,0
10815,ESCUELA BASICA CARMEN DE LAS ROSAS,MELIPILLA,1,0,3,0,0
10816,ESCUELA JOSE CAMARENA ESCRIVA,MELIPILLA,1,1,1,269,10
10818,ESCUELA HUECHUN,MELIPILLA,1,1,1,226,10
10820,ESCUELA TANTEHUE,MELIPILLA,1,1,3,0,0
10821,ESCUELA RAQUEL FERNANDEZ DE MORANDE,MELIPILLA,1,1,1,212,10
10822,ESCUELA RURAL FUTURO,MELIPILLA,1,1,3,0,0
10824,COLEGIO RUMAY,MELIPILLA,1,0,3,0,0
10825,ESCUELA PADRE ALBERTO HURTADO,MELIPILLA,1,1,1,44,10
10827,ESCUELA BASICA EL PABELLON,MELIPILLA,1,0,1,378,10
10828,COLEGIO PARTICULAR ALONSO DE ERCILLA,MELIPILLA,3,0,1,1204,10
10829,ESC. BAS. NUESTRA SEÑORA Y MADRE DEL CARMEN,MELIPILLA,3,0,1,1026,10
10830,COLEGIO POLITEC.NTRA.SRA.DE LA PRESENTAC,MELIPILLA,3,0,1,534,410
10831,COLEGIO PARTICULAR MELIPILLA,MELIPILLA,3,0,1,1733,10
10832,COLEGIO POLIVALENTE SAN AGUSTIN,MELIPILLA,3,0,1,2965,10
10833,CENTRO EDUCACIONAL MENESIANO,MELIPILLA,3,1,1,1242,10
10834,COLEGIO MARAMBIO,MELIPILLA,4,0,1,619,110
10835,LICEO MUNICIPAL F-N°860,MARÍA PINTO,1,0,1,340,10
10836,ESCUELA BASICA F-N° 732 CHOROMBO ALTO,MARÍA PINTO,1,1,1,272,10
10837,ESCUELA BASICA F-N°738 LOS RULOS,MARÍA PINTO,1,0,1,261,10
10838,ESCUELA BASICA G-N°733 CHOROMBO BAJO,MARÍA PINTO,1,1,1,198,10
10839,ESCUELA BASICA G-N°734 LAS MERCEDES,MARÍA PINTO,1,1,1,368,10
10840,ESCUELA BASICA G-N°737 SANTA EMILIA,MARÍA PINTO,1,0,1,273,10
10841,ESCUELA IBACACHE,MARÍA PINTO,1,1,3,0,0
10842,ESCUELA BASICA VALLE DE PUANGUE,CURACAVÍ,2,0,1,459,10
10844,ESCUELA SAN JOSE OBRERO DE CURACAVI,CURACAVÍ,2,0,1,602,10
10845,LICEO BICENTENARIO PRESIDENTE BALMACEDA,CURACAVÍ,2,0,1,928,310
10846,ESCUELA FERNANDO CARVAJAL PINTO,CURACAVÍ,2,1,1,212,10
10848,ESCUELA ELIECER PEREZ VARGAS,CURACAVÍ,2,1,1,243,10
10849,ESCUELA HERIBERTO ERLWEIN  S.,CURACAVÍ,2,1,1,4,110
10850,ESCUELA BASICA CAREN DE CURACAVI,CURACAVÍ,2,0,3,0,0
10851,COLEGIO INSTITUTO SAN LUIS DE CURACAVI,CURACAVÍ,3,0,1,397,10
10852,ESCUELA BASICA N°403 NUESTRA SRA. DE LA GUARDIA,CURACAVÍ,3,1,1,310,10
10853,ESCUELA BASICA EL CARMELO,CURACAVÍ,3,1,3,0,0
10854,LICEO MUNICIPAL DE SAN PEDRO,SAN PEDRO,2,1,1,788,10
10855,ESCUELA,SAN PEDRO,2,1,3,0,0
10856,ESCUELA BASICA G-N°126,SAN PEDRO,2,1,1,133,10
10858,ESCUELA BASICA G-N°128 ATALICIO AGUILAR A.,SAN PEDRO,2,1,1,125,10
10859,ESCUELA,SAN PEDRO,2,1,3,0,0
10861,ESCUELA BASICA G-N°130,SAN PEDRO,2,1,1,131,10
10862,ESCUELA BASICA G-N°131,SAN PEDRO,2,1,1,170,10
10863,ESCUELA LONGOVILO,SAN PEDRO,2,1,3,0,0
10864,ESCUELA BASICA G-N°134 NIHUE,SAN PEDRO,2,1,1,109,10
10865,ESCUELA ENRIQUE REYMOND ALDUNATE,SAN PEDRO,2,1,1,108,10
10866,ESCUELA BASICA,SAN PEDRO,2,0,3,0,0
10867,ESCUELA DE QUELENTARO ALTO,SAN PEDRO,2,1,2,0,0
10868,ESCUELA BASICA G-N°139,SAN PEDRO,2,1,1,123,10
10869,ESCUELA BASICA G-N°140,SAN PEDRO,2,1,1,42,110
10870,ESCUELA BASICA G-N°141,SAN PEDRO,2,1,1,33,110
10871,ESCUELA BASICA G-N°498,SAN PEDRO,2,1,1,73,10
10872,ESCUELA FUNDO CABIMBAO,SAN PEDRO,2,1,3,0,0
10873,LICEO MUNICIPAL SARA TRONCOSO TRONCOSO,ALHUÉ,2,0,1,924,10
10876,ESCUELA,ALHUÉ,2,1,3,0,0
10877,ESCUELA EL ASIENTO,ALHUÉ,2,1,1,107,10
10878,ESCUELA BARRANCAS DE PICHI,ALHUÉ,2,1,1,93,10
10879,ESCUELA SAN ALFONSO,ALHUÉ,2,1,1,242,10
10880,ESCUELA HACIENDA ALHUE,ALHUÉ,2,1,1,179,10
10881,COLEGIO SAN SEBASTIAN,PEDRO AGUIRRE CERDA,3,0,1,474,10
10882,ESCUELA DIFUSION ARTISTICA,ARICA,6,0,3,0,0
10883,CENTRO DE DIAGNOSTICO,ARICA,3,0,3,0,0
10884,ESC. EDUCACION ESPECIAL LOS IBISCOS,ARICA,3,0,1,152,212
10885,ACADEMIA DE ESTUDIOS TARAPACA,IQUIQUE,4,0,3,0,0
10887,ESCUELA DE CHITITA,CAMARONES,6,1,1,5,110
10889,CENTRO TRAT. INTEG. LOS TAMARUGOS,IQUIQUE,3,0,1,90,212
10892,NORTH AMERICAN COLLEGE,ARICA,3,0,1,2892,10
10893,ESCUELA EJERCITO DE SALVACION,ARICA,3,0,1,583,10
10894,JARDIN INFANTIL MUSICAL MAC DONALD,ARICA,3,0,3,0,0
10897,ESCUELA DE ILLAPATA,CAMARONES,6,1,1,3,110
10898,JARDIN INFANTIL ACUARELA,IQUIQUE,4,0,1,5,10
10900,COLEGIO LIRIMA,IQUIQUE,4,0,1,754,10
10901,COLEGIO SAN MARTIN,IQUIQUE,3,0,1,571,110
10902,JARDIN INFANTIL PETER PAN,IQUIQUE,3,0,3,0,0
10904,ESCUELA BASICA PARAJALLA,COLCHANE,2,0,2,0,0
10905,ESCUELA BASICA FUERTE BAQUEDANO,POZO ALMONTE,1,1,1,259,10
10906,COLEGIO FORD COLLEGE,ARICA,3,0,1,480,10
10908,J.  I.  TUTUMPI,ARICA,4,0,3,0,0
10909,JARDIN INFANTIL MONTESSORI,ARICA,3,0,3,0,0
10911,LICEO BICENTENARIO PABLO NERUDA,ARICA,6,0,1,695,510
10912,ESCUELA VALLE DE PARCOHAYLLA,CAMARONES,6,1,1,0,0
10913,CENTRO CAP.LAB. REINO DE BELGICA,ARICA,6,0,1,86,212
10914,JARDIN INFANTIL LOS CARINOSITOS,IQUIQUE,3,0,3,0,0
10915,COLEGIO CARDENAL ANTONIO SAMORE,ARICA,3,0,1,1470,10
10916,ESCUELA CALETA CHANAVAYITA,IQUIQUE,6,1,1,183,10
10917,LICEO S.S JUAN PABLO SEGUNDO,ALTO HOSPICIO,6,0,1,1182,110
10918,TALLERES LAB. BALDOMERO LILLO,ARICA,3,0,3,0,0
10956,ESCUELA DIFERENCIAL SANTA CECILIA,CALAMA,3,0,1,270,212
10959,LICEO EXPERIMENTAL ARTISTICO APLICACION,ANTOFAGASTA,3,0,3,0,0
10960,COLEGIO SAGRADA FAMILIA,TOCOPILLA,3,0,3,0,0
10962,COLEGIO JUAN PABLO II,CALAMA,3,0,1,1289,110
10963,COLEGIO EVANGELICO EJERCITO DE SALVACION CATHERINE BOOTH,CALAMA,3,0,1,862,110
10964,CENTRO DE TRAT.INTEGRAL LAS BUGANVILLIAS,TOCOPILLA,3,0,3,0,0
10967,LICEO ELEUTERIO RAMIREZ MOLINA,CALAMA,1,0,1,587,310
10968,LICEO MAYOR GRAL.(E) OSCAR BONILLA,ANTOFAGASTA,1,0,1,906,310
10970,LICEO JORGE ALESSANDRI RODRIGUEZ,CALAMA,1,0,1,1065,410
10971,ANEXO LICEO NOCTURNO,CALAMA,1,0,1,117,165
10973,ESCUELA DE EDUCACION DIFERENCIAL CENTRO DE CAPACITACION ESPERANZA,ANTOFAGASTA,3,0,3,0,0
10974,ESCUELA NUEVA LUZ ALEJANDRO MARTINETTI TAPIA,ANTOFAGASTA,3,0,1,47,213
10975,ESCUELA DE PARVULOS SAINT PATRICK S SCH.,CALAMA,3,0,1,206,10
10976,ESC. PARVULOS PRESBITERIANA EL REDENTOR,ANTOFAGASTA,3,0,1,100,10
10977,COLEGIO CHUQUICAMATA,CALAMA,3,0,3,0,0
10979,"LICEO A.RENDIC I, ANEXO CENTRO PREVENCION FEM",ANTOFAGASTA,1,0,1,26,165
11025,ESCUELA FRONTERIZA,ALTO DEL CARMEN,6,1,1,90,10
11027,ESCUELA HORNITOS,TIERRA AMARILLA,6,1,1,5,110
11028,CENTRO DE DIAGNOSTICO PSICOPEDAGOGICO,COPIAPÓ,6,0,3,0,0
11029,ESCUELA PROFESOR LUIS GARRIDO PÁVEZ,CHAÑARAL,6,0,1,11,167
11030,ESCUELA ANDRÉS BELLO,VALLENAR,6,0,1,38,165
11031,ESCUELA SARA CRUZ ALVAYAY,ALTO DEL CARMEN,6,1,1,12,110
11032,ESCUELA CRISTIANA BÁSICA BETHEL,VALLENAR,3,0,1,337,10
11033,ESCUELA BÁSICA ANGELINA SALAS OLIVARES,CHAÑARAL,6,0,1,413,10
11034,LICEO JORGE ALESSANDRI RODRÍGUEZ,TIERRA AMARILLA,6,0,1,588,363
11035,COLEGIO AMBROSIO O HIGGINS,VALLENAR,4,0,1,510,10
11036,ESCUELA JOSÉ JOAQUÍN VALLEJOS,CALDERA,6,1,1,8,110
11038,LICEO GENERAL RAMÓN FREIRE,FREIRINA,6,0,1,421,310
11097,MICROCENTRO DE DIAGNOSTICO,OVALLE,3,0,3,0,0
11098,CENTRO DE EST Y DES INTEGRAL DEL NINO,LA SERENA,3,0,3,0,0
11100,COLEGIO CONDORIACO,LA SERENA,1,1,3,0,0
11102,ESCUELA MANUEL MAGALLANES MOURE,COQUIMBO,3,0,3,0,0
11103,COLEGIO LOS CARRERA SPA,COQUIMBO,4,0,1,419,10
11105,LICEO BICENTENARIO DE EXCELENCIA COLEGIO PARTICULAR MIGUEL DE CERVANTES,COQUIMBO,3,0,1,1077,10
11106,COLEGIO PARTICULAR SANTA MARIA,OVALLE,3,0,1,1732,10
11107,COLEGIO PART.SANTA TERESA DE JESUS,OVALLE,4,0,1,588,10
11110,LICEO JORGE IRIBARREN CHARLIN DE HURTADO,RÍO HURTADO,2,1,1,43,710
11111,LICEO ALBERTO GALLARDO LORCA,PUNITAQUI,2,0,1,504,110
11113,BASICA COMUN DELIA ANDRADE DE TELLO,OVALLE,2,1,1,8,110
11114,COLEGIO NUEVO MUNDO,LA SERENA,3,0,1,235,110
11116,JARDIN INFANTIL LAS ABEJITAS,LA SERENA,4,0,1,0,0
11117,JARDIN INFANTIL EL SOLDADITO,LA SERENA,4,0,1,0,0
11120,JARDIN INFANTIL CARRUSEL,COQUIMBO,4,0,1,0,0
11122,JARDIN INFANTIL DEL HOSPITAL DE COQUIMBO,COQUIMBO,4,0,1,0,0
11124,JARDIN INFANTIL TIA PERLA,COQUIMBO,4,0,3,0,0
11127,JARDIN INFANTIL TOÑITO,OVALLE,4,0,1,0,0
11128,JARDIN INFANTIL CENTRO ABIERTO LIMARI,OVALLE,4,0,3,0,0
11130,COLEGIO SAN IGNACIO DE LOYOLA,ILLAPEL,3,0,1,557,10
11133,COLEGIO PARTICULAR SAN GABRIEL,COQUIMBO,3,0,1,310,110
11136,COLEGIO SAN ALBERTO HURTADO CRUCHAGA,OVALLE,2,0,1,61,165
11138,JARDIN INFANTIL PILLIN,LA SERENA,4,0,1,0,0
11139,LICEO FERNANDO BINVIGNAT MARIN,COQUIMBO,6,0,1,633,410
11144,ESCUELA DIEGO DE ALMEYDA,COQUIMBO,3,0,1,1197,10
11145,COLEGIO PARTICULAR CALASANZ,COQUIMBO,3,0,1,609,10
11147,COLEGIO MANANTIAL,ILLAPEL,3,0,1,268,10
11148,ESCUELA BASICA LA PUNTILLA NORTE,ILLAPEL,3,0,3,0,0
11151,JARDIN INFANTIL CASCANUECES,OVALLE,4,0,3,0,0
11153,ESCUELA LA PARRITA,CANELA,2,1,1,7,110
11154,ESCUELA BASICA EL TOTORAL,CANELA,2,1,3,0,0
11155,LICEO JORGE ALESSANDRI RODRIGUEZ,LA SERENA,1,0,1,707,110
11156,CENTRO DE DETENCION PREVENTIVA,ILLAPEL,2,0,1,18,165
11157,COLEGIO LIBERTADOR SIMON BOLIVAR,LA SERENA,3,0,1,359,110
11176,COLEGIO CHAMPAGNAT,VILLA ALEMANA,4,0,1,1103,10
11177,COLEGIO PARROQUIAL SAN NICOLAS,HIJUELAS,3,0,1,1034,10
11178,CENTRO EDUCACIONAL CENINES,VALPARAÍSO,3,0,1,240,212
11180,ESC. DE PARVULOS LA PEQUEÑA POLITA,QUILLOTA,3,0,1,30,10
11182,JARDIN INFANTIL SKIPPY,VALPARAÍSO,4,0,3,0,0
11185,JARDIN INFANTIL MICKEY MOUSE,VALPARAÍSO,4,0,3,0,0
11186,ESCUELA PARTICULAR BAMBINO,VALPARAÍSO,4,0,3,0,0
11187,COLEGIO ALEJANDRO GALAZ,VALPARAÍSO,4,0,3,0,0
11188,JARDIN INFANTIL BURBUJAS,VALPARAÍSO,4,0,1,0,0
11191,ESCUELA PEDRO NOLASCO MOLINA,SAN FELIPE,2,0,1,42,165
11194,ESCUELA HUINCA,SAN ANTONIO,2,1,3,0,0
11196,CTRO.REC.ATENC.DIVERS.CRAD PAUL PERCY HARRIS,CABILDO,2,0,1,32,212
11199,COLEGIO LUIS CRUZ MARTINEZ,LA LIGUA,2,0,1,692,10
11200,ESCUELA PADRE ALBERTO HURTADO,SANTO DOMINGO,2,1,1,25,110
11201,BRITISH SCHOOL SAN ANTONIO,SAN ANTONIO,3,0,1,183,10
11203,COLEGIO PARTICULAR CLAUDIO GAY,LOS ANDES,3,0,1,397,10
11204,ESCUELA ESPECIAL SOR TERESA DE LOS ANDES,LOS ANDES,3,0,3,0,0
11205,CENTRO EDUC.ESPECIAL ANN SULLIVAN,QUINTERO,3,0,1,25,212
11206,ESCUELA MUNICIPAL LAS PUERTAS,CABILDO,2,1,1,11,110
11209,COLEGIO GALILEO GALILEI,VILLA ALEMANA,3,0,1,422,10
11210,ANEXO LICEO REPUBLICA DE EE.UU.,PUTAENDO,2,1,3,0,0
11212,ESCUELA PARTICULAR SANTO DOMINGO SAVIO,VIÑA DEL MAR,3,0,3,0,0
11214,COL.ALONSO DE ERCILLA PRAT,SAN FELIPE,3,0,3,0,0
11217,COLEGIO SAINT THOMAS,VALPARAÍSO,3,0,1,301,10
11218,COLEGIO PART JUAN PABLO I,VALPARAÍSO,3,0,3,0,0
11219,COLEGIO SAN JUAN DE DIOS,VALPARAÍSO,3,0,3,0,0
11220,COLEGIO LUIS GALDAMEZ,VALPARAÍSO,3,0,1,130,10
11221,JARDIN INFANTIL PILLIN HOSP  SALVADOR,VALPARAÍSO,4,0,1,0,0
11223,COLEGIO ITALIANO,LIMACHE,3,0,1,219,110
11224,COLEGIO PARTICULAR BECARB,CALERA,3,0,1,392,10
11226,ESCUELA DE PARVULOS LAS ARDILLITAS,NOGALES,3,0,3,0,0
11228,ESCUELA,LOS ANDES,2,0,2,0,0
11230,COLEGIO DE ADULTOS PROFESOR MANUEL GUERRERO CEBALLOS,QUILLOTA,2,0,1,251,165
11231,ESCUELA DE ADULTOS,LIMACHE,2,0,1,24,165
11232,ESCUELA DE ADULTOS SATELITE CASABLANCA,CASABLANCA,2,0,3,0,0
11234,ESCUELA JOSÉ DOMINGO SAAVEDRA,SAN ANTONIO,2,0,1,99,165
11235,COLEGIO PARTICULAR PUCALAN,LA LIGUA,4,0,3,0,0
11237,COLEGIO ALEMAN DE SAN FELIPE,PANQUEHUE,4,0,1,535,10
11238,ESCUELA DE PARVULOS LOS ALMENDROS,SAN FELIPE,4,0,1,38,10
11240,ESCUELA SAN GABRIEL DE LA RIVERA,CALERA,3,0,1,837,10
11241,JOSEPH LISTER SCHOOL,LIMACHE,4,0,2,0,0
11242,COLEGIO EL COBRE DE LOS ANDES,RANCAGUA,3,0,1,184,10
11243,COLEGIO SAINT JOHN,RANCAGUA,4,0,3,0,0
11244,COLEGIO MUNDO INFANTIL,RANCAGUA,4,0,1,37,10
11245,COL.EDUC. ESPECIAL DR. ALBERT SCHWEITZER,REQUÍNOA,2,1,1,65,212
11246,LICEO ELISA ESCOBEDO LA PAZ,RENGO,2,0,1,139,165
11248,ESC. ADRIANA ARANGUIZ CERDA,SAN VICENTE,1,1,1,329,10
11251,JARDIN INFANTIL DE LA DIVINA PROVIDENCI,RANCAGUA,4,0,2,0,0
11255,JARDIN INFANTIL TIA CRISTI,SANTA CRUZ,4,0,3,0,0
11256,COLEGIO PARTICULAR SUBV.DON BOSCO,RANCAGUA,3,0,1,914,10
11257,ESCUELA MUNICIPAL DE COLHUE,PUMANQUE,2,1,1,6,110
11258,ESCUELA LA VILLA,LITUECHE,2,1,3,0,0
11261,ESCUELA DIGNA CAMILO,PICHILEMU,2,0,1,376,10
11263,CENTRO PARVULARIO DE CHIMBARONGO,CHIMBARONGO,6,0,1,57,10
11265,COLEGIO ENA BELLEMANS MONTTI,RANCAGUA,3,0,1,1420,10
11267,ANEXO CHEPICA,CHÉPICA,2,0,3,0,0
11268,INTERNADO MUNICIPAL,SANTA CRUZ,2,0,3,0,0
11273,HOGAR MUNICIPAL,PICHILEMU,2,0,3,0,0
11277,ESCUELA GABRIELA MISTRAL,MOSTAZAL,2,0,1,272,110
11279,ESCUELA ANGEL MARIA,CHÉPICA,2,1,1,0,0
11283,ESCUELA CARDONAL PANILONCO,PICHILEMU,2,1,1,26,110
11284,CENTRO DE EDUCACION DE ADULTOS,RANCAGUA,1,0,1,435,167
11285,MAGISTER COLLEGE,RANCAGUA,4,0,3,0,0
11286,LICEO HERIBERTO SOTO SOTO,SAN FERNANDO,6,0,1,469,167
11287,LICEO BERTA ZAMORANO LIZANA,COLTAUCO,2,0,1,544,165
11290,CASCANUECES,SAN FERNANDO,4,0,3,0,0
11291,VILLA MARIA COLLEGE,MACHALÍ,4,0,1,751,10
11316,JARDIN INFANTIL RABITO (CERRADO),CURICÓ,4,0,3,0,0
11317,JARDIN INFANTIL PULGARCITO,TALCA,4,0,3,0,0
11318,ESCUELA DIFERENCIAL SANTA ADRIANA,PARRAL,3,0,1,38,212
11319,COLEGIO PART. SANTA ROSA (RECESO AÑO 2001),TENO,4,0,2,0,0
11320,ESCUELA DELFINA ALBORNOZ DE GUTIERREZ,CONSTITUCIÓN,2,1,3,0,0
11322,COLEGIO CAMBRIDGE SCHOOL CERRADA,LINARES,3,0,3,0,0
11323,ESCUELA REINO DE DINAMARCA,MOLINA,2,0,1,552,10
11324,ANEXO LICEO A-10,TALCA,2,0,3,0,0
11325,ANEXO COLEGIO SAGRADOS CORAZONES,SAN JAVIER,3,0,3,0,0
11329,COLEGIO VALLE CENTRAL (CERRADO),TALCA,4,0,3,0,0
11330,ESCUELA DIFERENCIAL SAN CLEMENTE,SAN CLEMENTE,2,0,1,87,212
11332,ESCUELA SAN ALBERTO,SAN CLEMENTE,2,1,3,0,0
11333,ESCUELA OSVALDO HIRIART CORVALAN,PENCAHUE,2,1,1,48,10
11334,ESCUELA HUAPI ALTO,LINARES,2,1,1,7,110
11335,ESC. VILLA BAVIERA CERRADA,PARRAL,3,0,3,0,0
11336,COLEGIO PARTICULAR NOBEL SCHOOL,PARRAL,3,0,1,608,10
11337,CENTRO DE EDUCACION INTEGRADA DE ADULTOS,SAN JAVIER,2,0,1,213,165
11338,ESCUELA DIFERENCIAL ESPERANZA,MOLINA,2,0,1,136,212
11339,ESCUELA SAN ANTONIO,TALCA,3,0,1,774,10
11340,COLEGIO RAUQUEN,CURICÓ,3,0,3,0,0
11342,ESCUELA CARLOS TRUPP WANNER,TALCA,2,0,1,457,10
11343,COLEGIO NUEVA HOLANDA,TALCA,3,0,1,371,10
11344,INSTITUTO JAVIERA CARRERA DE LINARES,LINARES,3,0,1,487,10
11346,ANEXO COLEGIO PIAGET CERRADO,TALCA,3,0,3,0,0
11347,ESCUELA DE PARVULOS SAN CLEMENTE,SAN CLEMENTE,2,0,1,99,10
11348,COLEGIO DE MARIA,TALCA,3,0,1,605,10
11349,INSTITUTO SAN JORGE,TALCA,3,0,3,0,0
11350,ESCUELA ESPECIAL BELLAVISTA,TENO,3,0,1,20,212
11352,ESCUELA EL GUINDO,TENO,2,1,1,35,110
11388,COLEGIO CREACIÓN,CHILLÁN,3,0,3,0,0
11389,ESCUELA DIFERENCIAL EL PARQUE,CONCEPCIÓN,3,0,3,0,0
11390,L.VESP. MANUEL SANCHEZ BEGUIRISTAIN.,CONCEPCIÓN,3,0,2,0,0
11391,ISLA ANDALIEN,CONCEPCIÓN,3,0,3,0,0
11392,LICEO MANUEL BULNES,CHIGUAYANTE,3,0,3,0,0
11394,ESCUELA GABRIELA MISTRAL,TOMÉ,2,0,1,875,10
11395,ESCUELA BASICA LLOICURA,TOMÉ,2,1,1,9,110
11396,ESCUELA PARTICULAR MARIA LORETO,FLORIDA,3,1,2,0,0
11397,COLEGIO ADVENTISTA,LOTA,3,0,1,605,10
11398,ESCUELA MAULE,CORONEL,2,0,1,239,10
11399,ESCUELA SAN ERNESTO,CONTULMO,2,1,1,18,110
11400,LICEO TRAPAQUEANTE,TIRÚA,2,0,1,402,310
11401,ESCUELA ESPECIAL CONSTITUCION,CHILLÁN,3,0,1,42,212
11402,ESCUELA SAN CAMILO,SAN CARLOS,6,1,3,0,0
11403,ESCUELA EUSEBIO LILLO,COIHUECO,6,1,3,0,0
11404,ESCUELA SAN LUIS,YUNGAY,2,1,1,10,110
11405,ESCUELA FERNANDO BAQUEDANO,YUNGAY,2,0,1,704,10
11406,ESCUELA BÁSICA Y TECNOLÓGICA DIFERENCIAL LAURA VICUÑA,BULNES,2,0,1,0,0
11407,ESCUELA BASICA LOS OLIVOS,RANQUIL,2,1,1,38,110
11408,ESCUELA PARTICULAR SANTA PILAR,LOS ÁNGELES,3,1,1,88,10
11410,LICEO FRAY JUAN MATUD,QUILACO,2,1,3,0,0
11411,PARVULARIO EL SOLDADITO,LAJA,3,0,3,0,0
11413,CAVER,CONCEPCIÓN,3,0,3,0,0
11414,ESCUELA MIGUEL DE CERVANTES,CHIGUAYANTE,3,0,1,94,10
11415,THE AUKLAND SCHOOL,CONCEPCIÓN,4,0,1,0,0
11416,COLEGIO NAHUELCURA,CONCEPCIÓN,4,0,3,0,0
11417,ESCUELA ADULTOS LAS AMERICAS,TALCAHUANO,2,0,1,227,165
11418,ESCUELA LOS QUIQUES,SANTA JUANA,2,1,1,4,110
11419,ESCUELA COLICO BAJO,SANTA JUANA,2,1,1,0,0
11420,COLEGIO METODISTA LAGUNILLAS,CORONEL,3,0,1,353,10
11421,CORNELIO SAAVEDRA,LEBU,3,0,3,0,0
11422,ESC.BASICA MANTO BLANCO DE TRES MARIAS,CAÑETE,2,1,2,0,0
11423,SECTOR SUR,LEBU,2,0,3,0,0
11424,ESCUELA LOS HUAPES,CURANILAHUE,2,1,2,0,0
11425,ESCUELA CIFUENTES BAJO,CURANILAHUE,2,1,1,2,110
11427,MICRO CENTRO DE DIAGNOSTICO,CHILLÁN,2,0,3,0,0
11428,MICRO CENTRO DE DIAGNOSTICO,LOS ÁNGELES,2,0,3,0,0
11429,COLEGIO ALIWEN,LOS ÁNGELES,3,0,1,202,10
11430,COLEGIO TERESIANO PADRE ENRIQUE,NACIMIENTO,3,0,1,1225,10
11431,ESCUELA DIFERENCIAL MARIA MONTESSORI,HUALPÉN,3,0,1,44,212
11433,ANEXA,FLORIDA,6,0,3,0,0
11450,SAN JOSE EL PERAL ANEXO,LOS ÁNGELES,3,0,3,0,0
11461,ESCUELA LOS CONFINES,ANGOL,3,0,3,0,0
11462,ESCUELA COLONIA RAYEN-LAFQUEN,VILLARRICA,2,1,1,65,10
11463,ESCUELA BASICA MADRE BERNARDA,CUNCO,3,1,3,0,0
11464,ESCUELA EL LUCERO,FREIRE,3,1,3,0,0
11465,COLEGIO LATINOAMERICANO,TEMUCO,3,0,1,156,110
11466,ESCUELA SANTA ISABEL,SAAVEDRA,3,1,3,0,0
11467,ESCUELA PARTICULAR VILCUN,VILCÚN,3,0,1,322,10
11469,ESC. BASICA QUINACO,LAUTARO,2,1,3,0,0
11471,ESCUELA PARTICULAR FOLILCO,FREIRE,3,1,1,44,10
11472,ESCUELA ARAUCARIAS,LONCOCHE,2,0,1,285,10
11473,ESCUELA PARTICULAR BASICA ILWEN,GALVARINO,3,1,2,0,0
11497,ESCUELA LOS ALPES,VILCÚN,2,1,2,0,0
11498,COMPLEJO EDUCACIONAL PRINCIPE DE GALES,NUEVA IMPERIAL,3,0,1,767,10
11501,COLEGIO RAKIDUAM,VILLARRICA,3,1,1,108,10
11509,ESCUELA BASICA SAN SEBASTIAN DE MAQUEHUE,PADRE LAS CASAS,3,0,1,547,10
11511,ESCUELA TROMEN MALLIN,PADRE LAS CASAS,3,1,3,0,0
11518,ESCUELA PARTICULAR CAMPO LINDO,PADRE LAS CASAS,3,1,3,0,0
11520,ESCUELA ESPECIAL AYELEN,LAUTARO,2,0,1,43,212
11522,ESCUELAS BASICA RENICO GRANDE,LUMACO,2,1,1,13,110
11523,ESCUELA PARTICULAR AGUA TENDIDA,PURÉN,3,1,3,0,0
11526,ESCUELA PARTICULAR HUALAPULLI,VILLARRICA,3,1,1,33,110
11527,LICEO POLITECNICO METODISTA LA GRANJA,NUEVA IMPERIAL,3,1,1,256,510
11528,ESCUELA PARTICULAR SANTA ELENA,NUEVA IMPERIAL,3,1,1,6,110
11529,ESCUELA ESPECIAL LOS CANELOS,ANGOL,3,0,1,29,212
11530,ESCUELA ESPEC.RETARDO MENTAL AMMILLAN,PITRUFQUÉN,2,0,1,39,212
11531,ESCUELA PARTICULAR JUNTA DE NANCAHUE,TRAIGUÉN,3,1,3,0,0
11532,ESCUELA PARTICULAR LUIS ISRAEL,PADRE LAS CASAS,3,0,1,116,10
11539,ESCUELA RURAL DOMINGO FAUSTINO SARMIENTO,CURACO DE VÉLEZ,1,1,1,4,110
11540,ESCUELA PARTICULAR ALEPUE,MARIQUINA,3,1,1,13,110
11542,ESCUELA PARTICULAR MELIQUINA,MARIQUINA,3,1,1,17,110
11543,ESCUELA PARTICULAR TRIPAYANTE,MARIQUINA,3,1,1,2,110
11544,ESCUELA PARTICULAR MISIONAL PELCHUQUIN,MARIQUINA,3,1,1,121,10
11545,ESCUELA PARTICULAR MADRE DE DIOS,MARIQUINA,3,1,3,0,0
11547,ESCUELA PARTICULAR NOLGUEHUE,RÍO BUENO,3,1,1,7,110
11548,ESCUELA CLAUDIO MATTE,FRUTILLAR,6,1,1,362,10
11549,JARDIN I   HOSPITAL BASE,OSORNO,4,0,3,0,0
11551,J INF   PEQ CASA EN LA PRADERA,OSORNO,4,0,3,0,0
11553,ESCUELA RURAL NALHUITAD,CHONCHI,1,1,1,15,110
11554,ESCUELA DE ADULTOS DE RIO BUENO,RÍO BUENO,2,0,1,0,0
11556,J INF   DIANA DE ROB,OSORNO,4,0,3,0,0
11557,J INFANTIL  ESTACION NAVAL,PUERTO MONTT,4,0,3,0,0
11558,J INFANTIL  PEQUEN O INF ANDARIN,PUERTO MONTT,4,0,3,0,0
11559,ESCUELA CURSO SATELITES,RÍO NEGRO,2,0,2,0,0
11560,CENT ABIERTO  MANUEL RODRIGUEZ,PUERTO MONTT,4,0,3,0,0
11563,CENTRO ABIERTO LA COLINA,PUERTO MONTT,4,0,3,0,0
11565,J INFANTIL   HOSPITAL BASE,PUERTO MONTT,4,0,3,0,0
11573,ESCUELA PARTICULAR GENERAL CARRERA,OSORNO,3,0,2,0,0
11574,ESCUELA PARTICULAR PLAYA ROSADA,VALDIVIA,3,1,3,0,0
11575,ESCUELA PARTICULAR N. 293 LUCILA GODOY ALCAYAGA,CALBUCO,3,1,2,0,0
11576,ESCUELA PARTICULAR N.290 LOS RADALES,FRUTILLAR,3,1,1,10,110
11577,ESCUELA ESPECIAL TALLER LABORAL MATICES,OSORNO,3,0,1,41,212
11578,ESCUELA PARTICULAR N.300 YUSTE,ANCUD,3,1,1,16,110
11581,ESCUELA PARTICULAR LOS CIERVOS,LA UNIÓN,3,1,1,0,0
11582,ESCUELA PARTICULAR FOLLECO ALTO,LA UNIÓN,3,1,1,3,110
11584,ESCUELA DE PARVULOS N.287 LOS GRILLITOS,FUTRONO,4,0,3,0,0
11587,ESCUELA DE PARVULOS N.295 PAILLAQUITO,PAILLACO,4,0,3,0,0
11588,ESCUELA TRALAHUAPI,PANGUIPULLI,3,1,3,0,0
11589,ESCUELA RURAL UNION CHISCAIHUE,RÍO BUENO,2,1,2,0,0
11590,ESCUELA RURAL SAN PEDRO,DALCAHUE,1,1,1,4,110
11591,INSTITUTO TECNICO PROFESIONAL LLIFEN,FUTRONO,2,1,1,309,110
11592,ESCUELA PARTICULAR N.288 EL BUEN PASTOR,PUERTO MONTT,3,1,2,0,0
11593,ESCUELA RURAL MARIA ENRIQUETA CHIGUAY CAIPILLAN,QUELLÓN,1,1,1,5,110
11594,COLEGIO ANTILLANCA,OSORNO,3,0,1,227,10
11595,ESCULA RURAL QUIMAN,FUTRONO,2,1,2,0,0
11602,JARDIN INFANTIL HANSEL Y GRETEL,VALDIVIA,4,0,3,0,0
11604,J INF    LOS PICAPIEDRAS,OSORNO,4,0,3,0,0
11606,ESCUELA ANEXA ESC. E N 35,COYHAIQUE,6,1,3,0,0
11608,LICEO TECNICO PROFESIONAL JUAN PABLO II,COYHAIQUE,3,0,1,671,110
11609,ESCUELA MUNICIPAL MELIMOYU,CISNES,6,1,1,2,110
11612,ESCUELA BASICA RIBERA SUR,AYSÉN,6,0,1,169,10
11673,ESCUELA BASICA CALEDONIA,MULCHÉN,2,1,3,0,0
11674,ESCUELA PARTICULAR CANICU,ALTO BIOBÍO,3,1,1,83,110
11675,ESCUELA ESPECIAL DE LENGUAJE CAMPANELLA,SAN PEDRO DE LA PAZ,3,0,1,52,214
11676,ESCUELA BASICA LA HUERTA,SANTA JUANA,2,1,1,3,110
11677,ESCUELA ANDRES ALCAZAR,LAJA,2,0,1,635,10
11678,LICEO ADVENTISTA,PUNTA ARENAS,3,0,1,516,10
11680,COLEGIO CHARLES DARWIN,PUNTA ARENAS,3,0,1,512,10
11681,COLEGIO MIGUEL DE CERVANTES,PUNTA ARENAS,4,0,1,980,10
11682,CEN DE CAP LAB LOS RETAMILLOS,PUNTA ARENAS,3,0,3,0,0
11685,SOCIEDAD EDUCACIONAL  LA ARAUCANA,PUNTA ARENAS,4,0,1,0,0
11686,ESCUELA HEROES DE LA CONCEPCION,TORRES DEL PAINE,6,1,2,0,0
11687,ESCUELA REPUBLICA ARGENTINA,PUNTA ARENAS,6,0,1,192,10
11688,18 DE SEPTIEMBRE,PUNTA ARENAS,3,0,3,0,0
11704,ESCUELA PUERTA DE LA CORDILLERA,PINTO,6,0,1,393,10
11705,COLEGIO LOS EDUCADORES,SAN PEDRO DE LA PAZ,3,0,1,236,10
11706,LICEO PARTICULAR LOS ANDES,SAN PEDRO DE LA PAZ,3,0,1,663,10
11707,COLEGIO PARTICULAR NIÑO JESÚS,LOTA,3,0,1,715,10
11708,COLEGIO PARQUE CENTRAL,HUALPÉN,3,0,1,255,10
11709,COLEGIO ALERCE,CONCEPCIÓN,3,0,1,351,110
11710,JARDIN INFANTIL EMANUEL,CORONEL,3,0,1,0,0
11711,ESCUELA LUIS MARTÍNEZ GONZÁLEZ,TUCAPEL,2,0,1,677,10
11712,ESCUELA PARTICULAR GASPAR CABRALES,LOS ÁLAMOS,3,1,1,1104,10
11713,DIFERENCIAL AMANDA LABARCA,LAJA,2,0,3,0,0
11714,ESCUELA CHACUIVI,TIRÚA,2,1,1,59,10
11715,COLEGIO PARTICULAR ALBERTO BLEST GANA,SAN PEDRO DE LA PAZ,3,0,1,407,10
11716,COLEGIO MARÍA INMACULADA DE LOS ÁNGELES,LOS ÁNGELES,3,0,1,409,10
11718,ESCUELA PARTICULAR JUAN PABLO SEGUNDO,LOS ÁNGELES,3,0,1,691,10
11719,ESCUELA PARTICULAR BIOBÍO DE LOS ÁNGELES,LOS ÁNGELES,3,0,1,329,10
11737,COLEGIO PARTICULAR SANTA ISABEL,LOS ÁNGELES,3,1,3,0,0
11738,ESCUELA PARTICULAR MALLA-MALLA,SANTA BÁRBARA,3,1,3,0,0
11739,ESCUELA PART.TRAPA TRAPA BUTALELBUM,ALTO BIOBÍO,3,1,1,83,110
11740,ESCUELA BASICA SAN EDUARDO,QUILLÓN,3,1,2,0,0
11741,COLEGIO SAN ANDRÉS,CONCEPCIÓN,3,0,1,189,10
11742,ESCUELA EL DESIERTO,TIRÚA,2,1,2,0,0
11743,COLEGIO BASICO LOS LOBOS,TALCAHUANO,2,0,1,256,10
11744,ESCUELA CHILLAN VIEJO,CHILLÁN VIEJO,3,0,1,106,10
11745,COLEGIO DIFERENCIAL SANTO DOMINGO,CHIGUAYANTE,3,0,3,0,0
11746,ESCUELA PARTICULAR LOS CONFINES,CURANILAHUE,3,0,1,270,10
11749,ESCUELA COLOMAVIDA,SAN CARLOS,6,1,2,0,0
11755,COLEGIO DE ADULTOS INSTITUTO LUISA CARDIJIN,SANTIAGO,4,0,1,0,0
11758,ESCUELA BASICA PARTICULAR SUMMERHILL,INDEPENDENCIA,3,0,3,0,0
11759,ESCUELA ESPECIAL AMERICA DEL SUR,CERRILLOS,3,0,3,0,0
11760,COLEGIO METODISTA,SANTIAGO,4,0,3,0,0
11761,ESCUELA PARTICULAR SAN FELIPE NERI,RECOLETA,3,0,1,224,10
11762,ESCUELA ESPECIAL PARTICULAR LA ROSA AZUL,SANTIAGO,3,0,3,0,0
11763,ESCUELA BASICA DIVINA MISTRAL,RECOLETA,4,0,3,0,0
11766,COLEGIO INSTITUTO ARTÍSTICO DE ESTUDIOS SECUNDARIOS DE LA UNIVERSIDAD DE CHILE,SANTIAGO,4,0,1,87,110
11767,COLEGIO LORD COCHRANE,SANTIAGO,3,0,3,0,0
11768,ESCUELA ESPECIAL PART RAYITO DE LUZ,CONCHALÍ,3,0,1,0,0
11770,COLEGIO DE ADULTOS YANQUIRAY,SANTIAGO,4,0,3,0,0
11772,COLEGIO FAYOL ENGLISH SCHOOL,PROVIDENCIA,4,0,3,0,0
11773,COLEGIO BARRET BROWNING SCHOOL,PROVIDENCIA,4,0,3,0,0
11775,ESCUELA BASICA JOHN DEWEY COLLEGE,PROVIDENCIA,4,0,3,0,0
11776,COLEGIO THE MAYFLOWER SCHOOL,LO BARNECHEA,4,0,1,1326,10
11778,COLEGIO EL BOSQUE DE SUECIA,ÑUÑOA,4,0,3,0,0
11783,ESCUELA BASICA N°1238 GIORDANO BRUNO,PEÑALOLÉN,4,0,1,250,10
11786,ESCUELA BASICA PETER BOROUGH SCHOOL,LA REINA,4,0,3,0,0
11788,ESCUELA ESPECIAL PARTICULAR LO HERMIDA,PEÑALOLÉN,3,0,1,116,212
11789,ESCUELA BASICA PART.BROTHERS SCHOOL,LA FLORIDA,3,0,1,507,10
11791,ESC ESPECIAL NUESTRA SENORA DE LOURDES,LA FLORIDA,3,0,1,0,0
11792,LICEO PARTIC.ALBERTO MAGNO LA FLORIDA,LA FLORIDA,3,0,1,838,10
11793,ESC BASICA PARTICULAR SAN VALENTIN,LA FLORIDA,3,0,1,225,10
11794,ESCUELA ESPECIAL PARTICULAR VARESCA,LA FLORIDA,3,0,1,109,212
11795,COLEGIO SAN CARLOS DE LA FLORIDA,LA FLORIDA,3,0,1,317,10
11797,ESC PARTICULAR MANUEL VICUNA LARRAIN,LA FLORIDA,3,0,1,140,110
11800,ESCUELA ESPECIAL PARTICULAR LAS ROSAS,LA PINTANA,3,0,1,88,212
11802,ESCUELA ESPECIAL JEAN PIAGET LA GRANJA,LA GRANJA,3,0,3,0,0
11804,ESCUELA ESPECIAL NUEVA ALBORADA,LA PINTANA,3,0,1,44,212
11805,COLEGIO POLIVALENTE INGLES,LA PINTANA,3,0,1,428,10
11806,ESCUELA BASICA PARTICULAR ARMI,SAN RAMÓN,3,0,1,118,10
11807,ESCUELA PARTICULAR PUMANQUE,SAN RAMÓN,3,0,2,0,0
11808,ESCUELA PARTICULAR SEGUNDO MAURO ORTIZ,LA CISTERNA,3,0,3,0,0
11809,ESC.PAR.MAURICE AND NATALY SCHOOL,SAN RAMÓN,3,0,1,229,10
11811,LICEO SANTA MARIA EUFRASIA,SAN JOAQUÍN,6,0,1,279,165
11812,COLEGIO TOMAS MORO,SAN MIGUEL,3,0,1,1696,10
11813,ESCUELA PARTICULAR ALVAREZ DE TOLEDO,SAN MIGUEL,3,0,1,298,10
11814,COLEGIO PESTALOZZI,SAN JOAQUÍN,3,0,1,104,167
11816,ESCUELA ESPECIAL PARTICULAR SAN CLEMENTE,SAN MIGUEL,3,0,3,0,0
11817,ESCUELA DE PARVULOS DEUTSCHLAND,INDEPENDENCIA,3,0,3,0,0
11818,COMPLEJO EDUC.PARTICULAR DE LAS ACACIAS,EL BOSQUE,3,0,1,690,10
11822,COLEGIO CRISTO REDENTOR,LA CISTERNA,3,0,3,0,0
11825,ESCUELA DE PARVULOS NUEVA CALIFORNIA,ESTACIÓN CENTRAL,3,0,3,0,0
11827,ESC.BAS.PARTICULAR KRONBERG COLLEGE,MAIPÚ,3,0,3,0,0
11828,ESCUELA ESPECIAL PARTICULAR SOR TERESA,CERRILLOS,3,0,1,108,212
11830,ESCUELA BASICA  1287 SAN MARCOS APOSTOL,MAIPÚ,3,0,1,580,10
11831,LICEO INDUSTRIAL BENJAMIN FRANKLIN,QUINTA NORMAL,1,0,1,782,310
11833,LICEO COMERCIAL ALFA Y OMEGA,QUINTA NORMAL,3,0,2,0,0
11835,ESCUELA PARTICULAR ROYAL SCHOOL,LO PRADO,3,0,1,406,10
11836,ESCUELA ESPECIAL PARTICULAR NUEVA SENDA,RENCA,3,0,3,0,0
11837,ESCUELA SAINT MARY SCHOOL,COLINA,3,0,1,438,10
11838,ESCUELA PART. STA. CLARISA DE COLINA,COLINA,3,0,1,299,10
11839,LICEO ROSA TOCORNAL,PUENTE ALTO,3,0,3,0,0
11843,MASTER COLLEGE,SAN BERNARDO,3,0,1,471,110
11845,ESCUELA PARTICULAR BELGICA,SAN BERNARDO,3,0,1,525,10
11848,ESCUELA PARTICULAR SAN EUGENIO,BUIN,3,1,3,0,0
11850,LICEO MUNICIPAL MARIA PINTO (ANEXO),MARÍA PINTO,2,0,3,0,0
11851,COLEGIO JOSE MANUEL BALMACEDA,PEÑAFLOR,3,0,1,930,10
11853,ESCUELA BAS. PARTICULAR MILLARAY,PEÑAFLOR,3,0,1,95,10
11854,ESCUELA BASICA PARTICULAR BRASILIA,PADRE HURTADO,3,1,1,322,10
11855,COLEGIO ALVARO COVARRUBIAS ARLEGUI,INDEPENDENCIA,3,0,3,0,0
11856,ESCUELA DE PARVULOS NTRA SENORA DE GUADALUPE,RECOLETA,4,0,3,0,0
11858,ESCUELA DE PARVULOS SAINT MARIE,LA FLORIDA,4,0,3,0,0
11860,ESCUELA DE PARVULOS TIA LUCY,SAN MIGUEL,4,0,3,0,0
11862,ESCUELA DE PARVULOS TRIBILIN,ESTACIÓN CENTRAL,3,0,1,55,10
11864,ESC DE PAR INSTITUCION SWEET LAUTARO (C.I.I.),ESTACIÓN CENTRAL,4,0,3,0,0
11865,ESCUELA DE PARVULOS CONEJIN,EL BOSQUE,4,0,1,0,0
11867,COLEGIO UNIVERSAL SAN FRANCISCO,TALAGANTE,3,0,1,446,10
11869,CENTRO EDUC. PARTICULAR SAN LUIS,SAN MIGUEL,3,0,3,0,0
11870,ESC.BAS. PART. COLEGIO HAYDN DE SAN JOAQUIN,SAN JOAQUÍN,3,0,1,585,10
11871,COLEGIO PEDRO DE VALDIVIA,PROVIDENCIA,4,0,1,1323,10
11878,ESCUELA ESPECIAL ARNOLD GESELL,PUENTE ALTO,3,0,1,104,214
11879,CENTRO EDUC. LINCOLN COLLEGE ANEX.4,LA CISTERNA,3,0,3,0,0
11881,CENTRO EDUC. LINCOLN COLLEGE ANEXO 1,LA CISTERNA,3,0,3,0,0
11882,CENTRO EDUC. LINCOLN COLLEGE ANEX.3,LA CISTERNA,3,0,3,0,0
11883,LICEO MUNICIPAL POLIVALENTE MARIA PINTO,MARÍA PINTO,1,0,1,651,310
11885,COLEGIO POLITEC. AVENIDA INDEPENDENCIA,INDEPENDENCIA,3,0,3,0,0
11886,ESCUELA BASICA EL CARMELO,CURACAVÍ,3,1,1,286,10
11887,LUCILA DEL MONTE GRANDE,RECOLETA,3,0,3,0,0
11890,ESCUELA DE PARVULOS ANDREITA CELIS,INDEPENDENCIA,4,0,3,0,0
11892,COLEGIO NUNOA,ÑUÑOA,3,0,3,0,0
11893,LICEO PARTICULAR INSUME,ÑUÑOA,3,0,3,0,0
11897,ESCUELA BASICA HORBY 1,LA FLORIDA,3,0,3,0,0
11898,LICEO MANUEL BULNES DE LA FLORIDA,LA FLORIDA,3,0,2,0,0
11899,ESCUELA BASICA  LAS RAICES,LA FLORIDA,4,0,3,0,0
11901,ESC.ESP.SAN MIGUEL DE LA NVA EXTREMADURA,LA PINTANA,3,0,3,0,0
11902,ESCUELA PART.SAN FRANCISCO DE MAPUHUE,LA PINTANA,3,0,2,0,0
11903,ESCUELA PARTICULAR SAN MARCELO NUM 2,LA PINTANA,3,0,3,0,0
11905,ESC. BASICA PART.CENTRO EDUC.AMANECER,SAN MIGUEL,3,0,3,0,0
11906,ESCUELA BAS. LOS CARRERA,SAN MIGUEL,3,0,1,623,10
11909,ESCUELA PARTICULAR N°333 EL ANGEL,SAN JOAQUÍN,3,0,1,278,10
11910,LICEO ELENA REQUENA,LO ESPEJO,3,0,3,0,0
11912,INSTITUTO POLIVALENTE SAN MIGUEL,SAN MIGUEL,3,0,2,0,0
11914,ESCUELA BASICA Nº128 SAN RAMON,LA CISTERNA,3,0,1,343,10
11915,ESCUELA DE PARVULOS N° 242 LOS CHIQUITITOS,LO ESPEJO,4,0,1,0,0
11918,FROILAN YAÑEZ DE LA BARRA,LA CISTERNA,3,0,1,298,310
11920,ESCUELA ESPECIAL CEDIF,ESTACIÓN CENTRAL,3,0,3,0,0
11921,COLEGIO INFOCAP,SAN JOAQUÍN,3,0,1,468,165
11922,ESCUELA PARTICULAR EL ABRAZO DE MAIPU,MAIPÚ,3,0,3,0,0
11923,INSTITUTO COMERCIAL SAN PABLO,PUDAHUEL,3,0,3,0,0
11924,ESCUELA ESPECIAL LORENZO EITING,QUINTA NORMAL,3,0,3,0,0
11925,COLEGIO POLIVALENTE BRITANIA RENCA,RENCA,3,0,3,0,0
11926,ESCUELA BASICA PARTICULAR ROQUER,RENCA,3,0,1,372,10
11928,ESCUELA ANTILLANCA,PUENTE ALTO,3,0,1,101,110
11929,ESCUELA DE PARVULOS N°61 LAS VERTIENTES,SAN JOSÉ DE MAIPO,4,0,3,0,0
11931,CENTRO EDUC.PART.ORDEN DE SAN JORGE,SAN BERNARDO,3,0,1,800,10
11932,ESCUELA ESPECIAL JULIO BERNALDO QUIROS,PAINE,3,0,1,65,212
11934,ESCUELA BASICA PARTICULAR  GACITUA,ISLA DE MAIPO,3,1,3,0,0
11936,COLEGIO JACQUES COUSTEAU,MAIPÚ,3,0,1,852,10
11942,COLEGIO ABERSAN,COLINA,3,0,1,587,10
11943,ESCUELA PARTIC DE PARVULOS LOS PITUFOS,CONCHALÍ,3,0,3,0,0
11945,ESCUELA DE PARVULOS PITUFINA,CONCHALÍ,4,0,3,0,0
11946,COLEGIO AMERICO VESPUCIO,PEÑALOLÉN,3,0,3,0,0
11947,COLEGIO SHIRAYURI,LA FLORIDA,3,0,3,0,0
11948,COLEGIO SAN LORENZO,LA FLORIDA,3,0,2,0,0
11949,COLEGIO CRISOL,LA FLORIDA,3,0,1,205,10
11950,COLEGIO MONTEVERDE,PEÑALOLÉN,3,0,1,1010,10
11951,ESCUELA DE PARVULOS EL PRINCIPITO,LA FLORIDA,4,0,3,0,0
11952,ESCUELA BELEN O¦HIGGINS,LA FLORIDA,3,0,1,340,10
11953,ESCUELA DE PARVULOS EL MOLINITO DE STA AMALIA,LA FLORIDA,4,0,3,0,0
11956,ESCUELA BASICA  N°1226 PEPITA,LA FLORIDA,4,0,1,0,0
11959,ESCUELA DE PARVULOS N° 1300 ALVARO COVARRUBIAS A.,INDEPENDENCIA,4,0,1,0,0
11960,ESCUELA BASICA MARIA AUXILIADORA,SANTIAGO,4,0,3,0,0
11962,COLEGIO  PEDRO DE VALDIVIA-AGUSTINAS,SANTIAGO,4,0,1,1491,10
11965,CENTRO EDUCACIONAL SAN LORENZO,RECOLETA,3,0,1,1047,10
11966,COLEGIO PUCARA DE LOS ANDES,LAS CONDES,4,0,1,0,0
11967,COLEGIO NORWICH COLLEGE,LAS CONDES,4,0,3,0,0
11968,COLEGIO CUMBRES,LAS CONDES,4,0,1,1577,10
11971,COLEGIO SANTO DOMINGO_PADRES DOMINICOS,LA REINA,4,0,1,633,10
11977,SAINT CHRISTIAN COLLEGE,LA GRANJA,3,0,1,1207,10
11978,ESCUELA DE PARVULOS BELEN LA BANDERA,SAN RAMÓN,4,0,3,0,0
11979,COLEGIO MIGUEL ANGEL,LA PINTANA,3,0,1,239,10
11980,ESCUELA ESPECIAL PARTICULAR CECLA,LA CISTERNA,3,0,1,103,212
11985,ESCUELA BAS. DE ADULTOS AGUSTIN CALDERON ROJA,BUIN,1,0,3,0,0
11987,COMPLEJO EDUCACIONAL AMERICANO,SANTIAGO,3,0,3,0,0
11988,COLEGIO CLERC,LAS CONDES,4,0,3,0,0
11991,COLEGIO ALCALA,ÑUÑOA,4,0,3,0,0
11993,ESCUELA BASICA JUAN PABLO DUARTE,PROVIDENCIA,1,0,1,1104,10
11994,LICEO POLIVALENTE BAHIA DARWIN,LA GRANJA,3,0,1,453,10
11997,ESCUELA JOSE IBAÑEZ,LA CISTERNA,3,0,1,539,10
11998,ESCUELA BASICA PARTICULAR HUEÑECITO,LA PINTANA,3,0,1,117,10
12001,COLEGIO PARTICULAR EVANGÉLICO BETANIA,CHILLÁN,3,0,1,582,10
12002,ESCUELA PARTICULAR TOQUI CAUPOLICAN,CAÑETE,3,1,1,317,10
12003,CENTRO DE EDUCACION DE ADULTOS DE FUNDAC,CONCEPCIÓN,4,0,3,0,0
12004,LICEO POLITECNICO CURANILAHUE,CURANILAHUE,3,0,1,286,410
12005,COLEGIO DON ORIONE,LOS ÁNGELES,3,0,1,912,110
12006,LICEO AGRICOLA SAN CARLOS,SAN CARLOS,6,1,1,59,299
12008,ESCUELA PARTICULAR AMERICO VESPUCIO,CORONEL,3,0,1,859,10
12010,NATAN,SANTA JUANA,3,0,3,0,0
12011,ESCUELA DE LENGUAJE ANTU,CAÑETE,3,0,3,0,0
12013,JARDIN INFANTIL TIRITA DE PAPEL,CONCEPCIÓN,4,0,1,0,0
12014,ESCUELA DE PARVULOS Y ESC.ESP.LENG.DIVINO MAESTRO,CHILLÁN,3,0,1,118,214
12015,COLEGIO CONCEPCION,LOS ÁNGELES,4,0,1,787,10
12018,ESCUELA EL RODEO,PINTO,6,1,1,7,110
12019,COLEGIO PARTICULAR PEQUENOS AMIGOS,PENCO,3,0,2,0,0
12020,ESCUELA BASICA ENRIQUE ZANARTU PRIETO,CABRERO,2,0,1,507,10
12021,ESC. PART. VICENTE HUIDOBRO,LEBU,3,0,3,0,0
12022,ESCUELA BASICA CHACAYAL SUR,LOS ÁNGELES,2,1,1,210,10
12023,COLEGIO BASICO SAN VICENTE,TALCAHUANO,2,0,1,157,10
12024,THE WESSEX SCHOOL,CONCEPCIÓN,4,0,1,1049,10
12025,COLEGIO ITAHUE DE CHIGUAYANTE,CHIGUAYANTE,4,0,1,318,10
12027,COLEGIO BICENTENARIO DE EXCELENCIA EL ÁRBOL DE LA VIDA,SAN CARLOS,3,0,1,649,10
12028,JERONIMO TRETTEL,CAÑETE,3,0,3,0,0
12029,INACAP,TALCAHUANO,3,0,3,0,0
12030,CORPORACION NACIONAL LA ARAUCANA,CONCEPCIÓN,4,0,3,0,0
12031,COLEGIO SAN DIEGO DE ALCALÁ,TUCAPEL,3,0,1,620,10
12032,COLEGIO CHOLGUAN,YUNGAY,3,1,1,484,10
12033,LICEO INDUSTRIAL METODISTA DE CORONEL,CORONEL,3,0,1,751,510
12034,MAMPAWEL,SAN CARLOS,4,0,3,0,0
12035,JARDIN INFANTIL BARQUITO DE PAPEL,TALCAHUANO,3,0,1,9,10
12036,COLEGIO PINARES,CHIGUAYANTE,4,0,1,281,110
12037,LICEO POLIVALENTE HERMANAS MAESTRAS DE LA SANTA CRUZ,LAJA,3,0,1,718,10
12038,ANEXO DE WESSEX SCHOOL,CONCEPCIÓN,4,0,3,0,0
12039,CENTRO DE CAPACITACION LABORAL UNPADE,CONCEPCIÓN,3,0,3,0,0
12041,COLEGIO CONCEPCION,SAN CARLOS,4,0,3,0,0
12042,CENTRO EDUCACIÓN ADULTOS MANANTIAL DE AGUA VIVA,LAJA,3,0,1,26,363
12045,CHILLAN VALLEY ENGLISH SCHOOL,CHILLÁN,4,0,3,0,0
12046,COLEGIO LORENZO MONDANELLI,COIHUECO,3,0,1,493,10
12047,J I LOS PASTORCITOS,CHILLÁN,3,0,3,0,0
12048,JARDIN INFANTIL CORAZON DE ORO,LOS ÁNGELES,3,0,3,0,0
12050,COLEGIO POLIVALENTE DARIO SALAS,CHILLÁN,3,0,1,221,110
12051,ESCUELA ESPECIAL DE LA SOLIDARIDAD,MULCHÉN,2,0,1,41,212
12052,CENTRO DE CAPACITACION LABORAL APANDI,LOTA,3,0,1,61,212
12053,JARDIN INFANTIL LAS AZUCENAS,LOS ÁNGELES,3,0,3,0,0
12054,JARDIN INFANTIL EL NAZARENO,CONCEPCIÓN,3,0,3,0,0
12055,COLEGIO TÉCNICO PROFESIONAL AMANCAY,CONCEPCIÓN,4,0,1,0,0
12056,COLEGIO PARTICULAR NINO JESUS,LOTA,3,0,3,0,0
12058,ESCUELA BASICA LOS LIBERTADORES,HUALQUI,6,0,1,390,10
12059,COLEGIO AGRÍCOLA LOS MAYOS,SANTA BÁRBARA,3,1,1,217,110
12061,EL ALMENDRAL,SAN PEDRO DE LA PAZ,4,0,3,0,0
12062,LICEO MAURICIO HOCHSCHILD,SAN PEDRO DE LA PAZ,3,0,1,916,510
12063,THE THOMAS JEFFERSON SCHOOL,TALCAHUANO,4,0,1,1070,10
12064,ESCUELA BASICA EL PIURE,ARAUCO,2,1,1,3,110
12065,ESCUELA BASICA MELA,TREHUACO,2,1,1,6,110
12072,ESCUELA DE PARVULOS SAN ANTONIO DE PALLES,ESTACIÓN CENTRAL,4,0,3,0,0
12073,COLEGIO HALLEY,MAIPÚ,3,0,3,0,0
12076,ESCUELA PARTICULAR SAN GUILLERMO,PUENTE ALTO,3,0,1,675,10
12077,COLEGIO SAN MIGUEL DE LOS ANDES,PUENTE ALTO,3,0,1,819,10
12079,HERNAN MERINO CORREA,SAN BERNARDO,1,0,1,553,10
12080,ESCUELA DE PARVULOS INNS BRUCK,SAN BERNARDO,3,0,3,0,0
12082,LICEO AGRICOLA REINA PAOLA DE BELGICA,PAINE,3,1,3,0,0
12083,COLEGIO LO ERRAZURIZ,MAIPÚ,3,0,1,437,10
12085,COLEGIO CRISTIANO EMMANUEL,LA FLORIDA,3,0,1,472,10
12086,COLEGIO COYANCURA,LAS CONDES,4,0,1,264,110
12087,COLEGIO BRITISH ROYAL SCHOOL,LA REINA,4,0,1,1632,10
12089,COLEGIO CASABLANCA,LA REINA,3,0,3,0,0
12090,COLEGIO TERRANOVA,LA REINA,4,0,1,226,10
12092,ESCUELA ESPECIAL ANADIME,ÑUÑOA,3,0,1,215,212
12093,ESCUELA DE PARVULOS AMAPOLAS,ÑUÑOA,4,0,3,0,0
12094,COLEGIO SAN ESTEBAN DIÁCONO,VITACURA,4,0,1,766,10
12095,ESC BAS PART COLEGIO CHILLAN,LA FLORIDA,3,0,1,375,10
12096,ESCUELA BASICA  PUELCHE,LA FLORIDA,4,0,3,0,0
12097,ESCUELA ESPECIAL N°1327 ANAKENA,LA FLORIDA,3,0,1,130,212
12100,COLEGIO LUIS GANDARILLAS N.1335,MAIPÚ,3,0,3,0,0
12101,ESCUELA DE PARVULOS MATILDE HUICI,MAIPÚ,4,0,3,0,0
12102,ESC. DE PARVULOS ALBERTO WIDMER N_ 2,MAIPÚ,3,0,1,34,10
12103,ESCUELA ESPECIAL DE EDUCACION,LO ESPEJO,2,0,1,110,212
12104,ESCUELA DE PARVULOS MIS CARINOSITOS,PEDRO AGUIRRE CERDA,3,0,3,0,0
12105,ESCUELA BASICA Nº1343 `CEDEL INTEGRACION`,LA PINTANA,3,0,1,299,10
12108,ESCUELA PARTIC.DE PARVULOS MI PRINCESITA,SAN JOAQUÍN,3,0,1,127,10
12111,COLEGIO POLIV. PDTE. JOSE MANUEL BALMACEDA,SAN BERNARDO,3,0,1,712,10
12112,ESCUELA JORGE ALESSANDRI RODRIGUEZ,RENCA,3,0,3,0,0
12113,ESCUELA BASICA LO VELASQUEZ,RENCA,1,0,1,381,10
12114,COLEGIO LEONARDO DA VINCI DE RENCA,RENCA,3,0,3,0,0
12115,CENTRO EDUCACIONAL FEDERICO GARCIA LORCA,RENCA,3,0,1,820,10
12117,COMPLEJO EDUCACIONAL J. MIGUEL CARRERA,QUILICURA,2,0,1,719,310
12118,ESCUELA CENTRO BIBLICO LA FORESTA,MELIPILLA,3,0,1,305,10
12119,ESCUELA DIFERENCIAL INTEGRACION,MELIPILLA,3,0,1,61,212
12120,ESCUELA BAS. Y ESP. OVIDIO DECROLY,PUENTE ALTO,3,0,3,0,0
12121,ESCUELA MARIA DE LA PAZ,PUENTE ALTO,3,0,1,150,110
12122,ESCUELA EDUCADORA GABRIELA MISTRAL,PUDAHUEL,3,0,1,636,10
12126,ESCUELA BÁSICA Y ESPECIAL N°352 LAUTRARU,LA PINTANA,3,0,1,432,212
12127,ESCUELA PARTIC SAN ISIDRO DE PERALILLO,LAMPA,3,1,3,0,0
12130,ESCUELA MARIA TERESA SCHOOL NUM 2,SANTIAGO,3,0,1,266,10
12133,COLEGIO FRANCISCO ENCINA,ÑUÑOA,4,0,1,369,10
12134,ESCUELA DE PARVULOS NIDO DE GAVIOTAS,LA REINA,4,0,3,0,0
12136,ESCUELA ESPECIAL PART SANTIAGO SUR,PEDRO AGUIRRE CERDA,3,0,1,32,212
12137,COLEGIO LOS ANGELES SANTIAGO,SAN MIGUEL,4,0,3,0,0
12139,ESCUELA BASICA SOL DE CHILE Nº 2,LO ESPEJO,3,0,3,0,0
12143,ESCUELA ESPECIAL PARTICULAR GALVARINO,SAN RAMÓN,3,0,1,52,212
12146,CENTRO DE EDUCACIÓN INTEGRADA DE ADULTOS VALPARAÍSO,VALPARAÍSO,6,0,1,225,165
12151,COLEGIO HISPANO AMERICANO,VIÑA DEL MAR,3,0,1,1351,110
12152,COLEGIO CRISTIANO EBEN-EZER,VIÑA DEL MAR,3,0,3,0,0
12153,ESCUELA PARTICULAR GUILLERMO TELL,VIÑA DEL MAR,3,0,3,0,0
12154,COL NINOS CANTORES DE V DEL MAR,VIÑA DEL MAR,4,0,3,0,0
12157,ESCUELA ESPECIAL DE DESARROLLO,QUILPUÉ,1,0,1,102,212
12158,ESC.PARTIC.RP.ARTURO ROSE-INNE SS. CC.,VIÑA DEL MAR,3,0,3,0,0
12159,ESCUELA DONA PAULA JARAQUEMADA,QUILPUÉ,3,0,3,0,0
12161,COLEGIO DOCTOR OTTO HAHN,VILLA ALEMANA,3,0,2,0,0
12162,ESCUELA DE DEPORTES,VILLA ALEMANA,1,0,3,0,0
12163,COLEGIO SAN GABRIEL,VILLA ALEMANA,4,0,3,0,0
12165,JARDIN INFANTIL ESTRELLITA,VILLA ALEMANA,4,0,3,0,0
12167,COLEGIO BLANCO ENCALADA,SAN ANTONIO,3,0,3,0,0
12168,COLEGIO SAN FRANCISCO DE ASIS,SAN FELIPE,3,1,3,0,0
12171,ESCUELA BASICA HUMBERTO VILCHEZ ALZAMORA,VIÑA DEL MAR,1,0,1,318,10
12175,ESCUELA PARTICULAR MARIANO LATORRE,VALPARAÍSO,3,0,1,149,10
12177,COLEGIO ANDRES BELLO,CABILDO,3,0,1,351,310
12178,COLEGIO STRATFORD,VIÑA DEL MAR,4,0,3,0,0
12180,ESCUELA RURAL FORRAHUE,RÍO BUENO,2,1,3,0,0
12182,ESCUELA PARTICULAR N.303 LUIS CRUZ MARTINEZ,OSORNO,3,0,1,201,110
12183,COLEGIO SAINT THOMAS COLLEGE,OSORNO,3,0,1,481,10
12184,ESCUELA PARTICULAR N. 304 JUAN PABLO I,PUERTO MONTT,3,1,3,0,0
12185,COLEGIO BICENTENARIO HELVECIA,VALDIVIA,3,0,1,645,10
12187,ESCUELA LOS COPIHUES,PANGUIPULLI,3,1,3,0,0
12188,ESCUELA CERRO ALEGRE,RÍO BUENO,3,1,1,52,10
12189,ESCUELA RURAL CRUCE FUTAHUENTE,RÍO BUENO,2,1,2,0,0
12191,ESCUELA PARTICULAR N.308 EL MIRADOR,LOS MUERMOS,3,1,1,13,110
12192,INSTITUTO DEL MAR BICENTENARIO CAPITAN WILLIAMS,CHONCHI,3,0,1,548,110
12193,ESCUELA PARTICULAR N.310 RELDEHUE,CHAITÉN,3,1,1,13,110
12217,CENTRO POLITECNICO PARTICULAR DE NUNOA,ÑUÑOA,3,0,1,673,310
12218,COLEGIO CHILE (ANEXO),SAN MIGUEL,3,0,3,0,0
12220,COLEGIO CHILE (ANEXO),SAN MIGUEL,3,0,3,0,0
12221,ESCUELA ESPECIAL PARTICULAR REINA MARIA,CONCHALÍ,3,0,1,36,212
12224,ESCUELA BASICA VALLE BELEN,LAS CONDES,4,0,3,0,0
12225,COLEGIO BICENTENARIO SAN ESTEBAN MARTIR,LO BARNECHEA,3,0,1,1053,10
12226,ESCUELA BASICA N°1355 IRARRAZAVAL,ÑUÑOA,4,0,1,0,0
12228,COLEGIO DEL ALBA,MACUL,4,0,3,0,0
12230,ESCUELA J. PERELLO,ÑUÑOA,3,0,2,0,0
12231,COLEGIO ESP. DE TRAST. DEL LENG.NAZARENO,MACUL,3,0,3,0,0
12232,ESCUELA BASICA SWEDENBORG,MACUL,4,0,3,0,0
12233,ESCUELA BASICA NEWTON GARDEN,MACUL,4,0,3,0,0
12234,LICEO TÉCNICO DIEGO PORTALES,LA FLORIDA,3,0,2,0,0
12235,COLEGIO WASHINGTON CENTER COLLEGE,LA FLORIDA,4,0,3,0,0
12237,ESC.PART.COLEGIO LOS HALCONES,PUENTE ALTO,3,0,1,219,10
12238,ESC. BASICA PARTICULAR SAN ANDRES,LA FLORIDA,3,0,3,0,0
12239,ESCUELA DE PARVULOS HUALAIHUE,CERRILLOS,4,0,3,0,0
12241,COLEGIO CORAZON DE JESUS,QUINTA NORMAL,3,0,1,490,10
12242,COLEGIO PUDAHUEL,PUDAHUEL,3,0,1,649,10
12243,ESCUELA Nº 1365 R.P. GUSTAVO LE PAIGE,RENCA,1,0,1,306,110
12244,COLEGIO EL SEMBRADOR,PUENTE ALTO,3,0,1,1618,10
12245,ESC. BASICA JACQUELINE COLLEGE,MELIPILLA,3,0,3,0,0
12246,LICEO COMERCIAL AVENIDA INDEPENDENCIA,INDEPENDENCIA,3,0,3,0,0
12248,ESCUELA DE PARVULOS SOLCITO,LA GRANJA,3,0,3,0,0
12249,ESCUELA ESPECIAL PONTIFICE JUAN PABLO II,PEÑALOLÉN,1,0,1,138,212
12250,LICEO POLITECNICO LOS DOMINICOS,LAS CONDES,3,0,3,0,0
12251,COLEGIO BATALLA DE LA CONCEPCION,EL BOSQUE,2,0,1,310,10
12252,COLEGIO SIGLO XXI,LA FLORIDA,4,0,3,0,0
12254,COLEGIO EXTREMADURA,VITACURA,4,0,3,0,0
12255,COLEGIO ALCAZAR,MAIPÚ,1,0,1,1098,10
12257,CENTRO EDUCACIONAL ERNESTO YANEZ RIVERA,HUECHURABA,3,0,3,0,0
12258,COLEGIO EMMANUEL MOUNIER,PEÑAFLOR,4,0,1,25,110
12260,COLEGIO SAN FRANCISCO DE ASIS DE BELEN,SANTIAGO,3,0,1,553,10
12261,COLEGIO VILLA CORDILLERA,EL BOSQUE,3,0,3,0,0
12265,COLEGIO THE SOUTHERN CROSS SCHOOL,LAS CONDES,4,0,1,707,10
12266,COLEGIO CIUDADELA MONTESSORI DE LAS CONDES,LAS CONDES,4,0,1,129,10
12268,COLEGIO MAYA SCHOOL,ÑUÑOA,4,0,1,0,0
12269,COLEGIO INSTITUTO SAN CARLOS,LA PINTANA,3,0,1,0,0
12271,ESCUELA DE PARVULOS HERMANAS FRANCISCANAS,MAIPÚ,4,0,3,0,0
12272,ESCUELA DE PARV. LOS DUENDECITOS,MAIPÚ,3,0,3,0,0
12273,ESC.MUNIC.DE PARVULOS HERNAN DEL SOL,RENCA,1,0,1,65,10
12293,INACAP,VALPARAÍSO,4,0,3,0,0
12294,INSTITUTO CIEC,VIÑA DEL MAR,4,0,1,37,165
12295,COLEGIO SAN IGNACIO DE LA SSALLE,QUILLOTA,4,0,1,544,10
12296,HOGAR ESTUDIALTIL OLMUE,OLMUÉ,2,0,3,0,0
12299,ESCUELA BASICA ANEXO PICHILEMU,LA LIGUA,2,1,1,6,110
12301,COLEGIO ESPAÑOL DE VIÑA DEL MAR,VIÑA DEL MAR,3,0,1,269,110
12302,COLEGIO SAINT JULIAN COLLEGE,VIÑA DEL MAR,3,0,1,264,110
12305,COLEGIO ALEXANDER FLEMING,VILLA ALEMANA,3,0,1,573,110
12306,COLEGIO VILLA ALEMANA,VILLA ALEMANA,4,0,3,0,0
12307,ESCUELA FRAY LUIS AMIGO,VILLA ALEMANA,3,0,3,0,0
12308,COLEGIO PARTICULAR VERDOYAM,LLAILLAY,4,0,3,0,0
12309,COLEGIO PIRAMIDE,SAN FELIPE,3,0,1,569,10
12310,ESCUELA ESPECIAL DE LENGUAJE SAN ROQUE,VALPARAÍSO,3,0,1,68,214
12311,CTRO ESTUDIOS CAPACITACION PARA SORDOS,VALPARAÍSO,3,0,1,30,211
12312,COLEGIO REBECA FERNANDEZ,VIÑA DEL MAR,3,0,1,462,10
12313,ESCUELA ESPECIAL CARTAGENA,CARTAGENA,3,0,3,0,0
12314,ESCUELA ATENAS,OLMUÉ,2,0,1,224,10
12315,LICEO INMACULADA DE LOURDES (ANEXO),VIÑA DEL MAR,3,0,3,0,0
12323,CENTRO EDUCACIONAL CRISOL,VIÑA DEL MAR,3,0,1,222,110
12325,COLEGIO LIAHONA ANEXO,QUILPUÉ,3,0,3,0,0
12326,LICEO CREP MENA,QUILPUÉ,3,0,3,0,0
12328,ALIANZA ALEMANA EL BELLOTO,QUILPUÉ,3,0,1,213,10
12329,ESC.DE PARVULOS NACIONALITO,VILLA ALEMANA,3,0,3,0,0
12330,COLEGIO CRISTIANO EBEN-EZER ANEXO,VIÑA DEL MAR,3,0,1,189,110
12332,LICEO POLITECNICO DE CON CON,CONCÓN,2,0,1,400,310
12333,ESCUELA DR. ADRIANO MACHADO PARDO  ANEXO,VIÑA DEL MAR,1,0,3,0,0
12335,ESCUELA ARCHI ANEXO,VIÑA DEL MAR,1,0,3,0,0
12336,LICEO BICENTENARIO TECNICO PROFESIONAL DE MINERIA,CABILDO,2,0,1,497,310
12337,INST DE INT DEL DISC VISUAL AV MOSQUETE,VIÑA DEL MAR,1,0,3,0,0
12363,ESC.BASICA ADULTOS PART.NUEVOS HORIZONTE,LAUTARO,3,0,3,0,0
12364,ESC. BASICA MALLA,VILCÚN,2,1,3,0,0
12366,ESCUELA ESPECIAL ARCO IRIS,CARAHUE,6,0,1,71,212
12367,ESCUELA PARTICULAR RALICO,SAAVEDRA,3,1,3,0,0
12368,LICEO BICENTENARIO DE EXCELENCIA POLITÉCNICO SANTA CRUZ,CUNCO,3,0,1,768,10
12501,ESCUELA JORGE ALESSANDRI RODRIGUEZ,ARICA,6,0,1,349,10
12502,COLEGIO  ANDINO,ARICA,4,0,1,640,10
12503,JARDIN INF. LOS OSITOS CARINOSITOS,IQUIQUE,3,0,3,0,0
12504,COLEGIO LITTLE COLLEGE,IQUIQUE,3,0,1,296,110
12505,COLEGIO PADRE LUIS GALLARDO,ARICA,3,0,1,222,110
12506,J.  I.  INTI,IQUIQUE,4,0,3,0,0
12508,J.  I.  ECOLOGICO FRANCISCO DE ASIS,ARICA,4,0,2,0,0
12509,LICEO PDTE. ANIBAL PINTO GARMENDIA.,IQUIQUE,3,0,1,796,10
12510,JARDIN INFANTIL PAPELUCHO,IQUIQUE,3,0,1,28,10
12511,JARDIN INFANTIL NOCTILUCAS,IQUIQUE,3,0,1,36,10
12512,JARDIN INFANTIL SAN NICOLAS,ARICA,3,0,1,24,10
12514,ANEXO ESCUELA DR RICARDO OLEA GUERRA,ARICA,6,0,3,0,0
12515,COLEGIO NUSTA KORI,IQUIQUE,3,0,1,429,110
12518,COLEGIO DIOCESANO OBISPO LABBE,IQUIQUE,3,0,1,1135,10
12519,JARDIN INFANTIL CAPERUZO,IQUIQUE,3,0,1,26,10
12522,J.  I.  BETEL,IQUIQUE,4,0,2,0,0
12523,JARDIN INFANTIL EMMANUELITO,IQUIQUE,3,0,1,54,10
12526,J.  I.  LA LLAMITA BLANCA,ARICA,4,0,2,0,0
12529,JARDIN INFANTIL LA PANDILLA,IQUIQUE,3,0,2,0,0
12531,J.  I.  SEMILLITA,ARICA,4,0,2,0,0
12533,COLEGIO SAMCA ARUMANTI,IQUIQUE,3,0,3,0,0
12534,LICEO COLEGIO METODISTA ROBERT JOHNSON,ALTO HOSPICIO,3,1,1,1763,10
12535,INST.AGRICOLA  ARTESANAL KUSAYAPU,HUARA,3,1,2,0,0
12536,ESCUELA CRISOLVI,ARICA,3,0,1,43,218
12537,JARDIN INFANTIL CASCANUECES,ARICA,3,0,1,51,10
12538,ESCUELA CHIPANA,IQUIQUE,6,0,1,626,10
12539,COLEGIO SAN JUAN DE LA BLACHERE,ARICA,3,0,1,271,10
12540,J I  LE PETIT ENFANT,ARICA,4,0,2,0,0
12542,ESCUELA CALETA SAN MARCOS,IQUIQUE,6,1,1,109,10
12545,JARDIN INFANTIL EL LLAMITO,IQUIQUE,3,0,1,38,10
12546,JARDIN INFANTIL MI GRANJITA,ARICA,3,0,3,0,0
12547,COLEGIO SAUCACHE,ARICA,3,0,1,1915,10
12548,ANEXO J. INF. LOS OSITOS CARINOSITOS,IQUIQUE,3,0,3,0,0
12549,C.T. C.Y LENGUAJE HISPANO AMERICANO,ARICA,3,0,1,97,214
12550,OASIS EN EL DESIERTO,POZO ALMONTE,1,1,1,81,10
12551,LIC.PADRE ALBERTO HURTADO CRUCHAGA,PICA,2,1,1,635,310
12552,ESCUELA HUAVIÑA,HUARA,2,1,1,3,110
12553,J. I. ANATIRI,IQUIQUE,3,0,1,6,10
12554,ESCUELA DE SOGA,HUARA,2,1,1,1,110
12555,JARDIN INFANTIL AYMARA AYRAMPITO,ARICA,3,0,1,13,10
12556,JARDIN INFANTIL PECECITO DORADO,IQUIQUE,4,0,1,0,0
12557,C.TRAST. DE LA COMUNIC. AMANECER,ARICA,3,0,1,35,214
12559,COLEGIO LITTLE STARS,IQUIQUE,3,0,2,0,0
12560,ESCUELA ANEXO REPUBLICA DE CROACIA,IQUIQUE,6,0,3,0,0
12562,ESCUELA LAONZANA,HUARA,2,1,1,4,110
12563,J.  I.  NUBECITAS,ARICA,4,0,3,0,0
12564,JARDIN INFANTIL JACARANDA,IQUIQUE,3,0,3,0,0
12565,ESC.ESPEC. C.Y.L. HISPANO AMERICANO,ARICA,3,0,3,0,0
12566,COLEGIO METODISTA WILLIAM TAYLOR,ALTO HOSPICIO,3,1,1,1755,10
12567,COLEGIO SAN ANTONIO DE MATILLA,ALTO HOSPICIO,3,1,1,2091,10
12568,JARDIN INFANTIL MANDALA GARDEN,IQUIQUE,4,0,1,0,0
12569,JARDIN INFANTIL BETHEL DE ARICA,ARICA,3,0,1,64,10
12570,COLEGIO ALTA CORDILLERA,ARICA,3,0,1,1795,10
12571,ESCUELA MINI MINE,HUARA,2,1,3,0,0
12572,ESC. HUARA ANEXO FUERTE BAQUEDANO,HUARA,2,0,3,0,0
12573,COLEGIO MARIA REINA,IQUIQUE,3,0,1,616,110
12574,JARDIN INFANTIL PANKARANA,IQUIQUE,3,0,3,0,0
12576,COLEGIO HISPANO,ALTO HOSPICIO,3,0,3,0,0
12577,JARDIN INFANTIL  MICKEY JUNIOR,IQUIQUE,3,0,3,0,0
12578,JARDIN INFANTIL SWANSEA GARDEN,ALTO HOSPICIO,3,0,2,0,0
12579,ESCUELA LATINOAMERICANA,IQUIQUE,3,0,1,120,110
12580,COLEGIO CRISTIANO ADONAY,IQUIQUE,4,0,2,0,0
12581,J.  I.  IMILLA YOKALLA,IQUIQUE,4,0,3,0,0
12582,COLEGIO NUSTA KORI,IQUIQUE,3,0,3,0,0
12584,JARDIN INFANTIL ECOSEMILLITA,IQUIQUE,4,0,1,0,0
12585,J.  I.  MI RINCON,IQUIQUE,4,0,1,0,0
12586,JARDIN INF. PEDAGOGICO DISNEYLANDIA,IQUIQUE,3,0,3,0,0
12587,COLEGIO ARICA COLLEGE,ARICA,3,0,1,947,110
12588,COLEGIO REINA DEL DESIERTO,ALTO HOSPICIO,3,0,1,438,110
12590,COLEGIO HISPANO ITALIANA,IQUIQUE,3,0,1,678,110
12591,LICEO SAMCA ARUMANTI,IQUIQUE,3,0,1,933,110
12593,J.I.SAINT MARGARET ROSE GARDEN,IQUIQUE,3,0,1,172,10
12594,COLEGIO ANTAMARA,IQUIQUE,3,0,1,836,10
12596,ESC. REGIMIENTO RANCAGUA ANEXO,ARICA,6,0,3,0,0
12597,J. I. MI JARDIN,ALTO HOSPICIO,3,0,3,0,0
12598,J.  I.  LUNA DEL DESIERTO S.A.,IQUIQUE,4,0,3,0,0
12599,JARDIN INFANTIL ANAKENA,IQUIQUE,4,0,1,17,10
12600,JARDIN INFANTIL PINTITAS,IQUIQUE,4,0,3,0,0
12601,JARDIN INFANTIL MOISES,IQUIQUE,3,0,2,0,0
12602,ESC. BASICA Y PARV. KRONOS SCHOOL,ALTO HOSPICIO,3,0,1,1279,10
12603,LICEO LOS CONDORES,ALTO HOSPICIO,3,0,1,1205,10
12604,ESCUELA BASICA CORONA SCHOOL,IQUIQUE,3,0,1,745,110
12605,ACADEMIA HOSPICIO,ALTO HOSPICIO,3,0,1,1429,10
12606,JARDIN INFANTIL LOS TATITAS,IQUIQUE,4,0,1,47,10
12607,JARDIN INFANTIL MIS PRIMEROS PASOS,IQUIQUE,3,0,1,91,10
12609,ESCUELA DE LENGUAJE INTI-PAXI,ARICA,3,0,1,41,214
12610,LICEO INSTITUTO COMERCIAL DE ARICA,ARICA,6,0,1,428,410
12612,JARDIN INFANTIL BAMBI,IQUIQUE,3,0,3,0,0
12613,JARDIN INFANTIL TALPIOT,IQUIQUE,4,0,1,61,10
12614,J.  I.  ARCO IRIS,IQUIQUE,4,0,3,0,0
12615,J. I.   MARAZUL,IQUIQUE,4,0,2,0,0
12616,JARDIN INFANTIL CUNCUNITA,IQUIQUE,3,0,2,0,0
12617,ESCUELA ESTRELLA DEL SUR,POZO ALMONTE,1,1,1,1093,10
12618,JARDIN INFANTIL ESTRELLA DE BELEN,IQUIQUE,3,0,3,0,0
12619,JARDIN INFANTIL HAPPY DAY,IQUIQUE,4,0,1,0,0
12620,JARDIN INFANTIL PAPALOTE,ALTO HOSPICIO,4,0,3,0,0
12621,JARDIN INFANTIL D`STEPHANO,IQUIQUE,3,0,1,36,10
12622,JARDIN INFANTIL PEQUENO ARRAU,ARICA,3,0,1,23,10
12623,ESCUELA SAN ANDRES DE PICA,PICA,2,1,1,656,10
12624,LICEO LEONORA LATORRE,ARICA,3,0,3,0,0
12626,J.  I. SOLCITO DE AMOR,ARICA,4,0,2,0,0
12627,JARDIN INFANTIL  NIDITO,IQUIQUE,3,0,2,0,0
12628,JARDIN INFANTIL PARINA,IQUIQUE,3,0,3,0,0
12629,C. DES. LENG. MANUEL ANTONIO MATTA,IQUIQUE,3,0,3,0,0
12630,COLEGIO LEONARDO DA VINCI,ARICA,3,0,1,1063,10
12631,COLEGIO INGLES,IQUIQUE,3,0,1,1544,10
12632,COLEGIO SIMON BOLIVAR,ALTO HOSPICIO,6,0,1,2708,10
12633,ESCUELA CHAPIQUINA,PUTRE,6,1,3,0,0
12634,COLEGIO SAN LORENZO DE TARAPACA,ALTO HOSPICIO,3,0,1,317,10
12635,ACADEMIA IQUIQUE,IQUIQUE,4,0,1,328,10
12636,COLEGIO NIMARA,IQUIQUE,4,0,1,189,110
12637,JARDIN INFANTIL CATALINA,IQUIQUE,3,0,2,0,0
12638,COLEGIO ACADEMIA TARAPACA,IQUIQUE,3,0,3,0,0
12640,JARDIN INFANTIL ACUARELLA,ARICA,3,0,3,0,0
12641,JARDIN INFANTIL INTATA,IQUIQUE,3,0,3,0,0
12643,JARDIN INFANTIL HAPPY GARDEN,ARICA,3,0,3,0,0
12644,JARDIN INFANTIL GIRASOL,IQUIQUE,3,0,2,0,0
12645,COLEGIO CAMBRIDGE ACADEMY,IQUIQUE,3,0,3,0,0
12646,COSTA COLLEGE,IQUIQUE,4,0,1,343,110
12647,J. I. VALLE DE AZAPA,ARICA,3,0,3,0,0
12648,JARDIN INFANTIL HAPPY GARDEN,IQUIQUE,4,0,1,39,10
12649,LICEO SUPERIOR DIEGO PORTALES,ALTO HOSPICIO,3,0,1,1352,10
12650,COLEGIO SAGRADO CORAZON DE JESUS,ALTO HOSPICIO,3,0,1,1591,110
12651,JARDIN INFANTIL CORAZONES,IQUIQUE,3,0,2,0,0
12652,COLEGIO SANTO DOMINGO SAVIO,ALTO HOSPICIO,3,0,1,1742,10
12653,JARDIN INFANTIL SAN GABRIEL,IQUIQUE,3,1,3,0,0
12654,ESCUELA ACADEMIA SINAI,ALTO HOSPICIO,3,1,3,0,0
12655,COLEGIO SAN PEDRO,ALTO HOSPICIO,3,0,1,909,110
12657,EAGLES COLLEGE,IQUIQUE,4,0,1,682,10
12658,LICEO AGR. TEC. PROF. PADRE FRANCISCO NAPOLITANO,ARICA,3,1,1,145,110
12659,COLEGIO DEL ALBA,ARICA,3,0,1,288,10
12660,ESC. ESP. DE LENGUAJE MONSERRAT,IQUIQUE,3,0,1,134,214
12661,J. I. PUKARA,IQUIQUE,3,0,1,0,0
12662,JARDIN INFANTIL PERSONITAS,IQUIQUE,4,0,2,0,0
12663,JARDIN INFANTIL CATITA,IQUIQUE,3,0,3,0,0
12664,ESCUELA SAN SANTIAGO DE MACAYA,POZO ALMONTE,1,1,1,2,110
12665,JARDIN INFANTIL MAGIC GARDEN,ARICA,3,0,3,0,0
12666,JARDIN INFANTIL SAN ANDRES,ALTO HOSPICIO,3,0,2,0,0
12667,COLEGIO HUMBERSTONE,IQUIQUE,3,0,1,1587,10
12668,ESCUELA SOTOCA,HUARA,2,1,1,2,110
12669,COLEGIO HISPANO BRITANICO IQUIQUE,IQUIQUE,4,0,1,1176,110
12670,ESC.ESP.DE TRANS. DE LA COM. ARUSINA,IQUIQUE,3,0,1,76,214
12672,COLEGIO SALESIANO DE IQUIQUE,IQUIQUE,3,0,1,978,10
12674,J. I.  MY FRIEND,IQUIQUE,4,0,1,0,0
12675,ESC. ESP. DE LENGUAJE MILLARAY,ALTO HOSPICIO,3,0,1,75,214
12676,JARDIN INFANTIL DADU,IQUIQUE,4,0,2,0,0
12677,JARDIN INFANTIL SEMILLITA DEL DESIERTO,IQUIQUE,3,0,3,0,0
12678,JARDIN INFANTIL CARITAS CONTENTAS,IQUIQUE,3,0,1,37,10
12679,..,IQUIQUE,4,0,3,0,0
12680,ESC.TRANS.DE LA COMUN. IKI ARU,ALTO HOSPICIO,3,0,1,98,214
12681,ESC.TRAST.DE LA COM.FLOR DE LIRIO,IQUIQUE,3,0,1,195,214
12682,COLEGIO BULNES,IQUIQUE,3,0,1,949,110
12683,LICEO COLEGIO DEPORTIVO,IQUIQUE,6,0,3,0,0
12684,ESCUELA BASICA CANCOSA DE CANCOSA,PICA,2,1,2,0,0
12685,ESC.ESP. DE TRASTORNO DE LA COMUN ISLUGA,ALTO HOSPICIO,3,0,1,312,214
12686,LICEO ACADEMIA NACIONAL,ALTO HOSPICIO,3,0,1,1326,10
12688,COLEGIO GOLDEN NORTH,IQUIQUE,3,0,1,235,10
12689,JARDIN INFANTIL R Y M PLAZA SESAMO,IQUIQUE,3,0,3,0,0
12691,COLEGIO JESUS DE NAZARETH,ALTO HOSPICIO,3,0,1,99,10
12692,COLEGIO PARTICULAR SOCHIDES,ALTO HOSPICIO,3,0,3,0,0
12693,COLEGIO MACAYA,ALTO HOSPICIO,3,0,1,1203,10
12694,COLEGIO MOSAICOS,ARICA,3,0,1,333,10
12695,ESCUELA ESP DE LENGUAJE PARINA,ARICA,3,0,1,102,214
12696,LICEO TECNICO PROF. DE ADULTOS PUKARA,ARICA,3,1,1,477,165
12697,ESC. ESPECIAL DE TRASTORNOS AUDIMED IQUIQUE,IQUIQUE,3,0,1,132,214
12698,ESC ESP DE LENGUAJE STA CAROLINA DE MATILLA,IQUIQUE,3,0,1,69,214
12699,ESC. ESP. DE LENGUAJE KHANA ARU,POZO ALMONTE,3,1,1,91,214
12700,ESC. ESP. TRANST. COM. SANTA LAURA,IQUIQUE,3,0,1,101,214
12701,COLEGIO PARTICULAR SOCHIDES,ARICA,3,0,3,0,0
12702,J. I. LITTLE SUN,IQUIQUE,3,0,1,0,0
12703,JARDIN INFANTIL DE LAS AMERICAS,IQUIQUE,3,0,3,0,0
12704,JARDIN INFANTIL AMANECER,ALTO HOSPICIO,3,0,1,36,10
12705,JARDIN INFANTIL DON OSITO,ARICA,4,0,1,0,0
12707,JARDIN INFANTIL GIRASOL,ARICA,3,0,3,0,0
12708,ESCUELA ESPECIAL JACARANDA,PICA,2,1,1,36,212
12709,ACADEMIA NERUDIANA,IQUIQUE,3,0,1,166,110
12710,COLEGIO HUANTAJAYA,IQUIQUE,3,0,1,483,10
12711,LICEO ACADEMIA SINAI,ALTO HOSPICIO,3,0,1,456,10
12712,COLEGIO CHILE NORTE,ARICA,3,0,1,972,10
12713,LICEO BICENTENARIO COLEGIO CARDENAL RAUL SILVA HENRIQUEZ,ARICA,3,0,1,1061,10
12714,ESC.PARV.DE LENGUAJE DIVINO NINO JESUS,ARICA,3,0,1,0,0
12715,COLEGIO MARAN-ATHA,ALTO HOSPICIO,3,0,1,652,10
12716,COLEGIO BICENTENARIO MIRAMAR DE EXCELENCIA,ARICA,3,0,1,1685,10
12717,JARDIN INFANTIL AMTIRI,IQUIQUE,3,0,1,84,10
12718,J.  I. MI MUNDO,IQUIQUE,4,0,3,0,0
12719,LICEO PABLO NERUDA,ALTO HOSPICIO,3,0,1,762,10
12720,COLEGIO ADOLFO BEYZAGA OVANDO,ARICA,3,0,1,574,10
12721,JARDIN INFANTIL CASTILLLO DEL SABER,ARICA,3,0,1,45,10
12722,JARDIN INFANTIL GIRASOLES,IQUIQUE,4,0,1,24,10
12724,J.  I. AGU,IQUIQUE,4,0,1,0,0
12725,ESCUELA ESPECIAL PADRE PIO,IQUIQUE,3,0,1,126,214
12726,COLEGIO MONTE CARMELO,ALTO HOSPICIO,3,0,1,600,10
12727,ESCUELA ESPECIAL DE LENG. PIECECITOS DE NIÑO,ARICA,3,0,1,66,214
12728,COLEGIO ALTURAS,ALTO HOSPICIO,3,0,1,316,10
12729,JARDIN INFANTIL KUNAMASTA,IQUIQUE,3,0,3,0,0
12730,LICEO TEC. PROF. DE ADULTOS CORESOL,ALTO HOSPICIO,3,0,1,331,165
12731,ESCUELA ESPECIAL DE LENGUAJE LOS ANDES,IQUIQUE,3,0,1,126,214
12732,ESC ESP DE LENGUAJE COLINA CAMPESTRE,ALTO HOSPICIO,3,0,1,155,214
12733,JARDIN INFANTIL LA GRANJITA,ARICA,3,0,1,33,10
12734,ESC ESP DE LENGUAJE ESPISANT,ALTO HOSPICIO,3,0,1,240,214
12735,COLEGIO UNIVERSITARIO UNAP,IQUIQUE,3,0,2,0,0
12736,ACADEMIA POZO ALMONTE,POZO ALMONTE,3,1,1,270,110
12738,ESC.ESP. DE LENGUAJE SANTA LUCIA,ALTO HOSPICIO,3,0,1,205,214
12739,ESC ESP DE LENGUAJE OASIS DEL SABER,IQUIQUE,6,0,1,198,214
12741,COLEGIO LATIONOAMERICANO LAS PARINAS,IQUIQUE,3,0,1,177,110
12742,ESCUELA ESPECIAL DE LENGUAJE INTI - JALLU,ARICA,3,0,1,89,214
12743,JARDIN INFANTIL MI RAYITO DEL SOLAZ,ALTO HOSPICIO,3,0,3,0,0
12744,JARDIN INFANTIL ARTISTICO ARCO IRIS,ARICA,3,0,3,0,0
12746,ESCUELA ESPECIAL DE LENGUAJE VILENKA,ALTO HOSPICIO,3,0,1,89,214
12747,COLEGIO RUPANIC SCHOOL,ALTO HOSPICIO,3,0,1,1196,110
12748,ESCUELA ESP. DE LENG MANANTIAL DEL SABER,ARICA,3,0,1,62,214
12749,COLEGIO MARISTA HERMANO FERNANDO,ALTO HOSPICIO,3,0,1,1190,10
12750,LICEO DE ADULTOS JUNIOR COLLEGE,ARICA,3,0,1,150,363
12751,ESCUELA DE LENGUAJE KERIMA LTDA.,IQUIQUE,3,0,1,148,214
12752,JARDIN INFANTIL MATEITO`S,ARICA,3,0,3,0,0
12753,ESC ESP DE LENGUAJE MI RAYITO DE SOLAZ,ALTO HOSPICIO,3,0,1,282,214
12755,ESCUELA ESP DE LENGUAJE ABECEDIN,IQUIQUE,3,0,2,0,0
12756,JARDIN INFANTIL DAELY,IQUIQUE,4,0,1,0,0
12757,JARDIN INFANTIL SAMCA ARUMANTI DE IQUIQUE,IQUIQUE,3,0,1,161,10
12758,LICEO C.E.I.A. JOSE ALEJANDRO SORIA VARAS,IQUIQUE,6,0,1,712,165
12759,LICEO CAMIÑA,CAMIÑA,2,1,1,93,310
12760,ESC BASICA INTEGRADA DEL SANTO DE PIETRELCINA,IQUIQUE,3,0,3,0,0
12761,ESCUELA BASICA FRANCISCO FORGIONE,IQUIQUE,3,0,1,334,110
12762,IQRA ARABIAN BRITISH SCHOOL,IQUIQUE,3,1,1,509,10
12764,ESCUELA ESPECIAL DE LENGUAJE QUILLECO,QUILLECO,3,0,1,96,214
12765,ESCUELA ESPECIAL DIVERSIA,LOS VILOS,3,0,1,40,212
12766,COLEGIO DE ADULTOS MANQUEHUE DE TIL TIL,TILTIL,3,1,1,78,165
12767,COLEGIO INGLÉS THE SOWER SCHOOL,YUMBEL,3,0,1,438,110
12770,ESCUELA ESPECIAL GEORGES POMPIDOU,VILLA ALEMANA,3,0,1,60,212
12772,COLEGIO EXPERIMENTAL ARTISTICO ALBORES,ANCUD,3,0,1,184,10
12773,ESCUELA ESPECIAL DE LENGUAJE DIALECTA ALERCE,PUERTO MONTT,3,0,1,142,214
12774,ESCUELA ESPECIAL DE LENGUAJE PEQUEÑAS CUMBRES,LA SERENA,3,0,1,94,214
12775,INSTITUTO  DOMINGO  EYZAGUIRRE,SAN BERNARDO,3,0,1,634,10
12776,ESCUELA DE LENGUAJE MI MUNDO DE LETRAS,COQUIMBO,3,0,1,44,214
12777,COLEGIO SAN PEDRO NOLASCO,MELIPILLA,3,0,3,0,0
12778,ESCUELAS  DEL  CARIÑO ALBORADA,PUDAHUEL,3,0,1,330,165
12779,COLEGIO ALTOS DEL CERRO GRANDE,LA SERENA,3,0,1,411,10
12780,COLEGIO EDUCACION ESPECIAL ZAYED,LA SERENA,3,0,1,107,212
12781,AMAZING GRACE ENGLISH SCHOOL,LA SERENA,4,0,1,639,10
12800,COLEGIO BAUTISTA LOIS HART,ANTOFAGASTA,3,0,1,604,10
12802,FUND.EDUC.COL.FEMENINO MADRE DEL ROSARIO,ANTOFAGASTA,3,0,1,498,110
12805,ESCUELA DE PARVULOS CARINOSITOS 1,CALAMA,3,0,1,33,10
12806,ESC PARV PINOCHO,CALAMA,3,0,2,0,0
12808,COR  EDU  LA ARAUCANA,CALAMA,4,0,3,0,0
12809,COR  EDUC  LA ARAUCANA,ANTOFAGASTA,4,0,3,0,0
12810,ESCUELA KAMAC MAYU,CALAMA,1,0,1,1138,110
12811,ESCUELA DE PARVULOS QUILLA ANTAY,CALAMA,1,0,1,162,10
12812,ESC  PARV  MUNDO FELIZ,CALAMA,4,0,2,0,0
12814,ESCUELA DE PARVULOS RENATITO,CALAMA,3,0,1,88,10
12815,JARDIN INFANTIL PEKIN,ANTOFAGASTA,4,0,1,25,10
12816,ESC  PARV  NIDITO,CALAMA,4,0,3,0,0
12819,ESC  PARV  PAPELUCHO (A) (EX MINNIE S KIDS),ANTOFAGASTA,4,0,3,0,0
12820,ESCUELA DE PARVULOS MI HIJO,ANTOFAGASTA,3,0,1,84,214
12822,ESCUELA DE PARVULOS SEMILLITA,ANTOFAGASTA,1,0,1,204,10
12823,COLEGIO CALAMA,CALAMA,3,0,1,1027,10
12824,COL  SUNFLOWER SCHOOL,ANTOFAGASTA,4,0,1,43,110
12826,ESC PARV GABRIELA MISTRAL,ANTOFAGASTA,3,0,3,0,0
12827,ESCUELA ARTURO PRAT CHACON ANEXO,TOCOPILLA,2,0,1,37,165
12829,COL  LEONARDO DA VINCI,CALAMA,4,0,1,586,10
12830,LICEO DE ESTUDIOS CONTABLES Y ADMINISTR.,ANTOFAGASTA,3,0,1,743,410
12831,ESCUELA DE PARVULOS TIERNO AMANECER,CALAMA,3,0,1,46,10
12832,COL  SAN IGNACIO,CALAMA,4,0,1,626,10
12833,C EST SUP  ANTONIO VARAS,ANTOFAGASTA,4,0,2,0,0
12834,C EST SUP  ESANE DEL NORTE,ANTOFAGASTA,4,0,1,82,363
12836,LICEO BICENTENARIO COLEGIO RÍO LOA,CALAMA,3,0,1,1236,10
12837,COLEGIO PARTICULAR BET- EL,ANTOFAGASTA,3,0,1,900,10
12838,COLEGIO ECOLOGICO MONTESSORI,CALAMA,3,0,1,956,10
12840,ESCUELA JUAN PABLO II,ANTOFAGASTA,1,0,1,1090,10
12842,LICEO BICENTENARIO AGROPECUARIO LIKAN ANTAI,SAN PEDRO DE ATACAMA,2,0,1,663,110
12843,ESCUELA DE PARVULOS  SNOOPY,CALAMA,3,0,2,0,0
12845,ESCUELA DE PARVULOS PACHAKUTI I,ANTOFAGASTA,3,0,2,0,0
12846,COLEGIO CHAÑARES,ANTOFAGASTA,4,0,1,562,10
12847,ESC  PARV  LOS 7 ENANITOS DEL BOSQUE,CALAMA,4,0,1,50,10
12848,LICEO EXPERIMENTAL ARTISTICO Y APLICACIO,ANTOFAGASTA,4,0,3,0,0
12850,COL  ANTOFAGASTA (ANEXO),ANTOFAGASTA,4,0,3,0,0
12851,COLEGIO PADRE ALBERTO HURTADO,CALAMA,3,0,1,626,110
12853,COLEGIO PARTICULAR SAN NICOLAS,CALAMA,3,0,1,912,10
12855,LICEO COMERCIAL COMPUTACIONAL STA SARA,ANTOFAGASTA,3,0,1,278,410
12857,ESC  PARV  CAPULLITO,CALAMA,4,0,3,0,0
12858,ESCUELA CIUDAD DE LOS NINOS,CALAMA,3,0,3,0,0
12859,COL  ANTONIO VARAS,ANTOFAGASTA,4,0,3,0,0
12860,COLEGIO DIVINA PASTORA,ANTOFAGASTA,3,0,1,697,110
12861,ESCUELA DE PARVULOS KING LIONS SCHOOL,CALAMA,3,0,1,144,10
12862,ESCUELA LAPICITO DE COLOR,CALAMA,4,0,1,15,10
12863,ESC  PARV  MY CASTLE GARDEN,ANTOFAGASTA,4,0,1,42,10
12864,COLEGIO UNIVERSITARIO ANTONIO RENDIC,ANTOFAGASTA,4,0,1,828,10
12865,ESC.DE PARVULOS LA CASITA DE CHOCOLATE,CALAMA,3,0,1,48,10
12867,COL  LICANCABUR,CALAMA,4,0,1,238,110
12868,COLEGIO EBEN EZER,ANTOFAGASTA,3,0,1,1253,10
12869,ESCUELA DE PARVULOS GATO CON BOTAS,CALAMA,3,0,1,168,10
12870,C.E.I.A. ANTONIO RENDIC.,ANTOFAGASTA,1,0,1,737,165
12871,ESCUELA BASICA VALENTIN LETELIER,CALAMA,1,0,1,660,110
12872,ESCUELA MARÍA ANGÉLICA ELIZONDO BRICEÑO,MEJILLONES,2,0,1,366,110
12875,ESC  PARV  CARINOSITOS 2,CALAMA,4,0,1,14,10
12876,LOESS SCHOOL,CALAMA,4,0,1,303,10
12877,ESC  PARV  CORAZONCITO,ANTOFAGASTA,4,0,1,0,0
12878,COLEGIO MI HIJO N_2,ANTOFAGASTA,3,0,1,692,110
12879,ESCUELA ESPECIAL DE LENGUAJE VIOLETA PARRA,ANTOFAGASTA,3,0,3,0,0
12880,ANEXO COLEGIO RIO LOA,CALAMA,3,0,3,0,0
12881,ESCUELA DE PARVULOS ARCO IRIS,TOCOPILLA,3,0,2,0,0
12882,ESCUELA DE PARVULOS INTI PANNI,CALAMA,1,0,1,100,10
12884,COL. INTERNACIONAL ANTOFAGASTA LTDA.,ANTOFAGASTA,4,0,1,934,10
12885,COLEGIO SAN AGUSTIN,ANTOFAGASTA,3,0,1,1614,10
12886,ESCUELA DE PARVULOS MI MUNDO MAGICO,ANTOFAGASTA,3,0,1,181,10
12887,ACUARELINES,ANTOFAGASTA,4,0,1,99,10
12888,ESC.ESPEC.DE LENGUAJE CAMINO DE AMOR,CALAMA,3,0,1,269,214
12889,EL PRINCIPITO FELIZ,ANTOFAGASTA,3,0,1,44,10
12890,MIS MAGICAS PALABRAS,ANTOFAGASTA,3,0,1,103,214
12891,NEW HEAVEN HIGH SCHOOL,ANTOFAGASTA,3,0,1,2075,110
12931,COLEGIO PARTICULAR AMERICAN COLLEGE,ANTOFAGASTA,3,0,3,0,0
12932,ESC. PARV. MINNIE`S KIDS,ANTOFAGASTA,4,0,1,0,0
12934,ESCUELA DE PARVULOS SAN LUCIANO,MEJILLONES,3,0,1,68,10
12935,COLEGIO PROVIDENCIA,ANTOFAGASTA,3,0,1,984,10
12936,ESCUELA ESPECIAL DE LENGUAJE NAZARETH,ANTOFAGASTA,3,0,1,299,214
12937,LICEO POLITECNICO,ANTOFAGASTA,1,0,3,0,0
12938,PACHAKUTI II,ANTOFAGASTA,4,0,3,0,0
12939,SAN NICOLITO,CALAMA,4,0,1,0,0
12940,ESCUELA DE PARVULOS CARRUSEL 1,CALAMA,3,0,3,0,0
12941,ESCUELA ALONDRA ROJAS BARRIOS,TALTAL,2,0,1,676,10
12942,ESCUELA GABRIELA MISTRAL,TOCOPILLA,2,0,1,653,10
12943,COLEGIO TECNICO INDUSTRIAL DON BOSCO,ANTOFAGASTA,3,0,1,1256,110
12944,REVERENDO PADRE PATRICIO CARIOLA,ANTOFAGASTA,1,0,1,1058,10
12945,ESCUELA ECOLOGICA PADRE ALBERTO HURTADO,ANTOFAGASTA,1,0,1,613,110
12946,ESC. PARV. GREEN GARDEN,CALAMA,4,0,1,0,0
12948,ESCUELA DE PARVULOS NINO DE BELEN,ANTOFAGASTA,3,0,1,87,10
12949,ESC. PARV. SNOOPY 2,CALAMA,4,0,1,0,0
12951,ESCUELA EDUCACION ESPECIAL RAICES,ANTOFAGASTA,3,0,1,117,216
12952,J Y N SCHOOL,CALAMA,3,0,1,159,10
12953,ESCUELA ESPECIAL DE LENGUAJE LOS PANDITAS,ANTOFAGASTA,3,0,1,108,214
12954,DEUTSCHE SCHULE ALBERT EINSTEIN,ANTOFAGASTA,4,0,3,0,0
12955,ESCUELA BASICA JAVIERA CARRERA,ANTOFAGASTA,3,0,1,425,110
12956,ESC. PARV. ANSCO,CALAMA,4,0,1,54,10
12957,ESC. PARV. NIÑO DE BELEN 2,ANTOFAGASTA,4,0,2,0,0
12958,THE GIANT SCHOOL ANTOFAGASTA,ANTOFAGASTA,3,0,1,597,10
12959,ESCUELA ESPECIAL DE LENGUAJE MIS MAGICAS PALA,ANTOFAGASTA,3,0,1,176,214
12960,ESCUELA ESPECIAL DE LENGUAJE RIMAY ARU,ANTOFAGASTA,3,0,1,60,214
12961,LICEO RADOMIRO TOMIC ROMERO,CALAMA,1,0,1,253,310
12962,ESCUELA ELMO FUNEZ CARRIZO,ANTOFAGASTA,1,0,1,1071,10
12963,THE ANTOFAGASTA BAPTIST COLLEGE,ANTOFAGASTA,3,0,1,1744,10
12965,AMERICAN HIGH SCHOOL,ANTOFAGASTA,3,0,3,0,0
12966,COLEGIO SAN PATRICIO,ANTOFAGASTA,4,0,1,709,10
12967,ESCUELA ESPECIAL DE LENGUAJE MARGARETH,ANTOFAGASTA,3,0,1,89,214
12968,ESCUELA ESPECIAL SAN SEBASTIAN,MEJILLONES,3,0,1,93,214
12969,ESCUELA DE PARVULOS MUNDO KIDS,ANTOFAGASTA,3,0,1,70,10
12970,NORTH COLLEGE,ANTOFAGASTA,3,0,1,916,110
12971,ESCUELA ESPECIAL DE LENGUAJE MONTESSORI,ANTOFAGASTA,3,0,1,52,214
12972,COLEGIO LA CONCEPCION,ANTOFAGASTA,1,0,1,50,363
12973,COL. NAUTICO SAN LUCIANO,MEJILLONES,4,0,3,0,0
12974,COLEGIO INGLES-ALEMAN,ANTOFAGASTA,4,0,1,121,110
12975,ESCUELA DE PARVULOS ABEJITA,ANTOFAGASTA,3,0,3,0,0
12976,ESCUELA DE PARVULOS NAMASTE,ANTOFAGASTA,4,0,3,0,0
12977,HARVEST CHRISTIAN SCHOOL,ANTOFAGASTA,3,0,1,1227,10
12979,ESCUELA DE PARVULOS PLANETA TIERRA,CALAMA,3,0,1,109,10
12980,LICEO BICENTENARIO DIEGO PORTALES PALAZUELOS,CALAMA,1,0,1,842,110
12982,COLEGIO ESPECIAL LAURENT CLERC,ANTOFAGASTA,3,0,1,164,214
12983,ESCUELA DE PÀRVULOS DREAM SCHOOL,CALAMA,4,0,1,33,10
12984,ESCUELA DE PÁRVULOS CHUQUICAMATA,CALAMA,4,0,1,0,0
12985,ESCUELA DE PARVULOS LA ESTACION,ANTOFAGASTA,3,0,3,0,0
12986,ESCUELA ESPECIAL DE LENGUAJE MONTESSORI 2,ANTOFAGASTA,3,0,1,66,214
12987,ESC. ESP. DE LENG. ARCO IRIS DE PALABRAS,ANTOFAGASTA,3,0,1,83,214
13101,COLEGIO SAINT LOUIS SCHOOL HOUSE,COPIAPÓ,4,0,3,0,0
13102,JARDIN INFANTIL   LOS ENANITOS,COPIAPÓ,4,0,3,0,0
13103,COLEGIO PARTICULAR CALDERA,CALDERA,3,0,1,658,10
13104,ESCUELA MANUEL ORELLA ECHANEZ,CALDERA,6,0,1,662,10
13105,ESCUELA ESPECIAL PARTICULAR LOS CONEJITOS,COPIAPÓ,3,0,1,83,212
13106,LICEO T.P PAULINO Y MARGARITA CALLEJAS,VALLENAR,3,1,3,0,0
13107,JARDIN INFANTIL PARTICULAR   AGAZZI,COPIAPÓ,4,0,1,0,0
13108,JARDIN INFANTIL   BAMBI,COPIAPÓ,4,0,1,0,0
13110,COLEGIO SANTA GEMITA,COPIAPÓ,4,0,3,0,0
13111,INSTITUTO DON BOSCO DE COPIAPO,COPIAPÓ,3,0,3,0,0
13112,COLEGIO SAN AGUSTÍN DE ATACAMA,COPIAPÓ,3,0,1,1469,10
13114,JARDIN INFANTIL PAPELUCHO,DIEGO DE ALMAGRO,4,0,3,0,0
13115,JARDIN INFANTIL PALOMITA BLANCA,CALDERA,4,0,3,0,0
13116,ESCUELA BÁSICA RURAL JAIME PROHENS,TIERRA AMARILLA,6,1,1,8,110
13117,COLEGIO PARTICULAR   SAN LORENZO,COPIAPÓ,4,0,1,817,10
13118,ESCUELA BÁSICA MARTA EMILIANA AGUILAR ZERÓN,TIERRA AMARILLA,6,0,1,451,10
13119,ESC DE PARVULOS MONSENOR TOMMASO REGGIO,VALLENAR,4,0,3,0,0
13120,CENTRO DE DESARROLLO DEL LENGUAJE MANUEL,COPIAPÓ,3,0,3,0,0
13121,ESCUELA BÁSICA CAPITÁN RAFAEL TORREBLANCA,VALLENAR,6,0,1,260,10
13122,CENTRO DE EDUCACIÓN INTEGRADA DE ADULTOS CEIA,VALLENAR,6,0,1,194,165
13123,JARDÍN INFANTIL PASITOS DE NIÑOS,DIEGO DE ALMAGRO,3,0,1,30,10
13124,COLEGIO FELIX SUSAETA,TIERRA AMARILLA,3,1,1,116,10
13125,SCUOLA ITALIANA GIUSSEPPE VERDI,COPIAPÓ,4,0,1,661,10
13126,CENTRO EDUCACION INTEGRADA ADULTOS,CHAÑARAL,6,0,3,0,0
13128,ESCUELA RURAL MOISÉS LÓPEZ TRUJILLO,HUASCO,6,1,1,15,110
13129,JARDIN INFANTIL LOS COLLITAS,DIEGO DE ALMAGRO,4,0,3,0,0
13131,JARDIN INFANTIL MANANTIAL,COPIAPÓ,4,0,1,0,0
13132,CENTRO EDUC.INTEGRADO ADULTOS C.E.I.A.,FREIRINA,6,0,3,0,0
13133,ESCUELA MANUEL RODRÍGUEZ,COPIAPÓ,6,0,1,309,10
13134,ESCUELA MIREYA ZULETA ASTUDILLO,HUASCO,6,0,1,481,10
13135,ESCUELA BÁSICA IGNACIO DOMEYKO,CHAÑARAL,6,0,1,478,10
13136,JARDIN INFANTIL ARCO IRIS,COPIAPÓ,4,0,1,73,10
13137,COLEGIO PART.JOHN F. KENNEDY,DIEGO DE ALMAGRO,3,0,3,0,0
13138,COLEGIO FLORA NORMILLA,COPIAPÓ,3,0,1,400,10
13139,JARDIN INFANTIL  MI BEBE,COPIAPÓ,4,0,3,0,0
13140,COLEGIO SAN SEBASTIAN,DIEGO DE ALMAGRO,3,0,3,0,0
13141,ESCUELA ESPECIAL DE TRASTORNOS DE LA COMUNICACIÓN APIR,COPIAPÓ,3,0,1,266,214
13142,JARDIN  INFANTIL  CARRUSEL,VALLENAR,4,0,1,0,0
13143,ESCUELA BYRON GIGOUX JAMES,CALDERA,6,0,1,378,10
13145,LICEO TECNOLÓGICO DE COPIAPÓ,COPIAPÓ,6,0,1,1125,363
13146,ESCUELA INDUSTRIAL SALESIANOS COPIAPÓ,COPIAPÓ,3,0,1,884,110
13147,ESCUELA BASICA DE PUERTO VIEJO,CALDERA,6,1,3,0,0
13148,CENTRO DE TRASTORNO DE COM.SN.FRANCISCO,CHAÑARAL,3,0,3,0,0
13149,COLEGIO ALMENAR DE COPIAPO,COPIAPÓ,4,0,1,660,10
13150,ESCUELA BASICA GABRIELA MISTRAL,CHAÑARAL,6,0,3,0,0
13152,ESCUELA ESPECIAL DE LENGUAJE AYLLU,DIEGO DE ALMAGRO,3,0,1,64,214
13153,JARDIN INFANTIL PARTICULAR  FANTASIA,COPIAPÓ,4,0,3,0,0
13154,ESCUELA EL CHAÑAR,COPIAPÓ,6,0,1,784,10
13155,JARDÍN INFANTIL MI RAYITO DE SOL,CHAÑARAL,3,0,1,57,10
13156,COLEGIO HÉROES DE ATACAMA,COPIAPÓ,3,0,1,1072,110
13157,ESCUELA ESPECIAL CENTRO TRASTORNO DE LA COMUNICACIÓN PADRE ALBERTO HURTADO,VALLENAR,3,0,1,132,214
13159,JARDIN INFANTIL PARTICULAR   KOVACIC,COPIAPÓ,4,0,1,0,0
13160,ESC.TRASTORNOS DE LA COMUNICACION BORDEMAR,CALDERA,3,0,3,0,0
13162,ESCUELA DIFERENCIAL PUKARÁ,COPIAPÓ,6,0,1,68,216
13163,ESCUELA CARLOS MARÍA SAYAGO,COPIAPÓ,6,0,1,730,10
13164,JARDIN INFANTIL PARTICULAR PEQUITAS,COPIAPÓ,4,0,1,26,10
13165,JARDIN INFANTIL LA ESTACION,COPIAPÓ,4,0,3,0,0
13166,JARDIN INFANTIL LOS DALMATAS,COPIAPÓ,4,0,3,0,0
13167,ESCUELA EDMUNDO QUEZADA ARAYA,VALLENAR,6,0,1,483,10
13168,LICEO EL PALOMAR,COPIAPÓ,6,0,1,479,310
13169,ESCUELA TRASTORNO LENGUAJE RAYITO DE SOL,COPIAPÓ,3,0,1,89,214
13170,ESCUELA BASICA SARA CORTES CORTES,DIEGO DE ALMAGRO,6,0,1,375,10
13171,ESCUELA DE ARTES MARTA COLVIN,COPIAPÓ,4,0,1,0,0
13172,ESCUELA ESP.TRAST.COMUNIC. AMANCAY,TIERRA AMARILLA,3,0,1,208,214
13173,C.E.I.A. PEDERNALES,DIEGO DE ALMAGRO,3,0,3,0,0
13174,CENTRO DE EDUCACION INTEGRADA DE ADULTOS,TIERRA AMARILLA,6,0,3,0,0
13176,CENTRO DE EDUCACIÓN INTEGRADA DE ADULTOS,COPIAPÓ,6,0,1,396,165
13177,ESCUELA DE DESARROLLO ARTÍSTICO CALDERA,CALDERA,6,0,1,504,10
13178,COLEGIO HISPANO AMÉRICA,CHAÑARAL,3,0,1,246,110
13179,LICEO HARAVICU,COPIAPÓ,3,0,3,0,0
13180,ESCUELA DIFERENCIAL GERMINAR,COPIAPÓ,3,0,3,0,0
13181,ESCUELA EMILIA SCHWABE RUMOHR,FREIRINA,6,0,1,456,10
13182,ESCUELA DE LENGUAJE CREPONIA,DIEGO DE ALMAGRO,3,0,3,0,0
13183,ESC.ESP.HOSPITALARIA HOSPITAL SAN JOSE DEL C,COPIAPÓ,3,0,3,0,0
13184,JARDIN INFANTIL  LA ESTACION II,COPIAPÓ,4,0,3,0,0
13185,LICEO POLITÉCNICO,VALLENAR,6,0,1,812,167
13186,CENTRO DE EDUCACIÓN INTEGRADA DE ADULTOS,DIEGO DE ALMAGRO,6,0,1,37,167
13187,ESCUELA ESPECIAL DE LENGUAJE RAYITO DE SOL II,COPIAPÓ,3,0,1,105,214
13188,COLEGIO CERVANTINO,COPIAPÓ,3,0,1,1366,10
13190,COLEGIO SAN FRANCISCO DE LA SELVA,COPIAPÓ,4,0,1,538,10
13191,ESCUELA ESPECIAL DE LENGUAJE LAURA VICUÑA,VALLENAR,3,0,1,123,214
13193,CENTRO DE EDUCACIÓN INTEGRADA DE ADULTOS CALDERA,CALDERA,6,0,1,89,165
13194,JARDIN INFANTIL  JAKA ALI,VALLENAR,4,0,3,0,0
13195,ESCUELA DE LENGUAJE RINCÓN DEL SABER,VALLENAR,3,0,1,86,214
13196,ESCUELA ESPECIAL DE TRASTORNO DEL LENGUAJE FLOR DEL DESIERTO,CALDERA,3,0,1,67,214
13197,ESCUELA DE LENGUAJE MUNDO MÁGICO,VALLENAR,3,0,1,110,214
13198,ESCUELA ESPECIAL DE LENGUAJE MI ESTACIÓN,COPIAPÓ,3,0,1,128,214
13199,ESCUELA ESPECIAL DE LENGUAJE MIS RAÍCES,HUASCO,3,0,1,73,214
13200,ESCUELA ESPECIAL DE LENGUAJE NUEVA JUVENTUD,HUASCO,3,0,1,64,214
13202,LICEO BICENTENARIO DE VALLENAR,VALLENAR,6,0,1,497,110
13203,ESCUELA DE TRASTORNO DEL LENGUAJE STELLA MARIS COPIAPÓ,COPIAPÓ,3,0,1,139,214
13204,ESCUELA  ESPECIAL  N°2420 LA  HUERTA,TILTIL,3,0,1,78,214
13205,SANTO DOMINGO COUNTRY SCHOOL,SANTO DOMINGO,3,0,3,0,0
13206,ESCUELA ESPECIAL MUNDO COLOR,LOS ANDES,3,0,1,94,212
13207,ESCUELA ESPECIAL DE LENGUAJE EL CASTILLO DE VILCÚN,VILCÚN,3,0,1,78,214
13208,CENTRO DE EDUCACIÓN DE ADULTOS LA HAYA,TEMUCO,3,0,1,85,363
13210,COLEGIO  HOSPITALARIO  RENOVAL,PROVIDENCIA,3,0,2,0,0
13212,ESCUELA  ESPECIAL  N°2422 AYEKAN,LA FLORIDA,3,0,1,74,214
13214,ESCUELA ESPECIAL DE LENGUAJE MI MUNDO DE COLORES,PUERTO VARAS,3,0,1,51,214
13215,COLEGIO HOSPITALARIO  CLINICA INDISA,PROVIDENCIA,3,0,1,13,10
13216,ESCUELA EPU NEWEN,TEMUCO,3,0,1,380,10
13217,ESCUELA ESPECIAL DE LENGUAJE NEWEN ALON,PADRE LAS CASAS,3,0,1,29,214
13218,ESCUELA  ESPECIAL  N°196 AURINKO,SAN BERNARDO,3,0,1,30,214
13219,COLEGIO SAN LORENZO,LA FLORIDA,3,0,3,0,0
13220,COLEGIO LICARAYEN,LA FLORIDA,3,0,1,571,110
13221,ESCUELA  ESPECIAL  N°2423 RUISEÑOR,LA FLORIDA,3,0,3,0,0
13300,COLEGIO ALEMAN,LA SERENA,4,0,1,910,10
13302,ESCUELA PARTICULAR CERRO BLANCO,LOS VILOS,3,1,1,1,110
13303,COLEGIO CONEJITO CHIMBUN Y SUS AMIGOS,LA SERENA,3,0,3,0,0
13304,JARDIN INFANTIL LOS PEQUITAS,COQUIMBO,3,0,3,0,0
13305,COLEGIO TRINITY,LA SERENA,3,0,1,332,10
13309,ESC. BASICA LA HIGUERA DE PUNITAQUI,PUNITAQUI,2,1,1,3,110
13310,JARDIN INFANTIL THE LITTLE PRINCE,LA SERENA,4,0,3,0,0
13311,ESCUELA PARTICULAR LA ESMERALDA,LA SERENA,3,0,3,0,0
13312,ESCUELA PARTICULAR CHEPICA,COMBARBALÁ,3,1,1,2,110
13313,COLEGIO FRANCIS SCHOOL,COQUIMBO,3,0,1,2148,10
13314,COLEGIO CRISTOBAL COLON,COQUIMBO,3,0,1,938,10
13315,JARDIN INFANTIL MI PEQUENO MUNDO,LA SERENA,4,0,3,0,0
13316,COLEGIO ROYAL COLLEGE,COQUIMBO,3,0,3,0,0
13319,SCUOLA ITALIANA ALCIDE DE GASPERI,LA SERENA,4,0,1,751,10
13320,COLEGIO PARTICULAR TONGOY,COQUIMBO,3,0,1,73,110
13321,CENTRO ABIERTO MILLAPEL,ILLAPEL,4,0,3,0,0
13322,CENTRO ABIERTO BOTONCITOS DEL VALLE,LA SERENA,4,0,3,0,0
13324,COLEGIO SANTA MARIA DE BELEN N_ 162,COQUIMBO,3,0,1,811,10
13325,ESCUELA JOSE RAFAEL SALINAS,COMBARBALÁ,2,1,3,0,0
13328,JARDIN INF  DE LA UNIVERSIDAD DE LA SERENA,LA SERENA,4,0,1,70,10
13329,JARDIN INFANTIL HAPPY KING,LA SERENA,4,0,1,0,0
13330,COLEGIO PARTICULAR PIERROT,LA SERENA,3,0,1,269,110
13331,JARDIN INFANTIL PIN UNO- PIN DOS,COQUIMBO,3,0,3,0,0
13332,COLEGIO SAINT MARY SCHOOL,COQUIMBO,4,0,1,335,110
13333,ESC. FAMILIAR AGRICOLA VALLE DEL ELQUI,LA SERENA,3,1,1,219,710
13334,COLEGIO SAN IGNACIO DE LOYOLA,ILLAPEL,3,0,3,0,0
13335,COLEGIO TRINITY SCHOOL  ANEXO,LA SERENA,4,0,3,0,0
13336,ESCUELA BASICA JOSE IGNACIO ZENTENO,COMBARBALÁ,2,1,1,2,110
13338,COLEGIO KID S WORLD SCHOOL,COQUIMBO,3,0,3,0,0
13339,JARDIN INFANTIL SAN DANIEL,LA SERENA,4,0,1,7,10
13341,COLEGIO PART. KOMVUX - COQUIMBO,COQUIMBO,3,0,1,291,10
13342,COLEGIO PARTICULAR SAN FRANCISCO JAVIER,COQUIMBO,3,0,1,151,10
13343,JARDIN INFANTIL BAMBI,COQUIMBO,4,0,3,0,0
13344,COLEGIO AMERICANO,LA SERENA,3,0,1,891,10
13347,JARDIN INFANTIL PAPELUCHO,LA SERENA,4,0,3,0,0
13350,JARDIN INFANTIL LE PETIT ENFANT,LA SERENA,3,0,1,30,10
13351,COLEGIO ALEJANDRO COVARRUBIAS ZAGAL,LA SERENA,3,0,3,0,0
13352,LICEO POLIV.PADRE JOSE HERDE P-LHER,CANELA,2,0,1,388,310
13353,SAINT JOHN S SCHOOL,LA SERENA,3,0,3,0,0
13356,COLEGIO ALBERT EINSTEIN,LA SERENA,3,0,1,958,10
13357,JARDIN INFANTIL EL CASTILLO DEL SABER,LA SERENA,4,0,3,0,0
13358,ESCUELA JUAN RENDIC,VICUÑA,2,1,1,162,10
13359,JARDIN INFANTIL MALLEN,LA SERENA,3,0,3,0,0
13360,COLEGIO SAN NICOLAS,LA SERENA,3,0,1,408,110
13361,KID´S WORLD SCHOOL,COQUIMBO,3,0,1,1013,10
13362,ESCUELA BASICA LOS ANGELES DE RAPEL,MONTE PATRIA,2,1,1,3,110
13363,ESCUELA BASICA MUNICIPAL LA GRANJITA,PUNITAQUI,2,1,1,10,110
13364,ESCUELA BASICA MUNICIPAL EL PIDEN,PUNITAQUI,2,1,3,0,0
13365,ESCUELA BASICA MINILLAS,RÍO HURTADO,2,1,1,3,110
13366,ESCUELA BASICA LOS CRISTALES DE ORO,COMBARBALÁ,2,1,3,0,0
13367,COLEGIO TRINITY SCHOOL  ANEXO,LA SERENA,4,0,3,0,0
13369,JARDIN INFANTIL MADELEINE FAURE,COQUIMBO,3,0,3,0,0
13370,COLEGIO DEL ALBA,COQUIMBO,4,0,1,508,10
13372,COLEGIO FRANCISCO PALAU,LA SERENA,3,0,1,536,10
13373,COLEGIO PARTICULAR LEONARDO DA VINCI,COQUIMBO,3,0,1,911,10
13374,ESC.BASICA FRANCISCA RAMIREZ PUEBLA,OVALLE,3,0,2,0,0
13375,ESCUELA BASICA EL MEMBRILLO,ILLAPEL,3,1,1,5,110
13376,COLEGIO SAN MANUEL,LA SERENA,3,0,1,992,10
13377,JARDIN INFANTIL ECOLOGITO,LA SERENA,4,0,3,0,0
13378,COLEGIO SER,LA SERENA,4,0,1,16,110
13379,ESCUELA BASICA CUMBRE DE LOS ANDES,ILLAPEL,2,1,1,8,110
13380,ESCUELA BASICA MUNICIPAL LOS PERALES,ILLAPEL,2,1,1,9,110
13381,COLEGIO LOS CARRERA ANEXO,COQUIMBO,3,0,3,0,0
13382,ESC.ESP.PART.NUESTRA SENORA DE LOURDES,ILLAPEL,3,0,3,0,0
13383,COLEGIO CAMBRIDGE SCHOOL,SALAMANCA,3,0,1,531,10
13384,SAINT JOHN´S SCHOOL,LA SERENA,3,0,1,1104,10
13386,COLEGIO SAGRADA FAMILIA,LA SERENA,4,0,3,0,0
13387,COLEGIO DE ARTES ELISEO VIDELA JORQUERA,OVALLE,2,0,1,856,10
13388,COLEGIO SANTO TOMAS LA SERENA,LA SERENA,3,0,1,951,10
13389,JARDIN INFANTIL RICITOS DORADOS,LA SERENA,4,0,1,0,0
13390,COLEGIO SAN ANDRES,LA SERENA,4,0,3,0,0
13391,ESCUELA PARA ADULTOS NUEVOS HORIZONTES,LA SERENA,3,0,3,0,0
13392,JARDIN INFANTIL SEMILLITA,OVALLE,3,0,3,0,0
13393,JARDIN INFANTIL MUNDO CLUB,LA SERENA,3,0,1,15,10
13394,CORAZON DE JESUS,SALAMANCA,3,0,1,355,10
13395,ESCUELA ESPECIAL HOLANDA,SALAMANCA,2,0,1,30,212
13396,CENTRO EST.Y DES.INTEGRAL DEL NINO,COQUIMBO,3,0,1,469,110
13397,JARDIN INFANTIL LAS GOLONDRINAS,COQUIMBO,3,0,3,0,0
13398,JARDIN INFANTIL TISKA MAMA,LOS VILOS,3,0,1,0,0
13400,COLEGIO SAN FRANCISCO DE ASIS LOCAL ANEXO,SALAMANCA,3,0,3,0,0
13401,JARDIN INFANTIL CINDERELLA,COQUIMBO,4,0,1,25,10
13402,ESCUELA PAMA ABAJO,COMBARBALÁ,2,1,3,0,0
13403,JARDIN INFANTIL LOS ROBLECITOS,COQUIMBO,3,0,1,25,10
13405,JARDIN INFANTIL MUNDO FELIZ,COQUIMBO,3,0,1,26,10
13406,JARDIN INFANTIL PIECECITOS DE NINO,LA SERENA,4,0,1,14,10
13407,ESCUELA PARA ADULTOS NUEVOS HORIZONTES ANEX,LA SERENA,3,0,3,0,0
13408,LICEO CHARLES ROBERT DARWIN,LA SERENA,4,0,3,0,0
13409,COLEGIO PARTICULAR ANTONIO VARAS,VICUÑA,3,0,3,0,0
13410,JARDIN INFANTIL RUN RUN,LA SERENA,4,0,3,0,0
13411,JARDIN INFANTIL FUERTE ALEGRIA,LA SERENA,4,0,1,20,10
13412,COLEGIO BASICO RENACER DE CERRILLOS,MONTE PATRIA,2,1,1,44,10
13413,ESCUELA BASICA LUCILA GODOY ALCAYAGA,VICUÑA,2,0,3,0,0
13414,ESCUELA LEON DAVID TAPIA,COQUIMBO,6,0,3,0,0
13415,LICEO DE ADULTOS MAX PLANCK,LA SERENA,3,0,1,179,363
13416,COLEGIO ARTISTICO CULTURAL FORM-ARTE,LA SERENA,3,0,1,364,10
13417,COLEGIO ELQUI,LA SERENA,3,0,1,391,10
13419,COLEGIO ANDES,LA SERENA,4,0,3,0,0
13420,COLEGIO NUESTRA SENORA DE ANDACOLLO,LA SERENA,3,0,1,1399,10
13422,ESCUELA BASICA EL CHACAY,RÍO HURTADO,2,1,3,0,0
13423,ESCUELA BASICA AMANECER,RÍO HURTADO,2,1,1,45,110
13424,JARDIN INFANTIL SUEÑO AZUL,LA SERENA,3,0,1,62,10
13425,ESCUELA ESPECIAL UNPADE COQUIMBO,COQUIMBO,3,0,3,0,0
13426,COLEGIO SAN LUCAS,LA SERENA,3,0,1,262,110
13427,COLEGIO LOS CONQUISTADORES,MONTE PATRIA,3,1,1,812,10
13428,ESCUELA BASICA SAN ISIDRO DE CUZ CUZ,ILLAPEL,2,1,1,164,110
13429,ANEXO COLEGIO ANDRES BELLO,LA SERENA,3,0,3,0,0
13430,JARDIN INFANTIL QUALITY SCHOOL,COQUIMBO,3,0,3,0,0
13431,JARDIN INFANTIL LA NONA,COQUIMBO,3,0,3,0,0
13432,JARDIN INFANTIL VARITA MAGICA,LA SERENA,3,0,2,0,0
13433,COLEGIO SAN JOSE,LA SERENA,3,0,3,0,0
13434,COLEGIO SAN JOAQUIN,LA SERENA,4,0,1,880,10
13436,JARDIN INFANTIL GENESIS,LA SERENA,3,0,3,0,0
13437,COLEGIO MONTEGRANDE,LA SERENA,4,0,3,0,0
13438,COLEGIO PARA ADULTOS SAINT JEAN MICHAEL,COQUIMBO,3,0,2,0,0
13439,COLEGIO PUCARA,OVALLE,3,0,1,579,10
13440,JARDIN INFANTIL NUEVA GENERACION,LA SERENA,4,0,3,0,0
13441,JARDIN INFANTIL ARBOLITO,COQUIMBO,3,0,3,0,0
13442,COLEGIO SANTA FAMILIA,COQUIMBO,3,0,1,1206,10
13443,COLEGIO MUNDO FELIZ,COQUIMBO,3,0,3,0,0
13444,KID´S WORDL SCHOOL ANEXO,COQUIMBO,3,0,3,0,0
13445,COLEGIO ESPANOL,COQUIMBO,3,0,1,183,310
13446,MARIA EDUCA,LA SERENA,3,0,1,957,10
13447,JARDIN INFANTIL VILLA LA FLORIDA,LA SERENA,3,0,3,0,0
13448,COLEGIO CRISTO REY,COQUIMBO,3,0,3,0,0
13450,COLEGIO ANDRES BELLO - PAMPA,LA SERENA,4,0,1,774,10
13451,JARDIN INFANTIL JESUS DE NAZARET,LA SERENA,3,0,1,5,10
13453,JARDIN INFANTIL MICHEY MOUSE,COQUIMBO,3,0,3,0,0
13454,ESC.ESPEC.DE TRASTORNO COMUNICACION LOS CEDRO,LA SERENA,3,0,3,0,0
13455,ESCUELA ESPECIAL ILLAPEL,ILLAPEL,2,1,1,31,212
13456,COLEGIO SAINT GERMAIN,LA SERENA,3,0,3,0,0
13457,JARDIN INFANTIL MI BEBITO,OVALLE,3,0,1,0,0
13458,JARDIN INFANTIL STA.TERESITA DE LOS ANDES,COQUIMBO,3,0,3,0,0
13459,JARDIN INFANTIL CAMPANITA,COQUIMBO,3,0,3,0,0
13460,JARDIN INFANTIL HAPPY HOUSE,COQUIMBO,3,0,3,0,0
13461,LICEO CARMEN AURORA RODRIGUEZ HENRIQUEZ,COQUIMBO,6,0,1,366,165
13462,COLEGIO CERRO GUAYAQUIL,MONTE PATRIA,2,0,1,363,10
13463,COLEGIO CARLOS CONDELL DE LA HAZA,LA SERENA,1,0,1,433,10
13464,COLEGIO INGLES GOLDEN COLLEGE,COQUIMBO,4,0,3,0,0
13465,ESCUELA BASICA JESUS NAZARENO,SALAMANCA,3,1,1,7,110
13467,COLEGIO SANTA MARIA DEL REFUGIO,COQUIMBO,3,0,1,256,10
13468,ESC. ESP. TRAS. DE LA COMUNIC. HELLEN KELLER,COQUIMBO,3,0,3,0,0
13469,JARDIN INFANTIL GRAN MOZART,LA SERENA,3,0,1,32,10
13470,ESC. ESP. DE TRAST. DE LA COM.EUSEBIO LILLO,COQUIMBO,3,0,3,0,0
13471,ESC. ESPECIAL DE TRAN. DE LA COM. SANTA LUISA,LA SERENA,3,0,1,40,214
13472,JARDIN INFANTIL TERESA DE JESUS,LA SERENA,3,0,2,0,0
13473,ESC. ESP. DE TRANST. DE LA COM. NUEVO AMANECE,LA SERENA,3,0,1,32,214
13474,COLEGIO LA MISION,LA SERENA,3,0,1,380,10
13475,COLEGIO SAN MARTIN DE PORRES,LA SERENA,3,0,1,905,10
13476,JARDIN INFANTIL EL MUNDO DE LOS PELUSITAS,LA SERENA,4,0,1,0,0
13477,JARDIN INFANTIL SEMILLITA,LA SERENA,3,0,3,0,0
13478,JARDIN INFANTIL MI RINCON,LA SERENA,4,0,1,0,0
13479,ESCUELA ESPECIAL EL SENDERO,COQUIMBO,3,0,1,135,212
13480,ESCUELA ESPECIAL PALABRITAS,OVALLE,3,0,1,48,214
13481,ESCUELA ESPECIAL GALILEO,OVALLE,3,0,1,29,214
13482,ESC. ESPECIAL DE TRAST. DE LA COMUN. PLUMA D,ILLAPEL,3,0,1,66,214
13484,ESCUELA ESP. TRANS. DE LA COM. ENTREMUNDOS,COQUIMBO,3,0,1,42,214
13485,ESCUELA ESPECIAL HABLA PALABRA,OVALLE,3,0,3,0,0
13486,COLEGIO SAN FRANCISCO JAVIER,LOS VILOS,3,0,1,1334,10
13487,JARDIN INFANTIL EL RINCON DE LOS NINOS,OVALLE,3,0,3,0,0
13488,ESCUELA ESP. DE TRANS. DE LA COM. NUEVA BELEN,LA SERENA,3,0,1,0,0
13489,COLEGIO MARIA EDUCA,COQUIMBO,3,0,1,965,10
13490,JARDIN INFANTIL EMMANUEL MOUNIER,LA SERENA,3,0,3,0,0
13491,COLEGIO ALTAZOR,COQUIMBO,3,0,1,944,10
13492,JARDIN INFANTIL PIECITO,OVALLE,3,0,3,0,0
13493,ESCUELA DE LENGUAJE RENACER,OVALLE,3,0,1,71,214
13494,COLEGIO LA VILLA,MONTE PATRIA,2,0,1,212,10
13495,ESCUELA DE LENGUAJE LOS MONTES,OVALLE,3,0,3,0,0
13496,COLEGIO DE ADULTOS ADOLFO KOLPING,LA SERENA,3,0,3,0,0
13498,ESCUELA BASICA ALTOS DE PECHEN,PUNITAQUI,2,1,1,0,0
13499,ESC.ESP.DE TRANST. DE LA COM. CEDIN - TIERRA,COQUIMBO,3,0,1,136,212
13500,ESC.ESP.DE TRANST.DE LA COM. CUNA DE CONDORES,ILLAPEL,3,0,1,21,214
13501,JARDIN INFANTIL PUCARA,COQUIMBO,4,0,1,0,0
13503,COLEGIO VALENTIN LETELIER,LA SERENA,3,0,1,452,110
13504,COLEGIO SAN LORENZO,COQUIMBO,3,0,1,1194,10
13505,ESC.ESP.DE TRANST.ESPEC. DE LENG. SAN SEBASTI,SALAMANCA,3,0,1,99,214
13506,COLEGIO AYELEN,PUNITAQUI,3,0,1,111,212
13507,JARDIN INFANTIL LES EFANTS,LA SERENA,3,0,3,0,0
13508,JARDIN INFANTIL LE CYGNE,LA SERENA,4,0,3,0,0
13509,JARDIN INFANTIL CRISTIANO EL ARCA DE NOE,COQUIMBO,3,0,3,0,0
13510,ESC.ESP.DE TRANST. ESPEC. DEL LENGUAJE GUAYAS,LA SERENA,3,0,1,54,214
13511,INSTITUTO NACIONAL DE CAPACITACION PROFESIONA,LA SERENA,4,0,3,0,0
13512,COLEGIO JOAQUIN VICUÐA LARRAIN,VICUÑA,2,0,1,198,10
13513,COLEGIO DALMACIA,OVALLE,3,0,1,716,110
13514,COLEGIO MARIA DE ANDACOLLO,COQUIMBO,3,0,1,411,10
13515,ESCUELA ESPECIAL Y LENGUAJE ROCIO,COMBARBALÁ,3,0,1,49,214
13517,ESCUELA ESPECIAL DE LENGUAJE SAN GUILLERMO,VICUÑA,3,0,1,120,214
13518,COLEGIO ARAUCO,COQUIMBO,3,0,1,276,110
13519,ESCUELA PARA ADULTOS LOS TRES MONTES,OVALLE,3,0,3,0,0
13520,JARDIN INFANTIL BRISAS DEL SUR,LA SERENA,3,0,3,0,0
13521,JARDIN INFANTIL CREAMUNDOS,COQUIMBO,3,0,3,0,0
13522,JARDIN INFANTIL LOS ENANITOS,ILLAPEL,3,0,3,0,0
13523,JARDIN INFANTIL LES GARCON DU MONDE,COQUIMBO,3,0,3,0,0
13524,ESCUELA ESPECIAL ALCAZAR,ILLAPEL,3,0,1,26,212
13525,COLEGIO OLIMPO,COQUIMBO,3,0,1,80,165
13526,COLEGIO FRNACES CARLOS MARTEL,LA SERENA,3,0,3,0,0
13527,COLEGIO AGUILA MAYOR,LA SERENA,4,0,1,255,110
13528,COLEGIO ADULTOS SAN LUIS,COQUIMBO,3,0,1,388,167
13529,JARDIN INFANTIL EL BOSQUE,COQUIMBO,3,0,1,24,10
13530,ESC. DE TRAST. ESPECIFICOS DE LEGUAJE JOSE M,COQUIMBO,3,0,1,87,214
13531,ESC. ESP.TRASTORNO LENGUAJE MANATI,LOS VILOS,3,0,1,89,214
13532,ESCUELA DE PARVULOS HAPPY KINDER,OVALLE,3,0,1,49,10
13534,ESC.ESP.DE TRAST.ESPECIFICOS DEL LENGUAJE AYE,SALAMANCA,3,0,1,63,214
13535,COLEGIO CERRO GRANDE,LA SERENA,3,0,1,746,10
13536,JARDIN INFANTIL SANTA ANNA,COQUIMBO,4,0,1,0,0
13537,LICEO PADRE COLL,LA SERENA,3,0,3,0,0
13538,JARDIN INFANTIL PARVUS,OVALLE,3,0,1,106,10
13539,ESCUELA LATINOAMERICA EDUCA,COQUIMBO,3,0,1,656,10
13540,ESC.ESP.DE LENG.HABLA PALABRA NORTE,OVALLE,3,0,1,62,212
13541,ESCUELA ESPECIAL SANTA ELENA,MONTE PATRIA,3,0,1,67,212
13542,COLEGIO IRMA SALAS SILVA,PUNITAQUI,3,0,1,506,10
13543,ESCUELA ESPECIAL KIMELTU,OVALLE,3,0,1,89,212
13544,JARDIN INFANTIL CASCANUECES,COQUIMBO,4,0,1,56,10
13545,ESCUELA BASICA SAN FRANCISCO DE BORJA,COMBARBALÁ,3,0,1,208,110
13546,JARDIN INFANTIL VILLA ALEGRIA,COQUIMBO,4,0,3,0,0
13548,JARDIN INFNATIL TIRITAS DE PAPEL,COQUIMBO,3,0,3,0,0
13549,JARDIN INFANTIL NINOS FELICES,LA SERENA,3,0,3,0,0
13551,COLEGIO MANANTIAL,OVALLE,3,0,1,968,10
13552,COLEGIO CRISTIANO LA SERENA,LA SERENA,3,0,1,217,110
13553,COLEGIO SANTA HELENA COLLEGE,COQUIMBO,3,0,1,123,310
13554,ESCUELA ESPECIAL KREATIVITAS,LA SERENA,3,0,1,29,211
13555,ESCUELA BASICA EL PALOMO,MONTE PATRIA,2,1,2,0,0
13556,JARDIN INFANTIL MICKEY MOUSE II,COQUIMBO,3,0,2,0,0
13557,ESCUELA BASICA REPUBLICA DE ITALIA,COQUIMBO,6,0,1,301,10
13558,INSTITUTO DE ADM. Y COMERCIO ESTADO DE ISRAEL,COQUIMBO,6,0,1,587,110
13559,ESCUELA REPUBLICA DE GRECIA,COQUIMBO,6,0,1,393,10
13560,ESCUELA PADRE ALBERTO HURTADO CRUCHAGA,COQUIMBO,6,0,1,213,10
13561,LIC.DE CIENC.Y HUM.SAN JOSEMARIA ESCRIVA,COQUIMBO,6,0,1,533,110
13562,ESCUELA JUAN PABLO II,COQUIMBO,6,0,1,206,10
13563,COLEGIO NUESTRA SEÑORA DEL ROSARIO,ANDACOLLO,6,0,1,179,10
13565,COLEGIO MANANTIALES DE ELQUI,LA SERENA,3,0,1,880,10
13566,ESCUELA SAN LORENZO,ANDACOLLO,3,0,1,180,110
13567,ESC.ESP.DE TRAS.ESPEC. DEL LENGUAJE RINCON DE,COQUIMBO,3,0,1,70,214
13568,ESC.ESP.DE TRAST.ESPEC.DE LENGUAJE AMANKAY,LOS VILOS,3,0,1,63,214
13569,ESCUELA ESPECIAL RAYEN,LOS VILOS,3,0,1,39,212
13570,ESCUELA MUNICIPAL VILLA SANTA ROSA,SALAMANCA,2,0,1,23,110
13571,ESCUELA ESPECIAL SAN MARINO,COQUIMBO,3,0,3,0,0
13572,JARDIN INFANTIL EL MUNDO DE LOS PELUSITAS,OVALLE,4,0,1,0,0
13573,COLEGIO TAMELCURA,OVALLE,3,0,1,597,10
13574,COLEGIO CERVANTES,LA SERENA,4,0,1,409,10
13575,ESC.ESP.DE TRAST.ESPEC.DEL LENGUAJE PADRE ALB,COQUIMBO,3,0,1,127,212
13576,LICEO TECNICO PROFESIONAL EDUCADOR JUAN BAUTISTA DE LA SALLE,LA SERENA,1,0,1,480,110
13577,ESCUELA ESPECIAL CONDEMARIN,LA SERENA,3,0,1,101,212
13579,COLEGIO SAN ISIDRO,COMBARBALÁ,3,1,1,11,110
13580,COLEGIO PAULO FREIRE,LA SERENA,3,1,1,114,10
13582,COLEGIO TECNICO PROFESIONAL FLORENCIA NIGHTIN,LA SERENA,3,0,1,461,110
13583,COLEGIO DE ADULTOS LA TRIADA,COQUIMBO,3,0,3,0,0
13584,ESCUELA PARA ADULTOS AMIGOS DEL PADRE HURTADO,COQUIMBO,3,0,1,153,165
13585,JARDIN INFANTIL MI PEQUEÑO SUEÑO AZUL,LA SERENA,4,0,3,0,0
13586,COLEGIO CHRIST SCHOOL,LA SERENA,3,0,1,1663,10
13587,COLEGIO ESPANOL FERMIN ZUNIGA,LA SERENA,3,0,3,0,0
13588,JARDIN INFANTIL PASO A PASITO,LA SERENA,3,0,3,0,0
13589,JARDIN INFANTIL CACHORRITOS,COQUIMBO,3,0,2,0,0
13590,COLEGIO DE ADMINISTRACION Y COMERCIO EL INGENIO,OVALLE,2,0,1,453,10
13591,CENTRO INTEGRAL DE ADULTOS LIMARI,OVALLE,2,0,1,190,167
13592,LICEO TECNICO PROF. ADULTOS CORESOL DE LA SER,LA SERENA,3,1,1,415,165
13593,COLEGIO EUSEBIO LILLO PUNTA MIRA,COQUIMBO,3,0,1,349,10
13594,ESCUELA ESPECIAL DEL LENGUAJE UNIVERSO,COQUIMBO,3,0,3,0,0
13596,JARDIN INFANTIL SAN LUIS,COQUIMBO,3,0,3,0,0
13597,ESCUELA ESP DE TRASTORNO DEL LENGUAJE VALLE D,OVALLE,3,0,1,72,214
13598,ESCUELA ESPECIAL DEL ARTE DE HABLAR,COQUIMBO,3,0,1,139,214
13599,ESCUELA ESPECIAL DE LENGUAJE MUNDO DE PALABRA,COQUIMBO,3,0,3,0,0
13601,ESCUELA ESPECIAL DEL LENGUAJE BORDEMAR,COQUIMBO,3,0,1,96,214
13602,ESCUELA ESPECIAL KONA - VARUA,LA SERENA,4,0,3,0,0
13603,COLEGIO VIATOR EXCELSIOR,LA SERENA,4,0,3,0,0
13604,COLEGIO RAKIDUAM,COQUIMBO,3,0,1,608,10
13605,JARDIN INFANTIL TUMKUNDU,COQUIMBO,3,0,3,0,0
13606,COLEGIO LEONARDO DA VINCI - VICUÑA,VICUÑA,3,0,1,874,10
13607,ESC. ESPECIAL DE LENGUAJE ALTO DEL MIRAMAR,COQUIMBO,3,0,1,110,214
13608,COLEGIO GOLDEN HIND SCHOOL,COQUIMBO,3,0,1,384,10
13609,ESCUELA ESP. DE LENGUAJE CORDILLERA,COQUIMBO,3,0,1,148,214
13610,COLEGIO INTERCULTURAL,LA SERENA,3,1,1,338,110
13611,CENTRO DE EDUC. INTEGRAL DE ADULTOS ANDACOLLO,ANDACOLLO,6,0,1,56,167
13612,COLEGIO JOSE MARTI PEREZ,COQUIMBO,3,0,1,333,110
13613,ESC. ESP. DE LENGUAJE HISPANOAMERICANA,COQUIMBO,3,0,1,59,214
13615,JARDIN INFANTIL ENTRETE - AMIGOS,COQUIMBO,3,0,3,0,0
13616,JARDIN INFANTIL PEQUEÑO MUNDO,COQUIMBO,3,0,3,0,0
13617,JARDIN INFANTIL RUISEÑOR,LA SERENA,4,0,1,0,0
13618,JARDIN INFANTIL CHARLIE BROWN,LA SERENA,3,0,3,0,0
13619,JARDIN INFANTIL PADRE JOSE,LA SERENA,3,0,3,0,0
13620,JARDIN INFANTIL MI PEQUEÑO GENIO,COQUIMBO,3,0,1,45,10
13621,COLEGIO DISCOVERY,COQUIMBO,3,0,1,514,10
13622,JARDIN INFANTIL ANDALUE,LA SERENA,4,0,1,0,0
13623,ESC.ESP. DE LENGUAJE SAN CARLOS,COQUIMBO,3,0,1,67,214
13624,JARDIN INFANTIL RINCON DE CUENTOS,COQUIMBO,3,0,3,0,0
13625,ESCUELA DE LENGUAJE PAN DE AZUCAR,COQUIMBO,3,0,1,95,214
13626,COLEGIO SAN LUIS,COQUIMBO,3,0,1,358,10
13627,COLEGIO SAN SEBASTIÁN,SALAMANCA,3,0,1,479,10
13629,JARDIN INFANTIL MELODIA,COQUIMBO,3,0,1,18,10
13630,ESCUELA ESPECIAL DESPERTARES,OVALLE,3,0,1,79,212
13632,COLEGIO HORIZONTES,COQUIMBO,3,0,1,650,10
13633,ESCUELA SAN MARINO COLLEGE,COQUIMBO,3,0,1,504,10
13634,JARDIN INFANTIL LOS PATRONCITOS,LA SERENA,3,0,3,0,0
13635,ESCUELA ESP. DE LENGUAJE EDAD DE ORO,COQUIMBO,3,0,3,0,0
13636,ESC.ESP.DE LENG.HORIZONTES DE PALABRAS,COQUIMBO,3,0,1,99,214
13637,COLEGIO HELLEN KELLER PEÑUELAS,COQUIMBO,3,0,1,307,10
14000,COLEGIO SAN LUIS,QUILLOTA,3,0,3,0,0
14201,LICEO MIXTO LOS ANDES,LOS ANDES,3,0,1,647,10
14202,LICEO BICENTENARIO COLEGIO PANQUEHUE,PANQUEHUE,2,0,1,240,110
14203,ESCUELA HERMANO EMETERIO JOSE,SAN ESTEBAN,2,1,3,0,0
14205,COLEGIO CECAL ANEXO,VALPARAÍSO,3,0,3,0,0
14206,LICEO AGRICOLA DE QUILLOTA,QUILLOTA,2,0,1,118,710
14208,CENTRO INTEGRAL DE EDUCACION DE ADULTOS,QUILLOTA,2,0,1,467,165
14209,ESCUELA ESPECIAL HELLEN KELLER,OLMUÉ,2,0,1,54,212
14210,COLEGIO BECARB II,CALERA,3,0,1,1199,10
14211,AMERICAN COLLEGE,VILLA ALEMANA,3,0,1,587,10
14212,SAINT MARY SCHOOL,CALERA,3,0,1,279,10
14213,COLEGIO VALLE DE NARAU,QUINTERO,2,0,1,400,10
14215,LICEO AGRICOLA CHRISTA MOCK,NOGALES,3,0,3,0,0
14216,LICEO AGRICOLA DE LONGOTOMA,LA LIGUA,3,1,3,0,0
14217,SUN VALLEY COLLEGE,CALLE LARGA,4,0,1,479,10
14218,ESC.351 C.T.I.LOS NO ME OLVIDES N7 ANEXO,VILLA ALEMANA,3,0,3,0,0
14219,ESCUELA DE PARVULOS BUGS BUNNY,VALPARAÍSO,4,0,1,3,10
14220,JARDIN INFANTIL WINNIE,QUILPUÉ,4,0,3,0,0
14221,MICROCENTRO DE DIAGNOSTICO,SAN FELIPE,3,0,3,0,0
14222,COLEGIO ARAUCARIA,QUILLOTA,4,0,3,0,0
14223,ESCUELA DE DEPORTE ARTE Y CIENCIA,CALLE LARGA,2,0,3,0,0
14224,ESC  PART  KORC SCHOOL,CONCÓN,4,0,1,115,110
14225,INSTITUTO DE CAPACITACION TEC.PROF.ITPSA,VIÑA DEL MAR,3,0,1,159,165
14226,COORDINACION DE EDUCACION EXTRAESCOLAR,QUILPUÉ,1,0,3,0,0
14227,CEN EDUCACION ADULTOS FUNDACION DUOC,VALPARAÍSO,4,0,3,0,0
14229,MICROCENTRO DE DIAGNOSTICO,SAN ANTONIO,3,0,3,0,0
14230,LICEO TECNICO CARDENAL RAUL SILVA HENRIQUEZ,SAN ANTONIO,3,0,3,0,0
14232,COLEGIO BORDEMAR,VALPARAÍSO,3,0,1,588,10
14233,COLEGIO SANTA TERESA,QUILPUÉ,3,0,1,407,10
14234,ESCUELA PART. LORENZO LUZURIAGA,VALPARAÍSO,3,0,1,72,10
14235,ESCUELA PARVULOS DESERET,QUILPUÉ,3,0,3,0,0
14237,COL.NUESTRA SRA.DE LAS MERCEDES,QUILPUÉ,3,0,1,416,10
14238,INSTITUTO DE CAPACITACION NAUTICA INCAN,VALPARAÍSO,4,0,3,0,0
14239,LICEO JOSE SANTIAGO SALVATIERRA,QUILLOTA,4,0,3,0,0
14240,COLEGIO MACUL,VIÑA DEL MAR,3,0,3,0,0
14243,COLEGIO CLAUDIO MATTE ANEXO ANEXO 1,VIÑA DEL MAR,3,0,3,0,0
14244,COLEGIO SAN NICOLAS ANEXO 1,VIÑA DEL MAR,3,0,3,0,0
14246,COLEGIO SAN NICOLAS DE CANAL CHACAO,VIÑA DEL MAR,3,0,3,0,0
14247,COLLEGE SAINT ANDRE,VALPARAÍSO,4,0,1,120,10
14249,COLEGIO ALBAMAR,CONCÓN,4,0,1,531,10
14250,INSTITUTO CULTURAL Y DE EDUC  PERMANENTE,VIÑA DEL MAR,4,0,1,2,363
14251,ESCUELA DE PARVULOS GIRASOL,SAN FELIPE,4,0,1,0,0
14253,ESCUELA PARTICULAR LITTLE HOME ANEXO,QUILPUÉ,4,0,3,0,0
14254,ESCUELA DE PARVULOS KINTU,VIÑA DEL MAR,4,0,1,0,0
14255,ESCUELA DE PARVULOS LOBITO MARINO,VIÑA DEL MAR,4,0,1,101,10
14256,ESCUELA DE PARVULOS CARACOLITO DE MAR,VALPARAÍSO,4,0,1,26,10
14257,ESCUELA DE PARVULOS LOS DELFINES,VIÑA DEL MAR,4,0,1,0,0
14258,ESCUELA DE PARVULOS N   478,VIÑA DEL MAR,4,0,1,0,0
14260,COLEGIO LORD COCHRANE ANEXO,VIÑA DEL MAR,4,0,1,209,110
14261,ESCUELA DE PARVULOS ESTRELLITA DE MAR,VIÑA DEL MAR,4,0,3,0,0
14263,ESC. DE PARVULOS PECESITOS DE COLORES,VIÑA DEL MAR,4,0,1,16,10
14264,COLEGIO CLAUDIO MATTE ANEXO 2,VIÑA DEL MAR,3,0,3,0,0
14265,ESCUELA SAINT BENEDICT COLLEGE,VIÑA DEL MAR,3,0,1,336,110
14266,COLEGIO NAZCA BELEN,QUILPUÉ,3,0,1,395,10
14267,ESCUELA DE PARVULOS ALONSITO,SAN FELIPE,4,0,3,0,0
14268,ESCUELA DE PARVULOS MIGUEL FENOLLERA,CALERA,3,0,1,59,10
14269,ESCUELA DE PARVULOS PELUSITAS,CALERA,4,0,1,0,0
14270,COLEGIO GOBERNADOR CONCHA Y SALVATIERRA,QUILLOTA,3,0,1,487,10
14271,ESCUELA ESPECIAL HUMBERTO MOATH,CASABLANCA,2,0,1,74,212
14273,ESCUELA DE PARVULOS LOS PECESITOS,VILLA ALEMANA,4,0,3,0,0
14274,ESCUELA PARTICULAR  SUN VALLEY ANEXO,QUILPUÉ,3,0,3,0,0
14275,ESCUELA DE PARVULOS NADINO,VALPARAÍSO,3,0,3,0,0
14278,CASTLE COLLEGE ANEXO,VIÑA DEL MAR,4,0,3,0,0
14279,ESCUELA DE PARVULOS SAN FELIPE,SAN FELIPE,4,0,3,0,0
14280,COLEGIO SAGRADA FAMILIA,VIÑA DEL MAR,4,0,1,714,10
14281,LICEO OBISPO ANTONIO CASTRO,VALPARAÍSO,3,0,3,0,0
14282,COLEGIO PARROQUIAL SAN NICOLAS ANEXO,HIJUELAS,3,0,3,0,0
14283,COLEGIO ESPECIAL BRILLO DE LUNA,LLAILLAY,3,0,1,52,212
14284,LICEO RENE DESCARTES,VIÑA DEL MAR,3,0,1,363,310
14285,ESC  DE PARVULOS PADRE ANGEL CUSTODIO,LA LIGUA,4,0,3,0,0
14286,ESC DE PARV LAS HORMIGUITAS DE ACONCAGU,SAN FELIPE,4,0,3,0,0
14287,ESC  PARVULOS ESTRELLITAS LUMINOSAS,CALERA,4,0,3,0,0
14288,COLEGIO NUEVA PROVIDENCIA,SAN ANTONIO,3,0,1,534,10
14289,COLEGIO ADVENTISTA,CALERA,3,0,1,400,10
14290,JARDIN INFANTIL ECOLOGICO FANTASIA,QUILPUÉ,4,0,3,0,0
14291,COLEGIO LOURDES DE CARTAGENA,CARTAGENA,3,0,3,0,0
14292,COLEGIO  LOUIS LE GRAND,VIÑA DEL MAR,4,0,1,12,363
14294,ESCUELA DE PARVULOS FAROLITO,CARTAGENA,4,0,3,0,0
14296,ESCUELA BASICA LA FLORESTA,SAN ANTONIO,2,1,2,0,0
14297,ESCUELA DE PARVULOS TIA GABY,VILLA ALEMANA,4,0,3,0,0
14298,CENTRO EDUCATIVO FLORIDA COOPER,VALPARAÍSO,6,0,3,0,0
14299,COLEGIO ADVENTISTA,QUILPUÉ,3,0,1,514,10
14300,CENTRO DE CAPACITACION LABORAL,VALPARAÍSO,6,0,1,48,212
14301,COLEGIO PART  DA VINCI,LA LIGUA,4,0,3,0,0
14303,CENTRO DE CAPACIT. E INSERCION LABORAL JUAN P,QUILLOTA,3,0,3,0,0
14304,ESCUELA PARTICULAR ARBOLEDA,CALERA,3,0,2,0,0
14305,CENTRO ASPAUT VIÑA DEL MAR,VIÑA DEL MAR,3,0,1,60,212
14306,ESCUELA DE PARVULOS MARIA JOSE II,SAN FELIPE,3,0,3,0,0
14307,COLEGIO LATINO AMERICANO,LIMACHE,3,0,1,227,165
14308,COLEGIO ITALIANO SAN PEDRO,QUILLOTA,3,0,1,250,10
14310,CENTRO INTEGRAL EDUCACIONAL LINDA CORREA,LIMACHE,3,0,1,67,212
14313,COLEGIO NUEVA ESPERANZA,VILLA ALEMANA,3,0,1,556,10
14314,COLEGIO THOMAS ALVA EDISON,QUILPUÉ,3,0,1,384,10
14315,COLEGIO VICTOR ANTONIO,VALPARAÍSO,3,0,1,251,10
14316,COLEGIO EMANUEL,VIÑA DEL MAR,3,0,1,374,10
14317,ESCUELA DE PARVULOS CONEJITO BLANCO,VILLA ALEMANA,4,0,3,0,0
14318,ESCUELA DE PARVULOS CRISPA KA,VILLA ALEMANA,4,0,1,0,0
14319,COLEGIO PART  MARIE PAX,VALPARAÍSO,4,0,3,0,0
14320,ESCUELA DE PARVULOS ANDINITO,LOS ANDES,4,0,3,0,0
14321,ESCUELA DE PARVULOS ESTRELLITA,QUILPUÉ,4,0,3,0,0
14322,ESCUELA DE PARVULOS ROSAM,LIMACHE,3,0,3,0,0
14323,COLEGIO JOSEFINA MAGASICH ARZE,VIÑA DEL MAR,3,0,1,208,10
14324,COLEGIO WILLIAM JAMES,VIÑA DEL MAR,4,0,1,121,110
14325,COLEGIO BRITANICO,VALPARAÍSO,4,0,3,0,0
14327,COLEGIO PART  DIEGO PORTALES,VALPARAÍSO,4,0,3,0,0
14328,LICEO PARROQUIAL SAN ANTONIO GOMEZ CARRENO,VIÑA DEL MAR,3,0,3,0,0
14329,ANEXO LICEO JOSE MANUEL BORGONO NUNEZ,PETORCA,2,0,2,0,0
14330,ESCUELA BASICA ARTURO PRAT,VALPARAÍSO,3,0,1,142,10
14331,COLEGIO FRAY ANDRES,CONCÓN,3,0,3,0,0
14332,COLEGIO PEHUEN,CABILDO,3,0,1,262,10
14334,COLEGIO CAPELLAN PASCAL,VIÑA DEL MAR,4,0,1,1025,10
14335,COLEGIO SAN LUIS II,QUILLOTA,4,0,3,0,0
14336,LICEO TECN. PROF. OBISPO RAFAEL LIRA INFANTE,QUILPUÉ,3,0,1,121,610
14337,INSTITUTO FRANCISCO BILBAO,SAN ANTONIO,4,0,3,0,0
14338,INSTITUTO ITEP,VALPARAÍSO,4,0,1,0,0
14339,ESCUELA DE PARVULOS MI OSITO,SAN ANTONIO,3,0,2,0,0
14340,ESCUELA DE PARVULOS GOLDEN HAWKS,QUILPUÉ,4,0,3,0,0
14341,ESCUELA DE PARVULOS TANTE CAROLINA,QUILPUÉ,4,0,3,0,0
14342,ESCUELA DE PARVULOS SUENOSITOS,QUILPUÉ,4,0,3,0,0
14344,ESCUELA DE PARVULOS CHINITA AZUL,VILLA ALEMANA,4,0,3,0,0
14345,COLEGIO EUROPEO DE FLANDRIA,VIÑA DEL MAR,4,0,3,0,0
14346,ESCUELA DE PARVULOS EL CASTILLO MAGICO,LOS ANDES,4,0,3,0,0
14347,INST.DEL DISCAP.VISUAL ANTONIO MOSQUETE,VIÑA DEL MAR,1,0,1,33,213
14348,COLEGIO ESPIRITU SANTO,SAN ANTONIO,3,0,1,1079,10
14349,ESCUELA DE PARVULOS GOTAS DE LUNA,SAN ANTONIO,4,0,3,0,0
14351,COLEGIO SAINT GREGORY COLLEGE,VIÑA DEL MAR,3,0,1,271,10
14352,ESCUELA ANEXO,LOS ANDES,2,0,3,0,0
14353,ESCUELA DE PARVULOS PALOMA,VIÑA DEL MAR,4,0,1,41,10
14354,ESCUELA DE PARVULOS LILIPUT,VIÑA DEL MAR,3,0,1,11,10
14355,ESCUELA DE PARVULOS MC DONALD GARDEN,VIÑA DEL MAR,4,0,1,0,0
14356,COLEGIO MANUEL BARROS BORGONO,CONCÓN,4,0,3,0,0
14358,COLEGIO NACIONAL SANTA ANA,VILLA ALEMANA,3,0,3,0,0
14359,COLEGIO LOS REYES,QUILPUÉ,3,0,1,2110,10
14361,CENTRO EDUC FLORIDA ANEXO,VALPARAÍSO,6,0,3,0,0
14362,ESCUELA ESPECIAL ARCO IRIS BAJO EL SOL ANEXO,QUILLOTA,3,0,1,27,214
14363,COLEGIO HISPANO,VILLA ALEMANA,3,0,1,1753,10
14364,COLEGIO JORGE WILLIAMS,VALPARAÍSO,3,0,1,153,10
14365,COLEGIO CHARLES DICKENS,QUILPUÉ,3,0,1,297,10
14366,LICEO TEC.PROF. OBISPO RAFAEL LIRA INFANTE,VIÑA DEL MAR,3,0,3,0,0
14367,COLEGIO INGLES GREENLAND COLLEGE,SAN FELIPE,4,0,3,0,0
14370,COLEGIO PARTICULAR INGLES ANEXO,QUINTERO,3,0,3,0,0
14371,INSTITUTO BALDOR,VALPARAÍSO,4,0,1,0,0
14372,KING EDWARD´S SCHOOL 1,QUILPUÉ,3,0,1,368,110
14373,COLEGIO JOSE LUIS NORRIS,SAN ANTONIO,3,0,1,384,10
14375,COLEGIO DIVINA MAESTRA,VILLA ALEMANA,3,0,1,866,10
14376,COLEGIO SAN CARLOS,LA LIGUA,3,0,1,246,110
14377,SANTO DOMINGO COUNTRY SCHOOL,SANTO DOMINGO,4,0,3,0,0
14379,COLEGIO INTERNACIONAL SEK DEL PACIFICO,CONCÓN,4,0,1,854,10
14380,CAERNARFON COLLEGE,CASABLANCA,4,0,1,174,10
14381,COLEGIO EL VALLE DE CASABLANCA,CASABLANCA,3,0,1,500,10
14382,COLEGIO INGLES BUCKIGHAM,VILLA ALEMANA,4,0,3,0,0
14383,ESCUELA DE PARVULOS L`ARC EN CIEL,QUILPUÉ,4,0,1,27,10
14384,ESCUELA ESPECIAL LOS SAUCES,LIMACHE,3,0,3,0,0
14385,ESCUELA DE PARVULOS BEATA CLARA BOSATTA,SAN ANTONIO,3,0,3,0,0
14386,ESCUELA DE PARVULOS TIRITAS DE PAPEL II,SAN ANTONIO,3,0,1,21,10
14387,COLEGIO SAN NICOLAS EL OLIVAR,VIÑA DEL MAR,3,0,1,388,10
14389,COLEGIO JUAN LUIS VIVES,VALPARAÍSO,3,0,1,844,165
14392,CTRO INTEGRAL EDUCAC LINDA CORREA,QUILPUÉ,3,0,1,88,10
14393,COLEGIO HISPANO ANEXO,VILLA ALEMANA,3,0,3,0,0
14394,ESCUELA DE PARVULOS SAN LUIS,VIÑA DEL MAR,3,0,1,5,10
14395,COLEGIO EDUPAC,CABILDO,3,0,1,597,10
14396,COLEGIO MEDIOAMBIENTAL LAS AMAPOLAS,VIÑA DEL MAR,3,0,1,189,10
14397,COLEGIO CRISTIANO DE QUILLOTA,QUILLOTA,3,0,1,394,10
14398,CENTRO DE ATENCION ANDALUE,QUILLOTA,3,0,1,72,216
14400,LICEO TÉCNICO CARLOS ALESSANDRI ALTAMIRANO,ALGARROBO,2,0,3,0,0
14401,COLEGIO SAGRADO CORAZON,SAN FELIPE,4,0,3,0,0
14402,COLEGIO MONTESSORI YERPUN,QUILPUÉ,4,0,1,146,110
14403,COLEGIO MONTESOLL,QUILPUÉ,4,0,3,0,0
14404,COLEGIO CRISTIANO KAIROS,QUILPUÉ,4,0,3,0,0
14405,ESCUELA DE PARVULOS PILLIN,QUILLOTA,3,0,3,0,0
14408,COLEGIO ANGLO AMERICANO,VALPARAÍSO,4,0,3,0,0
14409,ESCUELA PARV  ESTRELLITAS DE BELEN,LOS ANDES,4,0,1,0,0
14411,ESCUELA DE PARVULOS ANNY SCHOOL,CALERA,3,0,1,27,10
14412,COLEGIO SAN PABLO,SAN FELIPE,3,0,1,181,10
14413,COLEGIO SANTA CLARA,VALPARAÍSO,3,0,1,572,10
14414,COLEGIO EDUCENTER,CALLE LARGA,3,0,1,641,10
14415,C.E.I.A. DR. OSVALDO ROJAS G,LOS ANDES,2,1,3,0,0
14416,COLEGIO DOMINGO ORTIZ DE ROZAS,LA LIGUA,3,0,1,1055,110
14417,COLEGIO PAIDOS,VALPARAÍSO,3,0,1,249,165
14418,COLEGIO PANAL,QUILPUÉ,3,0,1,216,110
14419,CTRO. EDUC.INTEG. FRANCISCO COLOANE,QUINTERO,3,0,3,0,0
14420,COLEGIO EL ALBA,EL QUISCO,3,0,1,312,10
14421,CENTRO DE EDUCACION DE ADULTOS CEAVI,VIÑA DEL MAR,3,0,1,201,363
14422,C.T Y DES. DEL LENGUAJE LA ALBORADA,CALERA,3,0,2,0,0
14423,ESCUELA DE PARVULOS BAMBI,LA LIGUA,3,0,1,89,10
14425,LICEO DE NIN AS JAVIERA CARRERA,QUILPUÉ,3,0,3,0,0
14426,CENTRO EDUCACIONAL FUTURO,VIÑA DEL MAR,3,0,3,0,0
14427,ESCUELA PART. P.GUSTAVO FILIPPI M.,NOGALES,3,0,3,0,0
14428,VINA DEL MAR COLLEGE,VIÑA DEL MAR,4,0,1,102,110
14430,COLEGIO JOGLAR AMANDI,VILLA ALEMANA,4,0,3,0,0
14431,ESCUELA DE PARVULOS BARTOLOME GARELLI,VALPARAÍSO,4,0,3,0,0
14432,ESCUELA DE PARVULOS GARFILHO,EL QUISCO,3,0,3,0,0
14433,COLEGIO MILLANTUE,VILLA ALEMANA,4,0,3,0,0
14434,COLEGIO PUMANQUE,QUILPUÉ,4,0,3,0,0
14435,CENTRO DE ESTUDIOS SAN ANDRES,VILLA ALEMANA,4,0,3,0,0
14436,COLEGIO ANGLO AMERICANO,VIÑA DEL MAR,4,0,3,0,0
14437,COLEGIO MIGUEL DE CERVANTES,SAN FELIPE,4,0,3,0,0
14439,INSTITUTO BALDOR,VIÑA DEL MAR,4,0,1,0,0
14440,JARDIN INFANTIL SANTA TERESITA,QUILPUÉ,3,0,3,0,0
14442,COLEGIO AMANCAY,LIMACHE,4,0,3,0,0
14443,SAN SEBASTIAN SCHOOL,LOS ANDES,4,0,3,0,0
14444,ESCUELA DE PARVULOS DUCKY S GARDEN,VIÑA DEL MAR,4,0,1,31,10
14445,COLEGIO TAGORE,VIÑA DEL MAR,4,0,3,0,0
14446,ESCUELA DE PARVULOS   BAMBI,LA LIGUA,4,0,1,0,0
14447,ESCUELA DE PARVULOS   PERSONITAS,VILLA ALEMANA,4,0,3,0,0
14448,ROYAL COLLEGE,CALERA,4,0,3,0,0
14449,ESCUELA DE PARVULOS CARITA DE LUNA,SAN FELIPE,4,0,3,0,0
14450,ESCUELA DE PARVULOS TIA CECILIA,SAN ANTONIO,4,0,3,0,0
14451,ESCUELA BASICA EL COBRE,CATEMU,2,1,3,0,0
14452,COLEGIO LUTERANO CONCORDIA,VIÑA DEL MAR,3,0,1,211,10
14453,COLEGIO LOS LIBERTADORES,QUILPUÉ,3,0,1,467,10
14454,LICEO EDUCACIONAL DE ADULTOS JUAN F. GONZALEZ R.,SAN FELIPE,2,0,1,517,165
14456,LICEO ADULTOS JUAN F.GONZALEZ R. ANEXO,SAN FELIPE,2,0,3,0,0
14457,ESCUELA DE PARVULOS LOS CLAVELES,ALGARROBO,2,0,1,66,10
14458,COLEGIO AMADEUS,LOS ANDES,4,0,3,0,0
14459,ESCUELA DE PARVULOS CAMPANITA,LIMACHE,4,0,1,0,0
14460,ESCUELA PARVULOS PIECECITOS DE NINO,LA LIGUA,3,0,1,78,10
14461,ESCUELA DE PARVULOS KUMI,VILLA ALEMANA,4,0,3,0,0
14462,CENTRO DE ESTUDIOS SAN IGNACIO,VILLA ALEMANA,3,0,1,233,363
14463,CTRO.INTEGRAL DE EDUCACION ALBORADA,CONCÓN,3,0,1,134,214
14465,ESCUELA DE PARVULOS LOS DELFINES,QUILPUÉ,4,0,3,0,0
14466,COLEGIO ALBORADA DE CURAUMA,VALPARAÍSO,4,0,1,623,110
14467,LICEO DE ADULTOS JACQUES COUSTEAU,VALPARAÍSO,3,0,1,104,165
14468,ESCUELA DE PARVULOS LOS PEQUES,LA LIGUA,3,0,3,0,0
14470,LICEO POLITÉCNICO MARGA MARGA,QUILPUÉ,1,0,1,343,510
14471,COLEGIO SAN MARTIN,QUILLOTA,3,0,3,0,0
14473,COLEGIO SUIZO,VIÑA DEL MAR,4,0,3,0,0
14474,COLEGIO EL ROBLE,SANTO DOMINGO,4,0,3,0,0
14475,COLEGIO ANA MARIA JANER ANEXO,VIÑA DEL MAR,3,0,3,0,0
14476,COLEGIO VALLE DEL ACONCAGUA,QUILLOTA,4,0,1,439,10
14478,LICEO PARTICULAR MIXTO LOS ANDES ANEXO,LOS ANDES,3,0,3,0,0
14479,ESCUELA BASICA MUNICIPAL ARAUCARIA,CABILDO,2,0,1,375,10
14480,COLEGIO GABRIELA MISTRAL,LLAILLAY,4,0,3,0,0
14481,ESCUELA DE PARVULOS BRUJITAS,QUILPUÉ,4,0,3,0,0
14482,COLEGIO NUEVO HORIZONTE,QUILPUÉ,3,0,1,261,10
14483,ESCUELA DE PARVULOS HAPPY GARDEN,VILLA ALEMANA,3,0,2,0,0
14484,ESCUELA DE PARVULOS TIA PATRICIA,SAN ANTONIO,4,0,3,0,0
14485,ESCUELA DE PARVULOS HANNY,ISLA DE PASCUA,4,0,3,0,0
14487,COLEGIO MAESE DA VINCI,LA LIGUA,3,0,1,627,110
14488,ESCUELA DE PARVULOS OREJITAS CHICAS,NOGALES,4,0,3,0,0
14489,ESCUELA DE PARVULOS RAYITO DE LUZ,LA LIGUA,3,0,3,0,0
14490,COLEGIO MANANTIAL,VIÑA DEL MAR,3,0,1,960,10
14491,ESCUELA DE PARVULOS CARMELITANA DOS,VIÑA DEL MAR,4,0,3,0,0
14492,CENTRO EDUCACIÓN ADULTOS PEDRO DE VALDIVIA,SAN ANTONIO,3,0,1,256,165
14493,ESC. ESPECIAL SAN JUAN DE DIOS,VIÑA DEL MAR,3,0,1,52,212
14494,COLEGIO EVANGELICO LABRANZA DE DIOS,VIÑA DEL MAR,3,0,1,285,10
14495,ESCUELA DE PARVULOS PUMAHUE,VILLA ALEMANA,3,0,3,0,0
14496,ESCUELA DE PARVULOS LA AURORA,QUILPUÉ,3,0,3,0,0
14497,ESC. DE PARVULOS DUENDE MELODIA,VIÑA DEL MAR,3,0,3,0,0
14498,COLEGIO MONTEMAR,CONCÓN,4,0,1,485,110
14499,ESCUELA DE PARVULOS SOL Y LUNA,VALPARAÍSO,3,0,1,52,10
14500,ESC. DE LENGUAJE PIPAN VINA,VIÑA DEL MAR,3,0,1,135,214
14501,ST GABRIEL'SCHOOL,QUILLOTA,3,0,3,0,0
14502,COLEGIO CURIMON,SAN FELIPE,4,0,1,379,10
14503,ESCUELA DE PARVULOS KORCITO,CONCÓN,4,0,1,7,10
14504,COLEGIO CRISTIANO CON-CON,CONCÓN,3,0,1,456,10
14506,COLEGIO APUMANQUE,CALERA,3,0,1,1096,10
14507,COLEGIO NUESTRO TIEMPO,ALGARROBO,3,0,1,238,10
14508,COLEGIO COEDUC,QUILPUÉ,4,0,1,146,110
14509,ESCUELA DE PARVULOS TIA PATRICIA N_ 2,SAN ANTONIO,3,0,1,7,10
14510,COLEGIO NACIONAL,LIMACHE,3,0,1,820,10
14511,COLEGIO SANTA BARBARA DE LA REINA,CASABLANCA,3,0,1,399,10
14512,ESCUELA DE PARVULOS FANTASIA,QUILPUÉ,3,0,1,29,10
14513,ESCUELA DE PARVULOS NIDO DE LUNA,QUILPUÉ,3,0,1,32,10
14514,COLEGIO EL ARRAYAN,CASABLANCA,3,0,1,1355,10
14515,COLEGIO GABRIELA MISTRAL,QUILPUÉ,3,0,1,211,10
14516,ESCUELA ESPECIAL CANEC,VIÑA DEL MAR,3,0,1,132,10
14517,ESCUELA ESPECIAL DE LENGUAJE EMANUEL,CASABLANCA,3,0,1,78,214
14518,COLEGIO BUENAVENTURA JOGLAR AMANDI,VILLA ALEMANA,3,0,1,125,110
14520,ESCUELA DE PARVULOS STAR GARDEN,VIÑA DEL MAR,3,0,3,0,0
14521,ESC. SAINT PATRICK SCHOOL,VIÑA DEL MAR,3,0,1,67,10
14523,LIONS SCHOOL,CARTAGENA,3,0,1,1208,10
14524,COLEGIO LOS CAPULLITOS,LA CRUZ,3,0,3,0,0
14525,CTRO.EDUC.Y CAPAC.AD.FCO.BILBAO,SAN ANTONIO,3,0,1,136,165
14526,COLEGIO ALONSO DE QUINTERO,QUINTERO,3,0,1,967,10
14527,KING EDWARD´S SCHOOL 2,QUILPUÉ,3,0,1,301,110
14528,COLEGIO HISPANO ANEXO,VILLA ALEMANA,3,0,3,0,0
14529,COLEGIO LUIS CRUZ MARTINEZ ANEXO,QUILPUÉ,1,0,3,0,0
14530,COLEGIO LOS REYES ANEXO,QUILPUÉ,3,0,3,0,0
14531,ESC.ESPEC.LENG. MIS NUEVAS PALABRAS,SAN FELIPE,3,0,1,63,214
14532,COLEGIO SAN GABRIEL DE LA RIVERA ANEXO,CALERA,3,0,3,0,0
14533,COLEGIO CRISTIANO LOS PINOS,QUILPUÉ,3,0,1,240,10
14534,COLEGIO AMANCAY LIMACHE,LIMACHE,3,0,1,446,10
14535,COLEGIO MILLAHUE,QUILPUÉ,3,0,3,0,0
14537,COLEGIO ADONAY PUKALAN,LA LIGUA,3,0,1,604,10
14538,COL.SANTO DOMINGO DE GUZMAN,VALPARAÍSO,3,0,1,886,10
14539,ESCUELA SANTA INÉS,SAN ANTONIO,3,0,1,165,10
14540,COLEGIO RALUN COYAN,VILLA ALEMANA,3,0,3,0,0
14541,COLEGIO PATRICIO LYNCH,VALPARAÍSO,3,0,1,392,110
14542,CENTR.ESC.TRAT.DEL LENGUAJE PAIHUEN,SAN ANTONIO,3,0,1,66,214
14543,ESCUELA DE PARVULOS ITALITO,LIMACHE,3,0,1,59,10
14544,COLEGIO NIÑO JESUS DE PRAGA,VIÑA DEL MAR,3,0,3,0,0
14545,COLEGIO MERCEDES LEMUS ZAMORA,QUILPUÉ,3,0,1,336,363
14546,ESCUELA RUBEN DARIO,VIÑA DEL MAR,3,0,1,66,110
14547,CENTRO DE ESTUDIOS DALBADIE,SAN ANTONIO,3,0,1,116,165
14548,COLEGIO LOS AROMOS,CARTAGENA,3,0,3,0,0
14549,COLEGIO JAN KOMENSKY,VIÑA DEL MAR,3,0,2,0,0
14550,ESCUELA DE PARVULOS TIA XIMENA,VALPARAÍSO,3,0,1,23,10
14551,ESCUELA DE LENGUAJE LOS ALMENDRALES,SAN ANTONIO,3,0,1,45,214
14552,COLEGIO SAN NICOLAS DE CANAL CHACAO,QUILPUÉ,3,0,1,559,10
14554,CTRO.DE EST.DES.Y TRAT.DEL LENGUAJE LOGOS,VILLA ALEMANA,3,0,3,0,0
14555,CTRO CAPACIT.Y ESTUDIOS DE ADULT.VALPARAISO,LA LIGUA,3,0,2,0,0
14556,COLEGIO AEQUALIS,VIÑA DEL MAR,3,0,1,271,363
14557,CTRO DE ESTIMULACION TEMPRANA LAS ROSAS,SAN ANTONIO,3,0,1,30,212
14558,INSTITUTO BALDOR,QUILLOTA,4,0,3,0,0
14559,ESCUELA ESPECIAL LOURDES,QUINTERO,3,0,1,90,212
14560,CENTRO DE ESTIMULACION DEL LENGUAJE,VIÑA DEL MAR,3,0,2,0,0
14561,ESCUELA DE PARVULOS SOL NACIENTE,VIÑA DEL MAR,3,0,3,0,0
14562,ESC.DE PARVULOS YIREH,VILLA ALEMANA,4,0,3,0,0
14563,THE INTEGRITY COLLEGE,VIÑA DEL MAR,3,0,3,0,0
14564,COLEGIO ELIPSIS,VALPARAÍSO,4,0,3,0,0
14565,VERDOYHAM SCHOOL,LLAILLAY,3,0,1,454,10
14566,ESCUELA DE PARVULOS SAN GABRIEL,QUILPUÉ,3,0,2,0,0
14568,COLEGIO CRISTO REY SALVADOR,SAN ANTONIO,3,0,1,428,10
14569,ESCUELA DEL LENGUAJE NACAREL,EL TABO,3,0,1,28,214
14571,ESCUELA DE PARVULOS REMOLINO,VIÑA DEL MAR,4,0,3,0,0
14572,ESC.ESPECIAL DE LENGUAJE PALABRITAS,VIÑA DEL MAR,3,0,1,90,214
14573,ESCUELA CAROLA REYES PIZARRO,QUILLOTA,3,1,1,35,10
14574,ESC.DE PARVULOS ARCO EN EL CIELO,VILLA ALEMANA,4,0,3,0,0
14575,ESC.DE PARVULOS TULPE 2,VIÑA DEL MAR,4,0,3,0,0
14576,COLEGIO LOS FUNDADORES DE QUILPUE,QUILPUÉ,3,0,3,0,0
14577,CTRO.EDUC.Y ATENC INTEG A LA DIVERSIDAD,LA LIGUA,3,0,1,12,212
14578,ESC.TRAST.DE LA COM. Y LENG. LAS VIOLETAS,LOS ANDES,3,0,1,44,214
14579,ESCUELA DE PARVULOS CREPITO,QUILPUÉ,3,0,3,0,0
14580,COLEGIO BOSTON,VILLA ALEMANA,3,0,1,316,10
14581,ESCUELA DE PARVULOS SABER ES CRECER,LIMACHE,4,0,1,0,0
14582,ESC. DE PARVULOS CLARITO DE LUNA,NOGALES,4,0,3,0,0
14583,ESCUELA DE PARVULOS CLARITO DE SOL,NOGALES,3,0,1,24,10
14585,COLEGIO BUCKINGHAM,VILLA ALEMANA,3,0,2,0,0
14586,COLEGIO EL BELLOTO ANEXO,QUILPUÉ,3,0,3,0,0
14587,COLEGIO CUMBRES DE LLAY LLAY,LLAILLAY,3,0,1,196,110
14588,ESCUELA DE TRAST. DE LENGUAJE CELAN PAICAVÝ,LOS ANDES,3,0,1,71,214
14589,COLEGIO TRAST.DE LA COMUNIC MATICES,LOS ANDES,3,0,1,54,214
14590,CTRO INTEG.EDUCAC. AGUA Y SOL,VIÑA DEL MAR,3,0,3,0,0
14591,COLEGIO BOSQUES DE ARAUCARIA,QUILLOTA,3,0,3,0,0
14592,COLEGIO DE ADULTOS FRITZ ENCALADA,VIÑA DEL MAR,3,0,1,157,165
14593,COLEGIO VALLE DE ARAUCO,CALERA,3,0,1,182,110
14594,COLEGIO QUILLOTA TERRANOVA,QUILLOTA,3,0,1,457,10
14595,ESC.DE PARVULOS TULIPAN,QUILPUÉ,4,0,3,0,0
14596,COLEGIO CIUDAD DE PAZ,VIÑA DEL MAR,3,0,3,0,0
14597,COLEGIO NUEVA  AMERICA,VIÑA DEL MAR,3,0,3,0,0
14599,COLEGIO POETA DANIEL DE LA VEGA,QUILPUÉ,3,0,1,264,10
14600,COLEGIO POETA DANIEL DE LA VEGA  ANEXO,QUILPUÉ,3,0,3,0,0
14601,COLEGIO SPEIRO,VALPARAÍSO,3,0,3,0,0
14602,COLEGIO SIGLO XXI,QUILPUÉ,3,0,1,237,10
14604,COLEGIO TERESITA DE LISIEUX ANEXO,VALPARAÍSO,3,0,3,0,0
14605,COLEGIO VILLA ACONCAGUA,CONCÓN,3,0,1,1063,10
14606,COLEGIO PUERTO PAZ,VALPARAÍSO,3,0,1,287,110
14607,ANEXO ESCUELA CERRO PLACILLA,SAN ANTONIO,2,0,3,0,0
14608,COLEGIO JUANITA FERNANDEZ,VIÑA DEL MAR,3,0,1,1045,10
14609,COLEGIO CARDENAL OVIEDO,VALPARAÍSO,3,0,1,317,165
14610,COLEGIO TELESFORO BARAHONA,VALPARAÍSO,3,0,3,0,0
14611,COLEGIO DE EDUC. DE ADULTOS BILBAO,SAN ANTONIO,3,0,2,0,0
14612,COLEGIO COEDUCACIONAL ANEXO,QUILPUÉ,4,0,3,0,0
14613,LICEO GABRIELA MISTRAL  LOCAL ANEXO,SAN ANTONIO,3,0,3,0,0
14614,COLEGIO VEDRUNA,SAN FELIPE,3,0,1,757,10
14615,ESCUELA DE PARVULOS BROTES NUEVOS,VIÑA DEL MAR,4,0,3,0,0
14616,COLEGIO LOS PRINCIPES,VIÑA DEL MAR,3,0,1,879,10
14618,ESCUELA DE PARVULOS PRINCIPITO FELIZ,VIÑA DEL MAR,3,0,3,0,0
14619,ESCUELA DE PARVULOS TIA BESSY,SAN ANTONIO,3,0,3,0,0
14621,COLEGIO ANA ROMAN WALDNER,CASABLANCA,3,0,3,0,0
14622,COLEGIO SAN AGUSTIN,VILLA ALEMANA,3,0,1,368,10
14623,ESCUELA DE PARVULOS PASTORCITO DE BELEN,LOS ANDES,4,0,3,0,0
14624,ESCUELA DE PARVULOS EPIGRAM,EL QUISCO,3,0,2,0,0
14625,CENTRO DE ESTUDIOS IGNACIO DOMEYKO,SAN ANTONIO,3,0,1,178,363
14626,COLEGIO ARAUCARIAS,SAN ANTONIO,3,0,1,304,10
14627,COLEGIO CARLOS SPANO,VALPARAÍSO,3,0,3,0,0
14628,CENTRO DE ESTUDIOS IBERO CHILE,QUILLOTA,4,0,1,38,363
14629,COLEGIO CASTELIANO,VIÑA DEL MAR,3,0,1,1117,10
14630,ESCUELA DE PARVULOS HAPPY KIDS,QUILPUÉ,3,0,2,0,0
14631,ESCUELA DE PARVULOS SANTA TERESITA,CASABLANCA,3,0,1,26,10
14632,ESCUELA DE PARVULOS KINDY TECH,QUILPUÉ,4,0,3,0,0
14633,ESCUELA DE PARVULOS HEIDI,QUILPUÉ,3,0,2,0,0
14635,ESCUELA DE PARVULOS PILIPILON,QUILPUÉ,3,0,2,0,0
14636,COLEGIO DE LENGUAJE EVERITO,VILLA ALEMANA,3,0,1,109,214
14637,COLEGIO HYATT,VILLA ALEMANA,3,0,1,206,10
14638,ESC.DE TRAST.DE LA COMUNIC.YAMANKI,SAN FELIPE,3,0,1,99,214
14639,COLEGIO GHERARDELLI,VILLA ALEMANA,3,0,1,201,10
14640,ESCUELA DE PARVULOS NAZARETH,SAN FELIPE,4,0,3,0,0
14641,COLEGIO PAULA VIVANCO,LIMACHE,3,0,1,510,10
14642,COLEGIO CRISTIANO EMBAJADORES DEL REY,QUILPUÉ,3,0,1,326,10
14643,CASABLANCA BILINGUAL SCHOOL,CASABLANCA,3,0,1,314,10
14644,COLEGIO MANUEL BARROS BORGONO,CONCÓN,3,0,2,0,0
14645,ESCUELA SANTA MARIA DE LA ESPERANZA,SAN ANTONIO,3,0,1,12,211
14646,CENTRO INTEG. DE EDUC. DE ADULTOS MIRANDA HER,SAN ANTONIO,3,0,3,0,0
14647,ESCUELA DE PARVULOS LITTLE KIDS,VIÑA DEL MAR,4,0,3,0,0
14649,COLEGIO SAN FRANCISCO DE ASIS,CALERA,3,0,1,142,10
14650,COLEGIO INGLES ALTAZOR,CONCÓN,3,0,3,0,0
14652,COLEGIO LIBERTAD,VILLA ALEMANA,3,0,3,0,0
14653,ESCUELA DE PARVULOS  NAZARET,VIÑA DEL MAR,4,0,3,0,0
14654,NUEVO COLEGIO CAMBRIDGE,VIÑA DEL MAR,3,0,1,155,363
14655,ESCUELA ESPECIAL AMOR Y ESPERANZA,VALPARAÍSO,3,0,1,42,212
14656,CENTRO DE APOYO A JOV. Y ADUL. CON SINDROME,VIÑA DEL MAR,4,0,1,0,0
14657,COL EXPERIM.NINOS CANTORES DE VINA D,VIÑA DEL MAR,4,0,1,100,110
14658,CTRO.ESTIMULAC.DEL LENGUAJE ANTIYAL,VILLA ALEMANA,3,0,1,61,214
14659,COLEGIO NAHUEN DE QUILPUÉ,QUILPUÉ,3,0,1,237,110
14660,LICEO COMERCIAL VESPERTINO,QUILLOTA,3,0,3,0,0
14662,C E D I P,QUILLOTA,3,0,1,120,212
14663,ESCUELA ESPECIAL ARAMDA,QUILLOTA,3,0,1,24,214
14664,ESCUELA PARVULOS MUNDO FELIZ,LA LIGUA,3,0,1,39,10
14666,COLEGIO ESPECIAL DE LENGUAJE LOS CAPULLITOS,CALERA,3,0,1,35,214
14667,CTRO INTEG DE EDUCACION ANTU LONCO,VIÑA DEL MAR,3,0,3,0,0
14668,CENTRO EDUCACION DE ADULTOS PLACILLA,VALPARAÍSO,3,0,3,0,0
14669,ESCUELA DE PARVULOS GOTITA DE LUNA,SAN ANTONIO,3,0,1,54,10
14670,COLEGIO SAN SEBASTIAN,LOS ANDES,3,0,1,786,10
14671,COLEGIO TIERRA DEL FUEGO,QUILLOTA,3,0,1,919,10
14672,COLEGIO BLAISE PASCAL,QUILPUÉ,3,0,1,143,10
14673,COLEGIO NUEVA ERA SIGLO XXI QUILLOTA,QUILLOTA,3,0,1,520,10
14674,COLEGIO NUEVO MILENIO,VILLA ALEMANA,3,0,1,912,10
14675,COLEGIO SAN SEBASTIAN DE AKIVI,ISLA DE PASCUA,3,0,1,264,10
14676,COLEGIO CANEC VALPARAISO,VALPARAÍSO,3,0,1,74,10
14677,COLEGIO CAPITAN ARTURO PRAT CHACON,QUILPUÉ,3,0,1,243,110
14678,ESCUELA JUAN DE SAAVEDRA,VALPARAÍSO,6,0,1,130,10
14680,COLEGIO MARIA MADRE,VIÑA DEL MAR,3,0,3,0,0
14681,ESCUELA DE PARVULOS PEQUEGENIOS,VILLA ALEMANA,3,0,1,48,10
14683,SCUOLA ITALIANA VIÑA DEL MAR,VIÑA DEL MAR,4,0,3,0,0
14684,ESC. DE PARVULOS CASCANUECES,SAN ANTONIO,3,0,2,0,0
14685,COLEGIO CENTILEN,VIÑA DEL MAR,3,0,1,142,214
14686,ESCUELA DE PARVULOS LOS PUMITAS,VIÑA DEL MAR,3,0,3,0,0
14687,COLEGIO GEA,QUILPUÉ,3,0,1,662,10
14688,ESCUELA DE PARVULOS WORDERLAND,SAN FELIPE,3,0,3,0,0
14689,ESCUELA DE PARVULOS  JIMMY BOY,VILLA ALEMANA,4,0,3,0,0
14690,ESC DE PARVULOS MI PEQUENO CLUB,QUILPUÉ,3,0,1,19,10
14691,ESCUELA DE PARVULOS GABRIELITA,SAN ANTONIO,4,0,2,0,0
14692,ESC.ESPEC.DE LENGUAJE NOGALES,NOGALES,3,0,1,87,10
14693,ESCUELA DE LENGUAJE AMANKAY,QUILPUÉ,3,0,1,92,10
14694,ESC. PARVULOS MI PEQUENO MUNDO,LIMACHE,3,0,3,0,0
14695,ESCUELA DE PARVULOS PINIPON,LA LIGUA,3,0,1,45,10
14697,LICEO BICENTENARIO CORDILLERA DE SAN FELIPE,SAN FELIPE,2,0,1,1029,10
14698,ESCUELA DE LENGUAJE LAS VEGAS,VILLA ALEMANA,3,0,3,0,0
14699,COLEGIO FENIX,SAN ANTONIO,3,0,1,614,10
14700,ESCUELA DE LENGUAJE CALAFQUEN,CARTAGENA,3,0,3,0,0
14702,ESCUELA DE LENGUAJE OTE MOANA,SAN FELIPE,3,0,1,80,214
14703,THE KINGSTOWN SCHOOL,VIÑA DEL MAR,3,0,1,989,10
14705,ESC.DE LENG. SEMBRANDO PALABRAS,SAN FELIPE,3,0,1,75,214
14706,COLEGIO SAN FRANCISCO,LIMACHE,3,0,1,254,10
14707,COLEGIO PORTALIANO,SAN FELIPE,4,0,1,473,10
14708,ESC ESTER DE LA TORRE VILLARROEL,LIMACHE,3,0,1,59,212
14709,ESCUELA DE LENGUAJE Y PÁRVULOS MARÍA MADRE,QUILPUÉ,3,0,1,52,214
14710,ESCUELA DE PARVULOS  PIRAMIDAL,SAN FELIPE,4,0,3,0,0
14711,CTRO DE ESTUDIOS ALONSO DE ERCILLA,SAN ANTONIO,3,0,1,325,165
14712,COLEGIO EMPERADOR CARLOMAGNO,QUILPUÉ,3,0,3,0,0
14713,COMPLEJO EDUCACIONAL LA SSALLE,QUILLOTA,3,0,3,0,0
14714,COLEGIO HORIZONTE,SAN FELIPE,3,0,3,0,0
14716,PAN AMERICAN COLLEGE VINA DEL MAR,VIÑA DEL MAR,3,0,1,504,10
14717,COLEGIO LAS AMERICAS,QUILPUÉ,3,0,1,542,10
14718,COLEGIO PRINCIPE DE ASTURIAS,QUILPUÉ,3,0,1,92,110
14719,MATURANA SCHOOL,VILLA ALEMANA,3,0,1,116,10
14720,LICEO GASTRONOMIA Y TURISMO,QUILPUÉ,1,0,1,562,10
14721,ESC.DE LENGUAJE NUEVO AMANECER,VIÑA DEL MAR,3,0,1,65,214
14722,COLEGIO DE LENGUAJE SANTA TERESA,LA LIGUA,3,0,2,0,0
14723,ESCUELA DE PARVULOS SOLRIE,QUILPUÉ,3,0,1,7,10
14724,COLEGIO MAGISTERIAL ESCUELA NORMAL DE QUILLOTA,QUILLOTA,2,0,2,0,0
14725,ESCUELA DE LENGUAJE NAYEL,EL QUISCO,3,0,2,0,0
14726,ESCUELA DE LENGUAJE ARTYLEN,LA LIGUA,3,0,1,67,214
14727,ESCUELA DE PARVULOS NENITA,CALERA,3,0,1,12,10
14728,JARDIN INFANTIL  ANDALUE,VILLA ALEMANA,4,0,1,0,0
14730,ESC. DE LENGUAJE ARINGA POKI,SAN FELIPE,3,0,1,77,214
14731,CENTRO INTEGRAL EDUCACIONAL NUESTRA SEÑORA DEL ENCUENTRO,HIJUELAS,3,0,1,44,212
14733,ESCUELA DE LENGUAJE SAN BENITO,QUILLOTA,3,0,1,95,10
14734,JARDIN INFANTIL DAPANGAM,VIÑA DEL MAR,4,0,1,0,0
14735,ESCUELA DE PARVULOS TIA LUZ,LA LIGUA,3,0,1,36,10
14736,JARDIN INFANTIL MI OSITO,EL QUISCO,3,0,3,0,0
14737,CTRO EDUCAT INTEGRAL RAYEN,HIJUELAS,3,0,1,192,10
14738,JARDIN INFANTIL TRES OSITOS,VIÑA DEL MAR,3,0,1,17,10
14739,ESCUELA DE LENGUAJE TRIGAL,SAN FELIPE,3,0,1,49,214
14740,LICEO ADULTOS SAN ANTONIO DE PADUA,SAN ANTONIO,3,0,2,0,0
14741,COLEGIO CRISTIANO SPEIRO VINA DEL MAR,VIÑA DEL MAR,3,0,3,0,0
14742,ESCUELA DE LENGUAJE PALABRITAS,QUILLOTA,3,0,1,70,214
14743,ESCUELA DE PARVULOS PILLIN,QUILLOTA,4,0,3,0,0
14744,JARDIN INFANTIL MIS COLORES,QUILPUÉ,4,0,1,0,0
14745,ESC.PARVULOS EMBAJADORES DEL REY,QUILPUÉ,3,0,3,0,0
14747,JARDIN INFANTIL MI PEQUENO MUNDO,VIÑA DEL MAR,3,0,1,43,10
14748,JARDIN INFANTIL ABRACADABRA,QUILPUÉ,3,0,1,15,10
14749,COLEGIO BILBAO - EIM.,SAN ANTONIO,3,0,2,0,0
14750,COLEGIO GREENLAND SAN FELIPE,SAN FELIPE,3,0,1,364,10
14751,COLEGIO EL ROBLE DE SANTO DOMINGO,SANTO DOMINGO,3,0,1,383,10
14752,JARDIN INFANTIL EL ARCA ECOLOGICA,QUILLOTA,4,0,3,0,0
14753,COLEGIO MONTEALEGRE,VIÑA DEL MAR,3,0,1,244,10
14754,JARDIN INFANTIL JUNTITOS,QUILPUÉ,3,0,2,0,0
14755,ESCUELA DE LENGUAJE MIS VIOLETAS,LOS ANDES,3,0,1,30,214
14756,JARDIN INFANTIL TERRALEGRE,VILLA ALEMANA,4,0,1,51,10
14757,CENTRO EDUC.PARA SORDOS KETRAWE,QUILLOTA,3,0,3,0,0
14758,JARDIN INFANTIL ANDALICAN,VALPARAÍSO,4,0,1,0,0
14759,COLEGIO ADULTOS ALICIA MONCKEBERG,CARTAGENA,3,0,1,214,167
14760,COLEGIO PADRE ZANANDREA,VALPARAÍSO,3,0,1,322,10
14761,COLEGIO DE ADULTOS ISAAC NEWTON,VALPARAÍSO,3,0,2,0,0
14762,COLEGIO PARTICULAR ANDES-CHILE,LOS ANDES,4,0,1,199,10
14764,COLEGIO UMBRAL DE CURAUMA,VALPARAÍSO,4,0,1,667,10
14765,ESCUELA DE LENGUAJE RAYEN,QUILPUÉ,3,0,1,119,214
14766,ESC. DE LENGUAJE TERRANOVA,PUTAENDO,3,0,1,35,214
14767,ESCUELA DE LENGUAJE PAIDEIA,SANTA MARÍA,3,0,1,44,214
14768,COLEGIO ENIAC,QUILPUÉ,4,0,3,0,0
14769,CTRO.ESTIM.DEL LENG.NUEVA ESPERANZA,VIÑA DEL MAR,3,0,1,0,0
14770,COL.PRECURSOR FRANCISCO DE MIRANDA,QUILLOTA,3,0,1,1076,10
14771,COLEGIO CARLOMAGNO,QUILPUÉ,4,0,1,352,10
14772,JARDIN INFANTIL MASEJITOS,LOS ANDES,4,0,1,0,0
14773,COLEGIO GUARDIAMARINA RIQUELME,VALPARAÍSO,3,0,1,750,10
14774,ESCUELA DE LENGUAJE SAN FRANCISCO,QUILPUÉ,3,0,1,63,214
14775,COLEGIO MONTESOL 2,QUILPUÉ,3,0,1,404,10
14776,JARDIN INFANTIL NUBESOL,VILLA ALEMANA,3,0,2,0,0
14778,COLEGIO SAN NICOLAS,VILLA ALEMANA,3,0,1,481,10
14779,COLEGIO MAR ABIERTO,VIÑA DEL MAR,3,0,1,404,10
14781,ESC.DE LENGUAJE PALABRAS MAGICAS,QUILPUÉ,3,0,2,0,0
14782,COLEGIO ANTUMAPU,CALERA,3,0,1,531,10
14783,COLEGIO NUEVA ERA SIGLO XXI,VALPARAÍSO,3,0,1,1058,10
14784,CENTRO CAID LTDA. PETORCA,PETORCA,3,0,3,0,0
14785,CENTRO CAID LTDA. CABILDO,CABILDO,3,0,1,39,214
14786,COLEGIO KIM KATANKURA,VILLA ALEMANA,3,0,2,0,0
14787,ESC.TRAST. LENGUAJE RAYITO DE SOL,LLAILLAY,3,0,1,73,214
14788,COLEGIO PAPA JUAN PABLO II,SAN ANTONIO,3,0,1,500,10
14789,ESC. ESPECIAL VIDA NUEVA ELIM,SAN ANTONIO,3,0,1,50,212
14790,COLEGIO SAINT-LAWRENCE,QUILPUÉ,3,0,1,564,10
14791,COL.DE ADULTOS ELEUTERIO RAMIREZ,VALPARAÍSO,3,0,1,70,165
14792,ESC.DE PARV.EL PEQUENO PEHUEN,CABILDO,3,0,3,0,0
14793,ESCUELA DE LENGUAJE ALONQUEO,QUILPUÉ,3,0,1,93,214
14795,COLEGIO GENERAL EMILIO SOTOMAYOR,LOS ANDES,3,0,3,0,0
14796,COLEGIO SOL DE AMERICA,QUILPUÉ,3,0,1,123,165
14797,COLEGIO INFANTIL CARRUSEL,SAN FELIPE,4,0,3,0,0
14798,ESCUELA DE LENGUAJE CAICURA,SAN FELIPE,3,0,1,68,214
14799,CTRO. DE RECURSOS ALTAVIDA,VIÑA DEL MAR,3,0,1,82,212
14800,COLEGIO ESPECIAL ARMONIA,CALERA,3,0,1,75,212
14801,COLEGIO LAS PALMAS,VIÑA DEL MAR,3,0,1,369,10
14802,ESCUELA DE LENGUAJE ARCOIRIS,VILLA ALEMANA,3,0,1,88,214
14803,ESC. ESP. DE LENGUAJE Y PARVULOS SONRISAS,VILLA ALEMANA,3,0,1,37,10
14804,COLEGIO SAN BLAS,QUILPUÉ,3,0,1,386,110
14805,COLEGIO EL QUISCO,EL QUISCO,2,0,1,264,110
14806,ESC.DE PARVULOS ARBOL DE LA VIDA,SAN ANTONIO,3,0,1,12,10
14807,ESCUELA LIHUEN,LIMACHE,3,0,3,0,0
14808,CTRO.EDUC.INTEG.ALGUIEN DENTRO DE MI,QUILLOTA,3,0,1,20,216
14809,ESCUELA DE LENGUAJE SAN RAFAEL,LIMACHE,3,0,1,60,214
14810,COLEGIO DE LENGUAJE AYELEN,CALERA,3,0,1,34,214
14811,ESCUELA DE LENGUAJE PAICAVI,SAN ESTEBAN,3,0,1,82,214
14812,COLEG.DE LENGUAJE LOS CAPULLITOS,VIÑA DEL MAR,3,0,3,0,0
14814,JARDIN INFANTIL CHARLIE BROWN,VIÑA DEL MAR,4,0,1,0,0
14815,JARDIN INFANTIL Y SALA CUNA CASA KIDS,VIÑA DEL MAR,4,0,3,0,0
14816,ESCUELA DE LENGUAJE EL GEKO,VALPARAÍSO,3,0,3,0,0
14817,ESC.DE LENGUAJE CEDIATRIN,SAN ANTONIO,3,0,2,0,0
14818,COLEGIO NUMANCIA,VALPARAÍSO,3,0,1,632,10
14819,COLEGIO CERVANTINO,PUTAENDO,3,0,1,335,10
14820,COLEGIO SANTA MARIA COLLEGE,SANTA MARÍA,3,0,1,374,10
14821,JARDIN INFANTIL CORRE Y VUELA,CASABLANCA,3,0,3,0,0
14822,COLEGIO ALBORADA DEL MAR,CONCÓN,3,0,1,706,10
14823,COLEGIO ANTONIO ZANOLETTI,PAPUDO,3,0,1,287,10
14824,COLEGIO EVEREST CENTRAL,VILLA ALEMANA,3,0,1,374,10
14825,NUEVO COLEGIO PART. DE CARTAGENA,CARTAGENA,3,0,1,605,10
14826,COLEGIO SANTA TERESITA DE JESUS,LIMACHE,3,0,2,0,0
14828,ESC.ESTIMUL.LENG. PEQUENAS VOCES,NOGALES,3,0,1,74,214
14829,ESCUELA MULTIDEFICIT AMANECER,PUCHUNCAVÍ,2,0,1,75,212
14831,ESCUELA DE PARVULOS HAPPY BOYS,QUILPUÉ,3,0,3,0,0
14832,ESC.ESP.DE LENGUAJE DIVINA MISERICORDIA,VIÑA DEL MAR,3,0,1,78,214
14833,ESC. ESPEC.DE LENGUAJE PRINCIPITO,VILLA ALEMANA,3,0,1,133,214
14834,JARDIN INFANTIL GOLONRISAS,QUILLOTA,4,0,1,17,10
14835,ESCUELA DE PARVULOS LOS CONEJITOS,QUILPUÉ,4,0,3,0,0
14836,ESCUELA ESP. DE LENGUAJE YIREH,LIMACHE,3,0,1,50,214
14837,JARDIN INFANTIL BURBUJITAS,CALERA,3,0,1,32,10
14838,PARVULARIO EL OLIVITO,HIJUELAS,3,0,1,7,10
14839,ESC. ESP. DE LENG. Y JARDIN INFANTIL NUBELUZ,VIÑA DEL MAR,3,0,1,47,10
14840,ESC. ESPEC. NUEVA ESPERANZA,RINCONADA,3,1,3,0,0
14841,JARDIN INFANTIL ABANICO,VILLA ALEMANA,4,0,3,0,0
14842,CENTRO EDUC. DE ADULTOS VALORA,VALPARAÍSO,3,0,3,0,0
14843,JARDIN INFANTIL MI REMOLINO,VILLA ALEMANA,3,0,3,0,0
14845,ESC.ESPEC. DE LENGUAJE ANTU,CASABLANCA,3,0,1,80,214
14846,CENTRO EDUCACIONAL CEVAL LTDA.,VALPARAÍSO,3,0,1,299,165
14847,JARDIN INFANTIL PIECECITOS DE NIÑOS,VILLA ALEMANA,3,0,1,41,10
14848,ESCUELA PART. ANNY SCHOOL,LA CRUZ,3,0,1,187,10
14850,ESCUELA ESPECIAL QUILLAGUA,CONCÓN,3,0,1,50,212
14851,JARDIN INFANTIL TIA MONONA,VIÑA DEL MAR,3,0,1,38,10
14852,CENTRO DE EDUC. DE ADULTOS PITAGORAS,VALPARAÍSO,3,0,1,218,165
14853,JARDIN INFANTIL LITTLE EBEN-EZER,LOS ANDES,3,0,3,0,0
14854,ESC. ESPEC. DE LENGUAJE PEQUENINO,VALPARAÍSO,3,0,1,61,214
14855,CTRO. EDUC. PARA PARVULOS HAPPY KIDS,SAN ANTONIO,3,0,3,0,0
14856,SUNNYLAND SCHOOL,SAN FELIPE,3,0,1,911,10
14857,COLEGIO POKI HETU'U,VILLA ALEMANA,3,0,3,0,0
14859,ESC. ESPECIAL DE LENGUAJE EDUCATEL,VALPARAÍSO,3,0,1,103,214
14860,COLEGIO HERMANO EUGENIO EYRAUD,ISLA DE PASCUA,3,0,1,364,110
14862,COLEGIO NAZAREO,VIÑA DEL MAR,3,0,1,201,10
14863,ESC.ESPEC DE LENGUAJE SAN GABRIEL,QUINTERO,3,0,1,72,214
14864,ESCUELA ESPECIAL TALITAKUM,LOS ANDES,3,0,3,0,0
14865,COLEGIO TECNICO ALIANZA EDUCACIONAL,LIMACHE,3,0,1,317,10
14866,COLEGIO ALTAZOR,CONCÓN,3,0,1,1130,10
14867,COLEGIO LOS FORJADORES,CASABLANCA,3,0,3,0,0
14868,LICEO TECNICO AGRICOLA OBISPO RAFAEL LIRA INF,LA CRUZ,3,0,1,190,110
14869,JARDIN INFANTIL MINILANDIA,VIÑA DEL MAR,4,0,1,7,10
14870,COLEGIO ENTRE VALLES,VILLA ALEMANA,3,0,1,419,10
14871,COLEGIO ALIMAPU,VALPARAÍSO,3,0,1,90,10
14872,ESCUELA DE LENGUAJE ANTU AINIL,LIMACHE,3,0,1,63,214
14873,COLEGIO BAUTISTA JESUS MI REFUGIO,SAN ANTONIO,3,0,1,15,10
14874,CENTRO DE ESTUDIOS FRANCISCO BILBAO,CASABLANCA,3,0,1,158,165
14876,ESC. ESP. DE LENGUAJE JARDIN DEL MAR,EL QUISCO,3,0,1,80,214
14877,LICEO SAN ESTEBAN,SAN ESTEBAN,2,0,1,396,165
14878,ESCUELA DE PARVULOS EBENEZERITO,VIÑA DEL MAR,3,0,1,29,10
14879,"LICEO PART, MIXTO SAN FELIPE",SAN FELIPE,3,0,1,1859,10
14880,ESC. ESP. DE LENG. Y JARDIN INF. LOS ROBLES DE QUILLOTA,QUILLOTA,3,0,1,129,10
14881,LICEO ALDEA EDUCATIVA RAPA NUI,ISLA DE PASCUA,2,0,1,414,110
14882,ESC.ESPECIAL DE LENGUAJE OROLONCO,PUTAENDO,3,0,1,54,214
14883,ESCUELA DE LENGUAJE ALIWEN,LLAILLAY,3,0,1,45,214
14884,ESCUELA ESPECIAL DE LENGUAJE EVERITO,QUILPUÉ,3,0,3,0,0
14885,COLEGIO LEONARDO DA VINCI,LLAILLAY,3,0,1,266,10
14886,ESCUELA DE PARVULOS LILIPUT,QUILLOTA,3,0,2,0,0
14887,ESCUELA ESPECIAL SOL Y LUNA,VILLA ALEMANA,3,0,1,46,212
14888,ESCUELA DE PARVULOS REMOLINO DE PAPEL,SAN ANTONIO,3,0,2,0,0
14890,ESCUELA ESPECIAL CICED,QUILPUÉ,3,0,1,77,212
14891,ESCUELA PARV. PEQUEÑOS CIENTIFICOS,QUILPUÉ,3,0,1,4,10
14893,ESCUELA DE PARVULOS ANDALUE,CALERA,4,0,1,0,0
14894,ESCUELA ESP. DE LENGUAJE MILLANTU,QUILLOTA,3,0,1,14,214
14895,ESCUELA DE PARVULOS MI MUNDO,VILLA ALEMANA,3,0,3,0,0
14896,COLEGIO SAN HERNALDO,PUCHUNCAVÍ,3,0,1,240,110
14897,ESC. ESPECIAL DE LENGUAJE ALBERTO HURTADO,VILLA ALEMANA,3,0,1,104,214
14898,ESCUELA DE PARVULOS EMILITA,SAN ANTONIO,4,0,1,52,10
14899,ESCUELA DE PARVULOS ALTAMIRA,QUINTERO,4,0,3,0,0
14900,ESCUELA DE PARVULOS ARDILLITA,QUILPUÉ,3,0,3,0,0
14901,COLEGIO SIMON BOLIVAR,QUILLOTA,3,0,1,968,10
14902,COLEGIO FUNDADORES DE LA CALERA,CALERA,4,0,1,586,10
14903,ESC.ESP.DE LENG.NIÑO DIVINO,VIÑA DEL MAR,3,0,1,84,214
14904,ESCUELA DE PARVULOS CASCANUECES,VIÑA DEL MAR,3,0,1,48,10
14905,ESCUELA DE PARVULOS GREENWICH,QUILPUÉ,3,0,3,0,0
14906,ESCUELA DE PARVULOS ALLANAY,VILLA ALEMANA,3,0,3,0,0
14907,ESCUELA ESPECIAL DE LENGUAJE ANTU,LA CRUZ,3,0,1,116,214
14909,ESCUELA ESPECIAL DE LENGUAJE PAIHUEN-MAPU,SAN ANTONIO,3,0,1,73,214
14910,CENTRO DE ESTUDIOS SAN IGNACIO,VALPARAÍSO,3,0,1,193,165
14912,COLEGIO SAN ANTONIO DE VILLA ALEMANA,VILLA ALEMANA,3,0,1,1212,10
14913,COLEGIO GALILEO,QUILLOTA,3,0,1,712,10
14914,ESC.DE PARV. SAN PABLO DE LA CRUZ,VIÑA DEL MAR,3,0,3,0,0
14915,ESCUELA DE PARVULOS ALIANZA ARTYLEN,LA LIGUA,3,0,1,20,10
14916,ESCUELA DE PARVULOS PARAISO,VALPARAÍSO,3,0,1,38,10
14917,SCIENCE´S COLLEGE,VIÑA DEL MAR,3,0,1,193,110
14918,ESC. PARVULOS ANTUKAMEL,CABILDO,3,0,1,27,10
14919,COLEGIO ALEMAN AMADEUS,EL QUISCO,3,0,2,0,0
14920,ESCUELA DE PARVULOS ADVENTISTA VALPARAISO,VALPARAÍSO,3,0,3,0,0
14921,ESCUELA DE PARVULOS HORMIGUITAS,ISLA DE PASCUA,3,0,2,0,0
14922,COLEGIO LAS ACACIAS,VALPARAÍSO,3,0,1,454,10
14923,COLEGIO WINTERHILL VIÑA DEL MAR,VIÑA DEL MAR,3,0,1,426,110
14924,ESC.ESP. DE LENGUAJE ACUARELA DEL MAR,VIÑA DEL MAR,3,0,1,64,214
14926,ESCUELA ESPECIAL DE LENGUAJE AÛKEN,QUILPUÉ,3,0,1,28,214
14927,ESCUELA ESPECIAL DE LENGUAJE DEL SOL,QUILPUÉ,3,0,1,64,214
14928,ESCUELA ESP.DE LENGUAJE TIERRA MADRE,VILLA ALEMANA,3,0,1,70,214
14929,ESCUELA ESPECIAL DE LENGUAJE KUMELEN,CALERA,3,0,1,86,214
14930,ESCUELA ESPECIAL DE LENGUAJE MANANTIAL,CALERA,3,0,1,80,214
14931,ESCUELA ESP.DE LENGUAJE VOCES DEL VALLE,CALLE LARGA,3,0,1,145,214
14932,ESCUELA ESP.DE LENGUAJE CAICURA EPU,SAN FELIPE,3,0,1,51,214
14933,ESC. ESP. DE LENG. CUMBRES DE ACONCAGUA,SAN FELIPE,3,0,1,127,214
14934,ESC. ESPECIAL LENGUAJE MI PEQUEÑO MUNDO,LLAILLAY,3,0,1,88,214
14935,ESCUELA ESPECIAL DE LENGUAJE CARACOLITO,CALERA,3,0,1,65,214
14936,JARDIN INFANTIL OSITO SOÑADOR,CASABLANCA,3,0,3,0,0
14937,ESCUELA ESPECIAL DE LENGUAJE ANTARES,VIÑA DEL MAR,3,0,1,85,214
14938,ESCUELA ESPECIAL DE LENGUAJE AITUE,CALERA,3,0,1,77,214
14940,ESCUELA ESPECIAL DE LENGUAJE SEMILLITAS,VILLA ALEMANA,3,0,2,0,0
14941,ESCUELA ESPECIAL DE LENGUAJE CARIÑOSITOS,VIÑA DEL MAR,3,0,1,27,214
14943,ESC.ESP.DE LENGUAJE HUEPIL,VIÑA DEL MAR,4,0,2,0,0
14944,ESCUELA ESPECIAL DE LENGUAJE TOMASITO,VALPARAÍSO,3,0,1,117,214
14945,ESC. ESP. DE LENGUAJE CUMBRES DE ACONCAGUA,LOS ANDES,3,0,1,59,214
14946,LICEO TEC. PROFESIONAL DE ADULTOS DE LIMACHE,LIMACHE,3,0,1,59,763
14947,ESC.ESP.DE TRASTORNOS DE LENGUAJE NAHUEL,QUILPUÉ,3,0,1,112,214
14948,ESC.ESP. DE LENGUAJE SAN BENITO,SAN ANTONIO,3,0,3,0,0
14949,ESCUELA ESPECIAL DE LENGUAJE CURIMON,SAN FELIPE,3,0,1,71,214
14950,JARDIN INFANTIL Y ESC. ESPECIAL DE LENG. SEMILLITA,CARTAGENA,3,0,1,60,10
14951,ESCUELA DE PARVULOS SERPENTINA,LA LIGUA,3,0,1,32,10
14952,COLEGIO ALTOMONTE,VILLA ALEMANA,4,0,1,604,10
14953,COLEGIO PEUMAYÉN,CARTAGENA,3,0,1,470,10
14954,ESCUELA ESPECIAL DE LENGUAJE NUBECITAS,VIÑA DEL MAR,3,0,1,131,214
14955,ESCUELA ESPECIAL DE LENGUAJE MI RESOL,QUILLOTA,3,0,1,90,214
15500,EL DUENDE AZUL,SAN FERNANDO,4,0,3,0,0
15501,COLEGIO PARTICULAR LUCILA GODOY ALCAYAGA,SANTA CRUZ,3,0,1,593,10
15502,INSTITUTO MONSENOR LECAROS,COLTAUCO,3,0,1,616,10
15503,ESCUELA DUENDE MELODIA,RANCAGUA,1,0,1,205,10
15504,LICEO PARTICULAR SANDRO PERTINI,RANCAGUA,3,0,3,0,0
15505,ESCUELA MUNICIPAL DUENDE MELODIA,RANCAGUA,1,0,3,0,0
15506,INSTITUTO MANQUEMAVIDA,SANTA CRUZ,4,0,3,0,0
15507,COLEGIO JEAN PIAGET,PICHILEMU,4,0,2,0,0
15510,COLEGIO QUIMAHUE,RANCAGUA,4,0,1,633,110
15512,JARDIN INFANTIL RAPA NUI,SAN FERNANDO,4,0,3,0,0
15513,JARDIN INFANTIL AGUALUNA,RANCAGUA,4,0,4,0,0
15514,PLAZA SESAMO,RANCAGUA,4,0,3,0,0
15515,COLEGIO PARTICULAR SUBV. CHILDREN SCHOOL,GRANEROS,3,0,1,379,10
15516,APPLETON S SCHOOL,RANCAGUA,4,0,3,0,0
15517,EL PEQUENO  PRINCIPE,GRANEROS,4,0,3,0,0
15518,JARDIN INFANTIL TOPO GIGIO,SAN FERNANDO,4,0,1,0,0
15520,JARDIN INFANTIL CARRUSEL,CHIMBARONGO,6,0,4,0,0
15521,COLEGIO INGLES SAINT JOHN,RANCAGUA,4,0,1,899,10
15522,CHARLY SCHOOL,PICHILEMU,3,0,1,361,10
15523,ESCUELA ESPECIAL DE COYA,MACHALÍ,2,0,3,0,0
15524,COLEGIO SANTA CRUZ DE UNCO,SANTA CRUZ,4,0,1,585,10
15526,ESCUELA MUNICIPAL AMERICA,MARCHIHUE,2,0,1,446,10
15527,INSTITUTO CORDILLERA,SAN FERNANDO,4,0,3,0,0
15528,BELLO HORIZONTE,RENGO,3,0,3,0,0
15529,SANTA ANA,PALMILLA,3,0,3,0,0
15530,CENTRO DE ESTUDIOS INTEGRALES TUPAHUE,RANCAGUA,4,0,3,0,0
15531,JARDIN INFANTIL MUNDO FELIZ,SAN VICENTE,3,0,1,142,10
15532,ESCUELA MUNICIPAL DE PIHUCHEN,MARCHIHUE,2,1,3,0,0
15533,BRITISH COLLEGE,SAN FERNANDO,4,0,3,0,0
15534,COLEGIO SAN IGNACIO,MACHALÍ,4,0,1,634,10
15535,ESCUELA SANTA TERESA DE AVILA,RENGO,2,1,1,268,10
15536,GARDEN SNOOPY,SAN FERNANDO,4,0,3,0,0
15537,COLCHAGUA,SAN FERNANDO,4,0,3,0,0
15538,JARDIN INFANTIL PEQUENO MUNDO FELIZ,SANTA CRUZ,4,0,3,0,0
15540,LICEO POLITECNICO MUNICIPAL,NANCAGUA,6,0,3,0,0
15544,COLEGIO CRIPTOCARYA ALBA,PEUMO,3,0,1,493,10
15545,CORINALDO,RANCAGUA,4,0,3,0,0
15546,JARDIN INFANTIL MI GRANJA,SAN FERNANDO,4,0,1,0,0
15547,MI PEQUENO MUNDO,SAN VICENTE,4,0,3,0,0
15548,LICEO POLITECNICO C 44,PEUMO,2,0,3,0,0
15549,LICEO POLITECNICO,CHIMBARONGO,6,0,3,0,0
15550,COLEGIO CUISENAIRE ANEXO,RANCAGUA,3,0,3,0,0
15551,ESCUELA ESPECIAL CRECER,RANCAGUA,3,0,1,90,211
15552,PULGARCITO,PEUMO,3,0,3,0,0
15553,PERSONITAS,SAN FERNANDO,4,0,3,0,0
15554,EL PEQUENO MOZART,MACHALÍ,3,0,1,922,10
15555,HIGH GARDEN,RANCAGUA,4,0,4,0,0
15557,ESCUELA ESPECIAL FRAY AVE MARIA,RANCAGUA,3,0,1,61,212
15558,LA HORMIGA,SAN FERNANDO,4,0,3,0,0
15559,COLEGIO SAN ANDRES APOSTOL,SAN FERNANDO,4,0,3,0,0
15560,COLEGIO GERMANIA,SAN FERNANDO,4,0,3,0,0
15561,JARDIN INFANTIL PASCUALITA,RANCAGUA,4,0,1,0,0
15563,COLEGIO SANTA TERESA DE JESUS,RANCAGUA,4,0,3,0,0
15564,COLEGIO LA CRUZ,MACHALÍ,4,0,1,796,10
15565,BRITISH COLLEGE,SAN FERNANDO,4,0,3,0,0
15566,COLEGIO LAS AMERICAS,SAN FERNANDO,4,0,3,0,0
15567,SAN FERNANDO EL REAL,SAN FERNANDO,4,0,3,0,0
15568,COLEGIO TERESIANO,MOSTAZAL,4,0,3,0,0
15569,ESCUELA PUERTECILLO,NAVIDAD,2,1,1,6,110
15570,ESCUELA BASICA GALVARINO VALENZUELA MORAGA,LOLOL,2,0,1,369,10
15571,COLEGIO PARTICULAR LA PRIMAVERA,QUINTA DE TILCOCO,3,0,1,275,10
15572,INSTITUTO SAN JOAQUIN,RANCAGUA,4,0,3,0,0
15574,LICEO MUNICIPAL DE ADULTOS SANTA CRUZ,SANTA CRUZ,2,0,1,146,165
15575,JARDIN INFANTIL GIRASOLES,RANCAGUA,4,0,3,0,0
15576,COLEGIO ARRAYANES,SAN FERNANDO,4,0,1,479,10
15577,ESCUELA BASICA ALTO NERQUIHUE- LOLOL,LOLOL,2,1,3,0,0
15578,COLEGIO PARTICULAR AMERICA,OLIVAR,3,1,3,0,0
15579,COLEGIO PARTICULAR ALMA MATER,RENGO,3,0,1,290,10
15580,JARDIN INFANTIL FANTASIA,PLACILLA,4,0,3,0,0
15581,JARDIN INFANTIL CALABAZA,RENGO,4,0,3,0,0
15582,COLEGIO SAN MIGUEL ARCANGEL,RANCAGUA,3,0,1,69,212
15583,LICEO TECNICO PROFESIONAL EL TAMBO,SAN VICENTE,1,1,1,429,310
15584,COLEGIO SAN PABLO,RANCAGUA,4,0,3,0,0
15585,COLEGIO CRISTIANO RESURRECCION,RANCAGUA,3,0,1,385,10
15586,COLEGIO TIA MONICA,RANCAGUA,3,0,1,79,214
15588,ROSARIO COLLEGE,RENGO,3,0,1,245,10
15589,COLEGIO ALCALDE PEDRO URBINA,PEUMO,3,0,1,386,10
15591,JARDIN INFANTIL DE MARIA,RANCAGUA,4,0,3,0,0
15592,COLEGIO NAZARET,RANCAGUA,4,0,3,0,0
15593,COLEGIO AMERICANO,SAN FERNANDO,3,0,1,563,10
15594,COLEG.TERESIANO JUANITA FERNANDEZ SOLAR,MOSTAZAL,3,0,1,288,10
15595,JARDIN INFANTIL ARDILLITA,RANCAGUA,3,0,1,0,0
15596,INSTITUTO SAN VICENTE DE TAGUA TAGUA,SAN VICENTE,1,0,1,299,10
15597,COLEGIO PROVIDENCIA JARDIN INFANTIL,RANCAGUA,4,0,1,0,0
15598,JARDIN INFANTIL COLORIN COLORADO,RANCAGUA,3,0,1,39,10
15599,SAINT ANGELO COLLEGE,RANCAGUA,4,0,3,0,0
15600,ALBERTO HURTADO CRUCHAGA,DOÑIHUE,3,0,1,696,10
15601,COLEGIO ANTILEN,RENGO,3,0,1,1149,10
15602,INSTITUTO SAN AGUSTIN,RANCAGUA,4,0,3,0,0
15603,LICEO COMERCIAL WEBER,RANCAGUA,3,0,3,0,0
15604,JARDIN INFANTIL CASCABELES,RANCAGUA,3,0,2,0,0
15605,COLEGIO HUMANISTA INTEGRADO,RANCAGUA,3,0,1,245,10
15607,CENTRO TRAST. Y TRAT. LENG. CHOIN RAYEN,RANCAGUA,3,0,1,83,214
15608,ESCUELA PEDRO MORALES BARRERA,SAN FERNANDO,6,0,1,163,10
15609,JARDIN INFANTIL EL TRIGAL,RENGO,4,0,1,0,0
15610,"COLEGIO PARTIC, SAN JOSE DE LA MONTANA",CHIMBARONGO,3,0,1,792,10
15611,LLICEO LE MANS,RANCAGUA,4,0,3,0,0
15612,JARDIN INFANTIL ALCANTARA,RANCAGUA,4,0,3,0,0
15613,JARDIN INFANTIL HAPPY WORLD,DOÑIHUE,3,1,3,0,0
15614,ESCUELA EL NARANJAL,RENGO,2,0,1,893,10
15615,ESCUELA QUEBRADA NUEVO REINO,PICHILEMU,2,1,3,0,0
15616,SAN FRANCISCO,MACHALÍ,4,0,3,0,0
15617,JARDIN INFANTIL HORMIGUITA VIAJERA,SAN VICENTE,3,0,3,0,0
15619,INSTITUTO ALCANTARA,RANCAGUA,4,0,3,0,0
15621,COLEGIO PARTICULAR EL REAL,SAN FERNANDO,3,0,1,475,10
15622,COLEGIO PARTICULAR LOMAS BLANCAS,NANCAGUA,3,0,1,277,10
15624,COLEGIO MISTRAL,LAS CABRAS,3,0,1,1203,10
15625,INST.SAN IGNACIO VESPERTINO DE ADULTOS,REQUÍNOA,3,1,3,0,0
15626,COLEGIO SAN BENITO DE MURCIA,RANCAGUA,3,0,3,0,0
15627,COLEGIO SAN FRANCISCO,MACHALÍ,3,1,1,583,10
15628,JARDIN INFANTIL SAN FRANCISCO,RANCAGUA,3,0,1,16,10
15629,ESCUELA ESPECIAL DE LENGUAJE RAICES DE RANCAGUA,RANCAGUA,3,0,1,62,214
15630,INSTITUTO FRANCISCO BILBAO,SAN FERNANDO,4,0,3,0,0
15631,TRINITY COLLEGE,MACHALÍ,4,0,1,531,10
15632,COLEGIO SAN ANGELO,RANCAGUA,3,0,1,248,10
15633,BRITISH COLLEGE L.T.D.,SAN FERNANDO,3,0,1,742,10
15634,COLEGIO SAN AGUSTIN,RANCAGUA,3,0,3,0,0
15635,JARDIN INFANTIL FANTASIA,RENGO,4,0,3,0,0
15636,ESC. BERTA SAAVEDRA SEGURA ANEXO,REQUÍNOA,2,0,3,0,0
15638,ANEXO PRECIOSA SANGRE,PICHILEMU,3,0,3,0,0
15639,JARDIN INFANTIL CASCANUECES,SAN FERNANDO,3,0,3,0,0
15641,CENTRO EDUCATIVO INTEGRAL LAS ENCINAS,RANCAGUA,3,0,1,71,218
15642,ANEXO ESC. BERTA SAAVEDRA SEGURA,REQUÍNOA,2,0,3,0,0
15643,INSTITUTO CRISTIANO EDUMASTER COLLEGE,RANCAGUA,3,0,1,335,10
15644,COLEGIO AUDICION Y LENG. SAN GASPAR,SAN FERNANDO,3,0,1,47,214
15645,ESCUELA DIFERENCIAL ACUM ARCO IRIS,SAN FERNANDO,3,0,3,0,0
15646,INSTITUTO SANTA TERESA DE LOS ANDES,GRANEROS,3,0,1,2127,10
15647,COLEGIO GRANEROS ANEXO,GRANEROS,3,0,3,0,0
15648,COLEGIO JAVIERA CARRERA ANEXO,RANCAGUA,3,1,3,0,0
15649,JARDIN INFANTIL NUEVA ALCANTARA,RANCAGUA,3,0,2,0,0
15650,COLEGIO NAZARETH,RANCAGUA,3,0,1,241,10
15652,JARDIN INFANTIL LABERINTO,RANCAGUA,3,0,3,0,0
15653,CENTTRO TRAST.LENGUAJE NUESTRA ESPERAN,MOSTAZAL,3,0,1,103,214
15655,JARDIN INFANTIL DESCUBIENDO EL MUNDO,RANCAGUA,3,0,3,0,0
15656,CENTRO TRAST.LENGUAJE LOS BRUJITOS,MACHALÍ,3,0,1,64,214
15657,COLEGIO NEHUEN,SAN VICENTE,3,0,1,909,110
15658,JARDIN INFANTIL LOS PAJARITOS DE ASIS,MOSTAZAL,3,0,3,0,0
15659,JARDIN INFANTIL CARRUSEL,RANCAGUA,3,0,3,0,0
15660,CENTRO REHAB. DEL LENGUAJE ORAL CERLO,RANCAGUA,3,0,1,51,214
15661,COLEGIO DIVINA ESPERANZA,RANCAGUA,3,0,1,42,218
15662,INSTITUTO SAN LORENZO,RANCAGUA,3,0,1,1144,10
15663,ESCUELA DEL LENGUAJE SANTA MARIA,SANTA CRUZ,3,0,1,142,214
15664,COLEGIO MANQUEMAVIDA,SANTA CRUZ,3,0,1,1485,10
15665,LICEO INTEGRADO DE ADULTOS,GRANEROS,2,0,1,169,167
15666,COLEGIO TOMAS GUAGLEN,RANCAGUA,3,0,3,0,0
15667,INSTITUTO SAN ERNESTO,RANCAGUA,3,0,3,0,0
15669,JARDIN INFANTIL DIVINA PROVIDENCIA DE JESUS,SAN FERNANDO,4,0,1,79,10
15670,CENTRO EDUC.INTEGRAL ADULTO MAYOR LAS ARAUCAR,RANCAGUA,3,0,3,0,0
15671,COLEGIO DIFERNCIAL SAN JOSE,GRANEROS,3,1,3,0,0
15672,C.DE TRANS.DE LA COMUNIC. STA.TERESA DE JESUS,SAN VICENTE,3,0,1,127,214
15673,"ESC. ESP. EL ROBLE, CENTRO DE ATENCION A NECES. EDUC. ESP.",SAN FERNANDO,3,0,1,79,212
15674,COL. ESTIM. DEL LENGUAJE SANT. TRINIDAD,RENGO,3,0,3,0,0
15675,CENTRO TRASTORNOS DEL LENGUAJE VOCECITAS,GRANEROS,3,0,3,0,0
15676,COLEGIO HISPANO CHILENO EL PILAR,RANCAGUA,3,0,1,1132,10
15677,JARDIN INFANTIL GIRASOLES INTERACTIVOS,RANCAGUA,3,0,1,0,0
15678,CENTRO DE ESTUDIOS LA ARAUCANA,RANCAGUA,4,0,4,0,0
15679,JARDIN INFANTIL AVENTURAS MAGICAS,GRANEROS,4,0,1,0,0
15680,JARDIN INFANTIL NAZARETH,SAN FERNANDO,4,0,3,0,0
15681,CENTRO EDUCATIVO INTEGRAL MARIA MAGDALENA,SAN FERNANDO,3,0,1,0,0
15682,COLEGIO MAGISTER,RANCAGUA,3,0,1,287,10
15683,COLEGIO EVELYN S SCHOOL,SANTA CRUZ,3,0,1,688,10
15684,INSTITUTO HANS CHRISTIAN ANDERSEN,SAN FERNANDO,3,0,1,466,10
15686,COLEGIO SAN CRISTOBAL,RANCAGUA,3,0,2,0,0
15687,ESCUELA MUNICIPAL DE LENGUAJE SANTA CRUZ,SANTA CRUZ,2,0,1,44,214
15688,COLEGIO PARTICULAR BASICO NUEVA ALBORADA,RANCAGUA,3,0,3,0,0
15689,JARDIN INFANTIL PADRE HURTADO,RANCAGUA,3,0,3,0,0
15690,COLEGIO LOS CIPRESES,DOÑIHUE,3,0,1,1043,10
15691,ECUELA DE LENGUAJE LOS PALTOS,PEUMO,3,0,1,57,214
15692,ESCUELA DE LENGUAJE CUMBRES BLANCAS,SAN FERNANDO,3,0,3,0,0
15694,JARDIN INFANTIL GENTE CHICA,RANCAGUA,3,0,1,4,10
15695,JARDIN INFANTIL MELODY,RANCAGUA,3,0,1,0,0
15696,JARDIN INFANTIL TIA MONICA,RANCAGUA,3,0,1,28,10
15697,JARDIN INFANTIL SANTA RITA DE CASIA,MACHALÍ,3,1,3,0,0
15698,ESCUELA DE LENGUAJE SAN IGNACIO,SAN VICENTE,3,0,1,46,214
15700,COLEGIO LA REPUBLICA,RANCAGUA,3,0,1,959,10
15701,COLEGIO DIFERENCIAL SAN JOSE,GRANEROS,3,0,3,0,0
15702,CENTRO DE APRENDIZAJE INTEGRAL ARTIFICES,RENGO,3,0,2,0,0
15703,ESC. DE TRASTORNOS DE LA COMUNIC. NAHUEL,DOÑIHUE,3,0,2,0,0
15705,COLEGIO SANTA TERESA,RANCAGUA,3,0,1,196,10
15706,CENTRO DE LENGUAJE SABERES,RANCAGUA,3,0,3,0,0
15707,COLEGIO RANCAGUA,RANCAGUA,4,0,1,289,10
15708,ESCUELA ESPECIAL DE NERQUIHUE,LOLOL,2,1,1,17,212
15709,COLEGIO DE ADULTOS INACAP,RANCAGUA,3,0,3,0,0
15710,JARDIN INFANTIL AGAZZI,MACHALÍ,3,0,3,0,0
15711,JARDIN INFANTIL RAYEN,SAN VICENTE,3,0,1,0,0
15712,CENTRO TRAST. DEL LENGUAJE ORAL ALBORADA,RANCAGUA,3,0,1,106,214
15713,COLEGIO DE LENGUAJE RAILEF,PICHILEMU,3,0,1,105,214
15714,ESCUELA DE TRASTORNOS DE LA COMUNICACION LA CRUZ,RANCAGUA,3,0,1,144,214
15715,ESCUELA DE LENGUAJE CHARLES DARWIN,CHÉPICA,3,0,1,55,214
15716,ESCUELA ESPECIAL DE LENGUAJE RUCALHUE,CHIMBARONGO,3,0,1,157,214
15717,ESCUELA ESPECIAL DE LENGUAJE ALCALA,NANCAGUA,3,0,1,148,214
15719,COLEGIO FRAY ANDRES,RANCAGUA,3,0,1,272,10
15720,LICEO MUNICIPAL ZOILA ROSA CARRENO,MALLOA,2,1,1,280,310
15722,LICEO PARTICULAR CARDENAL RAUL SILVA HENRIQUE,NANCAGUA,3,0,1,179,310
15723,CENTRO EDUCACIONAL INTEGRAL DE ADULTOS LOS ROBLES,RANCAGUA,3,0,1,238,167
15724,ESCUELA FERNANDA AEDO FAUNDEZ,RENGO,2,0,1,490,10
15725,LICEO SAINT GREGORYªS,RENGO,3,0,3,0,0
15726,COLEGIO SAN SEBASTIAN SCHOOL,RANCAGUA,3,0,1,724,10
15727,ESC.ESP.MUN.DE LENGUAJE APRENDIENDO JUNTO,CHIMBARONGO,6,0,2,0,0
15728,COLEGIO MUNICIPAL HUALLILEN,COINCO,2,0,1,256,10
15729,ESCUELA DE LENGUAJE MANANTIAL,RANCAGUA,3,0,1,79,214
15730,ESC. ESPECIAL DE LENGUAJE NINO JESUS,RENGO,3,0,2,0,0
15731,COLEGIO ESPANA,SAN VICENTE,3,0,1,349,110
15732,COLEGIO CRISTIANO ADONAY,RANCAGUA,3,0,1,473,10
15733,COL.PERSON.PARV.SAN SEBASTIAN,RANCAGUA,3,0,2,0,0
15734,ESCUELA ESPECIAL DE LENGUAJE SAN BENITO,MACHALÍ,3,0,1,42,214
15736,ESCUELA TRAST. DE LA COMUNIC. SANTA ROSA DE PELEQUEN,MALLOA,3,0,1,72,214
15737,JARDIN INFANTIL Y SALA CUNA CASCANUECES,SAN FERNANDO,4,0,1,0,0
15738,ESCUELA TRAST. DE LA COMUNIC. NUESTRA SRA. DEL PILAR,RENGO,3,0,1,117,214
15739,COLEGIO CHIMBARONGO,CHIMBARONGO,3,0,1,826,10
15740,ESCUELA DE LENGUAJE SAN ANDRES,SAN VICENTE,3,0,1,59,214
15741,ESCUELA DE LENGUAJE SANTA MARIA DE LA COMUNA,PLACILLA,3,0,1,65,214
15742,ESCUELA DE ESTIMUL. DE LENGUAJE CHARLES DARWIN,REQUÍNOA,3,0,1,87,214
15743,COLEGIO SAN SEBASTIAN,GRANEROS,3,0,3,0,0
15744,COLEGIO ALMENAR,SAN VICENTE,3,0,1,598,10
15745,COLEGIO VALLE DE COLCHAGUA,SAN FERNANDO,3,0,1,700,10
15746,SAINT MORITZ COLLEGE,RANCAGUA,3,0,1,619,10
15747,COLEGIO DE EDUCACION ESPECIAL MOSTAZAL,MOSTAZAL,3,0,1,40,212
15748,ESCUELA ESPECIAL MARIA ALICIA PONCE,MOSTAZAL,2,1,1,101,212
15750,COLEGIO LAS AMERICAS,RANCAGUA,3,0,1,569,10
15751,ESCUELA DE LENGUAJE CHARLES DARWIN,OLIVAR,3,0,1,84,214
15753,COLEGIO BENJAMIN VICUÑA MACKENNA,RANCAGUA,1,0,1,473,10
15754,CENTRO DE RECURSOS EDUCATIVO INTEGRARTE,CHÉPICA,2,0,1,26,212
15755,COLEGIO SAN NICOLAS,CHIMBARONGO,3,0,1,375,10
15756,CENTRO EDUC. INT. DE ADULTOS SEMPER,RANCAGUA,3,0,1,146,165
15757,COLEGIO PART. SUBV. SAN ESTEBAN,SAN FERNANDO,3,1,1,210,10
15758,COLEGIO CHRISTIAN COLLEGE,SAN FERNANDO,3,0,1,376,10
15759,LICEO MACHALI,MACHALÍ,2,0,1,523,167
15760,ESC. ESP. DE LENGUAJE JUNTITOS,RANCAGUA,3,0,1,31,214
15761,ESCUELA ESPECIAL MADRE MARIA MAZZARELLO,QUINTA DE TILCOCO,3,0,1,90,214
15762,COLEGIO MARÍA ESCOBILLANA GUZMÁN,GRANEROS,2,0,1,311,10
15763,COLEGIO ANTUHUE,GRANEROS,2,1,1,10,363
15764,ELENA GAETE DARBEAUX,PICHIDEGUA,3,0,1,238,10
15765,CHARLES DARWIN,LAS CABRAS,3,0,1,84,214
15767,COLEGIO DIEGO PORTALES,MACHALÍ,3,0,1,595,10
15768,COLEGIO SANTA FILOMENA,RANCAGUA,1,0,1,229,10
15769,LICEO TÉCNICO SANTA CRUZ DE TRIANA,RANCAGUA,1,0,1,280,310
15770,ESCUELA DIVINO MAESTRO,PICHILEMU,2,0,1,521,10
15771,ESCUELA TRASTORNOS DE LA COMUNICACION NAHUEL,COLTAUCO,3,0,2,0,0
15772,JARDIN INFANTIL SANTA MARIA GORETTI,RANCAGUA,3,0,2,0,0
15773,COLEGIO DEL ALBA,SAN FERNANDO,3,0,3,0,0
15774,ESCUELA AGRICOLA DON GREGORIO,CHIMBARONGO,3,1,1,118,110
15775,LICEO TECNICO PROFESIONAL SANTA ROSA,RANCAGUA,3,0,1,155,310
15776,COLEGIO AVE FENIX,RANCAGUA,3,0,1,218,212
15777,COLEGIO JUAN LUIS VIVES,RANCAGUA,3,0,1,598,165
15778,CENTRO EDUC. ACUARELA TE ACOGE,NANCAGUA,3,0,1,43,212
15779,COLEGIO HERMANO DE ASIS,SAN FERNANDO,3,0,1,207,10
15780,ESCUELA ESPECIAL DE PICHIDEGUA,PICHIDEGUA,2,1,1,31,212
15781,LICEO MUNICIPAL DE CODEGUA,CODEGUA,2,0,1,415,110
15782,CENTRO EDUCATIVO ESPECIAL CREEMOS,SAN FERNANDO,3,0,1,45,212
15784,ESCUELA ESPECIAL DE LENGUAJE CODEGUA,CODEGUA,3,0,1,57,214
15785,ESCUELA ESPECIAL DE LENGUAJE NUESTRA SRA. DEL ROSARIO,RENGO,3,0,1,89,214
15786,JARDIN INFANTIL MIS TESORITOS PUFFI,RANCAGUA,3,0,1,48,10
15787,COMPLEJO EDUCACIONAL LAS ARAUCARIAS,SAN FERNANDO,3,0,1,814,10
15788,ESCUELA ESP. DE LENG. GIORDANO BRUNO,RANCAGUA,3,0,1,41,214
15789,ESCUELA ESPECIAL DE LENGUAJE RAICES,MACHALÍ,3,0,1,67,214
15790,ESCUELA ESPECIAL AYUDANDO A CRECER,CHIMBARONGO,6,0,1,109,212
15791,ESCUELA ESPECIAL DIFERENCIAL SAN ANDRES,PICHILEMU,3,0,1,36,212
15792,COLEGIO REAL DE CAREN,MACHALÍ,3,0,1,570,10
15793,COLEGIO INTERAMERICANO,RANCAGUA,3,0,1,525,10
15794,COLEGIO VALLE SANTA CRUZ,SANTA CRUZ,3,0,3,0,0
15795,JARDIN INFANTIL PEQUITAS,RANCAGUA,3,0,1,24,10
15796,ESC. ESP.DE LENGUAJE SAN FRANCISCO DE ASIS,GRANEROS,3,0,1,87,214
15798,ESCUELA ESPECIAL DE LENGUAJE SAN FRANCISCO DE,MALLOA,3,0,1,55,214
15799,COLEGIO DE LENGUAJE PADRE PIO,SANTA CRUZ,3,0,1,102,214
15800,ESC. ESP. DE LENGUAJE EL SEMBRADOR,DOÑIHUE,3,0,1,87,214
15801,JARDIN INFANTIL INMACULADA CONCEPCION,RANCAGUA,3,0,1,0,0
15803,JARDIN INFANTIL TABANCURA,RANCAGUA,3,0,1,0,0
15804,ESCUELA ESPECIAL SAN VALENTIN,GRANEROS,3,0,1,129,214
15805,ESCUELA ESPECIAL NUEVO AMANECER,GRANEROS,3,0,1,97,214
15806,JARDIN INFANTIL SEMILLITA CANELO,RANCAGUA,3,0,1,64,10
15807,COLEGIO ALERCE,CHIMBARONGO,3,0,1,266,10
15808,LICEO MIRELLA CATALAN URZUA,PAREDONES,2,0,1,253,310
15809,OLIVAR COLLEGE,OLIVAR,3,0,1,643,110
15810,LICEO MANUEL DE SALAS,RANCAGUA,3,0,3,0,0
15811,COLEGIO ANGOSTURA,SAN FERNANDO,3,0,1,287,10
15812,COLEGIO BASICO VIOLETA PARRA SANDOVAL,PERALILLO,2,0,1,543,10
15813,JARDIN INFANTIL VILLA ESPERANZA,RANCAGUA,3,0,2,0,0
15814,JARDIN INFANTIL MI CASITA EN EL BOSQUE,RANCAGUA,4,0,1,0,0
15815,ESCUELA DE LENGUAJE RAYITO DE SOL,RANCAGUA,3,0,1,127,214
15817,COLEGIO NAHUELCURA,MACHALÍ,3,0,1,1452,10
15818,ESCUELA ESPECIAL DE LENGUAJE ALTAZOR,SAN FERNANDO,3,0,1,73,214
15819,COLEGIO DE LENGUAJE PADRE PIO PERALILLO,PERALILLO,3,0,1,88,214
15820,COLEGIO ALEMAN SAN MIGUEL,SAN VICENTE,3,0,1,707,110
15821,ESCUELA DE LENGUAJE PUCARA,LAS CABRAS,3,0,1,57,214
15822,ESCUELA DE LENGUAJE EL ARCA DE CRISTOBAL,RENGO,3,0,1,71,214
15823,ESCUELA DE LENGUAJE HAKUNA MATATA,PERALILLO,3,0,1,85,214
15824,ESC ESP. DE LENGUAJE NUESTRA SRA DE LOURDES,DOÑIHUE,3,0,1,0,0
15825,ESCUELA DE LENGUAJE SAN JOSE E.I.R.L.,NANCAGUA,3,0,1,66,214
15826,ESCUELA ESPECIAL DE LENGUAJE SAN EXPEDITO,COLTAUCO,3,0,1,82,214
15827,ESCUELA ESPECIAL DE LENGUAJE LOS ALERCES,RANCAGUA,3,0,1,52,214
15828,COLEGIO SAN NICOLAS DE BARI,RANCAGUA,3,0,1,273,10
15829,ESCUELA ESPECIAL DE LENGUAJE ABRAPALABRA,SAN VICENTE,3,0,1,66,214
15830,COLEGIO DE ADULTOS MOSTAZAL,MOSTAZAL,3,1,1,130,165
15831,ESCUELA ESPECIAL HIRAM,SAN FERNANDO,3,0,1,14,212
15832,COLEGIO BOSQUES DE CHILE,SAN VICENTE,3,0,1,219,110
15834,ESCUELA ESP.DE LENGUAJE ENCANTADOS,RANCAGUA,3,0,1,47,214
15835,ESC.ESP.DE LENGUAJE EL TREN DE CRISTOBAL,CHIMBARONGO,3,0,1,126,214
15836,ESCUELA ESP.DE LENGUAJE COMUNICARTE,RANCAGUA,3,0,1,28,214
15837,LICEO BICENTENARIO TEC.PROF.PERALILLO,PERALILLO,2,0,3,0,0
15838,ESCUELA ESP. DE LENGUAJE TREMUN,PICHIDEGUA,3,0,1,89,214
15839,ESC. ESP. DE LENGUAJE SEMILLITA DE LA PUNTA,MOSTAZAL,3,0,1,76,214
15840,COLEGIO TECNOLÓGICO PULMAHUE,RANCAGUA,3,0,1,302,310
15841,ESC.ESP. DE LENGUAJE AYELEN,RENGO,3,0,1,150,214
15842,JARDIN INFANTIL SEMILLITA DE SABIDURIA,RANCAGUA,3,0,1,25,10
15843,LICEO INDUSTRIAL ESTEBAN LEYTON SOTO,RENGO,2,0,1,722,510
15844,JARDIN INFANTIL PEQUEÑOS GIGANTES,RANCAGUA,3,0,1,44,10
15845,ESCUELA ESPECIAL DE LENGUAJE SAN JOSE,LOLOL,3,0,1,118,214
15846,ESCUELA ESPECIAL DE LENGUAJE REMOLINOS,MARCHIHUE,3,0,1,80,214
15848,INSTITUTO FERMIN VIVACETA,SAN FERNANDO,3,0,1,55,363
15849,JARDIN INFANTIL Y SALA CUNA CAPULLITO,SAN VICENTE,3,0,3,0,0
15851,ESCUELA ESPECIAL DE LENGUAJE SAN GABRIEL,SAN VICENTE,3,0,1,78,214
15852,ESCUELA ESPECIAL ANGELES,COLTAUCO,3,0,1,69,212
15853,ESCUELA ESPECIAL DE LENGUAJE CARRUSEL,RANCAGUA,3,0,1,85,214
15854,INSTITUTO DE EDUCACION DE ADULTO SAN ANDRES,RANCAGUA,3,0,1,100,363
15855,COLEGIO SEBASTIAN`S COLLEGE,GRANEROS,3,0,1,325,10
15856,ESCUELA ESPECIAL DE LENGUAJE NEWEN,PAREDONES,3,0,1,81,214
15857,COLEGIO UMBRALES,CHIMBARONGO,3,0,1,115,110
15858,ESCUELA ESPECIAL SAN EXPEDITO DE RENGO,RENGO,3,0,1,90,212
15859,COLEGIO PARTICULAR SUBVENCIONADO NANCAGUA SCHOOL,NANCAGUA,3,0,1,292,10
16389,COLEGIO ESPECIAL DE DISCAPACIDADES MULTIPLES,TALCA,3,0,3,0,0
16400,COLEGIO EL PILAR(CERRADO A/C.AÑO 2001),CURICÓ,4,0,3,0,0
16401,MICROCENTRO DE DIAGNOSTO N.10,CURICÓ,2,0,3,0,0
16403,MICROCENTRO DIAGNOSTICO N.19,LINARES,2,0,3,0,0
16405,COLEGIO MARIA RAQUEL ANEXO,TALCA,3,0,3,0,0
16406,ESC. DIFERENCIAL GUSTAVO RAMIREZ MORENO,SAGRADA FAMILIA,2,1,1,26,212
16408,ANEXO COLEGIO MONTESSORI (CERRADO),TALCA,4,0,3,0,0
16409,COLEGIO FRIEND SCHOOL (CERRADO),CURICÓ,4,0,3,0,0
16410,COLEGIO ABATE MOLINA,LONGAVÍ,3,0,1,895,10
16411,ANEXO CENTRO EDUC.INTEGRADA ADULTOS (CIE,SAN JAVIER,2,0,3,0,0
16413,CORPORACION DE EDUCAC  LA ARAUCANA,CURICÓ,4,0,3,0,0
16414,COLEGIO CORPOR.DE EDUC.LA ARAUCANA,TALCA,3,0,3,0,0
16415,COLEGIO RAUQUEN,CURICÓ,3,0,1,1616,10
16417,COLEGIO BICENTENARIO POLITECNICO SAN JOSE DE CURICO,CURICÓ,3,0,1,838,410
16418,CENTRO ABIERTO EL HUASITO,LONGAVÍ,4,0,3,0,0
16419,CENTRO ABIERTO RAPUNSEL,TALCA,3,0,3,0,0
16420,CENTRO ABIERTO PELUSITA,TALCA,3,0,3,0,0
16421,CENTRO ABIERTO CERRO ALTO,CONSTITUCIÓN,3,0,3,0,0
16422,CENTRO ABIERTO LA POZA,CONSTITUCIÓN,3,0,3,0,0
16423,CENTRO ABIERTO PAPELUCHO(NO FUNCIONA),LICANTÉN,4,0,3,0,0
16424,LICEO BICENTENARIO DE MOLINA MARIA DEL TRÁNSITO DE LA CRUZ,MOLINA,2,0,1,419,110
16425,ANEXO INSTITUTO ANDRES BELLO CERRADO,TALCA,3,0,3,0,0
16427,COLEGIO ESMERALDA,TALCA,3,0,1,937,10
16428,ESC. MONSENOR MANUEL LARRAIN ERRAZURIZ,HUALAÑÉ,2,0,1,547,10
16429,ESCUELA DIFERENCIAL LAS ILUSIONES,CURICÓ,3,0,1,43,212
16430,COLEGIO SAN ANDRES,TALCA,3,0,3,0,0
16431,COLEGIO  ORCHARD COLLEGE,CURICÓ,4,0,1,543,10
16432,LICEO AGRIC.PADRE ALBERTO HURTADO,MOLINA,3,1,1,129,510
16434,CENTRO EDUCACIONAL LUIS RUTTEN,TALCA,3,0,1,364,410
16436,COLEGIO ANDES COLLEGE      CERRADO,TALCA,4,0,3,0,0
16437,COLEGIO GAIA       CERRADA,CONSTITUCIÓN,4,0,3,0,0
16441,LICEO BICENTENARIO DE EXCELENCIA SANTA MARTA,TALCA,3,0,1,1383,10
16442,ESC. PARVULOS NUESTRA SRA. DEL ROSARIO,LINARES,4,0,3,0,0
16443,CENTRO INTEGRAL EDUCACION TALCA,TALCA,3,0,1,746,110
16444,COLEGIO EDUARDO MARTIN ABEJON,CONSTITUCIÓN,3,0,1,602,10
16445,COLEGIO SAN DANIEL,CURICÓ,3,0,3,0,0
16446,COLEGIO JUAN PIAMARTA,TALCA,3,0,1,1112,10
16447,COLEGIO SANTA FE,CURICÓ,3,0,3,0,0
16448,INSTITUTO SANTA MARTA,CURICÓ,3,0,1,1314,10
16449,COLEGIO SANTA FE,CURICÓ,4,0,1,0,0
16451,COLEGIO SAN ANDRES II,TALCA,3,0,3,0,0
16452,LICEO POLITECNICO DE CURICO,CURICÓ,2,0,1,527,510
16453,COLEGIO ALBORADA,LINARES,4,0,1,811,10
16454,ESCUELA LAS DUNAS DE CHANCO,CHANCO,2,0,1,1,167
16455,ESCUELA DE PARVULOS SEMILLITA,LONGAVÍ,2,0,1,118,10
16456,INSTITUTO CUMBRES DE MAULE,PARRAL,3,1,1,140,10
16457,CENTRO EDUCACIONAL APUMANQUE,CURICÓ,3,0,1,319,165
16458,COL.CORPORACION EDUC.LA ARAUCANA,CURICÓ,4,0,1,0,0
16459,INSTITUTO TECNICO SUPERIOR CONSTITUCION,CONSTITUCIÓN,3,1,1,556,10
16460,ESCUELA PADRE ALBERTO HURTADO,CURICÓ,2,0,1,570,10
16461,COLEGIO LYON´S SCHOOL,TALCA,3,0,1,399,10
16462,LICEO MONSEÑOR CARLOS GONZÁLEZ CRUCHAGA,TALCA,3,0,1,155,165
16463,ESCUELA ESPECIAL SAN FRANCISCO,CURICÓ,3,0,3,0,0
16465,COLEGIO SAN ANDRES III,TALCA,3,0,3,0,0
16466,CENTRO DE TRASTORNOS DE LA COMUNICACION,TALCA,3,0,3,0,0
16467,LICEO PABLO NERUDA DE TALCA,TALCA,3,0,1,727,110
16468,ESCUELA NESTOR DEL CAMPO ARZOLA,COLBÚN,2,0,1,768,10
16469,COLEGIO PABLO NERUDA,PARRAL,2,0,1,1000,10
16470,COLEGIO CONCEPCION TALCA,TALCA,4,0,1,1059,10
16471,JARDÍN INFANTIL RAYEN MONTESSORI,CURICÓ,3,0,3,0,0
16472,ESC.ESPECIAL TRASTORNOS DE LA COMUNICACI,LINARES,3,0,1,46,214
16473,ESCUELA DE CUMPEO,RÍO CLARO,2,0,3,0,0
16474,COLEGIO EVANGELICO ADONAY ANEXO,LINARES,3,1,3,0,0
16475,INSTITUTO DE EDUCACION MEDIA CALIFORNIA SCHOO,TALCA,3,0,3,0,0
16476,COLEGIO BOSQUES DE GAIA,CONSTITUCIÓN,3,0,1,413,10
16477,COLEGIO AQUELARRE,TENO,3,0,1,387,110
16479,ESCUELA TALLER LABORAL UNPADE,TALCA,3,0,1,72,212
16480,COL.ADVENTISTA DE TALCA             CERRADO,TALCA,4,0,3,0,0
16482,ESCUELA GIRASOL,SAN JAVIER,3,1,3,0,0
16483,COL.INGLES GOLDEN SCHOOL   (CERRADO),LINARES,4,0,3,0,0
16484,COLEGIO MANSO DE VELASCO,CAUQUENES,3,0,1,577,10
16485,COLEGIO GARDEN COLLEGE,CAUQUENES,3,0,1,809,10
16486,COLEGIO SAN ANDRES IV,SAN CLEMENTE,3,0,3,0,0
16487,CENTRO PARA EL DESARROLLO TECNOLOGICO,TALCA,3,0,3,0,0
16488,COLEGIO ADVENTISTA MARANATA,TALCA,3,0,1,595,10
16489,COLEGIO BALTAZAR,TALCA,3,0,1,358,10
16490,CENTRO DE LENGUAJE MARCELA PAZ,TALCA,3,0,1,49,10
16491,COLEGIO ALBERT EINSTEIN,CURICÓ,3,0,1,333,10
16492,INSTITUTO VALENTIN LETELIER,LINARES,3,1,1,236,10
16493,JARDIN LAS NIEVES,VILLA ALEGRE,3,0,3,0,0
16494,COLEGIO CRISTIANO DE CURICO,CURICÓ,3,0,1,476,10
16496,ESCUELA MUNICIPAL DE ADULTOS NUEVA ESPERANZA,CUREPTO,2,0,3,0,0
16497,COLEGIO ANDES DE TALCA,TALCA,4,0,1,523,10
16498,COLEGIO ZAPALLAR  S.A.,CURICÓ,4,0,3,0,0
16499,JARDIN INFANTIL PIN Y PON,CURICÓ,4,0,3,0,0
16501,JARDIN INFANTIL CAMPANITA,TALCA,4,0,1,261,10
16502,COLEGIO CORDILLERA,MOLINA,3,0,1,643,10
16503,JARDIN INFANTIL EL ARCA,TENO,3,0,3,0,0
16504,CENTRO EDUCACIONAL BUBI,TENO,3,0,1,67,10
16506,ESCUELA CHACARILLAS,CONSTITUCIÓN,2,0,1,318,10
16507,JUAN SALVADOR COLLEGE,SAN JAVIER,3,0,1,524,10
16508,COLEGIO HISPANOCHILENO EL PILAR,CURICÓ,3,0,1,1130,10
16509,COLEGIO CENTRO EDUCACIONAL VYGOTSKY,CURICÓ,3,1,1,524,10
16510,ESCUELA ENRIQUE WEISS,LINARES,3,0,1,50,110
16511,JARDIN INFANTIL NUBE LUZ,HUALAÑÉ,3,0,3,0,0
16512,COLEGIO DIEGO THOMPSON,CURICÓ,3,0,1,887,10
16513,CENTRO EDUCACIONAL ADONAY,CURICÓ,3,0,1,212,10
16515,COLEGIO SAN JACINTO,TALCA,3,0,3,0,0
16516,JARDIN INFANTIL LOS PEQUES DE ADONAY,CURICÓ,3,0,3,0,0
16517,COLEGIO RENACER,LINARES,3,0,3,0,0
16518,COLEGIO PARTICULAR SEBASTIAN,LINARES,3,0,1,170,10
16519,ESC. TEC. PROFESIONAL AGRARIA LA MONTANA DE T,TENO,3,1,3,0,0
16520,COLEGIO KAIROS,CURICÓ,3,0,1,350,10
16521,ESC.ESPECIAL DE TRASTORNO DE LA COMUNICACION,TALCA,3,0,1,55,10
16522,COLEGIO INMACULADO CORAZON DE JESUS,CURICÓ,3,0,2,0,0
16523,ESC.TRASTORNOS DE LENGUAJE HANS CHRISTIAN AND,CURICÓ,3,0,1,84,214
16524,COLEGIO LUCILA GODOY ALCAYAGA,TALCA,3,0,3,0,0
16525,ESCUELA DE LENGUAJE TALCA,TALCA,3,0,3,0,0
16526,COLEGIO LOS ALERCES,TALCA,3,0,1,593,10
16527,JARDIN INFANTIL MININOS,TALCA,3,0,3,0,0
16529,ESC.TEC PROFESIONAL AGRARIA PADRE LOUIS LETSC,TENO,3,1,3,0,0
16530,ESC.ESPECIAL TRASTORNOS DE LA COMUNIC. MIS SO,CONSTITUCIÓN,3,0,1,132,10
16532,JARDIN INFANTIL GOFITO,TALCA,4,0,3,0,0
16533,CENTRO DE LENGUAJE Y PSICOPEDAGOGIA DALUZ,TALCA,3,0,1,87,214
16534,JARDIN INFANTIL ABC,SAN CLEMENTE,3,0,3,0,0
16535,COLEGIO SAN MARCOS,CURICÓ,3,0,1,964,10
16536,JARDIN INFANTIL MIS PRIMEROS PASOS,MOLINA,3,0,1,47,10
16537,ESCUELA DE LENGUAJE CEL,CURICÓ,3,0,1,84,214
16538,D.I.L.O ESC. DE TRASTORNOS DE LA COMUNICACION,TALCA,3,0,3,0,0
16539,COLEGIO  SAN  GABRIEL,MOLINA,3,0,3,0,0
16540,COLEGIO CAUQUENES,CAUQUENES,3,0,3,0,0
16541,CENTRO EDUCATIVO PEUMAYEN,CURICÓ,3,0,1,1058,10
16542,ESCUELA DE LENGUAJE MAZAPAN,CURICÓ,3,0,1,71,214
16543,ESCUELA PARVULOS ALDEA DE LOS NINOS,TALCA,3,0,1,0,0
16544,ESCUELA DE LENGUAJE PAUL HARRIS,TENO,3,0,1,69,214
16546,CENTRO EDUCACIONAL INGLES,ROMERAL,3,0,3,0,0
16547,COLEGIO PADRE HUGO BYRNE,HUALAÑÉ,3,0,2,0,0
16548,MI JARDIN Y YO,TALCA,3,0,1,115,10
16549,COLEGIO PALENCIA SC.,CURICÓ,3,0,1,528,10
16550,COLEGIO SAN JORGE,TALCA,4,0,1,355,10
16551,LICEO BICENTENARIO POLIVALENTE DE RAUCO,RAUCO,2,1,1,202,510
16552,ESCUELA LENGUAJE BELEN,TALCA,3,0,1,44,214
16553,ESCUELA DE LENGUAJE MANANTIAL,TALCA,3,0,1,65,214
16554,ESCUELA DE LENGUAJE CEL,MOLINA,3,0,1,155,214
16555,ESCUELA DE PARVULO LOS PATITOS,TALCA,3,0,3,0,0
16556,COLEGIO CORDILLERA,LINARES,3,0,1,331,10
16557,CENTRO DE LENGUAJE CAUQUENES,CAUQUENES,3,0,1,78,214
16558,CENTRO EDUCACIONAL TERRANOVA,TALCA,3,0,1,114,214
16560,CENTRO DE LENGUAJE SAN JAVIER,SAN JAVIER,3,0,1,85,214
16561,CENTRO LENGUAJE EL CANELO,LINARES,3,0,1,56,214
16563,ESCUELA DE LENGUAJE CEDEL,PARRAL,3,0,1,109,10
16564,LICEO BICENTENARIO TP SIMON BOLIVAR,CURICÓ,3,1,1,605,10
16565,ESCUELA DE LENGUAJE PRINCIPITO,MOLINA,3,0,1,44,214
16566,COLEGIO ESPECIAL DE MARIA,CURICÓ,3,0,1,118,212
16567,JARDIN INFANTIL SAN PABLO,CURICÓ,3,0,2,0,0
16568,ESCUELA DE LENGUAJE SAN NICOLAS,LINARES,3,0,1,92,214
16569,COLEGIO LOS HEROES,CURICÓ,3,0,1,230,10
16570,ESCUELA DE LENGUAJE RAYENCO,ROMERAL,3,0,1,739,10
16571,ESCUELA DIFERENCIAL LOS LAGOS,TALCA,3,0,3,0,0
16572,ESCUELA ESPECIAL HIERBAS BUENAS,LINARES,3,0,1,50,212
16573,COLEGIO SAN ANDRES VI,TALCA,3,0,3,0,0
16574,EMA ESCAJADIO GARCIA,TALCA,3,0,1,62,212
16575,CENTRO DE LENGUAJE CEDEL,TALCA,3,0,1,76,214
16577,ESCUELA DE LENGUAJE LAS NIEVES,VILLA ALEGRE,3,0,1,56,214
16578,CENTRO DE LENGUAJE CEDEL,LICANTÉN,3,0,2,0,0
16579,COLEGIO SAN ANDRES V,TALCA,3,0,3,0,0
16580,ESC. PASO INTERNACIONAL PEHUENCHE,SAN CLEMENTE,2,0,1,568,110
16581,ESCUELA PARA PARVULOS ADONAY,CURICÓ,3,0,3,0,0
16582,TECNOLOGICO NUEVO HORIZONTE,CURICÓ,3,0,1,509,110
16583,ESCUELA DE ADMINISTRACION Y COMERCIO,CURICÓ,3,0,1,563,110
16584,ESCUELA DE LENGUAJE GIRASOL,HUALAÑÉ,3,0,1,116,214
16585,CENTRO EDUCACIONAL IRIS,TALCA,3,0,1,89,10
16586,ESCUELA DE LENGUAJE RAYITO DE SOL,RAUCO,3,0,1,70,214
16587,LICEO POLIVALENTE SAGRADA FAMILIA,SAGRADA FAMILIA,2,0,1,585,310
16588,COLEGIO SAN ALFONSO DE EL BOLDO,CURICÓ,3,0,1,652,10
16589,COLEGIO EL QUILLAY,CURICÓ,3,0,1,459,10
16590,ESC.ESP.DE TRAST.DEL LENGUAJE SAN VALENTIN,TALCA,3,0,1,120,214
16591,ESCUELA DE LENGUAJE ARRAYAN,TALCA,3,0,1,56,214
16592,ESCUELA LENGUAJE SAN CLEMENTE,SAN CLEMENTE,3,0,1,52,10
16594,COLEGIO EL SEMBRADOR,CURICÓ,3,0,1,64,212
16595,ESCUELA DE LENGUAJE ANTUPIREN,LONGAVÍ,3,0,1,87,214
16596,ESCUELA PARV. PEQUENOS MAESTROS,TALCA,3,0,3,0,0
16597,ESCUELA DE LENGUAJE ZARCILLO,TALCA,3,0,1,101,214
16598,ESCUELA DE LENGUAJE VERBUM,CURICÓ,3,0,1,100,10
16599,ESCUELA LENGUAJE PROSPERIDAD,TALCA,3,0,1,84,214
16600,COLEGIO ALTA CUMBRE,CURICÓ,3,0,1,1219,10
16601,ESCUELA ESPECIAL DE LENGUAJE ALTAMIRA,LINARES,3,0,1,64,214
16602,CENTRO LENGUAJE DALUZ 2,SAN CLEMENTE,3,0,1,48,214
16603,ESC. LENGUAJE ARCOIRIS,SAN CLEMENTE,3,0,1,87,214
16604,INSTITUTO LATINOAMERICANO-EUROPEO DE,TALCA,3,0,1,147,310
16605,JARDIN INFANTIL JUAN DE DIOS ORTUZAR,TENO,3,0,3,0,0
16606,ESCUELA DE PARVULOS SAN AGUSTIN,TALCA,3,0,1,73,10
16607,ESCUELA DE LENGUAJE ALBORADA,CURICÓ,3,0,1,53,214
16608,COLEGIO ANTILHUE,MOLINA,3,0,1,451,10
16610,ESCUELA DE LENGUAJE EDUCAR,SAGRADA FAMILIA,3,0,1,66,214
16611,LICEO TECNICO PROFESIONAL AGRARIO LUXEMBURGO,ROMERAL,3,0,2,0,0
16613,ESCUELA DE LENGUAJE BELEN,PARRAL,3,0,1,70,214
16614,COLEGIO PABLO NERUDA,CAUQUENES,3,0,3,0,0
16615,ESC.DE LENGUAJE Y JARDIN INFANTIL ECOLOGICO,CONSTITUCIÓN,3,0,1,137,10
16616,ESCUELA DE TRANSTORNOS DE LENGUAJE EMMANUEL,CURICÓ,3,0,1,0,0
16617,SALA CUNA Y JARDIN INFANTIL MICKEY MOUSE,SAN CLEMENTE,3,0,1,33,10
16618,JARDIN INFANTIL SNOOPY,TALCA,3,0,2,0,0
16619,ESCUELA DE LENGUAJE BAMBI,CUREPTO,3,0,1,55,214
16620,JARDIN INFANTIL NUBE LUZ,TALCA,3,0,3,0,0
16621,JARDIN INFANTIL TIRAMISU,TALCA,4,0,1,0,0
16622,ESCUELA DE LENGUAJE GARDEN SCHOOL,TALCA,3,0,1,18,214
16623,ESCUELA DE LENGUAJE RAIGUEN,TALCA,3,0,1,40,214
16624,COLEGIO ANTARES,PELARCO,3,0,1,253,10
16625,COLEGIO PABLO DE ROKHA,SAN JAVIER,3,1,1,410,10
16627,COLEGIO SAN IGNACIO DE TALCA,TALCA,3,0,1,2038,110
16629,ESCUELA DE PARVULOS LOS ARCILLEROS,MAULE,3,0,3,0,0
16630,CENTRO EDUCATIVO DE LENGUAJE ANDALEN,CURICÓ,3,1,1,81,214
16631,ESCUELA DE LENGUAJE TORREBLANCA,SAN JAVIER,3,0,1,65,214
16632,LICEO GABRIELA MISTRAL,CONSTITUCIÓN,3,0,3,0,0
16633,ESCUELA DE LENGUAJE ABEJITA MAYA,TALCA,3,0,1,58,214
16634,COLEGIO POLITECNICO AQUELARRE,TENO,3,0,1,1061,110
16635,COLEGIO AURORA,PARRAL,3,0,3,0,0
16636,ESCUELA DE LENGUAJE MILLAHUE,TALCA,3,0,1,146,214
16637,ESCUELA DE LENGUAJE ESTRELLITA FUGAZ,SAGRADA FAMILIA,3,0,3,0,0
16638,JARDIN INFANTIL CASTORCITO,TALCA,3,0,2,0,0
16639,ESCUELA INTY LLAN,TALCA,3,0,1,91,214
16640,ESCUELA DE LENGUAJE SAN VALENTIN SUR ORIENTE,TALCA,3,0,1,77,214
16641,LICEO TECNICO PROF AGRARIO LUXEMBURGO DE TENO,TENO,3,1,2,0,0
16642,COLEGIO ANTAMARO,LINARES,3,0,1,188,310
16644,COLEGIO LEONARDO DA VINCI,SAN JAVIER,3,0,1,1309,10
16645,COLEGIO LAS ESTRELLITAS,COLBÚN,3,0,1,144,10
16646,ESCUELA DE LENGUAJE ARCOIRIS,MOLINA,3,1,1,60,214
16647,COLEGIO ESPECIAL CRECER,TALCA,3,0,1,61,212
16648,JARDIN INFANTIL ADOLF COLLEGE,CAUQUENES,3,0,3,0,0
16649,ESCUELA ESPECIAL SAN VICENTE,TENO,3,0,1,39,212
16650,INSTITUTO CRISTIANO DE EDUCACION CAP EDUMASTE,TALCA,3,0,3,0,0
16651,JARDIN INFANTIL CAPULLITO,CURICÓ,3,0,3,0,0
16652,CENTRO EDUCATIVO MACHU PICCHU,CURICÓ,3,0,1,464,10
16653,ESCUELA DE LENGUAJE PRIMAVERA,PELLUHUE,3,0,3,0,0
16654,ESCUELA DIFERENCIAL LOS GERANIOS,TALCA,3,0,1,91,212
16655,ESCUELA HOSPITAL DE CURICO,CURICÓ,3,0,3,0,0
16656,LICEO VICTORIA,TALCA,3,0,1,78,363
16658,LICEO NUESTRA SENORA DE LAS MERCEDES,CAUQUENES,3,0,1,0,0
16659,ESCUELA DE LENGUAJES EDUCALEN,PENCAHUE,3,0,1,103,214
16661,ESCUELA DE PARVULOS PRINCIPITO DE SANTA ANA,SAGRADA FAMILIA,3,0,1,82,214
16662,JARDIN INFANTIL CASTILLO PALABRAS MAGICAS,TALCA,3,0,1,56,10
16663,ESCUELA DE LENGUAJE CARACOLA,TALCA,3,0,1,83,214
16664,ESCUELA DE PARVULOS SAN JOSE DE CALASANZ,TALCA,3,0,1,49,10
16665,JARDIN INFANTIL SONRISAS,TALCA,3,0,1,47,10
16666,ESCUELA DE LENGUAJE RENACER,TALCA,3,0,1,64,214
16667,ESCUELA ESPECIAL DE LENGUAJE VICTORIA,TALCA,3,0,1,0,0
16668,ESCUELA ESPECIAL DE LENGUAJE NINO JESUS,CAUQUENES,3,0,1,71,214
16669,JARDIN INFANTIL CAPULLITO,LINARES,3,0,3,0,0
16670,ESCUELA ESPECIAL DE LENGUAJE CARACOLA,CURICÓ,3,0,3,0,0
16671,ESCUELA ESPECIAL DE LENGUAJE SAN ESTEBAN,TALCA,3,0,1,246,10
16672,ESCUELA ESPECIAL DE LENGUAJE ALHUE,TALCA,3,0,1,45,214
16673,COLEGIO CLUB DE LEONES TALCA,TALCA,3,0,1,308,10
16675,ESCUELA ESPEC. DE LENGUAJE ALFREDO GIDI JALIL,PARRAL,3,0,1,84,214
16676,LICEO COMPLEJO EDUCACIONAL JAVIERA CARRERA,TALCA,2,0,1,814,10
16677,COLEGIO IRIS RETAMAL,RETIRO,3,0,1,499,10
16678,COLEGIO LOS AGUSTINOS EDUCA Y DEPORTE,TALCA,3,0,1,307,310
16679,CTRO. EDUCACIONAL Y ESC. DE LENGUAJE PABLO FR,SAN JAVIER,3,0,1,46,214
16680,LICEO TECNICO PROF.AGRARIO LUXEMBURGO DE RAUC,RAUCO,3,0,1,0,0
16681,COL.EDUC.PARVULARIA DANIEL GOLEMAN,LINARES,3,0,3,0,0
16682,COL GRAL. DE DIVISION EMILIO SOTOMAYOR BAEZA,LINARES,3,0,1,0,0
16683,ESCUEA ESPECIAL DE LENGUAJE MILLARAY,CURICÓ,3,0,1,58,214
16684,INSTITUTO TECNICO PROFESIONAL MARIO ARANDA,SAN JAVIER,3,0,3,0,0
16685,COLEGIO HENRI CETTY,MOLINA,3,0,1,473,10
16686,ESCUELA ESPECIAL DE LENGUAJE REY LEON,TALCA,3,0,1,49,214
16687,CENTRO PEDAGOGICO PREESCOLAR VALLE DEL MAULE,MAULE,3,0,1,111,10
16689,COLEGIO ESPECIAL DE DISCAPACIDADES MULTIPLES,TALCA,3,0,1,72,212
16690,COLEGIO SUYAI,MAULE,3,0,1,344,10
16692,ESCUELA ESPECIAL DE LENGUAJE GIRASOL,SAN JAVIER,3,0,1,80,214
16693,ESCUELA ESPECIAL DE LENGUAJE SEMBRANDO PALABR,CURICÓ,3,0,1,72,214
16694,ESCUELA DE LENGUAJE REMOLINO,SAN CLEMENTE,3,0,1,73,10
16695,ESCUELA BASICA DE ADMINISTRACION Y COMERCIO,CURICÓ,3,1,1,496,10
16696,ESCUELA HOSPITAL LINARES,LINARES,3,0,1,51,10
16697,COLEGIO INITEC DE INNOVACION TECNOLOGICA,CURICÓ,3,0,1,660,310
16698,CENTRO EDUCACIONAL KIMEL,CURICÓ,3,1,1,0,0
16699,ESCUELA ESPECIAL UNPADE,TALCA,3,0,1,66,212
16700,ESCUELA DE PARVULOS PAPELUCHO,TALCA,3,0,3,0,0
16701,ESC.DE LENGUAJE Y JARDIN INFANTIL NELTUME,MAULE,3,0,1,32,214
16702,ESC.ESPECIAL DE LENGUAJE HABLAPALABRAS,TALCA,3,0,1,47,214
16703,ESCUELA ESPECIAL DE LENGUAJE MIS PRIMERAS PAL,MAULE,3,0,1,81,214
16704,COLEGIO CLEMENTINOS,SAN CLEMENTE,3,0,1,731,10
16705,LICEO TEC.PROFESIONAL AGROPECUARIO LUXEMBURGO,CURICÓ,3,1,1,0,0
16706,LICEO ASCENCION JARA SEGURA,CAUQUENES,2,0,2,0,0
16708,COLEGIO PARTICULAR JOSEFINA MEDEL,LINARES,3,1,1,126,10
16709,ESCUELA ESPECIAL DE LENGUAJE APRENDER,MAULE,3,0,1,15,214
16711,ESCUELA DE LENGUAJE Y JARDIN INFANTIL PEQUEÑO,LICANTÉN,3,0,1,80,10
16712,JARDIN INFANTIL MAGIC CASTLE,TENO,3,0,1,35,10
16713,COLEGIO SAN PABLO,CURICÓ,3,1,1,137,10
16714,COLEGIO EL CANELO,TALCA,4,0,3,0,0
16715,COLEGIO EL BOLDO,CURICÓ,2,0,1,587,10
16716,LICEO BICENTENARIO ZAPALLAR DE CURICO,CURICÓ,2,0,1,901,110
16717,COLEGIO SANTA MADRE DE DIOS,SAN RAFAEL,3,0,1,225,110
16718,ESCUELA ESPECIAL DE LENGUAJE ANTONIO CASTRO A,LINARES,3,0,1,39,214
16719,COLEGIO ESPECIAL PHILIPPS CLARET,CURICÓ,3,0,3,0,0
16720,COLEGIO LOS CASTAÑOS,TALCA,3,0,2,0,0
16721,ESCUELA ESP. CENTRO DE INTEGRACION PADRE PIO,PARRAL,3,0,1,59,212
16722,COLEGIO CRISTIANO DE EDUC. DE ADULTOS EL SEMB,TALCA,3,0,1,49,165
16723,ESCUELA HOSPITALARIA DE CAUQUENES,CAUQUENES,3,0,1,7,10
16725,ESCUELA ESPECIAL DIFERENCIAL SOL Y LUNA,SAN JAVIER,3,0,1,49,212
16726,COLEGIO PABLO NERUDA,CONSTITUCIÓN,3,0,3,0,0
16727,COLEGIO DE ADULTOS PROMAUCAES,CAUQUENES,3,0,1,154,165
16728,COLEGIO SANTO TOMAS DE TALCA,MAULE,3,0,1,1016,10
16729,INSTITUTO INGLES,CURICÓ,2,0,1,324,110
16730,LICEO BICENTENARIO ADMINISTRACION Y COMERCIO HC,CURICÓ,3,0,1,706,10
16731,ESCUELA ESPECIAL DE LENGUAJE ENSEÑARTE,CAUQUENES,3,0,1,93,214
16732,COLEGIO ALTO PEWEN,TALCA,3,0,1,206,10
16733,COLEGIO ALTAS CUMBRES DE SAN CLEMENTE,SAN CLEMENTE,3,0,1,233,110
16734,JARDIN INFANTIL MIS TESOROS,TENO,3,0,1,96,10
16735,ESCUELA DE LENGUAJE EL CASTILLO INFANTIL,CURICÓ,3,0,1,102,214
16736,JARDIN INFANTIL Y SALA CUNA LOS RUILES,TALCA,4,0,1,0,0
16737,COLEGIO EL CANELO 1,TALCA,3,0,2,0,0
16739,CLARO DE LUNA CENTRO DE DESARROLLO COGNITIVO,YERBAS BUENAS,3,1,1,105,212
16740,COLEGIO MARÍA DIZA PINO VARGAS,PARRAL,3,0,1,135,110
16742,COLEGIO DE PARVULOS SAN BENITO,TALCA,3,0,3,0,0
16743,ESCUELA ESPECIAL AMANECER LONGAVI,LONGAVÍ,3,0,1,17,212
16744,COLEGIO SAN ESTEBAN DE TALCA,MAULE,3,1,1,790,110
16745,ESCUELA DE LENGUAJE MARCELA PAZ,MAULE,3,0,1,11,214
16746,COLEGIO SANTA MARIA APOSTOL,CONSTITUCIÓN,3,1,3,0,0
16747,COLEGIO GABRIELA MISTRAL,CURICÓ,2,0,1,115,10
16748,LICEO BICENTENARIO ORIENTE DE TALCA,TALCA,2,0,1,370,110
16749,COLEGIO JUAN IGNACIO MOLINA DE LA FLORIDA,TALCA,3,0,1,723,110
16750,COLEGIO JUAN IGNACIO MOLINA DE LAS RASTRAS,TALCA,3,0,2,0,0
16751,LICEO BICENTENARIO DE CAUQUENES,CAUQUENES,2,0,1,494,110
16752,CENTRO EDUCACIONAL INTEGRAL ADULTOS VICTORIA,TALCA,3,0,1,32,363
16753,ESCUELA ESP. LENGUAJE Y PARVULOS SAN ESTEBAN,LINARES,3,0,1,57,214
16754,LICEO ARTURO ALESSANDRI PALMA,ROMERAL,2,0,1,365,165
16756,COLEGIO LOS AGUSTINOS,MAULE,3,0,1,422,110
16757,COLEGIO JUAN IGNACIO MOLINA DE LICANTEN,LICANTÉN,3,0,1,311,110
16758,ESCUELA ESPECIAL DE LENGUAJE ALTAHIR,TALCA,3,0,1,51,214
16759,"COLEGIO ALTAMIRA DE  MIS PEQUEÑOS TESOROS, PARRAL",PARRAL,3,0,1,482,110
16760,JARDIN INFANTIL JACARANDA,TALCA,4,0,3,0,0
16761,INSTITUTO DE EDUCACION ESPECIAL CURICO,CURICÓ,3,0,1,29,212
16762,ESCUELA ESPECIAL CENTRO EDUCATIVO DIDACTICA C,CURICÓ,3,0,1,0,0
16763,ESCUELA PARVULOS SNOOPY,ANTOFAGASTA,4,0,1,0,0
16764,ESCUELA ESPECIAL DE LENGUAJE PALABRAS Y COLORES,RÍO NEGRO,3,0,3,0,0
16765,TALLER LABORAL Y ESCUELA ESPECIAL CREANDO FUTURO,LLANQUIHUE,3,0,1,0,0
16766,GOLDEN EAGLE SCHOOL,OSORNO,3,0,1,94,10
16767,ESCUELA ESPECIAL DE LENGUAJE AMAPOLA ALERCE,PUERTO MONTT,3,0,1,50,214
16768,CENTRO EDUCACIONAL SONRISA DE ANGELES,ANCUD,3,0,1,7,212
16770,COLEGIO ALIWE COLLEGE,CORONEL,3,0,1,710,10
16771,JARDIN INFANTIL RENACER,SALAMANCA,3,0,3,0,0
16773,ESCUELA ESPECIAL N°2424 EL  VOLANTIN,PEÑALOLÉN,3,0,1,149,214
16774,ESCUELA ESPECIAL DE LENGUAJE SAN IGNACIO,SAN IGNACIO,3,0,1,0,0
16775,ESCUELA ESPECIAL DE LENGUAJE PEQUEÑO SAFARI,ARICA,3,0,1,36,214
16776,LYCÉE ANTOINE DE SAINT - EXUPÉRY,COLINA,4,0,1,32,10
16777,ESCUELA  DE  PARVULOS  Y  ESPECIAL  N°197 AMARAL,EL MONTE,3,0,1,101,10
16778,CENTRO DE FORMACION LABORAL HUELLAS,CORONEL,3,0,1,42,212
16779,ESCUELA ESPECIAL DE LENGUAJE PALABRAS DE NIÑOS,CORONEL,3,0,1,105,214
16780,COLEGIO ALTO LAUQUÉN,LOS ÁNGELES,3,0,1,932,10
16781,ESCUELA ESPECIAL DE LENGUAJE ALTO LOS ÁNGELES,LOS ÁNGELES,3,0,1,67,214
16782,ESCUELA ESPECIAL DE LENGUAJE REMOLINO,SAN PEDRO DE LA PAZ,3,0,1,30,214
16783,COLEGIO HOSPITALARIO HOSPITAL DEL  PINO,SAN BERNARDO,3,0,1,20,110
16784,ESCUELA DIFERENCIAL CABALLITO DE MAR,CORONEL,3,0,1,0,0
16785,ESCUELA ESPECIAL DE  LENGUAJE LOS  CHAVITOS,LAMPA,3,0,1,119,214
16787,ESCUELA  BASICA  N°198 GREENFIELD SCHOOL,TALAGANTE,4,0,1,157,10
16788,ESCUELA ESPECIAL N°197 MI  PEQUEÑO  MOZART,BUIN,3,0,1,86,214
16789,ESCUELA ESPECIAL N°2427 CARNAVAL,MAIPÚ,3,0,1,58,214
16790,ESCUELA  ESPECIAL  BASILEA,LA FLORIDA,3,0,1,62,214
16791,ESC. ESP. DE LENGUAJE CUMBRES DE PLACILLA,VALPARAÍSO,3,0,1,115,214
16792,COLEGIO HALCONES DEL CARMEN,EL CARMEN,3,0,1,146,10
16793,LICEO TECNICO PROFESIONAL LA ARAUCANA,CONCEPCIÓN,3,0,1,407,410
16794,ESCUELA NUEVA MILLARAYEN,GALVARINO,3,1,1,2,110
16795,ESCUELA  BASICA N°231 LA VILLETTE 1,PUENTE ALTO,3,0,3,0,0
16796,ESCUELA DE PARVULOS PALABRAS MAGICAS,ANCUD,3,0,2,0,0
16797,ESC. ESP. DE LENGUAJE AMANECER DE COLORES,LLAILLAY,3,0,1,64,110
16798,COLEGIO NEW BUCKINGHAM,VILLA ALEMANA,3,0,1,365,10
16799,CENTRO DE EDUCACION INTEGRADO DE  ADULTOS GLADYS LAZO Nº 2,SAN BERNARDO,3,0,1,265,165
16800,ESCUELA ESPECIAL DE LENGUAJE ESMERALDA BARQUITO DE SUEÑOS,CABRERO,3,0,1,56,214
16801,ESCUELA  ESPECIAL  N° 2428 CUMBRES  BLANCAS,MAIPÚ,3,0,3,0,0
16802,ESCUELA ESPECIAL DE LENGUAJE SONRISAS,TREHUACO,2,0,1,29,214
16803,ESCUELA ESPECIAL DE LENGUAJE PALABRAS MAGICAS SALTO DEL LAJA,LOS ÁNGELES,3,0,1,51,214
16804,ESCUELA  ESPECIAL  N° 2429 PEUMAYEN,LA FLORIDA,3,0,3,0,0
16806,CENTRO EDUCACIONAL AYECANTUN,VIÑA DEL MAR,3,0,1,24,212
16807,COLEGIO LOS  ALERCES  DE  TALAGANTE,TALAGANTE,3,0,1,250,110
16808,ESCUELA  ESPECIAL N°232 EL ARCA,PUENTE ALTO,3,0,1,60,214
16809,ESCUELA  ESPECIAL N°198 LOS  GIRASOLES,BUIN,3,0,1,150,214
16810,ESCUELA  ESPECIAL  N°199 EL  AROMO,SAN BERNARDO,3,0,1,27,214
16811,ESCUELA ESPECIAL N° 2430 SAN ALBERTO HURTADO,SANTIAGO,3,0,1,40,218
16812,ESCUELA ESPECIAL PARAPEQUES,SAN RAMÓN,3,0,1,76,214
16813,ESCUELA ESPECIAL NUEVA ESPERANZA,RINCONADA,3,0,1,12,212
16814,"ESCUELA ESPECIAL N°199, MI  POLLITO  AMARILLITO",PEÑAFLOR,3,0,1,82,214
16815,COLEGIO PATAGONIA DE BUIN,BUIN,4,0,1,313,110
16816,"ESCUELA  BASICA N°201, REDWOOD COLLEGE",SAN BERNARDO,3,0,1,278,10
16817,ESCUELA DE LENGUAJE HABLA PALABRA,CURICÓ,3,0,1,89,214
16818,JARDIN INFANTIL LE CYGNE,LA SERENA,4,0,1,0,0
16820,COLEGIO  PAULO  FREIRE  DE  SAN  MIGUEL,SAN MIGUEL,3,0,1,175,165
16821,ESCUELA ESPECIAL APRENDAMOS JUNTOS,LA CISTERNA,3,0,1,84,214
16823,ESCUELA ESPECIAL N° 2433 LOS MUSICOS DE BREMEN,LA PINTANA,3,0,1,49,214
16824,ESCUELA ESPECIAL N° 2434 JUGUEMOS EN EL BOSQUE II,CONCHALÍ,3,0,3,0,0
16825,ESCUELA  BASICA  N°200 COLEGIO  INTEGRAL TRABUNCO,PEÑAFLOR,3,0,1,386,10
16826,ESCUELA  ESPECIAL  N°2435 AITUE,ESTACIÓN CENTRAL,3,0,1,90,214
16827,ESCUELA ESPECIAL Y DE PARVULOS PETIT PRINCE,LA CISTERNA,3,0,1,77,10
16828,ESCUELA ESPECIAL ANTUMALEN N°202,CALERA DE TANGO,3,0,1,75,214
16829,"ESCUELA DE PARVULOS N°2437,  COLEGIO ALEMÁN CHICUREO",COLINA,4,0,1,1094,10
16830,RIELJAN COLLEGE,CALERA DE TANGO,3,0,1,207,165
16831,ESCUELA ESPECIAL DE LENGUAJE MARIA MONTESSORI,PLACILLA,3,0,1,31,214
16832,ESCUELA  ESPECIAL  2438 `PEQUEÑOS  GENIOS  DE  VALLE  GRANDE`,LAMPA,3,0,1,77,214
16833,JARDIN INFANTIL Y SALA CUNA EMITA,IQUIQUE,4,0,1,0,0
16834,JARDÍN INFANTIL JIRAFITA,PUENTE ALTO,3,0,1,12,10
16835,COLEGIO MONTESSORI CHILOE,CASTRO,3,0,1,0,0
16837,"ESC.ESP.N°2439, MANQUEHUE DE TIL TIL",TILTIL,3,0,1,106,214
16838,ESCUELA ESPECIAL DIFERENCIAL EXPRESION DE AMOR,TOMÉ,3,0,1,39,212
16839,ESCUELA ESPECIAL DE LENGUAJE SAN MARCOS,SAN VICENTE,3,0,1,98,214
16840,COLEGIO DE ADULTOS RENACIMIENTO,PEUMO,3,0,1,77,165
16842,JARDIN INFANTIL PRINCIPITO,ARICA,4,0,2,0,0
16843,LICEO BICENTENARIO DE EXELENCIA TECNICO PROFESIONAL PEOPLE HELP PEOPLE DE PANGUIPULLI,PANGUIPULLI,3,0,1,866,110
16844,LICEO TECNICO PROFESIONAL PEOPLE HELP PEOPLE PULLINQUE,PANGUIPULLI,3,1,1,521,510
16845,ESCUELA ESPECIAL DE LENGUAJE SARAH KAY,RETIRO,3,0,1,77,214
16846,COLEGIO MIS IDEAS,MOLINA,3,0,1,287,10
16847,ESCUELA DEL CARIÑO HENRY CETTY,MOLINA,3,0,1,340,165
16848,ESCUELA ESPECIAL DE LENGUAJE PALABRAS DULCES,MOLINA,3,0,1,55,214
16849,INSTITUTO EDUCACIONAL DE ADULTOS HERMANOS CARRERA,COLBÚN,3,0,1,65,363
16850,JARDIN INFANTIL AMIGUITOS,PUERTO MONTT,4,0,1,0,0
16851,INSTITUTO BICENTENARIO JAVIERA CARRERA VERDUGO,SAN ANTONIO,2,0,1,611,110
16852,JARDIN INFANTIL EL SAPITO PIRI Y SUS AMIGOS,PUERTO MONTT,4,0,1,0,0
16854,JARDIN INFANTIL NIÑOS LUZ,MAULE,3,0,1,0,0
16855,ESCUELA SARGENTO PRIMERO CRISTIAN VENEGAS OJEDA,MOLINA,2,0,1,59,165
16856,COLEGIO MELIAN,MAULE,3,0,1,499,10
16857,CENTRO  EDUCACIONAL  DE  ADULTOS  EL MONTE,EL MONTE,3,0,1,189,165
16858,ESCUELA ESPECIAL DE LENGUAJE SEMILLA DE GIRASOL,ANCUD,3,0,1,112,214
16859,ESCUELA DE PARVULOS N° 201 `MIKY`,MELIPILLA,3,0,1,28,10
16860,COLEGIO DE PARVULOS MI GATITO MARTIN,PUERTO MONTT,3,0,1,0,0
16861,ESCUELA DE LENGUAJE DIEGO DUBLE URRUTIA,LITUECHE,3,0,1,83,214
16862,ESCUELA DE LENGUAJE AGUA SOL,TALCA,3,0,1,88,214
16863,JARDÍN INFANTIL PEQUEÑA LULÚ,CONCEPCIÓN,4,0,1,0,0
16864,ESCUELA ESPECIAL DE LENGUAJE PEQUEÑOS AMIGOS,CORONEL,3,0,1,83,214
16865,ESCUELA ESPECIAL DE LENGUAJE MI PEQUEÑO SUEÑO,CHILLÁN,3,0,1,118,214
16866,ESCUELA  ESPECIAL  N° 2440 LEONARDO  DA  VINCI,HUECHURABA,3,0,1,48,214
16868,ESCUELA ESPECIAL DE LENGUAJE COMUNICA,OSORNO,3,0,1,99,214
16869,ESCUELA ESPECIAL DE LENGUAJE EL CASTILLO DE IGNACIA,RANCAGUA,3,0,1,60,214
16871,CENTRO DE EDUCACION INTEGRAL DE ADULTOS PAIDEIA,PUERTO MONTT,3,0,3,0,0
16872,JARDIN INFANTIL AMAUTA PRESCHOOL,IQUIQUE,4,0,1,0,0
16873,ESCUELA LENGUAJE VER Y HABLAR,LA UNIÓN,3,0,1,75,214
16874,ESCCUELA MUNICIPAL PROFESOR DAVID FERNÁNDEZ PÉREZ,YUMBEL,2,0,1,32,165
16876,ESCUELA DE LENGUAJE ALUN,PALMILLA,3,0,1,68,214
16877,ESCUELA DE LENGUAJE NAMASTE,RANCAGUA,3,0,1,85,214
16878,"ESCUELA ESPECIAL ECOLÓGICA N°2441, MAPU LIHUEN",SAN MIGUEL,3,0,1,84,214
16879,ESCUELA BÁSICA N°2442 `CENTRO EDUCACIONAL ERNESTO YAÑEZ RIVERA`,HUECHURABA,2,0,1,403,10
16880,ESCUELA ESPECIAL N°  203 ALTO BUIN II,BUIN,3,0,1,166,214
16881,COLEGIO FILII FUTURI,VALPARAÍSO,3,0,1,333,10
16882,CENTRO EDUCACIONAL INTEGRAL QUIDELL,VILLA ALEMANA,3,0,1,62,212
16883,ESCUELA ESPECIAL EL ARBOL,VIÑA DEL MAR,3,0,1,91,212
16885,ESCUELA ESPECIAL DE LENGUAJE DIDASKEIN,OSORNO,3,0,3,0,0
16886,COLEGIO VALLES DEL MAIPO,SAN BERNARDO,3,0,1,327,310
16887,CENTRO DE ESTUDIOS CREA FUTURO,VALPARAÍSO,3,0,1,94,165
16888,ESCUELA ESPECIAL N° 2446 `VOCES`,MAIPÚ,3,0,1,32,214
16889,ESCUELA ESPECIAL N° 2445 PAPELUCHO,CONCHALÍ,3,0,1,98,214
16890,ESCUELA BÁSICA N° 2444 `QHAPAQ KUNA`,QUINTA NORMAL,3,0,3,0,0
16892,CENTRO DE ESTUDIO DE LA PATAGONIA,PUNTA ARENAS,3,0,1,170,165
16893,ESCUELA ESPECIAL N°2443 ARCOIRIS,LA PINTANA,3,0,1,59,214
16894,ESCUELA ESPECIAL N°204 ANGEL MIGUEL,SAN BERNARDO,3,0,1,140,214
16895,COLEGIO MARIA AUXILIADORA,PORVENIR,3,0,1,314,10
16896,ENGLISH COLLEGE,VIÑA DEL MAR,4,0,3,0,0
16897,ESCUELA DE PARVULOS PLANETA TIERRA II,CALAMA,3,0,1,150,10
16899,ESCUELA ESPECIAL DE LENGUAJE AMAPOLA,LOS ÁNGELES,3,0,1,213,214
16900,ESCUELA ESPECIAL DE LENGUAJE MONTEACAY,CONCÓN,3,0,1,96,214
16901,ESCUELA ESPECIAL DE LENGUAJE RUCAHUE,TALCAHUANO,3,0,1,145,214
16902,ESCUELA ESPECIAL DE LENGUAJE MI CASTILLO,CONCEPCIÓN,3,0,1,82,214
16904,ESCUELA ESPECIAL N° 2447 `ESTRELLITAS  DE SAN JOSÉ`,LA FLORIDA,3,0,1,16,214
16905,ESC.ESP.DE LENGUAJE Y COMUNICACIÓN `MUNDO FELIZ`,PEÑALOLÉN,3,0,1,112,214
16906,"CURAUMA LANGUAGE SCHOOL, ESC. ESP. DE LENG. Y DE PARV",VALPARAÍSO,3,0,1,305,10
16907,JARDIN INFANTIL KINTU MONTESSORI,VIÑA DEL MAR,4,0,1,0,0
16908,ESCUELA ESPECIAL DE LENGUAJE MATEITOS,OVALLE,3,0,1,194,214
16909,ESCUELA ESPECIAL TEMAIKEN,GRANEROS,3,0,1,60,212
16910,ESCUELA BASICA PEUMA MEW,VILLARRICA,3,1,1,26,110
16911,ESCUELA ESPECIAL DE LENGUAJE PEQUEÑAS PALABRAS,NACIMIENTO,3,0,1,90,214
16912,ESCUELA ESPECIAL DE LENGUAJE AQUALUNA,LA SERENA,3,0,1,18,214
16913,COLEGIO PADRE PIO,COQUIMBO,3,0,1,60,212
16914,ESCUELA ESPECIAL SAN JOSE,VILLA ALEMANA,3,0,1,88,212
16915,CENTRO DE EDUCACION INTEGRADA DE ADULTOS NAHUELQUIN,CABRERO,3,0,1,104,363
16916,ESCUELA ESPECIAL DEL LENGUAJE ARBOLITO,LA SERENA,3,0,1,60,214
16918,ESCUELA ESPECIAL DE LENGUAJE HIJOS DEL REY,SAN PEDRO DE LA PAZ,3,0,1,149,214
16919,COLEGIO CUMBRES DE COIHUECO,COIHUECO,3,0,1,453,110
16921,ESCUELA ESPECIAL N°234 `LAS FLORES`,PUDAHUEL,3,0,1,180,214
16922,LICEO TECNICO PROFESIONAL DE ADULTOS CHILOE,CASTRO,3,0,1,91,363
16923,THE BRITISH SCHOOL PATAGONIA,PUERTO MONTT,3,0,1,974,10
16924,COLEGIO BELLO HORIZONTE,QUILPUÉ,3,0,1,63,212
16925,ESCUELA ESPECIAL DE LENGUAJE MI CASTILLO FELIZ,SAN NICOLÁS,3,0,1,55,214
16926,ESCUELA ESPECIAL DE LENGUAJE PINARES Y ESCUELA BÁSICA PINARES,YUNGAY,3,0,1,228,110
16927,COLEGIO SAN FERNANDO T.P.,CHILLÁN,3,0,3,0,0
16928,ESCUELA ESPECIAL DE LENGUAJE EL DESPERTAR,ANTOFAGASTA,3,0,1,118,214
16929,COLEGIO ESPECIAL CENTRO EDUCATIVO DIDACTIVA RANCAGUA,RANCAGUA,3,0,3,0,0
16931,JARDIN INFANTIL HISPANO BRITANICO S. A.,IQUIQUE,4,0,1,175,10
16932,COLEGIO ESCUELA PREMILITAR LAUTARO,OLIVAR,3,0,1,187,110
16933,ESCUELA ESPECIAL DE LENGUAJE DESCUBRE PALABRAS,CHIGUAYANTE,3,0,1,102,214
16935,LICEO TECNICO PROFESIONAL DE ADULTOS DE ANTOFAGASTA,ANTOFAGASTA,3,0,1,399,165
16936,ESCUELA ESPECIAL DE LENGUAJE DORA,RÍO NEGRO,3,0,1,116,214
16937,ESCUELA ESPECIAL DE LENGUAJE SAN SEBASTIAN,HUALPÉN,3,0,1,53,214
16938,ESCUELA ESPECIAL DE LENGUAJE RAYUN,CHILLÁN,3,0,1,74,214
16939,ESCUELA DE PARVULOS TINKERBELL,CALAMA,3,0,1,93,10
16940,ESCUELA DE PÁRVULOS CAMPANITA,CALAMA,4,0,1,65,10
16941,ESCUELA YAIMA,GALVARINO,3,1,1,132,10
16942,COMPLEJO EDUCACIONAL CRISTO REY,TEODORO SCHMIDT,3,0,1,210,110
16943,JARDIN INFANTIL EL RINCÓN DEL SAPOSOPITO,VIÑA DEL MAR,4,0,1,0,0
16944,COLEGIO ANDALUE,EL CARMEN,3,0,1,0,0
16945,COLEGIO NUEVO HORIZONTE,QUILLOTA,3,0,1,481,10
16946,"ESCUELA  ESPECIAL N° 2449,  `DE LA  MERCED`",SANTIAGO,3,0,1,112,214
16947,ESCUELA ESPECIAL DE LENGUAJE MI PEQUEÑO GRAN MUNDO,FRESIA,3,0,1,83,214
16949,ESCUELA ESPECIAL DE LENGUAJE NAHUEN,PUERTO MONTT,3,0,1,27,214
16950,CENTRO EDUCACIONAL SAN PEDRO DE QUELLON,QUELLÓN,3,0,1,266,10
16952,ESCUELA ESPECIAL DE DISCAPACIDAD INTELECTUAL CORAZON DE JESUS,TEMUCO,3,0,1,31,212
16953,"ESCUELA  ESPECIAL  N°235, `EL PRINCIPITO DE PUENTE  ALTO`",PUENTE ALTO,3,0,1,258,214
16954,ESCUELA ESPECIAL DE LENGUAJE MIS PRIMEROS PASOS,PUERTO MONTT,3,0,1,69,214
16955,ESCUELA BASICA COLEGIO SAN JUAN DE LAMPA,LAMPA,3,0,1,1171,10
16956,ESCUELA ESPECIAL N° 2451 `PUCALAN`,RENCA,3,0,1,84,214
16957,ESCUELA  ESPECIAL DE LENGUAJE PETRICOR,RENCA,3,0,1,71,214
16958,COLEGIO  ARTISTICO SOL DEL  ILLIMANI,LA FLORIDA,1,0,1,455,10
16959,ESCUELA ESPECIAL DE LENGUAJE ARBOLIRIS,PUERTO MONTT,3,0,1,0,0
16960,ESCUELA ESPECIAL DE LENGUAJE Y JARDIN INFANTIL CASTILLO TIA PAOLA,SAN PEDRO DE LA PAZ,3,0,1,74,214
16961,ESCUELA ESPECIAL DE LENGUAJE CHOL-CHOL,CHOLCHOL,3,0,1,75,214
16962,ESCUELA MONTE SINAÍ,CARAHUE,3,0,1,59,10
16963,ESCUELA ESPECIAL N° 2453 `THE ALMOND SCHOOL II`,LA PINTANA,3,0,1,72,214
16964,ESCUELA ESPECIAL DE LENGUAJE PALABRITA,VALPARAÍSO,3,0,1,51,214
16966,ESCUELA ESPECIAL DIFERENCIAL FLORECER,TALCAHUANO,3,0,1,46,212
16967,COLEGIO ESPECIAL LOS ARRAYANES,CALBUCO,2,1,1,20,212
16968,ESCUELA ESPECIAL DIFERENCIAL BENDICIONES DE AMOR,LOS ÁNGELES,3,0,1,102,212
16969,JARDIN INFANTIL CONQUISTADORES,COQUIMBO,4,0,1,90,10
16970,EDUCERE COLLEGE,PITRUFQUÉN,3,0,1,433,10
16971,"ESCUELA  ESPECIAL N°205 ,`MI MUNDO  EN  PALABRAS`",SAN BERNARDO,3,0,1,75,214
16972,ESCUELA ESPECIAL CREA Nº2455,ESTACIÓN CENTRAL,3,0,1,208,214
16973,ESCUELA ESPECIAL DIFERENCIAL PALU,LOS ÁNGELES,3,0,1,68,212
16974,ESCUELA ESPECIAL DE LENGUAJE YIREH LOS MOLLES,CORONEL,3,0,1,108,214
16975,COLEGIO UNIÓN FRATERNA,COYHAIQUE,3,0,1,215,10
16978,COLEGIO KOPERNIKUS,FRUTILLAR,4,0,1,306,10
16980,"ESCUELA  BASICA  N° 206, `PULMAHUE`",PAINE,3,0,1,250,110
16981,ESCUELA DE PARVULOS CONEXIONES,SAN BERNARDO,3,0,3,0,0
16983,COLEGIO EL CASTILLO,COYHAIQUE,3,0,2,0,0
16984,ESCUELA ESPECIAL DE LENGUAJE PIMPINO,VILLA ALEMANA,3,0,1,81,214
16985,LICEO BICENTENARIO PAULO FREIRE,QUELLÓN,1,0,1,310,110
16986,LOS CAPULLITOS,CONCHALÍ,3,0,1,0,0
16987,ESCUELA  ESPECIAL N° 2456 `TU  ARCOIRIS`,LA GRANJA,3,0,1,113,214
16988,ESCUELA ESPECIAL DE LENGUAJE MAKIATO,LOS ANDES,3,0,1,56,214
16989,CAMBRIDGE COLLEGE,LOS ANDES,4,0,1,155,10
16990,ESCUELA ESPECIAL DE LENGUAJE MAGRACE,SAN FELIPE,3,0,1,64,214
16991,ESCUELA ESPECIAL DE LENGUAJE GREEN DAY,LIMACHE,3,0,1,68,214
16992,ESC. ESP. DE LENG. TROMPITA DE COLORES,VALPARAÍSO,3,0,1,39,214
16993,CENTRO EDUCACIONAL DE ADULTOS AUROMAR,VALPARAÍSO,3,0,1,175,165
16994,ESC.ESP.N°236 `MILLARAY DE CASAS VIEJAS`,PUENTE ALTO,3,0,1,99,214
16995,ESCUELA ESPECIAL DIVINO NIÑO JESUS,COLINA,3,0,1,90,214
16997,COLEGIO AMERICAN SCHOOL,PEÑAFLOR,3,0,1,340,110
16998,ESCUELA ESPECIAL DE LENGUAJE CONTIGO APRENDO,LOS ÁNGELES,3,0,1,89,214
16999,ESCUELA ESPECIAL DE LENGUAJE PIONEROS,CORONEL,3,0,1,92,214
17000,COLEGIO ALTA CUMBRE,LOS ANDES,3,0,1,97,110
17001,ESCUELA ESPECIAL DE LENGUAJE EL SOL DE QUILACO,QUILACO,3,0,1,60,214
17600,COLEGIO SAN GABRIEL ARCANGEL,LOS ÁNGELES,3,0,1,2442,10
17602,CENTRO DE EDUCACIÓN  INTEGRAL DIEGO PORTALES,CONCEPCIÓN,4,0,1,21,363
17603,JARDIN INFANTIL OSITO PANDA,COELEMU,4,0,3,0,0
17604,CENTROS DE ESTUDIOS JEAN PIAGET,TOMÉ,4,0,3,0,0
17605,COLEGIO INGLÉS WOODLAND,LOS ÁNGELES,3,0,1,1129,10
17606,COLEGIO CONCEPCION SAN PEDRO,SAN PEDRO DE LA PAZ,4,0,1,1238,10
17607,COLEGIO INGLÉS BRITISH ROYAL SCHOOL,CONCEPCIÓN,3,0,1,907,10
17634,COLEGIO DE LA SANTISIMA TRINIDAD,SAN PEDRO DE LA PAZ,4,0,1,422,10
17635,COLEGIO CONCEPCION LOS ACACIOS,CONCEPCIÓN,3,0,1,1562,110
17636,ESCUELA CENTRO ECOEDUCATIVO LAS TRANCAS,PINTO,6,1,1,28,110
17637,ESCUELA ANEXO TANILVORO,COIHUECO,6,1,1,0,0
17638,COLEGIO SANTO TOMAS DE AQUINO,LOS ÁNGELES,3,0,1,246,10
17639,COLEGIO ESPIRITU SANTO,TALCAHUANO,3,0,3,0,0
17640,ESCUELA BASICA EL PILME,QUIRIHUE,2,1,1,3,110
17641,ESCUELA BASICA CANA DULCE,TREHUACO,2,1,1,2,110
17642,JARDIN INFANTIL FABIOLA,CONCEPCIÓN,3,0,1,0,0
17643,LICEO AGRICOLA DE NEGRETE,NEGRETE,3,1,1,124,710
17644,PARVULARIO COLEGIO ADVENTISTA DE COMCEP.,CONCEPCIÓN,3,0,3,0,0
17647,TALLER DE CAPACITACIÓN LABORAL UNPADE,LOS ÁNGELES,3,0,1,54,212
17648,COLEGIO PARTICULAR KENNEDY SCHOOL,CHIGUAYANTE,3,0,1,415,10
17649,ESCUELA PART.SUBVENCIONADA EL HUALLE,BULNES,3,1,3,0,0
17650,CENTRO DE CAPACITACIÓN URCAE,CONCEPCIÓN,3,0,1,0,0
17651,COLEGIO FUNDACION MINISTERIO SAMARITANO,CAÑETE,3,1,3,0,0
17652,COLEGIO RAIQUEN,YUMBEL,3,0,1,625,10
17653,JARDIN INFANTIL SEMILLA,CHILLÁN,4,0,1,46,10
17654,CENTRO EDUCACIÓN INTEGRADA DE ADULTOS,CORONEL,2,0,1,380,167
17655,ESCUELA MUNICIPAL CARRIZAL - MENIR,NACIMIENTO,2,1,1,0,0
17656,ESCUELA SACERDOTE ALEJANDRO MANERA,MULCHÉN,2,0,3,0,0
17657,INSTITUTO DE HUMANIDADES ANTONIO MORENO CASAMITJANA,CORONEL,3,0,1,1233,10
17658,COLEGIO EINSTEIN,CONCEPCIÓN,4,0,1,56,310
17659,LICEO TECNICO PESQUERO SANTA CAROLINA,ARAUCO,3,0,3,0,0
17660,SCUOLA ITALIANA DI CONCEPCION,CORONEL,3,0,1,423,10
17661,INTERNADO LICEO A 18 VICENTE PALACIOS,TOMÉ,2,0,3,0,0
17662,LICEO BICENTENARIO CLAUDIO ARRAU LEÓN,COIHUECO,6,0,1,587,299
17664,INTERNADO ESC E 996 VILLA MERCEDES,QUILLECO,2,0,3,0,0
17665,COLEGIO BEATO ALBERTO HURTADO,LOS ÁNGELES,4,0,3,0,0
17666,INTERNADO LICEO SAN ROSENDO,SAN ROSENDO,2,0,3,0,0
17667,ESCUELA VILLA ACERO,TALCAHUANO,2,0,3,0,0
17668,COLEG.PARROQ.SAN JOSE DE CABRERO ANEXO,CABRERO,3,0,2,0,0
17669,ANEXO N. 1 SAN JOSE,CABRERO,3,0,3,0,0
17670,ANEXO N. 1 LICEO LA ASUNCION,TALCAHUANO,3,0,3,0,0
17671,LICEO LA ASUNCION ANEXO 2,TALCAHUANO,3,0,3,0,0
17672,LICEO MIGUEL ANGELE CERDA LEIVA,MULCHÉN,2,0,3,0,0
17673,INTERNADO LICEO C 69 MIGUEL ANGEL CERDA,MULCHÉN,2,0,3,0,0
17674,ANEXO LICEO SANTA RITA DE LOS ANGELES,LOS ÁNGELES,3,0,3,0,0
17675,INTERNADO LICEO CARDENAL ANTONIO SAMORE,SANTA BÁRBARA,2,0,3,0,0
17678,JARDIN INFANTIL AMIGO DE JESUS,LOS ÁNGELES,4,0,3,0,0
17679,ANEXO COME WEALTH SCHOOL,CHILLÁN,3,0,3,0,0
17681,INTERNADO ESC F 60,TREHUACO,2,0,3,0,0
17682,INTERNADO FEMENINO C 15,SAN IGNACIO,2,0,3,0,0
17683,INTERNADO MASCULINO C 15,SAN IGNACIO,2,0,3,0,0
17684,INTERNADO FEMENINO CARLOS CONDELL,LOS ÁNGELES,3,0,3,0,0
17685,INTERNADO MASCULINO CARLOS CONDELL,LOS ÁNGELES,3,0,3,0,0
17686,COLEGIO ADVENTISTA CONCEPCIÓN,CONCEPCIÓN,3,0,3,0,0
17687,COLEGIO TERESIANO LOS ANGELES,LOS ÁNGELES,3,0,1,1161,10
17688,JARDIN INFANTIL COLORIN COLORADO,SANTA BÁRBARA,3,0,3,0,0
17689,COLEGIO LICANRAY,CHIGUAYANTE,3,0,1,175,10
17690,COLEGIO BEATO DAMIÁN DE MOLOKAI,LOS ÁNGELES,3,0,1,381,10
17691,COLEGIO CREACION,CHILLÁN,4,0,3,0,0
17692,COLEGIO GOLDEN SCHOOL,CHIGUAYANTE,3,0,1,313,10
17693,COLEGIO BASICO NUEVA LOS LOBOS,TALCAHUANO,2,0,1,455,10
17696,JARDIN INFANTIL LOS CANELITOS,ARAUCO,3,0,3,0,0
17697,SOCIEDAD EDUCACIONAL LA ARAUCANA,CONCEPCIÓN,4,0,1,0,0
17698,ESCUELA RAMÓN VINAY SEPÚLVEDA,CHILLÁN,2,0,1,373,10
17699,ESCUELA ESP.DIF.CENTRO EDUCATIVO INTEGRAL LOS NARANJOS,CHILLÁN,3,0,1,89,212
17700,CENTRO EDUCACIONAL DE ADULTOS  PITAGORAS,LOS ÁNGELES,4,0,3,0,0
17701,CENTRO DE EDUCACIÓN DE ADULTOS NEWENTUN,CONCEPCIÓN,3,0,1,218,363
17702,INSTITUTO SAN SEBASTIÁN MEDIO,YUMBEL,3,0,3,0,0
17703,COLEGIO ESPIRITU SANTO,TALCAHUANO,3,0,1,1065,10
17704,ESCUELA AMANDA LABARCA,LAJA,2,0,1,37,212
17705,COLEGIO SANTA CECILIA,CHILLÁN,4,0,3,0,0
17706,GIMNASIO NUESTRA SRA DE LA MERCED,SAN CARLOS,6,0,3,0,0
17707,ANEXO LICEO C-3,COELEMU,2,0,3,0,0
17708,COLEGIO SAN CRISTOBAL,TALCAHUANO,3,0,1,389,10
17709,ESCUELA BALMACEDA SAAVEDRA L.,CHIGUAYANTE,6,0,1,92,10
17710,ESCUELA BASICA EL MIRADOR,TOMÉ,2,1,1,4,110
17711,ESCUELA BASICA EL ESPINO,TOMÉ,2,1,1,6,110
17715,ESCUELA ACUMAR,MULCHÉN,3,1,1,17,110
17716,JARDIN INFANTIL LUCIERNAGA,CHIGUAYANTE,3,0,3,0,0
17717,ISABEL LA CATOLICA,CHIGUAYANTE,4,0,3,0,0
17718,ESCUELA ESPECIAL DE LENGUAJE Y JARDIN INFANTIL WONDERFUL WORDL,TALCAHUANO,3,0,1,54,214
17719,COLEGIO PARTICULAR CONTINENTAL,CURANILAHUE,3,0,1,579,10
17723,ESCUELA DIEGO PORTALES,SANTA JUANA,2,0,1,192,10
17724,ESCUELA PARTICULAR RENACER,CONTULMO,3,1,2,0,0
17725,COLEGIO SAN ESTEBAN DE BULNES,BULNES,3,0,1,592,110
17726,CENTRO EVANGÉLICO PARA EDUCACIÓN ADULTOS,LOS ÁNGELES,3,0,1,67,165
17728,COLEGIO EL BOSQUE,ARAUCO,3,0,1,432,10
17731,JARDIN INFANTIL MI NIDO DE MULCHEN,MULCHÉN,3,0,3,0,0
17732,COLEGIO UMBRALES DEL ALBA,MULCHÉN,3,0,1,262,110
17733,COLEGIO CAMILO HENRIQUEZ,CONCEPCIÓN,3,0,1,200,10
17734,COLEGIO DA VINCI,CHILLÁN,3,0,1,341,110
17735,COLEGIO BICENTENARIO DE EXCELENCIA DARIO SALAS CHILLAN VIEJO,CHILLÁN VIEJO,3,0,1,1255,10
17736,COLEGIO SAN IGNACIO,LOS ÁNGELES,3,0,1,1065,10
17737,COLEGIO PARROQUIAL SAN JOSE,CHILLÁN,3,0,1,308,10
17738,JARDIN INFANTIL KINDER GARDEN DE CATITA,LOS ÁNGELES,3,0,3,0,0
17739,JARDIN INFANTIL ANIBAL ESQUIBEL TAPIA,CORONEL,3,0,1,81,10
17740,JARDIN INFANTIL TRENCITO,CORONEL,3,0,3,0,0
17741,ESCUELA REINO DE SUECIA,COBQUECURA,2,0,1,245,10
17742,ESCUELA BASICA EDUARDO FREI MONTALBA,BULNES,2,0,1,168,10
17743,COLEGIO SANTA CECILIA,CHILLÁN,3,0,3,0,0
17745,COLEGIO STERNENKINDER NIÑOS DE LAS ESTRELLAS,LOS ÁNGELES,3,0,1,101,212
17746,COLEGIO OLIMPIA GUZMAN BELLO,CHIGUAYANTE,3,0,1,138,110
17747,JARDIN INFANTIL NUEVO CAPULLITO,HUALPÉN,3,0,1,0,0
17748,COLEGIO CREACION,CONCEPCIÓN,4,0,3,0,0
17749,ESCUELA PUCARA,CONCEPCIÓN,3,1,1,50,10
17750,COLEGIO SALESIANO DE CONCEPCION,CONCEPCIÓN,3,0,1,1839,10
17751,ESCUELA VILLA LA GRANJA,MULCHÉN,2,0,1,538,10
17753,ESCUELA DIFERENCIAL ALTO DEL REY,SAN PEDRO DE LA PAZ,3,0,1,33,212
17754,CENTRO DE EDUCACION DE ADULTOS INTECH,CHILLÁN,3,0,1,146,363
17755,COLEGIO CLARO DE LUNA,TALCAHUANO,4,0,3,0,0
17756,JARDIN INFANTIL CUNCUNITA,LOS ÁNGELES,3,0,1,0,0
17757,JARDIN INFANTIL RAYITO DE SOL,LOS ÁNGELES,3,0,3,0,0
17759,LOS ANGELES COLLEGE,LOS ÁNGELES,4,0,3,0,0
17760,ESCUELA ALTO CABRERO,CABRERO,2,0,3,0,0
17762,ESCUELA PARTICULAR BAJO QUILANTAHUE,TIRÚA,3,1,1,29,110
17763,ESCUELA PARTICULAR CUYIMPALIHUE,CAÑETE,3,1,1,106,10
17764,LICEO TECNICO AGRICOLA SAN LORENCITO,QUILLECO,3,1,1,0,0
17765,COLEGIO MADRE PAULINA,CHIGUAYANTE,3,0,1,1008,10
17766,COLEGIO SAN JOSE,SAN CARLOS,3,0,1,204,10
17767,JARDIN INFANTIL COPITOS DE NIEVE,TALCAHUANO,3,0,3,0,0
17768,PARVULARIO EL NAZARENO,CONCEPCIÓN,3,0,1,30,10
17769,CORPORACION EDUCAR,CONCEPCIÓN,4,0,2,0,0
17770,JARDIN INFANTIL EL PESCADOR,CORONEL,3,0,3,0,0
17771,ESCUELA DE TRASTORNOS DE LA COMUNICACIÓN MILLARAY,LOS ÁNGELES,3,0,1,158,214
17772,LICEO POLITECNICO CANETE,CAÑETE,3,0,1,627,410
17773,LICEO TECNICO FORESTAL ESCUADRON,CORONEL,3,0,3,0,0
17774,JARDÍN INFANTIL MI PEQUEÑO AMOR,LOS ÁNGELES,3,0,1,0,0
17776,ESCUELA ESPECIAL AMANECER,LOS ÁNGELES,3,0,1,113,212
17777,JARDIN INFANTIL PRINCIPE FERNADO DE ARAGON,CONCEPCIÓN,3,0,3,0,0
17778,COLEGIO SAN JUAN DE DIOS,NACIMIENTO,3,0,1,1173,10
17779,COLEGIO PACIFIC SCHOOL,CHIGUAYANTE,3,0,1,769,10
17780,CENTRO EDUCACIÓN INTEGRAL ADULTOS INDUSCAP,CHIGUAYANTE,3,0,3,0,0
17781,COLEGIO DE LENGUAJE SENDEROS DEL BIOBÍO,CHIGUAYANTE,3,0,1,133,214
17782,LICEO RIOS DE CHILE,PENCO,2,0,1,414,10
17783,JARDIN INFANTIL DE COLORES,LOS ÁNGELES,3,0,3,0,0
17784,CENTRO DE CAPACITACIÓN Y ESTUDIOS LABORALES UNPADE,CHILLÁN,3,0,1,0,0
17785,ESCUELA VILLA CENTINELA SUR,TALCAHUANO,2,0,1,227,10
17786,COLEGIO SAN PABLO,LOS ÁNGELES,3,0,1,0,0
17787,ESCUELA ORLANDO VERA VILLARROEL,CABRERO,2,0,1,353,10
17788,COLEGIO AMANECER,CORONEL,3,0,1,937,110
17790,LICEO BICENTENARIO DE EXCELENCIA NUEVO MUNDO,MULCHÉN,2,0,1,427,310
17791,CENTRO DE ATENCION INFANTIL TAMBORIN,LOS ÁNGELES,3,0,1,101,212
17793,COLEGIO CONCEPCION DE SAN CARLOS,SAN CARLOS,3,0,1,1288,10
17794,COLEGIO CONCEPCION DE CHILLAN,CHILLÁN,3,0,1,2616,10
17795,INSTITUTO PROFESIONAL Y CENTRO DE FORMACIÓN TÉCNICA SANTA LUCÍA E.I.R.L.,LOS ÁNGELES,3,0,1,212,165
17796,COLEGIO ADULTOS RENACER,CONCEPCIÓN,3,0,1,422,363
17797,ARAUCARIA SCHOOL,SANTA BÁRBARA,3,0,1,288,10
17798,COLEGIO ACUMAR,NEGRETE,3,1,1,15,110
17799,ESCUELA ESPECIAL TRASTORNOS DE LA COMUNICACIÓN NAHUEL,CONCEPCIÓN,3,0,1,45,214
17800,COLEGIO SYDNEY COLLEGE,CHILLÁN,3,0,1,1050,10
17801,JARDÍN INFANTIL GOLDEN KIND`S,PENCO,3,0,3,0,0
17802,INSTITUTO DOWN,CONCEPCIÓN,3,0,1,85,212
17803,CENTRO EDUCACIONAL ADULTO SAN PABLO,LOTA,3,0,3,0,0
17804,JARDIN INFANTIL MINIMUNDO,CHILLÁN,3,0,3,0,0
17805,JARDIN INFANTIL CRECECONMIGO,CHIGUAYANTE,4,0,1,0,0
17806,JARDIN INFANTIL SAN NICOLAS,LOS ÁNGELES,3,0,3,0,0
17807,ESCUELA DE LENGUAJE JESUS MAESTRO,NACIMIENTO,3,0,1,137,214
17809,ESCUELA DE LENGUAJE SANTISIMA TRINIDAD,LOS ÁNGELES,3,0,1,95,214
17810,CENTRO DE EDUCACIÓN DE ADULTOS QUIMAHUE,CAÑETE,3,0,1,526,167
17812,COLEGIO CONCEPCION CHIGUAYANTE,CHIGUAYANTE,3,0,1,1197,10
17813,ESCUELA BÁSICA CACIQUE LEVIÁN,SANTA BÁRBARA,2,0,1,386,10
17814,ESCUELA ALTO CABRERO,CABRERO,2,0,1,505,10
17815,COLEGIO EINSTEIN,CORONEL,4,0,1,0,0
17816,ESCUELA DIFERENCIAL CON TRASTORNO LENGUAJE MI VENTANA,LOS ÁNGELES,3,0,1,101,214
17817,COLEGIO PARTICULAR FRANCYS,ARAUCO,3,0,1,389,110
17818,LICEO TECNICO PROFESIONAL DE LA MADERA,CORONEL,3,0,1,611,410
17819,JARDIN INFANTIL ARCO IRIS TRAVIESO,TALCAHUANO,3,0,3,0,0
17820,JARDIN INFANTIL JUGANDO  APRENDO,HUALPÉN,3,0,3,0,0
17821,CENTRO DE LENGUAJE EL UMBRAL,SAN PEDRO DE LA PAZ,3,0,1,33,214
17822,ESC. ESP. DE TRANST. COMUN DOMINGO PARRA,CORONEL,3,0,1,97,214
17823,ESCUELA ESPECIAL DE LENGUAJE WENGA,LOTA,3,0,1,63,214
17824,COLEGIO CLARO DE LUNA COLLEGE,TALCAHUANO,3,0,1,150,10
17826,CENTRO DE EDUCACION DE ADULTOS INACAP,TALCAHUANO,3,0,3,0,0
17827,JARDIN INFANTIL DOPEY,LOS ÁNGELES,3,0,3,0,0
17828,ESCUELA EVANGÉLICA BETH-EL,CHILLÁN,3,0,1,393,10
17829,CENTRO DE ESTUDIO LA ARAUCANA,CHILLÁN,3,0,3,0,0
17830,CENTRO PSICOPEDAGÓGICO DE ESTIMULACIÓN TEMPRANA CADI,LOS ÁNGELES,3,0,1,0,0
17832,ESCUELA ESPECIAL DE TRASTORNOS DE LA COMUNICACIÓN ABRA PALABRA,SAN PEDRO DE LA PAZ,3,0,1,59,214
17833,COLEGIO ETCHEGOYEN TALCAHUANO,TALCAHUANO,3,0,1,2427,10
17834,COLEGIO SAN FERNANDO,CHILLÁN,3,0,1,147,214
17835,JARDIN INFANTIL ANIBAL ESQUIVEL,CORONEL,3,0,1,0,0
17836,ESCUELA DE PÁRVULOS SAN FRANCISCO,TALCAHUANO,2,0,1,40,10
17837,ESCUELA DE PARVULOS EL ARENAL,TALCAHUANO,2,0,1,0,0
17838,COLEGIO TECNOLOGICO DARIO SALAS,CHILLÁN VIEJO,3,0,1,379,110
17840,ESCUELA BASICA NAHUELBUTA,SAN PEDRO DE LA PAZ,3,0,1,248,10
17841,LICEO CAUPOLICAN,CONCEPCIÓN,3,0,2,0,0
17843,COLEGIO AURORA DE CHILE CHIGUAYANTE,CHIGUAYANTE,3,0,1,641,310
17844,ESCUELA DE LENGUAJE PALABRAS MAGICAS,CHILLÁN,3,0,3,0,0
17845,CENTRO DE EDUCACION DE ADULTOS ANTUMAPU,MULCHÉN,3,0,2,0,0
17846,CENTRO EDUCACION INTEGRAL DE ADULTOS,YUMBEL,2,0,1,19,363
17847,INSTITUTO EDUCACIÓN DE ADULTOS RUBÉN CAMPOS LÓPEZ,LAJA,2,0,1,50,165
17848,YIRE LICEO POLITECNICO DE COIHUECO,COIHUECO,3,0,1,468,10
17849,ESC.ESP.GOB. DEPART. RIGOBERTO HERNANDEZ PINO,YUNGAY,3,0,3,0,0
17850,COLEGIO BICENTENARIO PADRE MANUEL D`ALZON,LOTA,3,0,1,1456,10
17851,ESCUELA LICAUQUEN ALTO,CONTULMO,2,1,3,0,0
17852,ESCUELA ESPECIAL DE LENGUAJE Y JARDÍN INFANTIL LOS ÁNGELES,LOS ÁNGELES,3,0,1,78,214
17854,COLEGIO VILLA NONGUEN,CONCEPCIÓN,3,0,1,478,10
17855,COLEGIO INMACULADA CONCEPCION,CONCEPCIÓN,3,0,1,1086,10
17857,LICEO OBISPO SAN MIGUEL,CHIGUAYANTE,3,0,1,361,310
17858,COLEGIO MIXTO INMACULADA CONCEPCION,TALCAHUANO,3,0,1,847,10
17859,COLEGIO ALMONDALE,SAN PEDRO DE LA PAZ,3,0,1,1574,10
17860,COLEGIO SAN LUIS,TALCAHUANO,3,0,1,735,10
17861,JARDIN INFANTIL MATEITO,LOS ÁNGELES,3,0,3,0,0
17862,JARDIN INFANTIL MICKY MOUSE,TALCAHUANO,3,0,1,0,0
17863,JARDIN INFANTIL ADVENTISTA DE CHILLAN,CHILLÁN,3,0,1,118,10
17864,JARDIN INFANTIL PASITO A PASITO,PENCO,3,0,2,0,0
17865,JARDIN INFANTIL BOTECITO DE PAPEL,PENCO,3,0,1,48,10
17866,JARDIN INFANTIL AZUCARCANDIA,SAN PEDRO DE LA PAZ,4,0,2,0,0
17867,JARDIN INFANTIL KUKY,SAN PEDRO DE LA PAZ,4,0,3,0,0
17868,JARDIN INFANTIL MONTESSORI,CONCEPCIÓN,4,0,1,0,0
17869,PEQUEÑA LULU,CHIGUAYANTE,4,0,1,0,0
17870,JARDÍN INFANTIL RUCA-AYUTUN,SAN PEDRO DE LA PAZ,3,0,1,0,0
17871,JARDIN INFANTIL TIMONEL LA ALEGRIA DE APRENDE,CORONEL,3,0,1,23,10
17872,ESCUELA DE LENGUAJE AMANECER,TOMÉ,3,0,1,190,214
17874,ESCUELA EDELMIRA VERGARA QUIÑONES,ARAUCO,2,0,1,579,10
17875,COLEGIO SAN JOAQUIN,CONCEPCIÓN,3,0,1,436,10
17876,AMERICAN JUNIOR COLLEGE,CORONEL,3,0,1,856,110
17877,COLEGIO PADRE ALBERTO HURTADO LOS ANGELES,LOS ÁNGELES,3,0,1,1208,10
17878,ESCUELA ESPECIAL TRASTORNO DE LA COMUNICACIÓN SAINT BERTY,CONCEPCIÓN,3,0,1,0,0
17879,CENTRO EDUCACIÓN INTEGRAL DE ADULTOS JANEQUEO - CONCEPCIÓN,CONCEPCIÓN,3,0,1,389,167
17880,CENTRO DE EDUCACIÓN DE ADULTOS ADELAILA MORENO,TUCAPEL,2,0,1,21,165
17881,CENTRO EDUCACIÓN INTEGRADO ADULTOS FERMÍN FIERRO LUENGO,CURANILAHUE,2,0,1,328,165
17882,ESCUELA ESPECIAL TRASTORNOS DE LA COMUNICACIÓN AYLEM,LAJA,3,0,1,53,214
17883,COLEGIO SAN TERESA DE LOS ANDES - LOS ANGELES,LOS ÁNGELES,3,0,1,388,10
17884,ESCUELA ESP.TRAST.LENGUAJE Y J.INFANTIL TITIRIMUNDI,CONCEPCIÓN,3,0,1,58,10
17885,CENTRO EDUCACIONAL BICENTENARIO ALTOS DE TOMÉ,TOMÉ,2,0,1,821,310
17886,ESC.ESP.DE TRASTORNO DE LA COMUNICACION DINAB,SAN CARLOS,3,0,1,203,214
17888,ESCUELA ESPECIAL SOL DE LOS ANGELES,LOS ÁNGELES,3,0,1,33,212
17889,JARDIN INFANTIL RINCÓN DE LOS NIÑOS,CONCEPCIÓN,3,0,1,41,10
17891,ESC.ESP. DE TRASTORNO DE LA COMUNICACION SAN,ARAUCO,3,0,3,0,0
17892,LICEO POLIVALENTE MARTA COLVIN ANDRADE,CHILLÁN,2,0,1,225,10
17893,COLEGIO THE WESSEX SCHOOL CHILLÁN,CHILLÁN,4,0,1,374,10
17894,CENTRO DE ESTIMULACION TEMPRANA ELIM,SAN CARLOS,3,0,1,82,212
17895,COLEGIO SAN FERNANDO,CHILLÁN,3,0,1,1563,10
17896,COLEGIO ADULTO TECNOLOGICO DARIO SALAS,CHILLÁN VIEJO,3,0,3,0,0
17897,ESCUELA GLORIAS NAVALES,NINHUE,2,0,1,328,10
17898,ESCUELA SERGIO MARTIN ALAMOS,SAN NICOLÁS,2,0,3,0,0
17899,ESCUELA ESPECIAL CERES,CONCEPCIÓN,3,0,1,78,212
17900,COLEGIO METODISTA CONCEPCION,CONCEPCIÓN,3,0,1,410,10
17901,ESCUELA DE LEGUANJE EL FARO,CONCEPCIÓN,3,0,1,94,214
17902,COLEGIO TERESA DE LOS ANDES,BULNES,3,0,1,589,10
17903,SEBASTIAN SCHOOL,CHILLÁN,3,0,1,1210,10
17904,JARDIN INFANTIL DISNEY SCHOOL,COELEMU,3,0,3,0,0
17905,ESCUELA DE LENGUAJE LLACOLEN,SAN PEDRO DE LA PAZ,3,0,2,0,0
17907,COLEGIO CREACIÓN CHILLÁN,CHILLÁN,3,0,1,618,110
17908,COLEGIO BICENTENARIO PADRE ALBERTO HURTADO,CHILLÁN,3,0,1,1171,10
17909,ESCUELA DE LENGUAJE HUALPEN,HUALPÉN,3,0,3,0,0
17910,ESCUELA DE LENGUAJE ARCO IRIS,HUALPÉN,3,0,1,134,214
17911,ESCUELA ESPECIAL DE TRASTORNO DE LA COMUNICACIÓN SAN RODRIC,LOTA,3,0,1,118,214
17912,COLEGIO CREACIÓN CONCEPCIÓN,CONCEPCIÓN,3,0,1,1081,10
17913,LICEO CREACION CONCEPCION,CONCEPCIÓN,3,0,3,0,0
17914,ESCUELA ESPECIAL DE LENGUAJE TIEMPO NUEVO,CHILLÁN,3,1,1,118,214
17915,COLEGIO POLIVALENTE DOMINGO PARRA CORVALAN,CORONEL,3,0,1,934,10
17916,ESCUELA DAFNE ELVIRA ZAPATA ROZAS,PEMUCO,2,0,1,571,10
17917,JARDÍN INFANTIL PINTITAS,CHILLÁN,3,0,1,70,10
17918,COLEGIO SAINT GEORGE SCHOOL,LOS ÁNGELES,3,0,1,1214,10
17920,COLEGIO HISPANO AMERICANO RIO VIEJO,CHILLÁN,3,0,1,1073,10
17921,C.E.I.A. DOLORES SOPENA,LOTA,3,0,3,0,0
17922,COLEGIO THE PACIFIC SCHOOL,CHIGUAYANTE,3,0,3,0,0
17924,ESCUELA NACIMIENTO DE NUESTRO SEÑOR,NACIMIENTO,2,0,1,198,10
17925,ESCUELA ESPECIAL DE LENGUAJE Y JARDÍN INFANTIL TUTUMPI,CORONEL,3,0,1,231,10
17926,COLEGIO 20 DE AGOSTO,CHILLÁN VIEJO,3,0,1,119,10
17927,JARDIN INFANTIL CASCANUECES,CHILLÁN,4,0,1,0,0
17928,JARDIN INFANTIL MI MUNDO,CHILLÁN,3,0,1,72,10
17930,ESCUELA EL LLANO,QUIRIHUE,2,0,1,154,10
17931,LICEO ESPÍRITU SANTO,TALCAHUANO,3,0,3,0,0
18001,CENTRO DE ESTIMULACION TEMPRANA EGO SUM,CONCEPCIÓN,3,0,1,47,212
18002,ESCUELA JOSE FRANCISCO PINO MEDINA,COELEMU,2,0,1,389,10
18003,ESCUELA DE LENGUAJE SAN NICOLAS,PENCO,3,0,1,73,214
18004,LICEO BICENTENARIO TÉCNICO PROFESIONAL ALONSO DE ERCILLA Y ZÚÑIGA,CAÑETE,2,0,1,597,410
18006,ESCUELA ELISE MOTTART,EL CARMEN,2,0,1,320,10
18007,COLEGIO CARMELA ROMERO DE ESPINOSA,CONCEPCIÓN,4,0,1,896,10
18008,ESCUELA ESPECIAL AMPALU,NACIMIENTO,3,0,1,147,212
18009,CENTRO INTEGRAL ADULTOS PAUL PERCIVAL HARRIS,ARAUCO,2,0,1,220,167
18010,COLEGIO SAN FERNANDO CHILLÁN VIEJO,CHILLÁN VIEJO,3,0,1,273,10
18011,ESC. ESPEC. DE LENGUAJE SENDEROS DE SAN PEDRO,SAN PEDRO DE LA PAZ,3,0,1,177,214
18012,ESCUELA MARTA COLVIN ANDRADE,COIHUECO,6,0,1,330,10
18014,ESCUELA BASICA LOS CONQUISTADORES,PENCO,2,0,1,480,10
18015,ESCUELA BASICA FORJADORES DE CHILE,PENCO,2,0,1,262,10
18016,ESCUELA BASICA PUEBLO SECO,SAN IGNACIO,2,0,1,304,10
18017,LICEO TÉCNICO PROFESIONAL VIOLETA PARRA SANDOVAL,SAN CARLOS,6,0,1,470,10
18018,JARDIN INFANTIL TIERNO AMANECER,HUALPÉN,3,0,3,0,0
18020,ESCUELA DE LENGUAJE ALTOS DE CHIGUAYANTE,CHIGUAYANTE,3,0,1,79,214
18021,ESCUELA DIEGO PORTALES PALAZUELOS,YUMBEL,2,0,1,183,10
18023,CENTRO EDUCACIÓN INTEGRAL ADULTOS PADRE CARLOS PUENTES FIGUEROA,CHIGUAYANTE,3,0,1,0,0
18024,ESCUELA ESPECIAL DE DISCAPACIDAD AUDITIVA Y TRASTORNOS GRAVES DE LA COMUNICACIÓN HÁBLAME DE AMOR,CONCEPCIÓN,3,0,1,72,216
18025,ESCUELA DE LENGUAJE MAR AZUL,TALCAHUANO,3,0,1,142,214
18026,ESCUELA DE LENGUAJE SAN SEBASTIAN,YUMBEL,3,0,1,139,214
18027,ESCUELA DE LENGUAJE TIMONEL,CORONEL,3,0,1,88,214
18028,COLEGIO CIUDAD EDUCATIVA,CHILLÁN,3,0,1,931,10
18029,ESCUELA DE LENGUAJE SANTA MARIETTA,TALCAHUANO,3,0,1,109,214
18030,ESCUELA DE LENGUAJE CICEL,CONCEPCIÓN,3,0,1,117,214
18031,ESCUELA DE LENGUAJE FLORIDA,FLORIDA,3,0,1,56,214
18032,CENTRO DE CAPACITACIÓN LABORAL EDUCACIÓN ESPECIAL PAULO FREIRE,CONCEPCIÓN,3,0,1,65,212
18033,JARDIN INFANTIL MINIMUNDO,YUMBEL,3,0,3,0,0
18034,COLEGIO SOUTHERN COLLEGE,LOS ÁNGELES,3,0,1,1077,10
18035,COLEGIO SAN AGUSTIN,QUIRIHUE,3,0,1,386,10
18037,LICEO RALCO,ALTO BIOBÍO,2,1,1,175,310
18038,ESCUELA DIFERENCIAL RAYITO DE SOL,CORONEL,3,0,1,86,212
18039,JARDÍN INFANTIL Y ESCUELA ESPECIAL DE LENGUAJE MAISON DE L´ENFANCE,CONCEPCIÓN,3,0,1,42,214
18040,ESCUELA DE LENGUAJE Y JARDÍN INFANTIL PORVENIR,CHIGUAYANTE,3,0,1,126,214
18041,ESCUELA DE LENGUAJE LICARAYEN,SAN PEDRO DE LA PAZ,3,0,2,0,0
18042,COLEGIO WENGA CORONEL,CORONEL,3,0,1,837,10
18043,ESCUELA DE LENGUAJE LOMAS COLORADAS,SAN PEDRO DE LA PAZ,3,0,1,61,214
18044,ESCUELA DE LENGUAJE Y JARDÍN INFANTIL TITIRIMUNDI,CONCEPCIÓN,3,0,1,0,0
18045,CENTRO DE CAPACITACIÓN LABORAL BERNARDO O`HIGGINS,CHILLÁN VIEJO,3,0,1,75,212
18046,JARDÍN INFANTIL HADA CAMPANITA,CHILLÁN,3,0,3,0,0
18047,ESCUELA DIFERENCIAL BAO BAB,HUALPÉN,3,0,1,59,212
18048,JARDÍN INFANTIL ANN KUDAO,PENCO,3,0,3,0,0
18049,COLEGIO ADVENTISTA DE CONCEPCION,TALCAHUANO,3,0,1,913,10
18050,COLEGIO LA FUENTE,LOS ÁNGELES,3,0,1,439,10
18051,ESCUELA BASICA DIFERENCIAL ARCO IRIS,LOS ÁNGELES,3,1,1,0,0
18052,ESCUELA DE LENGUAJE CHILEDUCA,CHIGUAYANTE,3,0,1,117,214
18054,CENTRO DE NIVELACIÓN Y DE CAPACITACIÓN PARA ADULTOS MADRE MARIA M Y S,CHIGUAYANTE,3,0,1,206,165
18055,COLEGIO MOZART SCHULE,CONCEPCIÓN,4,0,1,252,10
18061,ESCUELA DE LENGUAJE BULNES,BULNES,3,0,1,86,214
18062,ESCUELA DE LENGUAJE INALAF,TALCAHUANO,3,0,1,32,214
18063,ESCUELA DE LENGUAJE BELEN,CHIGUAYANTE,3,0,1,40,214
18064,ESCUELA DE LENGUAJE VALENTINA,SAN PEDRO DE LA PAZ,3,0,1,43,214
18065,ESCUELA NUEVA REPUBLICA,HUALQUI,6,0,1,278,10
18066,COLEGIO AURORA DE CHILE SUR,CHIGUAYANTE,3,0,1,654,110
18068,ESCUELA DIFERENCIAL AUTISTA ASPAUT CHIGUAYANT,CHIGUAYANTE,6,0,3,0,0
18069,CENTRO INTEGRAL DE EDUCACIÓN HIGH SCOPE LIMITADA,HUALPÉN,3,0,1,304,10
18071,JARDIN INFANTIL MI CASTILLITO,SAN PEDRO DE LA PAZ,3,0,2,0,0
18072,ESCUELA PROMAS,CORONEL,3,0,3,0,0
18073,JARDIN INFANTIL JUAN BAUTISTA,ARAUCO,3,0,1,60,10
18074,ESCUELA DE LENGUAJE SANTA JUANA,SANTA JUANA,3,0,1,83,214
18075,COLEGIO JAHVE NISI,SANTA JUANA,3,0,1,298,110
18076,JARDIN INFANTIL KARAMELO,MULCHÉN,3,0,1,0,0
18077,CENTRO DE EXPLORACIÓN CAPACITACIÓN LABORAL SAN RAFAEL,CHILLÁN,3,0,1,0,0
18078,ESCUELA DE LENGUAJE EL VALLE,QUILLÓN,3,0,1,67,214
18079,ESCUELA DE LENGUAJE ASERRIN ASERRAN,SAN PEDRO DE LA PAZ,3,0,1,70,214
18080,LICEO POLITECNICO CARAMPANGUE,ARAUCO,2,0,1,417,410
18081,ESCUELA DE LENGUAJE EDUCERE,HUALQUI,3,0,1,56,214
18082,ESCUELA ADULTOS INTECAP,LOS ÁNGELES,3,0,1,79,363
18085,ESCUELA DE LENGUAJE MY DISNEY,COELEMU,3,0,1,84,214
18086,ESCUELA DE LENGUAJE MI DESPERTAR,TUCAPEL,3,0,3,0,0
18087,DINABEC COLLEGE,SAN CARLOS,3,0,1,647,10
18088,CENTRO DE FORMACION LABORAL SAN ANDRES,CORONEL,3,0,1,45,212
18089,ESCUELA DE LENGUAJE BAMBI,CAÑETE,2,0,1,24,214
18090,COLEGIO SAN LORENZO,LOS ÁNGELES,3,1,1,419,10
18091,ESCUELA ESPECIAL LOS NARANJOS,SANTA BÁRBARA,3,0,1,4,212
18092,ESCUELA DE LENGUAJE LARAQUETE,ARAUCO,3,0,1,75,214
18093,COLEGIO EL VALLE DE HUALQUI,HUALQUI,3,0,1,396,10
18094,CHRISTIAN COLLEGE,HUALQUI,3,0,1,522,10
18095,ESCUELA DE LENGUAJE SAN PABLO,LEBU,3,0,1,56,214
18096,ESCUELA DE LENGUAJE ALBORADA,SANTA BÁRBARA,3,0,1,34,214
18097,COLEGIO ALMONDALE LOMAS,CONCEPCIÓN,3,0,1,1669,10
18099,LICEO TOMAS LAGO,CHILLÁN VIEJO,2,0,1,306,10
18100,CENTRO DE FORMACIÓN LABORAL Y EDUCACIÓN DE ADULTOS EDUCERE,HUALQUI,3,0,1,0,0
18101,ESCUELA DE LENGUAJE ATRAPA PALABRAS,MULCHÉN,3,0,1,41,214
18102,COLEGIO PAULO FREIRE,SAN PEDRO DE LA PAZ,3,0,1,499,10
18104,ESCUELA ESPECIAL DIFERENCIAL CENTRO DE RECURSOS PERSEVERA,CHILLÁN,3,0,1,146,212
18105,ESCUELA DE LENGUAJE GIRASOL,CONCEPCIÓN,3,0,1,141,214
18106,ESCUELA ESPECIAL DEL MAR,TALCAHUANO,3,0,1,0,0
18107,ESCUELA ESPECIAL DE LENGUAJE SEMILLITA,HUALPÉN,3,0,1,45,214
18108,ESCUELA ESPECIAL DE LENGUAJE QUIRIHUE,QUIRIHUE,3,0,1,81,214
18109,ESCUELA ESPECIAL DIFERENCIAL SOL NACIENTE,CORONEL,3,0,1,89,212
18110,JARDIN INFANTIL PAPELUCHO,CHILLÁN,3,0,1,0,0
18111,COMPLEJO EDUCACIONAL GLORIA MENDEZ BRIONES,PENCO,3,0,1,582,10
18112,COLEGIO BICENTENARIO INES ENRIQUEZ FRODDEN,FLORIDA,6,0,1,472,10
18113,ESCUELA ESPECIAL LOS GIRASOLES,NEGRETE,3,1,1,56,212
18114,COLEGIO A-LAFKEN,PENCO,3,0,1,479,10
18115,JARDIN INFANTIL SALA CUNA CHINITA,CHILLÁN,3,0,3,0,0
18116,JARDIN INFANTIL SNOOPY,CONCEPCIÓN,3,0,1,0,0
18118,ESCUELA ESPECIAL DEL LENGUAJE TIERRA DE NIÑOS,TOMÉ,3,0,3,0,0
18119,ESCUELA ESPECIAL DE LENGUAJE MATILDA,CONCEPCIÓN,3,0,1,70,214
18121,ESCUELA ESPECIAL DE LENGUAJE PEQUEÑOS TESOROS,HUALPÉN,3,0,1,178,214
18122,ESCUELA ESPECIAL DE LENGUAJE CIDNEE,CORONEL,3,0,1,135,214
18123,COLEGIO Y ESCUELA DE LENGUAJE CENTRO EDUCACIONAL PEUMAYEN,CABRERO,3,0,1,497,10
18124,COLEGIO SANTA TERESITA,COELEMU,3,0,1,469,10
18125,ESCUELA DIFERENCIAL BEETHOVEN,HUALPÉN,3,0,2,0,0
18126,COLEGIO PORVENIR SCHOOL,CHIGUAYANTE,3,0,1,453,110
18127,CENTRO EDUCACIONAL ALBORADA,PENCO,3,0,1,281,10
18128,COLEGIO SANTO TOMÁS,LOS ÁNGELES,3,0,1,883,10
18130,ESCUELA ESPECIAL DE LENGUAJE AMANECER,TALCAHUANO,3,0,1,222,214
18131,ESCUELA ESPECIAL DE LENGUAJE ENTRE PALABRAS,CONCEPCIÓN,3,0,1,175,214
18132,ESCUELA ESPECIAL DIFERENCIAL LUIS ESPINOZA PIERRETTI,TALCAHUANO,3,0,1,152,212
18133,ESC ESP DIF CENTRO ATENCION TEMPRANA Y BASICO ESPECIAL PASO A PASITO,CHILLÁN,3,0,1,96,212
18138,JARDIN INFANTIL CANTACUENTOS,SAN PEDRO DE LA PAZ,3,0,1,30,10
18139,ESCUELA DE LENGUAJE RAYEN-ANTU,CURANILAHUE,2,0,1,23,214
18140,JARDÍN INFANTIL EBEN-EZER,CHILLÁN,3,0,1,28,10
18141,COLEGIO ANTARTICA CHILENA,CHILLÁN,3,0,2,0,0
18142,CENTRO ESTIMULACIÓN TEMPRANA PRINCESITA MISIN,NACIMIENTO,3,0,1,116,212
18143,ESCUELA DIFERENCIAL ESTRELLITA DE BELÉN,LOS ÁNGELES,3,0,1,68,212
18144,ESCUELA ESPECIAL DE LENGUAJE PADRE ALBERTO HURTADO,CURANILAHUE,3,0,1,48,214
18145,ESCUELA ESPECIAL DE LENGUAJE COLIBRI,CONCEPCIÓN,3,0,2,0,0
18146,CENTRO DIFERENCIAL ESTIMULACIÓN TEMPRANA MANANTIAL,CONCEPCIÓN,3,0,1,37,212
18147,COLEGIO EDUCA BIOBÍO,SAN PEDRO DE LA PAZ,3,0,1,787,110
18149,COLEGIO RUCALHUE,HUALPÉN,3,0,1,718,10
18150,ESCUELA DIFERENCIAL ASPAUT CHIGUAYANTE,CHIGUAYANTE,3,0,1,73,216
18152,INSTITUTO DE ATENCION A LA DIVERSIDAD INAD,LEBU,3,1,1,69,212
18153,CENTRO PSICOPEDAGOGICO EMMANUEL,SAN PEDRO DE LA PAZ,3,0,1,152,212
18154,ESCUELA ESPECIAL DE LENGUAJE TIMONEL CORONEL,CORONEL,3,0,1,84,214
18155,ESCUELA ESPECIAL DE LENGUAJE ARAUCO,ARAUCO,2,0,1,28,214
18156,JARDÍN INFANTIL Y ESCUELA ESPECIAL DE LENGUAJE AGUA DE PEUMO,PEMUCO,3,0,1,59,214
18157,ESCUELA ESPECIAL DE LENGUAJE RAYEN,SAN ROSENDO,3,0,1,50,214
18158,COLEGIO LICAN RAY,SAN PEDRO DE LA PAZ,3,0,1,254,10
18159,ESCUELA DE LENGUAJE ALMENDRA,QUILLÓN,3,1,1,87,214
18160,ESCUELA ESPECIAL DE LENGUAJE CAMPANITA,TOMÉ,3,0,1,53,214
18161,ESCUELA  ESPECIAL DE LENGUAJE KUKY,SAN PEDRO DE LA PAZ,3,0,3,0,0
18162,ESCUELA ESPECIAL DE LENGUAJE ANTUKUYEN,NEGRETE,3,0,1,78,214
18163,COLEGIO PRESTON SCHOOL,HUALPÉN,4,0,1,0,0
18164,ESCUELA ESPECIAL DE LENGUAJE VILLA HERMOSA,HUALPÉN,3,0,1,65,214
18166,CENTRO CAPACITACIÓN LABORAL MIRANDO EL FUTURO,SAN PEDRO DE LA PAZ,3,0,1,93,212
18167,ESCUELA ESPECIAL DE LENGUAJE ARAUCARIA,CONCEPCIÓN,3,0,1,75,214
18168,ESCUELA ESPECIAL DE LENGUAJE BUEN RETIRO,CORONEL,3,0,1,89,214
18169,ESCUELA ESPECIAL ANTU,LOS ÁNGELES,3,0,1,80,212
18170,COLEGIO MONTE ÁGUILA COLLEGE,CABRERO,3,0,1,257,10
18172,COLEGIO AMANECER TALCAHUANO,TALCAHUANO,3,0,1,1187,10
18173,ESCUELA ESPECIAL DE LENGUAJE LAS PALMERITAS,CONCEPCIÓN,3,0,1,66,214
18175,CENTRO FORMACIÓN LABORAL LIWENKO,CONCEPCIÓN,3,0,1,0,0
18176,ESCUELA ESPECIAL DE LENGUAJE NUEVO FUTURO,PENCO,3,0,1,51,214
18177,CENTRO INTEGRAL EDUCACIÓN TECNOLÓGIA CURAMÁVIDA,LOS ÁNGELES,3,0,2,0,0
18178,ESCUELA ESPECIAL DE LENGUAJE JARDÍN DE PALABRAS,PENCO,3,0,1,142,214
18180,COLEGIO HARVARD COLLEGE,CHILLÁN,3,0,3,0,0
18181,INSTITUTO HUMANIDADES MONSEÑOR JOSE MANUEL SANTO ASCARZA,CHIGUAYANTE,3,0,1,1211,10
18183,COLEGIO PER SÉ,CONCEPCIÓN,3,0,1,81,212
18184,COLEGIO BORDERIO,MULCHÉN,3,0,1,258,10
18185,JARDIN INFANTIL LOS PEQUEÑOS ARTESANOS,CHIGUAYANTE,3,0,1,0,0
18186,JARDIN INFANTIL LOS PECECITOS,LOS ÁNGELES,3,0,1,0,0
18187,ESCUELA ESPECIAL DE LENGUAJE BOSQUE MIO,CABRERO,3,0,1,0,0
18188,ESCUELA DE LENGUAJE LLACOLEN,SAN PEDRO DE LA PAZ,3,0,1,0,0
18189,ESCUELA DE LENGUAJE AMULEN,SANTA JUANA,3,0,1,80,214
18190,ESCUELA ESPECIAL DE LENGUAJE ALCAZAR,PENCO,3,0,1,0,0
18191,ESCUELA ESPECIAL DE LENGUAJE ABRAPALABRA,COIHUECO,3,0,1,110,214
18192,ESCUELA ESPECIAL DE LENGUAJE HUEPIL,TUCAPEL,3,0,1,40,214
18193,ESCUELA ESPECIAL DE LENGUAJE KETRAWUE,CONCEPCIÓN,3,0,1,56,214
18194,ESCUELA ESPECIAL DE LENGUAJE PALABRITAS,CONCEPCIÓN,3,0,1,41,214
18195,ESCUELA ESPECIAL DE LENGUAJE PEQUEÑOS SUEÑOS,COIHUECO,3,0,1,173,10
18197,ESCUELA ESPECIAL DE LENGUAJE LLAIPÉN,QUIRIHUE,3,0,1,90,214
18198,ESCUELA ESPECIAL DE LENGUAJE LAGUNILLAS YIRE,CORONEL,3,0,2,0,0
18199,COLEGIO QUILLÓN,QUILLÓN,3,0,1,861,10
18200,ESCUELA ESPECIAL DIFERENCIAL ANGELITOS,LOS ÁNGELES,3,0,1,112,212
18202,ESCUELA ESPECIAL DE LENGUAJE ALONKURA,SAN PEDRO DE LA PAZ,3,0,1,35,214
18203,ESCUELA ESPECIAL DE LENGUAJE KIMALU,PENCO,3,0,1,138,110
18204,JARDIN INFANTIL ZAPATITO JUGUETON,CHILLÁN,3,0,1,40,10
18205,ESCUELA ESPECIAL DE LENGUAJE BOSQUE MAGICO,SAN PEDRO DE LA PAZ,3,0,1,116,214
18206,ESCUELA ESPECIAL DE LENGUAJE AMAPOLA,CONCEPCIÓN,3,0,1,71,214
18207,ESCUELA ESPECIAL DE LENGUAJE PINTO Y APRENDO,PINTO,3,0,1,127,214
18208,ESCUELA ESPECIAL DE LENGUAJE ALTO DEL LAJA,LAJA,3,0,1,123,214
18209,ESCUELA ESPECIAL DE LENGUAJE AYUN-ELUN,TALCAHUANO,3,0,2,0,0
18210,ESCUELA ESPECIAL DE LENGUAJE SAN FRANCISCO DE ASIS,TALCAHUANO,3,0,1,81,214
18211,ESCUELA ESPECIAL DE LENGUAJE MIS DULCES PALABRAS,SAN PEDRO DE LA PAZ,3,0,1,57,214
18212,ESCUELA DE LENGUAJE EDUPLAY,CONCEPCIÓN,3,0,2,0,0
18213,ESCUELA ESPECIAL DE LENGUAJE ADONAY,MULCHÉN,3,0,1,120,214
18214,JARDIN INFANTIL Y ESCUELA DE LENGUAJE PRIMEROS PASOS,CHILLÁN,3,0,1,90,10
18216,COLEGIO AMANECER,BULNES,3,0,1,412,10
18217,ESCUELA DIFERENCIAL DE EDUC. ESPECIAL PAULO F,FLORIDA,3,0,2,0,0
18218,COLEGIO NUEVOS HORIZONTES,SAN PEDRO DE LA PAZ,2,0,1,660,10
18219,ESCUELA ESPECIAL DE LENGUAJE FLOR DE JAZMIN,COELEMU,3,0,1,0,0
18220,COLEGIO BICENTENARIO NUEVA ESPERANZA DE YUNGAY,YUNGAY,3,0,1,689,10
18221,ESC. ESP.DE LENGUAJE EL MUNDO DE NIÑOS,CORONEL,3,0,3,0,0
18222,ESCUELA ESPECIAL DE LENGUAJE PASITOS,LOS ÁNGELES,3,0,1,117,214
18223,COLEGIO EL FARO,CONCEPCIÓN,3,0,1,251,110
18224,ESCUELA ESPECIAL DE LENGUAJE GOLDEN HOUSE,SAN PEDRO DE LA PAZ,3,0,1,77,214
18225,ESCUELA ESPECIAL DE LENGUAJE CANTO DE LUNA,SAN CARLOS,3,0,1,85,214
18226,ESCUELA ESPECIAL DE LENGUAJE PALABRAS MÁGICAS,LOS ÁNGELES,3,0,1,450,214
18227,ESCUELA ESPECIAL DE LENGUAJE ALTO TUCAPEL,CAÑETE,3,1,1,145,214
18228,CENTRO DE LENGUAJE INTECAP,LOS ÁNGELES,3,0,1,0,0
18230,ESCUELA ESPECIAL DE LENGUAJE EL TRENCITO,YUMBEL,3,0,1,57,214
18231,ESCUELA ESPECIAL DE LENGUAJE CUMBRES DE SAN IGNACIO,SAN IGNACIO,3,0,1,75,214
18233,ESCUELA ESPECIAL DE LENGUAJE ARBOLIRIS,CORONEL,3,0,1,56,214
18234,COLEGIO ALTAZOR,ANTUCO,3,0,1,109,10
18235,ESCUELA DE LENGUAJE ALTUE,TALCAHUANO,3,0,1,62,214
18236,ESCUELA ESPECIAL DIFERENCIAL Y DE LENGUAJE MAISON DE L`ENFANCE,CONCEPCIÓN,3,0,1,129,212
18237,COLEGIO AMANECER SAN CARLOS,SAN PEDRO DE LA PAZ,3,0,1,1157,10
18238,ESCUELA DE LENGUAJE ALBORADA,SAN PEDRO DE LA PAZ,3,0,1,128,214
18239,ESCUELA ESPECIAL DE LENGUAJE MANQUIMAVIDA,CHIGUAYANTE,3,0,1,89,214
18240,JARDIN INFANTIL JUGANDO APRENDO,HUALPÉN,3,0,1,0,0
18241,CENTRO DE EDUCACIÓN INTEGRAL DE ADULTOS NAHUELQUÍN,TALCAHUANO,3,0,1,255,363
18242,CENTRO DE ESTUDIO LA ARAUCANA,LOS ÁNGELES,4,0,3,0,0
18243,COLEGIO INGLÉS PALABRAS DE VIDA,COIHUECO,3,0,1,0,0
18244,ESCUELA DIFERENCIAL CENTRO DE ESTUDIO E INCLUSION LABORAL BIOCOR,CORONEL,3,0,1,198,212
18245,ESCUELA ESPECIAL DE LENGUAJE SENDERO MÁGICO,COELEMU,3,0,1,78,214
18247,COLEGIO SAN NICOLÁS,CONCEPCIÓN,3,0,1,464,10
18248,ESCUELA EL RENOVAL,CORONEL,3,0,1,30,165
18249,COLEGIO INSTITUTO CRISTIANO GRACIA Y PAZ,LOS ÁNGELES,3,0,1,445,10
18250,JARDÍN INFANTIL Y ESCUELA ESPECIAL ARCOIRIS,HUALQUI,3,0,1,18,214
18251,COLEGIO ALTURAS DE CHILLÁN,CHILLÁN,3,0,1,580,10
18252,ESCUELA ESPECIAL DE LENGUAJE MI ANGEL,EL CARMEN,3,0,1,62,214
18253,ESCUELA ESPECIAL DE LENGUAJE JUAN PABLO II,LOS ÁNGELES,3,0,1,117,214
18254,ESCUELA ESPECIAL DE LENGUAJE SANTA CATALINA,TALCAHUANO,3,0,1,58,214
18255,ESCUELA ESPECIAL DE LENGUAJE EFRAIN AEDO,CORONEL,3,0,1,85,214
19630,ESCUELA ESPECIAL DE LENGUAJE FAROLITO DORADO,CORONEL,3,0,1,57,214
19902,ESCUELA ANEXA DE PELEHUITO,LOS SAUCES,2,1,1,2,110
19903,LICEO PARTICULAR MISEND,TEMUCO,4,0,3,0,0
19904,IER. LICEO TÉCNICO PROFESIONAL HUISCAPI,LONCOCHE,3,1,3,0,0
19906,LICEO BICENTENARIO  POLITECNICO EMA ESPINOZA CORREA,LAUTARO,2,0,1,885,110
19907,ESCUELA ESPECIAL CLARET,TEMUCO,3,0,1,128,212
19908,GREEN HOUSE SCHOOL,TEMUCO,4,0,1,910,10
19909,ESCUELA PARTICULAR CACIQUE COLILLAN,CHOLCHOL,3,1,3,0,0
19910,ESCUELA PARTICULAR SAN LORENZO,CHOLCHOL,3,1,1,6,110
19911,ESCUELA PARTICULAR BOLLILCO,NUEVA IMPERIAL,3,1,1,9,110
19912,ESC. BASICA CRUZ DEL SUR,VILCÚN,2,1,1,14,110
19913,LICEO BICENTENARIO LOS SAUCES,LOS SAUCES,2,0,1,370,410
19914,ESC.ESP.RET.MENTAL FEYENTUN,VILCÚN,2,0,1,15,212
19918,ESCUELA ESPECIAL ERICO HORNUNG,COLLIPULLI,2,0,1,53,212
19919,ESCUELA PARTICULAR APOCALIPSIS,CARAHUE,3,1,1,13,110
19921,INSTITUTO CAMILO HENRIQUEZ,VILLARRICA,3,0,1,501,10
19922,ESCUELA PARTICULAR ANTUMALAL,LAUTARO,3,1,1,268,110
19923,ESCUELA NRO 15 AMI,TEMUCO,3,0,1,176,10
19925,LICEO PARTICULAR COMERCIAL CARAHUE,CARAHUE,3,0,1,322,110
19926,ESCUELA ESPECIAL RETARDO MENTAL,TEMUCO,3,0,1,26,212
19927,ESCUELA BASICA VOLCAN LLAIMA,MELIPEUCO,2,0,1,280,10
19928,ESCUELA PARTICULAR SAN IGNACIO,CARAHUE,3,1,1,113,10
19930,ESC. PART. BASICA COMUN BOLIL,TEODORO SCHMIDT,3,1,1,14,110
19931,ESCUELA ESPECIAL DAME LA MANO,GALVARINO,2,0,1,11,212
19933,JARDIN INFANTIL BAMBI,PITRUFQUÉN,3,0,3,0,0
19934,ESCUELA PARTICULAR EL DESPERTAR,PADRE LAS CASAS,3,1,1,66,10
19935,ESCUELA NUEVA ALBORADA,GORBEA,3,0,3,0,0
19937,JARDIN INFANTIL DIEGO PORTALES(CERR RES391),VILLARRICA,3,0,3,0,0
19939,CENTRO ABIERTO DIEGO PORTALES(CERRADO),VILLARRICA,3,0,3,0,0
19942,CENTRO ABIERTO AMANECER (CERRADA 97),TEMUCO,3,0,3,0,0
19943,CENTRO ABIERTO LA RIBERA (CERRADA 97),TEMUCO,3,0,3,0,0
19944,ESCUELA PARTICULAR ALFA Y OMEGA,TEMUCO,3,0,3,0,0
19945,ESCUELA ESPECIAL TULIO MORA ALARCON,PURÉN,2,0,1,33,212
19947,ESCUELA LAURA VICUNA,VILLARRICA,3,0,1,278,10
19948,ESCUELA PARTICULAR PAULA JARAQUEMADA,CARAHUE,3,1,2,0,0
19949,ESCUELA PARTICULAR SANTA OLGA,CARAHUE,3,1,1,88,10
19950,ESCUELA PARTICULAR SAN ANDRES,CURACAUTÍN,3,0,1,130,10
19951,ESCUELA PARTICULAR EL PILAR,TEODORO SCHMIDT,3,1,2,0,0
19952,COLEGIO ANGOL,ANGOL,3,0,1,1073,10
19953,ESCUELA BILINGUE AMUL KEWUN,NUEVA IMPERIAL,3,1,1,76,110
19954,"COLEGIO ESPECIAL DE TRASTORNOS DE LA COMUNICACION ORAL Nº 34, DOCKSTA",CARAHUE,3,0,1,432,10
19955,JARDIN INFANTIL COPIHUITO,NUEVA IMPERIAL,3,0,3,0,0
19956,ESCUELA BASICA MAHUIDA,LOS SAUCES,2,1,1,0,0
19957,JARDIN INFANTIL CUCHITA,TEMUCO,4,0,3,0,0
19958,ESCUELA PARTICULAR QUINQUEN,LONQUIMAY,3,1,1,11,110
19959,COLEGIO JUAN XXIII,TEMUCO,3,0,1,98,310
19960,COLEGIO ANTUMALEN,TEMUCO,3,0,1,68,110
19961,ESCUELA EBETCO ESP.TRAST.DE LA COMUNICACION,TEMUCO,3,0,3,0,0
19962,SOUTHERN OXFORD SCHOOL,VILLARRICA,4,0,1,391,10
19964,ESC. ESPECIAL PART. ALENKURA,PADRE LAS CASAS,3,0,1,104,212
19965,ESCUELA PARTICULAR TERESA DE LOS ANDES,LOS SAUCES,3,0,1,166,10
19966,JARDIN INFANTIL CELESTE,TEMUCO,4,0,3,0,0
19967,ESCUELA PARTICULAR MOLCO NI MELI REWE,PADRE LAS CASAS,3,1,3,0,0
19968,COLEGIO ADVENTISTA DE PITRUFQUEN,PITRUFQUÉN,3,0,1,580,10
19969,CENTRO EDUCACIONAL ESPECIAL INCLUSIVO SAN CRISTOBAL,TEMUCO,3,0,1,20,211
19970,COLEGIO SAINT JOSEPH HIGH SCHOOL,TEMUCO,3,0,3,0,0
19971,JARDIN INFANTIL TERESA DE LOS ANDES(CERRADA 9,TRAIGUÉN,4,0,3,0,0
19972,MOZART SCHOOL,ANGOL,3,0,1,592,10
19973,ESCUELA ESPECIAL HABLAARTE,TEMUCO,3,0,1,162,10
19974,COMPLEJO EDUCACIONAL LA FRONTERA,TEMUCO,3,1,1,429,510
19975,COMPLEJO EDUCACIONAL EDUCASE,ANGOL,3,0,2,0,0
19976,ESCUELA RADALCO,CURACAUTÍN,2,1,2,0,0
19978,JARDIN INFANTIL PANAL,TEMUCO,4,0,3,0,0
19979,ESC. PART.CUMBRE DE LA ARAUCANIA,TEMUCO,3,0,3,0,0
19981,COLEGIO NUEVA CONCEPCION,TEMUCO,3,0,1,497,10
19982,COLEGIO DE EDUCACION ADULTOS VIDA Y PAZ,TEMUCO,3,0,3,0,0
19983,COLEGIO EMPRENDER TEMUCO,TEMUCO,3,0,1,1100,10
19984,COLEGIO ESPECIAL DE LENGUAJE HOLANDA,PADRE LAS CASAS,3,0,1,63,214
19985,JARDIN INFANTIL JEAN PIAGET,VICTORIA,4,0,1,0,0
19986,ESCUELA BASICA MUNICIPAL EL MAITEN,NUEVA IMPERIAL,6,1,3,0,0
19987,ESCUELA SANTA ELENA DE CALCOY,LUMACO,2,1,3,0,0
19988,LICEO CENTRO DE EDUC.INTEGRAL DE ADULTOS,PADRE LAS CASAS,3,0,3,0,0
19990,JARDIN INFANTIL Y SALA CUNA PARVUS,TEMUCO,4,0,1,0,0
19992,JARDIN INFANTIL LOS PEQUES,TEMUCO,4,0,1,0,0
19993,C.E.I.A. ANTONIO ACEVEDO HERNANDEZ,ANGOL,2,0,1,265,167
19996,ESCUELA NUEVA MENETUE,VILLARRICA,3,1,1,35,110
19997,ESCUELA PARTICULAR CORDILLERA,TEMUCO,3,0,3,0,0
19998,ESCUELA CHANCO MARIHUAL BAJO,TRAIGUÉN,3,1,2,0,0
19999,ESCUELA PARTICULAR GALLETUE,LONQUIMAY,3,1,1,12,110
20001,C.E.I.A. ALERTA,PADRE LAS CASAS,3,0,1,217,165
20002,ESCUELA DE LA COMUNICACION ICALMA,TEMUCO,3,0,1,90,214
20003,ESCUELA PARTICULAR PERQUILAUQUEN,COLLIPULLI,3,1,3,0,0
20004,ESCUELA MOTROLHUE ANEXO ESC.F461,TEODORO SCHMIDT,6,1,3,0,0
20006,ESCUELA PANQUI,CURARREHUE,2,1,3,0,0
20007,ESCUELA BASICA CHORRILLOS ANEXO,CUNCO,2,1,3,0,0
20008,COLEGIO EL LABRADOR,VICTORIA,3,0,1,662,10
20009,ESCUELA PARTICULAR CHILE,TRAIGUÉN,3,0,2,0,0
20010,ESCUELA ENRIQUE TENORIO FUENTES,NUEVA IMPERIAL,3,1,1,22,110
20011,ESCUELA ESPECIAL NTRA.SENORA DEL PILAR,TEMUCO,3,0,3,0,0
20012,CENTRO DE EDUC. ADULTOS PAULO FREIRE,TEMUCO,3,0,1,184,165
20013,ESCUELA PARTICULAR KIMELTUN,TEMUCO,3,1,2,0,0
20015,ESC.PART.SAN FRANCISCO DE COIHUE,TEODORO SCHMIDT,3,1,1,0,0
20016,COLEGIO DE APLICACION,TEMUCO,3,0,1,555,10
20017,JARDIN INFANTIL GASPAR,TEMUCO,4,0,3,0,0
20018,ESCUELA SAN JUAN DE DIOS,GALVARINO,3,1,1,0,0
20019,SUN FLOWER SCHOOL,TEMUCO,3,0,1,413,10
20021,ESCUELA PARTICULAR LOS RISCOS,PUCÓN,3,1,3,0,0
20022,ESCUELA PARTICULAR VOIPIR SECO,VILLARRICA,3,1,3,0,0
20023,JARDIN INFANTIL CAPULLITO,TRAIGUÉN,4,0,3,0,0
20024,ESCUELA PARTICULAR HUENTE,TEODORO SCHMIDT,3,1,1,56,10
20025,ESCUELA ARTISTICA ARMANDO DUFEY BLANC,TEMUCO,2,0,1,938,10
20026,ESCUELA MAPU- LAFKEN,CARAHUE,3,1,1,48,110
20027,ESCUELA HUERTOS MINEROS,CARAHUE,3,1,1,24,110
20029,ESCUELA SANTA VICTORIA,GALVARINO,3,1,1,77,110
20030,ESC.ESPEC.ESDELENG TRAST.DE LA COMUNIC..,NUEVA IMPERIAL,3,0,1,86,214
20032,JARDIN INFANTIL ALTAMIRA,TEMUCO,4,0,3,0,0
20033,COLEGIO CUMBRES DEL BUDI,SAAVEDRA,3,1,1,112,10
20034,ESCUELA PARTICULAR ARTURO PRAT,VILCÚN,3,0,3,0,0
20035,ESCUELA PARTICULAR EMANUEL,PADRE LAS CASAS,3,0,3,0,0
20036,CENTRO DE EDUCACION INTEGRAL DE ADULTOS,TEMUCO,3,0,3,0,0
20037,LICEO COMERCIAL DEL DESARROLLO,TEMUCO,3,0,1,305,410
20038,ESCUELA BASICA MARTIN NANCUPIL,TEMUCO,3,1,3,0,0
20039,JARDIN INFANTIL BAMBI(CERRADO),PITRUFQUÉN,4,0,3,0,0
20040,"JARDIN INFANTIL COPIHUITO(CERRADO,JUNJI)",NUEVA IMPERIAL,4,0,3,0,0
20041,ESCUELA PARTICULAR CLAUDIO ARRAU,VILLARRICA,3,1,1,537,10
20042,ESC. PART. LUCILA GODOY ALCAYAGA,ANGOL,3,0,1,173,10
20043,CENTRO DE EDUCACION DE ADULTOS LEFXARV,NUEVA IMPERIAL,3,0,1,169,165
20044,CTRO.EDUC.ADULTOS T.P. EL SEMBRADOR,TEMUCO,3,0,1,231,363
20046,ESCUELA PART. MISS CLARA BRINCEFIELD,PADRE LAS CASAS,3,0,1,615,10
20047,CENTRO DE ESTUDIOS DE LAS COMUNICACIONES PARA EL TRABAJO,TEMUCO,3,0,1,57,363
20048,COLEGIO SCOLE CREARE,TEMUCO,3,0,1,877,110
20049,COLEGIO PARTICULAR NVO MUNDO,TEMUCO,4,0,3,0,0
20050,COLEGIO PUCON(CERRADO),PUCÓN,4,0,3,0,0
20051,ESCUELA MALLEARAUCO,NUEVA IMPERIAL,3,1,2,0,0
20052,COMPLEJO EDUCACIONAL VICTORIA,VICTORIA,3,0,1,509,10
20053,LICEO TECNICO PROFESIONAL HUALPIN,TEODORO SCHMIDT,6,1,1,126,510
20054,ESCUELA GASPAR HUENCHUMAN,NUEVA IMPERIAL,3,1,1,2,110
20055,COLEGIO LEONARDO DA VINCI(CERRADO),PITRUFQUÉN,4,0,3,0,0
20056,ESCUELA RAYEN MAPU,CURARREHUE,3,1,3,0,0
20057,ESCUELA PANQUI (CERRADA),CURARREHUE,3,0,3,0,0
20058,ESCUELA ESPECIAL LAS LILAS DE TRAIGUEN,TRAIGUÉN,2,0,1,37,212
20060,ESCUELA ESPECIAL LAGO AZUL,PUCÓN,3,0,3,0,0
20061,COLEGIO DE LENGUAJE PEHUEN,TEMUCO,3,0,3,0,0
20063,CENTRO DE EDUC.I.ADUL.MIGUEL DE CERVANTES,TEMUCO,3,0,1,198,165
20064,COLEGIO BICENTENARIO DE LA ARAUCANIA,PADRE LAS CASAS,3,0,1,192,10
20065,JARDIN INFANTIL RAYITO DE SOL,PADRE LAS CASAS,3,0,1,26,10
20066,CENTRO DE ESTUDIOS Y CAPACITACION LIMITADA,TEMUCO,3,0,1,93,165
20067,ESCUELA FRANCISCO QUEREBAN,PADRE LAS CASAS,3,1,1,186,10
20068,ESCUELA PARTICULAR SAINT GEORGE,ANGOL,3,0,1,590,10
20069,ESCUELA PARTICULAR SAN ANDRES,PADRE LAS CASAS,3,0,3,0,0
20070,ESCUELA PART. DE ADULTOS GETSEMANI,TEMUCO,3,0,3,0,0
20071,ESCUELA PARTICULAR LA DEHESA,CUNCO,3,0,1,185,10
20072,LICEO VESPERTINO DE ADULTOS CALAFQUEN,VILLARRICA,3,0,3,0,0
20073,CENTRO EDUC.INTEGRAL ADULTOS ACROPOLIS,CUNCO,3,0,1,55,363
20074,CAMBRIDGE COLLEGE PRIMAVERA,VILCÚN,3,0,1,468,10
20075,ESCUELA MIRTHA AVILA VALDES,CARAHUE,3,1,2,0,0
20077,JARDIN INFANTIL ECOMUNDO CULTURAL,VILLARRICA,3,0,3,0,0
20078,LICEO FUTURO CARLOS LEAL SANHUEZA,TEMUCO,3,0,1,181,165
20079,COLEGIO NUEVOS HORIZONTES,CUNCO,3,1,3,0,0
20080,ESCUELA PARTICULAR JUVENCIO VALLE,TEODORO SCHMIDT,3,1,1,58,10
20081,ESCUELA PARTICULAR SAN MATIAS,CARAHUE,3,1,2,0,0
20082,ESCUELA PART.NUESTRA SENORA DEL ROSARIO,ANGOL,3,0,1,356,10
20083,ESCUELA PARTICULAR ALIWEN,TRAIGUÉN,3,1,3,0,0
20084,ESCUELA PARTICULAR CHIHUIMPILLI,FREIRE,3,1,1,49,110
20085,COLEGIO GOLDEN SCHOOL,TEMUCO,3,0,1,316,10
20086,JARD-N INFANTIL PUEBLO NUEVO,CUNCO,3,0,3,0,0
20087,ESCUELA ARCO IRIS,LUMACO,3,1,1,104,110
20088,ESCUELA POETISA GABRIELA MISTRAL,CARAHUE,3,1,1,58,110
20089,C.E.I.A VILCUN,VILCÚN,3,0,1,93,165
20090,COLEGIO LEONARDO DA VINCI SCHOOL,PITRUFQUÉN,3,0,1,448,10
20091,COLEGIO PUMAHUE,TEMUCO,4,0,1,1526,10
20092,JARDIN INFANTIL BICHITOS,TEMUCO,4,0,1,0,0
20094,ESCUELA PARTICULAR LA ESPERANZA,TEODORO SCHMIDT,3,1,2,0,0
20095,COLEGIO CAMILO HENRIQUEZ DE PEDREGOSO,VILLARRICA,3,1,1,203,10
20096,COLEGIO BETANIA,TEMUCO,3,0,1,203,10
20097,ESCUELA ESPECIAL ALFONSO RECART,VILLARRICA,3,0,1,97,214
20098,ESCUELA FEDERICO GARCIA LORCA,LONQUIMAY,3,1,3,0,0
20099,ESCUELA ALIWEN DE LLAMUCO,VILCÚN,3,1,1,75,10
20100,COLEGIO CONGREGACIÓN OLIVOS,TEMUCO,3,0,1,252,10
20101,JARDIN INFANTIL LAS LOMITAS,PADRE LAS CASAS,3,0,3,0,0
20102,ESCUELA ESPECIAL HOSPITALARIA TEMUCO,TEMUCO,3,0,1,151,10
20103,LICEO MUNICIPAL LUMACO,LUMACO,2,0,1,278,299
20104,C.E.I.A. SAN MIGUEL,TEMUCO,3,1,3,0,0
20105,LICEO PARTICULAR QUINENAHUIN,CURARREHUE,3,1,3,0,0
20106,JARDIN INFANTIL MI MUNDO,TRAIGUÉN,4,0,1,40,10
20107,JARDIN INFANTIL GABRIELA MISTRAL,ANGOL,2,0,3,0,0
20108,COLEGIO LIDIA GONZALEZ BARRIGA,COLLIPULLI,3,0,1,536,10
20110,CENTRO DE EDUCACI-N DE ADULTOS PAULO FREIRE,TRAIGUÉN,3,0,3,0,0
20111,JARDIN INFANTIL ABRE TUS OJITOS,TEMUCO,3,0,3,0,0
20113,ESCUELA BASICA PART VISTA HERMOSA,PERQUENCO,3,1,1,65,110
20114,LICEO ADULTOS AMERICO VESPUCIO RBD 20114-6,TEMUCO,3,0,1,155,165
20115,ESCUELA PARTICULAR VALLES DE AFUNALHUE,VILLARRICA,3,1,3,0,0
20116,CENTRO DE EDUCACI-N DE ADULTOS PART JUAN PABL,GALVARINO,3,0,3,0,0
20117,ESCUELA LOS ALAMOS,GALVARINO,3,1,1,22,110
20118,ESCUELA PUMANKE,NUEVA IMPERIAL,3,0,3,0,0
20119,ESCUELA SANTA TERESITA DE IMPERIAL,NUEVA IMPERIAL,3,0,1,81,10
20120,COLEGIO JOSE GIORDANO,NUEVA IMPERIAL,3,0,1,331,10
20121,ESCUELA MUNICIPAL LOS ARRAYANES,PUCÓN,2,0,1,313,10
20122,ESCUELA TRANI-TRANI,TEMUCO,3,1,1,61,110
20123,LICEO TECNICO PROFESIONAL PAILAHUEQUE,ERCILLA,3,1,3,0,0
20124,ESCUELA PARTICULAR SANTA ELENA,TEODORO SCHMIDT,3,1,3,0,0
20125,COLEGIO NATURARTE,TEMUCO,3,0,3,0,0
20127,LICEO TECN. PROF. FORESTAL PEHUEN,PADRE LAS CASAS,3,1,1,117,710
20129,ESCUELA GRACIA Y PAZ,TEMUCO,3,0,1,488,10
20130,INACAP,TEMUCO,4,0,3,0,0
20131,COLEGIO DE ADULTOS SOL DE AMERICA,TEMUCO,3,0,1,70,363
20132,LICEO JOSÈ MIGUEL CARRERA,PITRUFQUÉN,3,0,3,0,0
20133,ESCUELA BASICA NINOS FELICES,VILCÚN,3,0,1,301,10
20134,JARDIN INFANTIL CARACOLITO,TEMUCO,3,0,3,0,0
20135,ESCUELA PARTICULAR RUKA LINC,NUEVA IMPERIAL,3,1,3,0,0
20136,LICEO POLITECNICO LOS NOGALES,ANGOL,3,0,1,49,410
20137,COLEGIO INNOV-ARTE,TEMUCO,3,0,1,1013,10
20138,FERNANDO IGAYMAN PEREZ,NUEVA IMPERIAL,3,1,3,0,0
20139,LICEO TECNOLOGICO MONTEMARIA,PUCÓN,3,1,1,518,10
20140,ESCUELA PART. APRENDIENDO A VIVIR,TEMUCO,3,0,1,214,10
20141,ESCUELA PARTICULAR EMANUEL,VICTORIA,3,1,1,48,110
20142,ESCUELA PARTICULAR TRIPAHUE-ANTU,LONQUIMAY,3,1,2,0,0
20144,ESCUELA PARTICULAR EL MIRADOR,CARAHUE,3,1,1,6,110
20145,ESCUELA GOLDEN HOUSE,CARAHUE,3,1,1,59,10
20146,ESCUELA MILLARAYEN,GALVARINO,3,1,3,0,0
20147,RUKA PEWEN,CURARREHUE,2,1,2,0,0
20148,ESCUELA BASICA MUNICIPAL EL MAITEN,NUEVA IMPERIAL,6,1,3,0,0
20149,ESCUELA PARTICULAR PADRE HURTADO,NUEVA IMPERIAL,3,1,2,0,0
20150,ESCUELA PARTICULAR RENICO,LOS SAUCES,3,1,3,0,0
20151,LICEO PARTICULAR DE ADULTOS HOREB,PADRE LAS CASAS,3,0,1,309,165
20152,AYIÑLEO (LA LUZ Y EL AMOR QUE NUNCA SE EXTINGUE),COLLIPULLI,3,1,1,26,110
20153,COLEGIO PUCÓN,PUCÓN,3,0,1,352,10
20154,ESCUELA BASICA ANTU RAYEN,NUEVA IMPERIAL,3,0,1,281,110
20155,ESCUELA ESP. DE LENGUAJE ANTUMAPU,TEMUCO,3,0,1,97,214
20156,JARDIN INFANTIL PEQUENAS SEMILLAS,TEMUCO,3,0,1,19,10
20158,COLEGIO ALTAS CUMBRES,VILLARRICA,3,0,1,201,110
20159,LICEO PARTICULAR JAN COMENIUS,TEMUCO,3,0,1,1051,110
20161,ESCUELA PART. SUBVENCIONADA AMANCAY,LAUTARO,3,0,1,219,10
20162,COLEGIO REINO DE SUECIA,VICTORIA,3,0,1,272,10
20164,LICEO AGRICOLA SAN SEBASTIAN,PERQUENCO,3,0,1,226,110
20165,CHRISTIAN COLLEGE,LONCOCHE,3,0,1,212,10
20166,COMPLEJO EDUCACIONAL EL VALLE DE PUCON,PUCÓN,3,1,3,0,0
20167,COLEGIO LIAHONA,PUCÓN,3,0,1,774,10
20168,JARDIN INFANTIL HORMIGUITA,LAUTARO,3,0,1,68,10
20169,JARDIN INFANTIL MAZAPAN,ANGOL,3,0,3,0,0
20170,COLEGIO PARTICULAR SEMBRADORES,VILCÚN,3,1,3,0,0
20171,JARDIN INFANTIL LOS POLLITOS,LAUTARO,3,0,3,0,0
20172,JARDIN INFANTIL BRITANIA,TEMUCO,3,0,3,0,0
20173,LICEO HUMANISTA CIENTIFICO BRAINSTORM,TEMUCO,3,0,1,1040,110
20175,LICEO JUAN PABLO II,GALVARINO,3,0,1,187,110
20176,LICEO DE ADULTOS CAUTIN,TEMUCO,3,0,1,191,363
20177,JARDIN INFANTIL ESTRELLA DE BELEN,FREIRE,3,0,3,0,0
20178,JARDIN INFANTIL RAYEN-MAPU,PADRE LAS CASAS,3,0,1,55,10
20179,COLEGIO CAMPESTRE RAFAEL POMBO,LONCOCHE,3,1,1,114,110
20180,ESC.CRISTIANA DESARROLLO INTEGRAL,TEMUCO,3,1,1,391,10
20181,COLEGIO SAINT PATRICK SCHOOL,TEMUCO,3,0,1,813,10
20182,COLEGIO JUAN PABLO II,CUNCO,3,0,1,227,10
20183,LICEO COEDUCACIONAL INTERCULTURAL PABLO NERU,SAAVEDRA,3,1,3,0,0
20184,LICEO SAN SEBASTIAN,PADRE LAS CASAS,3,0,1,96,310
20185,ESCUELA DE ADULTOS JORGE TEILLIER,LAUTARO,2,0,3,0,0
20186,COLEGIO SAN MARCOS,NUEVA IMPERIAL,3,0,1,290,10
20187,ESCUELA PARTICULAR NUEVO AMANECER,TEODORO SCHMIDT,3,1,1,13,110
20189,COLEGIO PARTICULAR EXCELSIOR,TEMUCO,3,0,2,0,0
20190,LICEO TECNICO PROFESIONAL PUERTO SAAVEDRA,SAAVEDRA,3,0,3,0,0
20192,ESCUELA PARTICULAR JORGE CRUCES VALLEJOS,NUEVA IMPERIAL,3,1,3,0,0
20193,COMPLEJO EDUCACIONAL MAQUEHUE,PADRE LAS CASAS,3,1,1,69,310
20194,COLEGIO INGLES MI MUNDO,TRAIGUÉN,3,0,1,304,110
20195,JARDIN INFANTIL MI CASITA,PADRE LAS CASAS,3,0,1,64,10
20196,COLEGIO EDUCACION DE ADULTOS NAHUEL,LAUTARO,3,0,1,124,363
20197,JARDIN INFANTIL CASITA DEL BOSQUE,TEMUCO,3,1,1,41,10
20198,JARDIN INFANTIL PASO A PASO,TEMUCO,3,0,3,0,0
20199,JARDIN INFANTIL CATALINA DE LA GUARDA,PADRE LAS CASAS,3,0,2,0,0
20200,ESCUELA MUNICIPAL GABRIELA MISTRAL,GALVARINO,2,0,1,437,10
20201,ESCUELA KUMUN NEWEN,VICTORIA,3,1,3,0,0
20202,ESCUELA PARTICULAR SAN ALBERTO,PURÉN,3,1,1,216,10
20203,ESCUELA ESPECIAL DE LENGUAJE CRE-SER,TEMUCO,3,0,1,161,214
20204,ESCUELA ESPECIAL RUCA MAHUIDA,VILLARRICA,3,0,1,128,214
20205,ESCUELA PARTICULAR HABIT-ART,PADRE LAS CASAS,3,1,1,481,10
20206,ESCUELA ESP.LENGUAJE ANDALUE,LAUTARO,3,0,1,69,214
20208,COLEGIO EDUC. DE ADULTOS NAHUEL,NUEVA IMPERIAL,3,0,1,73,165
20209,COLEGIO RAITRAI DE PUCON,PUCÓN,3,0,1,379,10
20211,COLEGIO INGLES BRITISH ROYAL SCHOOL,ANGOL,3,0,2,0,0
20212,COLEGIO HEBREO,TEMUCO,3,0,1,305,10
20213,COLEGIO PEDRO DE VALDIVIA DE VILLARRICA,VILLARRICA,3,1,1,488,10
20214,COLEGIO DE EDUC. DE ADULTOS ANDES,TEMUCO,3,0,1,365,165
20215,ESCUELA PARTICULAR SAN LEONARDO,ERCILLA,3,1,1,243,10
20216,JARDIN INFANTIL ALEN,TEMUCO,3,0,1,38,10
20217,COLEGIO ADULTOS CRECE: APRENDIZAJE Y DESARROL,TEMUCO,3,0,3,0,0
20218,ESCUELA PART. TEMUCO COLLEGE,TEMUCO,3,0,1,193,110
20219,COLEGIO BICENTENARIO DE EXCELENCIA ADENAUER,MELIPEUCO,3,0,1,449,10
20220,ESCUELA ESP. HOSPITALARIA SAN JOSE,VICTORIA,3,0,3,0,0
20221,COLEGIO MARÍA TERESA FUENZALIDA,NUEVA IMPERIAL,3,0,2,0,0
20222,ESCUELA PARTICULAR INALKO,NUEVA IMPERIAL,3,1,1,10,110
20223,ESCUELA ESPECIAL LIWEN,TEMUCO,3,0,1,148,212
20225,ESCUELA DE LENGUAJE MANANTIAL,TEMUCO,3,0,1,144,214
20226,COLEGIO NEWHARVEST,TEMUCO,3,0,1,778,10
20227,COLEGIO JUAN PABLO II,VILLARRICA,3,1,1,102,10
20228,ESCUELA ESPECIAL DE LENGUAJE ARCO IRIS,ANGOL,3,0,1,84,214
20229,JARDIN INFANTIL PEQUEÑO SEMBRADOR,TRAIGUÉN,3,0,3,0,0
20230,LICEO PARTICULAR SAN ROQUE,TEMUCO,3,0,1,187,310
20231,COLEGIO DE EDUCACION DE ADULTOS HORIZONTE,TEMUCO,4,0,2,0,0
20232,COLEGIO DE ADULTOS INAPEWMA,CHOLCHOL,3,1,1,15,165
20233,JARDIN INFANTIL RAKIDUAM,TEMUCO,3,1,2,0,0
20234,JARDIN INFANTIL DE COLORES,TEMUCO,3,0,1,74,10
20235,GEORGE CHAYTOR ENGLISH COLLEGE,TEMUCO,4,0,1,987,10
20236,ESCUELA BASICA RAYEN PAINE(NUNCA FUNCIONO),PADRE LAS CASAS,3,0,3,0,0
20237,ESCUELA ESPECIAL DE LENGUAJE HABLAPALABRAS,TEMUCO,3,0,1,43,214
20239,ESCUELA ESPECIAL DE LENGUAJE VICTORIA,VICTORIA,3,0,1,158,214
20240,ESCUELA ESPECIAL DE LENGUAJE CAPULLITO,CURACAUTÍN,3,0,1,55,214
20242,ESCUELA ESPECIAL DE LENGUAJE COLEN,RENAICO,3,0,1,90,214
20243,ESCUELA ESPECIAL DE LENGUAJE PEKES,TEMUCO,3,0,1,154,214
20244,COLEGIO DE ADULTOS RAYENCO,TEMUCO,3,0,1,249,165
20245,COLEGIO DE ADULTOS TRINIDAD,GORBEA,3,0,1,92,165
20246,ESCUELA ESPECIAL DE LENGUAJE ALEMANIA,TEMUCO,3,0,1,147,214
20247,ESC. ESPECIAL LENGUAJE STA. PATRICIA,LAUTARO,3,0,1,101,214
20248,LICEO MUNICIPAL TROVOLHUE,CARAHUE,6,0,1,201,110
20249,ESCUELA ESPECIAL HOSPITALARIA  DE ANGOL,ANGOL,3,0,3,0,0
20250,ESCUELA ESPECIAL DE LENGUAJE RAICES DEL SUR,TEMUCO,3,0,1,140,214
20251,COLEGIO DE ADULTOS WALMAPU,NUEVA IMPERIAL,3,0,2,0,0
20252,ESCUELA ESPECIAL DE LENGUAJE WILEF,TEMUCO,3,0,1,204,214
20253,ESCUELA ESPECIAL HOSPITALARIA DE VICTORIA,VICTORIA,3,0,3,0,0
20254,THE FAMILY SCHOOL,ANGOL,3,0,3,0,0
20256,JARDIN INFANTIL CLARO DE LUNA,LAUTARO,3,0,1,12,10
20257,ESCUELA DE LENGUAJE SUYAI,NUEVA IMPERIAL,3,0,1,150,214
20258,COLEGIO BICENTENARIO CUMBRES DE LABRANZA,TEMUCO,3,0,1,1287,10
20259,ESCUELA SAN MIGUEL DE IMPERIALITO,CARAHUE,3,1,1,86,10
20260,COLEGIO FILADELFIA,VILLARRICA,3,1,1,229,110
20261,COLEGIO DE EDUCACION ADULTOS CORDILLERA,TEMUCO,3,0,1,164,363
20262,JARDIN INFANTIL KIMUN,TEMUCO,3,0,1,0,0
20263,COLEGIO JUAN XXIII,VILLARRICA,3,1,1,340,10
20264,ESC.ESPECIAL LENGUAJE MANITOS PINTADAS,LOS SAUCES,3,0,1,83,214
20265,COLEGIO LOS ROBLES,TEMUCO,3,0,1,615,10
20266,LICEO BICENTENARIO DE TEMUCO,TEMUCO,2,0,1,416,110
20267,ESCUELA DE PÁRVULOS MONTE SIÓN,TEMUCO,3,0,1,95,10
20268,ESCUELA ESPECIAL DE LENGUAJE NIÑO JESUS,LONCOCHE,3,0,1,110,214
20270,COLEGIO DE ADULTOS HACIA UN NUEVO HORIZONTE,TEMUCO,3,0,1,167,165
20271,ESCUELA ESPECIAL DE LENGUAJE SUYAI VILCÚN,VILCÚN,3,0,1,117,214
20273,ESCUELA ESPECIAL DE LENGUAJE ALUN SUYAI,PADRE LAS CASAS,3,0,1,84,214
20274,COLEGIO FOR LIFE,TEMUCO,3,0,1,560,10
20275,ESCUELA ESPECIAL DE LENGUAJE GIRASOLES,VILLARRICA,3,0,3,0,0
20276,ESCUELA ESP. DE LENGUAJE MI MUNDO EN PALABRAS,LAUTARO,3,0,1,108,214
20277,ESCUELA ESPECIAL HOSPITALARIA SAN EXPEDITO,NUEVA IMPERIAL,3,0,1,68,10
20278,ESCUELA ESPECIAL HOSPITALARIA REVIVIR,VILLARRICA,3,0,1,109,10
20279,COLEGIO INTERCULTURAL CERRO LONCOCHE,PADRE LAS CASAS,3,1,1,27,110
20280,LICEO NGEN,CURARREHUE,3,0,3,0,0
20281,COLEGIO ARRAYAN,VILCÚN,3,1,1,154,10
20282,COLEGIO CUMBRE DE SAN RAMON,PADRE LAS CASAS,3,1,1,204,10
20283,ESCUELA ESPECIAL DE LENGUAJE RAYEN,GORBEA,3,0,1,64,214
20284,ESCUELA ESPECIAL DE LENGUAJE WE LIWEN,TOLTÉN,3,1,1,69,214
20285,COLEGIO EMANUEL,CHOLCHOL,3,1,1,91,10
20287,ESCUELA ESPECIAL AMPALU,ANGOL,3,0,1,76,212
20288,COLEGIO EL CASTILLO DE TEMUCO,TEMUCO,3,0,1,293,110
20289,ESCUELA NUEVOS COPIHUES,CHOLCHOL,3,1,1,79,10
20290,COLEGIO THE FOREST SCHOOL,PITRUFQUÉN,3,0,1,579,10
20291,ESCUELA DE LENGUAJE MUNDO NUEVO,TEMUCO,3,0,1,91,214
20292,ESCUELA ESPECIAL DE LENGUAJE LETRITAS,CONCEPCIÓN,3,0,1,81,214
20293,ESCUELA ESPECIAL DE LENGUAJE SEMILLITA,ARAUCO,3,0,1,102,214
20294,ESCUELA ESPECIAL N° 2458 KIMUNTUWE,LAMPA,3,0,1,59,214
20295,ESCUELA  ESPECIAL  N° 208 LA  RONDA,BUIN,3,0,1,138,214
20296,ESCUELA ESPECIAL DE LENGUAJE PEUMAYEN,HUALPÉN,3,0,1,46,214
20297,ESCUELA NUEVO AMANECER DE QUILACO,PADRE LAS CASAS,3,1,1,82,10
20298,COLEGIO PUENTE MAIPO,PUENTE ALTO,3,0,1,911,10
20299,"ESCUELA BASICA N°2459, FRANCISCO VARELA",PEÑALOLÉN,4,0,1,304,10
20300,COLEGIO DIEGO THOMPSON,VALPARAÍSO,3,0,1,212,10
20301,ESCUELA ESPECIAL DE TRANSTORNOS ESPECIFICOS DEL LENGUAJE ANDALUE,LA SERENA,3,0,1,27,214
20302,ESCUELA ESPECIAL DE LENGUAJE KOLIBRI,LA SERENA,3,0,1,54,214
20303,ESC. PARV. Nº203 GARDEN LAND PRE SCHOOL,TALAGANTE,3,0,1,35,10
20304,ESCUELA ESPECIAL Nº204 MONTEALTO,EL MONTE,3,0,1,59,214
20306,ESCUELA ESPECIAL N°209 PEPITA DE SANDIA,PAINE,3,0,1,124,10
20307,COLEGIO MONTAHUE,LA SERENA,4,0,1,69,10
20308,COLEGIO ALTERRA,SAN BERNARDO,4,0,1,403,10
20309,ESCUELA ESPECIAL JOSEPH WALDORF,COPIAPÓ,3,0,3,0,0
20310,COLEGIO DE ADULTOS PULMAHUE,SANTIAGO,3,0,1,306,165
20311,COLEGIO HUINGANAL,LO BARNECHEA,4,0,1,511,110
20312,ESCUELA ESPECIAL DE LENGAUJE NUEVA ESPERANZA,TUCAPEL,3,0,3,0,0
20313,ESC.ESP.RIGOBERTA MENCHÚ II,LA PINTANA,3,0,1,144,212
20314,ESCUELA ESPECIAL DE LENGUAJE SAN IGNACIO,CURICÓ,3,1,1,0,0
20315,ESCUELA DE LENGUAGE ELISA GOMEZ,SAN BERNARDO,3,0,1,58,214
20316,COLEGIO ALTAZOR,CHILLÁN,3,0,1,495,10
20317,CENTRO EDUCACIONAL LUZ DE LUNA,PUENTE ALTO,3,0,1,128,212
20318,ESCUELA  DE  PARVULOS N° 2461 `NOVA  AURORA`,MAIPÚ,3,0,3,0,0
20320,ESCUELA ESPECIAL DE LENGUAJE JARDIN IRLANDES,PUERTO MONTT,3,0,3,0,0
20321,ESCUELA ESPECIAL N° 2462 SAN ANDRES DE BATUCO,LAMPA,3,0,1,99,214
20323,CARIQUEO,QUILICURA,3,0,1,90,214
20324,ALTOS DEL HUERTO,TILTIL,3,0,1,549,10
20325,ESCUELA ESPECIAL DE LENGUAJE KAILIN URUGUAY,RANCAGUA,3,0,1,102,214
20326,COLEGIO DE ADULTOS SU SANTIDAD JUAN PABLO II,COQUIMBO,4,0,1,36,363
20327,ESCUELA ESPECIAL DE LENGUAJE `PASITOS`,PUNTA ARENAS,3,0,1,92,214
20328,ESCUELA ESPECIAL DE LENGUAJE SAN FRANCISCO DE ASIS,COQUIMBO,3,0,1,34,214
20329,ESCUELA BASICA N° 2464 `COLEGIO BASICO INTEGRADO PADRE PIO`,TILTIL,3,0,1,137,110
20330,INSTITUTO RAILEF,PICHILEMU,3,0,1,343,110
20331,ESCUELA ESPECIAL DE LENGUAJE `GENIOS DEL FUTURO`,SAN VICENTE,3,0,1,74,214
20332,ESCUELA ESPECIAL DEL LENGUAJE ALEGRIA DEL SABER,COQUIMBO,3,0,1,110,214
20333,ESCUELA ESPECIAL DE LENGUAJE VICENTE HUIDOBRO ALTAZOR,OVALLE,3,0,3,0,0
20334,ESCUELA ESPECIAL DE LENGUAJE ESTRELLITA DE BELÉN,ARICA,3,0,1,82,214
20335,ESCUELA ESPECIAL DE LENGUAJE MIS TESOROS,RETIRO,3,0,1,180,214
20337,SALA CUNA Y JARDIN INFANTIL CAPULLITO,TALCA,4,0,1,0,0
20338,ESC.PARV.N° 2465 ARTISTICO NUEVO SOL,LA FLORIDA,3,0,1,34,10
20339,ESCUELA ESPECIAL DE LENGUAJE RAYITO DE LUZ,PANGUIPULLI,3,0,1,88,214
20340,ESCUELA ESPECIAL DE LENGUAJE LA COLMENA,SAN FERNANDO,3,0,1,67,214
20341,ESCUELA ESPECIAL DE LENGUAJE PANKULL,MOSTAZAL,3,0,1,194,214
20342,ESCUELA ESPECIAL DE LENGUAJE POLHUIN,CHANCO,2,1,1,23,214
20343,ESCUELA   ESPECIAL  N°  211 `KIMKUMTUN`,SAN BERNARDO,3,0,1,44,214
20344,ESCUELA ESPECIAL DE LENGUAJE PALABRAS DE CRISTAL,LONGAVÍ,3,0,1,77,214
20345,ESCUELA ESPECIAL N° 205 SANTA MARIA,MELIPILLA,3,0,1,89,214
20346,ESCUELA ESPECIAL DE LENGUAJE PEQUEÑO MUNDO,LA SERENA,3,0,1,74,214
20347,C.E.I.A. AMIGOS DEL PADRE HURTADO,LA SERENA,3,0,1,171,363
20348,NORTH CROSS SCHOOL,CURACAVÍ,3,0,1,766,10
20349,ESCUELA ESPECIAL DE LENGUAJE ARBOL SAGRADO,MACHALÍ,3,0,1,52,214
20350,ESCUELA ESPECIAL DE LENGUAJE PEUMAYEN,SAN FERNANDO,3,0,1,93,214
20351,ESCUELA ESPECIAL PLAY SCHOOL,CONCEPCIÓN,3,0,1,64,212
20352,COLEGIO BUEN PASTOR,CONSTITUCIÓN,3,0,1,390,310
20354,ESCUELA ESPECIAL DE LENGUAJE PEQUEÑOS REYES,LA CRUZ,3,0,1,71,214
20355,ESCUELA ESPECIAL DE LENGUAJE SAN SEBASTIAN,COQUIMBO,3,0,1,107,214
20356,COLEGIO DE JOVENES Y ADULTOS BALMACEDA,LA SERENA,3,0,1,250,363
20357,ESCUELA ESPECIAL DE LENGUAJE ZAPATITO JUGUETON,VILCÚN,3,0,1,119,214
20358,ESCUELA ESPECIAL DE LENGUAJE EDUCARTE,VALDIVIA,3,0,1,55,214
20359,INSTITUTO  PARA  ADULTOS COSTEAU,MAIPÚ,3,0,1,115,363
20360,ESCUELA ESPECIAL DE LENGUAJE ARBOLIRIS,LA SERENA,3,0,1,68,214
20361,COLEGIO TRAPANANDA,COYHAIQUE,3,0,1,85,165
20362,JARDIN INFANTIL BRAZOS DE SOL,COQUIMBO,3,0,3,0,0
20363,ESCUELA ESPECIAL DE LENGUAJE PEQUEÑOS ARTISTAS,QUILLOTA,3,0,1,53,214
20364,COLEGIO AYELEN,RANCAGUA,3,0,1,1227,10
20365,ESCUELA ESPECIAL DE LENGUAJE MI MUNDO IDEAL,PUERTO MONTT,3,0,1,43,214
20366,ESCUELA ESPECIAL DE LENGUAJE AYEKANTUN,QUILLOTA,3,0,1,66,214
20368,ESCUELA ESPECIAL DE LENGUAJE EL DUENDE DAPAFE,QUILPUÉ,3,0,1,125,214
20369,CENTRO DE EDUCACION DE ADULTOS LA SERENA,LA SERENA,4,0,1,0,0
20371,ESCUELA ESPECIAL DE LENGUAJE ENE-TENE-TÚ,QUILPUÉ,3,0,1,43,214
20372,ESCUELA ESPECIAL Y DE LENGUAJE EL SAUCE,COQUIMBO,3,1,1,153,212
20373,ESCUELA ESPECIAL DE LENGUAJE RAIMAU,SAN FELIPE,3,0,1,43,214
20374,ESCUELA ESPECIAL DE LENGUAJE LAWAL,PUERTO MONTT,3,0,1,24,214
20375,ESCUELA ESPECIAL DE LENGUAJE ESMERALDA,RENGO,3,0,1,55,214
20376,COLEGIO NUEVA ALERCE,PUERTO MONTT,2,0,1,703,10
20377,ESCUELA ESPECIAL DE LENGUAJE SANTA MARIANA,LA SERENA,3,0,1,45,214
20378,ESCUELA BASICA RENACER,SAAVEDRA,3,1,1,30,110
20379,ESCUELA ESPECIAL DE LENGUAJE SEMILLITAS DE AMOR,QUILPUÉ,3,0,1,66,214
20380,ESCUELA ESPECIAL RESPLANDECER,SAN PABLO,3,0,3,0,0
20381,ESCUELA ESPECIAL DE LENGUAJE APRENDO FELIZ,PUERTO VARAS,3,0,1,56,214
20382,JARDÍN INFANTIL Y SALA CUNA CRICRI,PUERTO VARAS,4,0,1,0,0
20383,ESCUELA ESPECIAL DE LENGUAJE SAYEN,OSORNO,3,0,1,139,214
20385,ESCUELA ESPECIAL DE LENGUAJE ALMAGRO,LOS ÁNGELES,3,0,1,51,214
20386,ESCUELA ESPECIAL DE LENGUAJE LANKUYEN CARELMAPU,MAULLIN,3,0,1,43,214
20387,"ESCUELA ESPECIAL N° 206, DANTE ALIGHIERI",PEÑAFLOR,3,0,1,67,214
20388,COLEGIO HOSPITAL SALVADOR DE VALPARAISO,VALPARAÍSO,3,0,1,1,110
20389,ESCUELA ESPECIAL DE LENGUAJE CAPULLOS,LOS ÁNGELES,3,0,1,87,214
20390,COLEGIO CIELOS DEL VALLE,LA SERENA,3,0,1,197,110
20391,ESCUELA ESPECIAL DE LENGUAJE EL NOGAL,FLORIDA,3,0,1,82,214
20392,COLEGIO SAN PABLO,LOS ÁNGELES,3,0,1,40,10
20393,CENTRO DE EDUCACION INTEGRADA DE ADULTOS POETA ALFONSO MORA,TOMÉ,2,0,1,231,165
20395,COLEGIO DE ADULTOS ANDRES BELLO,CHILLÁN,3,0,1,301,363
20396,JARDIN INFANTIL Y SALA CUNA LUNITA,IQUIQUE,4,0,2,0,0
20397,ESCUELA ESPECIAL N°2466 NUESTROS HIJOS,CONCHALÍ,3,0,1,64,214
20399,COLEGIO EDUCAADULTOS CONCHALI,CONCHALÍ,3,0,1,310,363
20400,COLEGIO KIMEN MONTESSORI,COLINA,4,0,1,589,10
20401,"ESCUELA BASICA N° 2468, RONALDO MUÑOZ GIBBS",LAMPA,3,0,1,398,10
20402,ESCUELA DEL CARIÑO KIMELTUWE,BUIN,3,0,1,331,165
20404,ESCUELA DEL CARIÑO SAINT CHRISTIAN,LA GRANJA,3,0,1,562,165
20405,ESCUELA ESPECIAL DE LENGUAJE NUEVA HABLA PALABRA,COQUIMBO,3,0,1,0,0
20406,CENTRO DE EDUCACION INTEGRADA DE ADULTOS MONSEÑOR ALFREDO SILVA SANTIAGO,CONCEPCIÓN,3,0,1,0,0
20407,ESCUELA ESPECIAL Y DE LENGUAJE ALIWEN,LA SERENA,3,0,1,51,214
20408,ESCUELA ESPECIAL DE LENGUAJE HUELLITAS,PUERTO VARAS,3,0,1,85,214
20409,ESCUELA HOSPITALARIA PUERTO MONTT,PUERTO MONTT,2,0,1,72,10
20410,COLEGIO GENESIS,PURRANQUE,3,0,1,284,10
20411,CENTRO DE EDUCACION DE ADULTOS ANDRES BELLO,OSORNO,3,0,1,102,165
20412,ESCUELA DIFERENCIAL Y CENTRO DE ATENCION TEMPRANA LIBERTAD,CONCEPCIÓN,3,0,1,135,216
20413,ESPECIAL DE LENGUAJE COLORIN COLORADO,LOS ÁNGELES,3,0,1,76,214
20414,ESCUELA ESPECIAL DE LENGUAJE BRISTOL,HUALPÉN,3,0,1,97,214
20416,ESCUELA ESPECIAL DE LENGUAJE CREANDO SUEÑOS,ÑIQUÉN,3,0,1,177,110
20418,ESCUELA ESPECIAL DE LENGUAJE CARACOL,MULCHÉN,3,0,1,0,0
20419,ESCUELA DE PARVULOS N°2467 LARAPINTA EL SOL,LAMPA,3,0,1,43,10
20421,ESCUELA ESPECIAL DE LENGUAJE TUCAPEL,TUCAPEL,3,0,1,45,214
20422,ESCUELA ESPECIAL DE LENGUAJE ESPERANZA,CABRERO,3,0,1,15,214
20423,ECO ESCUELA QUPA YAPU DE TRASTORNOS ESPECÍFICOS DEL LENGUAJE,COPIAPÓ,3,0,1,58,214
20424,ESCUELA ESPECIAL DE LENGUAJE Y ESCUELA BASICA MY COLLEGE,CHILLÁN,3,0,1,1097,10
20425,COLEGIO EDUCRECE,QUILPUÉ,3,0,1,63,212
20426,ESCUELA BASICA N° 2469 COLEGIO NEHUEN,LAMPA,3,0,1,209,10
20427,ESCUELA BASICA ÑIPAS,RANQUIL,2,0,1,229,10
20428,ESCUELA DE PAVULOS N°2471 ESCUELA PRE ESCOLAR CANTAGALLO,LO BARNECHEA,4,0,1,532,10
20429,ESCUELA ESPECIAL N° 2470 ÁRBOL DE COLORES,LA PINTANA,3,0,1,169,214
20430,ESCUELA ESPECIAL DE LENGUAJE PEUMAYEN,CORONEL,3,0,1,21,214
20431,ESCUELA ESPECIAL DE LENGUAJE SAN DAMIAN,CHILLÁN VIEJO,3,0,3,0,0
20432,ESCUELA ESPECIAL N° 2472 GIRASOL,LA FLORIDA,3,0,1,76,214
20433,ESCUELA ESPECIAL DE LENGUAJE PEQUEÑOS AMIGOS,CONCEPCIÓN,3,0,1,41,214
20435,COLEGIO CALASANZ KURAREWE,CURARREHUE,3,0,1,189,10
20436,COLEGIO  ALONSO  DE  CORDOVA,RENCA,3,0,1,700,10
20437,ESCUELA ESPECIAL DE LENGUAJE GIRASOLES,CHILLÁN,3,0,1,107,214
20438,ESCUELA ESPECIAL DE LENGUAJE SANTA LEONOR,TALCAHUANO,3,0,1,101,214
20439,ESCUELA ESPECIAL DE LENGUAJE MUNICIPAL,LA UNIÓN,2,0,1,25,214
20440,LICEO DOCTOR JUAN VERDAGUER PLANAS,RECOLETA,2,0,1,451,110
20441,COLEGIO CABO DE HORNOS,COLINA,4,0,1,839,10
20442,ESCUELA PREMILITAR SARGENTO JUAN DE DIOS ALDEA FONSECA,VILLA ALEMANA,3,0,3,0,0
20443,INSTITUTO DE EDUCACIÓN DE ADULTOS ACONCAGUA,CALERA,3,0,1,410,165
20444,ESCUELA DE PARVULOS N°2475 AMERICAN BRITISH FIRST,LA FLORIDA,4,0,1,279,10
20445,COLEGIO WESTON ACADEMY,LAMPA,4,0,1,739,10
20446,CENTRO DE EDUCACION ESPECIAL SAN FRANCISCO DE ASIS,MARIQUINA,3,0,1,24,217
20447,ESCUELA  ESPECIAL  N°2476  MIS  FUTURAS  PALABRAS,MAIPÚ,3,0,1,86,214
20449,ESCUELA BÁSICA N°209 COLEGIO SANTA CLAUDIA,MELIPILLA,3,0,1,222,110
20450,ESCUELA DE LENGUAJE ALMA MATER,PANGUIPULLI,3,0,1,117,214
20452,COLEGIO DE EDUCACION DE ADULTOS PAULO FREIRE,RANCAGUA,3,0,1,47,363
20453,JARDIN INFANTIL Y SALA CUNA CAQUITO,PUERTO MONTT,4,0,2,0,0
20454,ESCUELA ESPECIAL DE LENGUAJE ARBOL,PALMILLA,3,0,1,35,214
20455,ESCUELA  ESPECIAL  N° 2481  `SANTA  EMILIA `,PUDAHUEL,3,0,1,87,214
20456,ESCUELA  DIFERENCIAL N° 2480  ` AMULEN`,RENCA,3,0,1,195,212
20457,ESCUELA ESPECIAL N° 2479 MARGARITA,CONCHALÍ,3,0,1,48,214
20458,ESCUELA ESPECIAL N° 2478 ANGELES,QUILICURA,3,0,1,44,214
20460,COLEGIO LA MISION MOSTAZAL,MOSTAZAL,3,0,1,722,10
20461,COLEGIO TECNICO PROFESIONAL SAN ESTEBAN,BULNES,3,0,1,308,310
20462,ESCUELA ESPECIAL DE LENGUAJE AMAPOLA,OLIVAR,3,0,1,83,214
20463,ESCUELA ESPECIAL DE LENGUAJE TRAVESÍA,LA SERENA,3,0,1,63,214
20464,LICEO PRESIDENTE CARLOS IBÁÑEZ DEL CAMPO,ARICA,3,0,1,92,167
20466,COLEGIO DE ADULTOS PABLO NERUDA DE TALCA,TALCA,3,0,1,496,165
20467,ESCUELA ESPECIAL DE LENGUAJE EL CASTILLO DE VICENTE,RANCAGUA,3,0,1,61,214
20468,JARDIN INFANTIL KIDS EXPLORER,LA SERENA,3,0,3,0,0
20469,CENTRO DE EDUCACION INTEGRAL DE ADULTOS PAIHUEN DE VICUÑA,VICUÑA,3,0,1,392,165
20470,CENTRO DE EDUCACION INTERGRADA DE ADULTOS ICADE,LOS ÁNGELES,3,0,1,0,0
20471,ESCUELA DE PARVULOS N°2482 KINDERGARTEN ALTONA,VITACURA,4,0,1,0,0
20472,ESCUELA ESPECIAL DE LENGUAJE MI PEQUEÑO SUEÑO,LINARES,3,0,1,135,214
20473,COLEGIO SAN BENITO,TALCA,3,0,3,0,0
20474,COLEGIO VIRGINIA SUBERCASEAUX,PIRQUE,4,0,1,262,10
20475,COLEGIO ACADEMIA POLIVALENTE DE FORMACIÒN PREMILITAR GENERAL JOSE MIGUEL CARRERA,EL MONTE,3,0,1,133,110
20476,JARDIN INFANTIL Y SALA CUNA THE GREEN VALLEY,PUERTO MONTT,4,1,1,0,0
20477,COLEGIO TALCA,TALCA,4,0,1,263,10
20478,COLEGIO TÉCNICO INDUSTRIAL DON BOSCO - CALAMA,CALAMA,3,0,1,1067,110
20480,ESCUELA ESPECIAL N° 238 MAGUS,PUENTE ALTO,3,0,1,35,214
20481,ESCUELA DE ADULTOS RESPLANDECER,SAN PABLO,4,0,1,0,0
20483,JARDIN INFANTIL MUNAYI MONTESSORI,IQUIQUE,4,0,1,0,0
20484,AULA HOSPITALARIA SAN SEBASTIAN DE IQUIQUE,IQUIQUE,3,0,1,105,10
20485,JARDIN INFANTIL HOGAR LUTERANO,VALDIVIA,3,0,2,0,0
20486,JARDIN INFANTIL SEMILLITAS DEL VALLE,GALVARINO,3,0,1,27,10
20487,ESCUELA ESPECIAL N° 2483 ANKATU,COLINA,3,0,1,66,214
20488,ESCUELA DE LENGUAJE Y PRE BÁSICA  EL CAMINO,COYHAIQUE,3,0,3,0,0
20489,COLEGIO CIMA,COINCO,3,1,1,208,10
20490,ESCUELA ESPECIAL MONTE DE LOS OLIVOS,TEMUCO,3,1,1,34,212
20491,ESCUELA ESPECIAL DIFERENCIAL ALEN,LOS ÁNGELES,3,0,1,60,212
20492,ESCUELA ESPECIAL MASTER EDUCA,CHIMBARONGO,3,1,1,143,212
20493,ESCUELA ESPECIAL Nº239 CARRUSEL,PUENTE ALTO,3,0,1,42,214
20494,CENTRO DE EDUCACION INTEGRAL DE ADULTOS `RENACER`,RANCAGUA,3,0,1,90,165
20495,INSTITUTO TABANCURA,VIÑA DEL MAR,4,0,3,0,0
20497,ESCUELA ESPECIAL DE LENGUAJE MANDALA,VALPARAÍSO,3,0,1,42,214
20498,COLEGIO PARA ADULTOS `CARPE DIEM`,RANCAGUA,3,0,1,76,363
20500,COLEGIO TRICAHUE,REQUÍNOA,4,0,1,294,10
20502,COLEGIO PUMAHUE CHICAUMA,LAMPA,4,0,1,875,10
20503,CEIA ADOLFO PEREZ ESQUIVEL,LA SERENA,3,0,3,0,0
20504,CENTRO EDUCACIONAL HACIENDA DE TENO,TENO,2,1,1,10,110
20505,AULA HOSPITALARIA DE COQUIMBO,COQUIMBO,3,0,1,99,10
20506,ESCUELA HOSPITALARIA DE ANCUD,ANCUD,1,0,1,6,110
20507,COLEGIO CREE CERRO NAVIA,CERRO NAVIA,3,0,1,955,10
20508,COLEGIO VILLA CARTAGO,CARTAGENA,2,0,1,325,10
20509,COLEGIO EDUCAD LO ESPEJO,LO ESPEJO,3,0,1,145,363
20510,COLEGIO  EDUCAR ADULTOS  RECOLETA,RECOLETA,3,0,1,148,363
20511,ESCUELA  ESPECIAL N° 2486 EDELWEISS,QUINTA NORMAL,3,0,1,97,214
20512,ESCUELA ESPECIAL DIFERENCIAL CENTRO DE FORMACION LABORAL AMANECER DE CARRIZALES,COELEMU,2,0,1,19,212
20513,AMAZING GRACE ENGLISH SCHOOL - PEÑUELAS,COQUIMBO,4,0,1,798,10
20514,ESCUELA ESPECIAL DE LENGUAJE ANELEY,PANQUEHUE,3,0,1,37,214
20516,ESCUELA DE LENGUAJE NUEVA ESPERANZA DE DICHATO,TOMÉ,3,0,1,52,214
20517,COLEGIO PIU AVANTI,VIÑA DEL MAR,3,0,3,0,0
20518,ESCUELA ESPECIAL DE LENGUAJE AGUA SANTA,VIÑA DEL MAR,3,0,1,66,214
20519,COLEGIO CIENTIFICO HUMANISTA ALVARO COVARRUBIAS,INDEPENDENCIA,4,0,1,259,110
20520,COLEGIO SAN MARCOS DE ANTOFAGASTA,ANTOFAGASTA,4,0,1,415,10
20521,JARDIN INFANTIL ALMINAR,SAN FERNANDO,4,0,1,0,0
20526,JARDÍN INFANTIL Y SALA CUNA KRIPPE,IQUIQUE,4,0,1,0,0
20533,ESCUELA ESPECIAL DE LENGUAJE MIS PRIMEROS PASITOS,ARICA,3,0,1,43,214
20549,ESCUELA ESPECIAL DIFERENCIAL HUALLEREHUE,SANTA JUANA,2,1,1,31,212
20562,ESCUELA ESPECIAL LAUTRARU PADRE HURTADO,SAN BERNARDO,3,0,1,254,212
20564,JARDIN INFANTIL ANTUNEYEN,OVALLE,3,0,1,17,10
20566,JARDIN INFANTIL AGUSTINA PAZ,LIMACHE,4,0,1,0,0
20567,ENGLISH COLLEGE LOS RÍOS,VALDIVIA,3,0,1,307,10
20582,ESCUELA ESPECIAL DE LENGUAJE CLUSTER,VICTORIA,3,0,1,60,214
20585,ESCUELA ESPECIAL Nº 2487  ` OMILEN  ANTU `,MAIPÚ,3,0,1,31,214
20586,ESCUELA DE PARVULOS N°210 JARDIN INFANTIL PEPITAS DE AMOR,MELIPILLA,4,0,1,0,0
20592,ESCUELA ESPECIAL Nº 213 PRINCIPADO INFANCIA FELIZ,SAN BERNARDO,3,0,1,55,214
20593,ESCUELA ESPECIAL Nº 214 PROFESOR ANTONIO OROZ,SAN BERNARDO,3,0,1,105,216
20600,ESCUELA REMIGIO AGURTO FUENTES DE PARRAL,PARRAL,2,0,1,52,165
20601,COLEGIO TERRAVIDA,PUERTO VARAS,4,0,1,379,110
20604,ESCUELA ESPECIAL DE LENGUAJE GRANJERITOS,SAN CLEMENTE,3,0,1,221,214
20629,ESCUELA ESPECIAL Nº2488 J.J. PÉREZ,CERRO NAVIA,3,0,3,0,0
20631,ESCUELA HOSPITALARIA PADRE HURTADO,SAN RAMÓN,3,0,1,32,10
20632,JARDIN INFANTIL Y SALA CUNA ARCO IRIS DEL SABER,IQUIQUE,4,0,1,0,0
20634,ESCUELA ESPECIAL DE LENGUAJE ESTOY FELIZ,CORONEL,3,0,1,119,214
20638,ESCUELA ESPECIAL DE LENGUAJE ANTAKARI,COQUIMBO,3,1,1,90,214
20663,ESCUELA HOSPITALARIA DOCTORA ELOISA DIAZ INSUNZA,LA FLORIDA,3,0,1,48,10
20665,ANTOFAGASTA GREENHILL SCHOOL,ANTOFAGASTA,4,0,1,179,10
20691,ESCUELA DE EDUCACIÓN ESPECIAL KANTATURU,ARICA,3,0,1,95,212
21123,LICEO AGRICOLA MAFIL,MÁFIL,2,0,3,0,0
22000,J INF Y COL HISP   MONTESSORI   N   309,VALDIVIA,4,0,3,0,0
22001,COLEGIO SIMON BOLIVAR,OSORNO,3,0,2,0,0
22002,ESCUELA RURAL LOS COPIHUES,SAN PABLO,2,1,2,0,0
22004,LICEO TECNICO PROFESIONAL REMEHUE,OSORNO,3,1,3,0,0
22007,COLEGIO ARTISTICO SANTA CECILIA,OSORNO,3,0,1,874,10
22008,ESCUELA PARTICULAR TICAHUE,RÍO BUENO,3,1,2,0,0
22009,COLEGIO SANTA MARIA,PUERTO MONTT,3,0,1,405,10
22010,COLEGIO CHILOE,ANCUD,3,0,1,375,10
22011,ESCUELA PARTICULAR N.315 RAIQUEN,ANCUD,3,0,2,0,0
22012,LICEO PUNTA DE RIELES,LOS MUERMOS,6,0,1,263,110
22013,ESCUELA ESPECIAL N.316 LOS CIRUELILLOS,CASTRO,3,0,1,36,212
22014,COLEGIO BAQUEDANO,VALDIVIA,3,0,1,391,10
22015,ESCUELA RURAL INCOPULLI,QUELLÓN,1,1,2,0,0
22016,ESCUELA PARTICULAR CARRAN CHICO,LAGO RANCO,3,1,1,2,110
22017,ANEXO COLEGIO SANTA CRUZ,RÍO BUENO,3,0,2,0,0
22019,ESCUELA PARTICULAR N. 320 ADVENTISTA,PUERTO MONTT,3,0,1,401,10
22020,COLEGIO CAHUALA,CASTRO,4,0,1,36,10
22021,LICEO LAS AMERICAS,PUYEHUE,2,0,1,303,310
22022,LICEO IGNACIO CARRERA PINTO,FRUTILLAR,6,0,1,477,310
22024,LICEO TECNICO PROFESIONAL RADIO 24,PAILLACO,3,1,1,274,510
22025,ESCUELA PARTICULAR SAN MIGUEL,PANGUIPULLI,3,1,1,30,10
22026,JARDIN INFANTIL MOISES,PUERTO MONTT,4,0,3,0,0
22027,LICEO HORNOPIREN,HUALAIHUÉ,2,1,1,324,310
22028,JARDIN INFANTIL INGLES,PUERTO MONTT,4,0,3,0,0
22029,COLEGIO STAR COLLEGE,OSORNO,4,0,1,180,10
22030,CENTRO ABIERTO   MI NIDITO,LOS MUERMOS,4,0,3,0,0
22031,CENTRO ABIERTO LOS CACHORRITOS,LOS MUERMOS,4,0,3,0,0
22032,CENTRO ABIERTO SAN MIGUEL,CALBUCO,4,0,3,0,0
22034,C.E.A. PAULO FREIRE,MAULLIN,3,0,3,0,0
22036,JARDIN INFANTIL MI RINCON,VALDIVIA,4,0,3,0,0
22038,JARDIN INFANTIL `LOS CARIÑOSITOS`,CASTRO,4,0,1,0,0
22039,JARDIN INFANTIL LAS CHINITAS,CHONCHI,4,0,3,0,0
22041,CENTRO EDUCACIONAL PAZ Y AMOR,ANCUD,3,0,1,255,10
22042,ESCUELA PARTICULAR N.321 PULELO,ANCUD,3,1,3,0,0
22043,CENTRO EDUC.I.ADULTOS JOHN F. KENNEDY,OSORNO,3,0,3,0,0
22044,LICEO POLITECN. PEOPLE HELP PEOPLE,PANGUIPULLI,3,0,3,0,0
22045,ESCUELA RURAL EL PROGRESO,MARIQUINA,2,1,3,0,0
22046,CENTRO ABIERTO JUAN SOLER MANFREDINI,CASTRO,3,0,3,0,0
22048,ESCUELA RURAL CHANGUE,MAULLIN,2,1,1,4,110
22049,ESCUELA PARTICULAR N.322,MAULLIN,3,1,1,20,110
22050,LICEO BICENTENARIO DE EXCELENCIA BENJAMIN MUÑOZ GAMERO,PUERTO OCTAY,2,0,1,277,310
22051,ESC. ESPECIAL DE LENGUAJE PEKE LINES,VALDIVIA,3,0,1,44,214
22053,CENTRO ABIERTO SAN JOSE,MARIQUINA,4,0,3,0,0
22055,CENTRO ABIERTO PALOMITAS,MÁFIL,4,0,3,0,0
22056,CENTRO ABIERTO RUCANTU,LAGO RANCO,4,0,3,0,0
22057,CENTRO ABIERTO NAGUILAN,CORRAL,4,0,3,0,0
22058,CENTRO ABIERTO BERNARDO O'HIGGINS,OSORNO,3,0,3,0,0
22059,CENTRO ABIERTO DISNEYLANDIA,OSORNO,3,0,3,0,0
22060,CENTRO ABIERTO 22 DE MAYO,RÍO NEGRO,3,0,3,0,0
22061,CENTRO ABIERTO MIRASOL RAYITO DE SOL,PUERTO MONTT,4,0,3,0,0
22062,LICEO AGRICOLA SAN JAVIER,LA UNIÓN,3,1,2,0,0
22063,JARDIN INFANTIL TOM Y JERRY,VALDIVIA,4,0,3,0,0
22064,COLEGIO MARTIN LUTERO,OSORNO,4,0,3,0,0
22065,COLEGIO SAN FRANCISCO DE ASIS,CASTRO,3,0,1,1280,10
22066,CENTRO DE EDUCACION DE ADULTOS PAULO FREIRE,MAULLIN,3,0,1,31,363
22067,LICEO POLITECNICO ANTULAFKEN,SAN JUAN DE LA COSTA,2,1,3,0,0
22070,ESCUELA PARVULARIA `RAYITO DE SOL`,PUYEHUE,2,0,1,19,10
22072,ESCUELA RURAL ACUY,QUEILÉN,1,1,3,0,0
22073,JARDIN INFANTIL   WUALDY,PUERTO MONTT,4,0,3,0,0
22075,THE ENGLISH SCHOOL,PUERTO MONTT,4,0,3,0,0
22076,LICEO DE ADULTOS ELSA DIAZ SALDIAS,OSORNO,3,0,3,0,0
22077,ESCUELA PARTICULAR LLAQUITO,LA UNIÓN,3,1,1,3,110
22078,ESCUELA ESPECIAL DE LENGUAJE MAIHUE,CASTRO,3,0,1,89,214
22079,ESCUELA PARTICULAR N° 327 SEMBRADOR,RÍO NEGRO,3,0,3,0,0
22080,LICEO COMERCIAL LEONARDO DA VINCI,OSORNO,3,0,3,0,0
22081,LIC. AGR. Y FORESTAL PEOPLE HELP PEOPLE,PANGUIPULLI,3,1,3,0,0
22083,COLEGIO ALMIRANTE JUAN JOSE LATORRE,CHAITÉN,2,1,1,464,10
22084,LICEO POLITECNICO ANTULAFKEN,SAN JUAN DE LA COSTA,2,1,1,137,610
22086,LICEO RURAL LAS QUEMAS,PUERTO MONTT,2,1,1,393,10
22087,JARDIN INFANTIL FANTASIA,PUERTO MONTT,4,0,3,0,0
22088,COLEGIO  MI TIERRA,ANCUD,4,0,3,0,0
22089,C.E.I.A. SALOMON FUENTES MARTINEZ,ANCUD,1,0,1,76,165
22091,JARDIN INFANTIL RAYITO DE LUZ,VALDIVIA,3,0,1,98,10
22092,ESCUELA PARTICULAR LOS HALCONES,HUALAIHUÉ,3,1,1,6,110
22093,ESCUELA BASICA SAN LUIS,COCHAMÓ,2,1,2,0,0
22094,COLEGIO WANELEN WE,CASTRO,3,0,1,350,10
22095,ESCUELA PARTICULAR EL HUIRO,CORRAL,3,1,1,4,110
22096,ESCUELA PARTICULAR JUANITA FERNANDEZ SOLAR,FRUTILLAR,3,1,1,85,110
22097,LICEO AGROPECUARIO Y FORESTAL LIPINGUE,LOS LAGOS,3,1,2,0,0
22098,ESCUELA RURAL INIO,QUELLÓN,1,1,1,6,110
22100,ESCUELA RURAL EL VARAL,HUALAIHUÉ,2,1,1,3,110
22101,ESCUELA DIFERENCIAL `ASPADEP`,PUERTO VARAS,6,0,1,77,212
22102,JARDIN INFANTIL PEPITO GRILLO,OSORNO,4,0,3,0,0
22103,CENTRO DE REHABILITACION DE LA PARALISIS CEREBRAL OSORNO,OSORNO,3,0,1,14,215
22105,ESCUELA BASICA FRESIA,FRESIA,6,0,1,499,10
22107,ESCUELA DIFERENCIAL CORDAM,VALDIVIA,3,0,2,0,0
22108,LICEO TECNICO MONSENOR FRANCISCO VALDES SUBERCASEAUX,OSORNO,3,0,2,0,0
22109,ESCUELA RURAL PUERTO BONITO,HUALAIHUÉ,2,1,2,0,0
22110,ESCUELA PARTICULAR RENIHUE,CHAITÉN,3,1,3,0,0
22111,ESCUELA PARTICULAR MALIHUE,LOS LAGOS,3,1,1,60,110
22112,ESCUELA RURAL PUNTA WHITE,QUELLÓN,1,1,1,13,110
22113,LICEO FRAY PABLO DE ROYO,SAN PABLO,2,0,1,249,310
22114,LICEO PREMILITAR HÉROES DE LA CONCEPCIÓN,OSORNO,3,0,1,344,310
22115,CENTRO DE EDUCACION DE ADULTOS FRANCIA,MAULLIN,3,0,3,0,0
22116,JARDIN INFANTIL `ARLEQUIN`,PUERTO MONTT,4,0,1,0,0
22117,JARDIN INFANTIL `AGUALUNA`,CHONCHI,4,0,1,0,0
22119,COLEGIO `SAN ANDRES`,ANCUD,4,0,1,34,10
22120,BENJAMIN FRANKLIN SCHOOL,PUERTO MONTT,4,0,3,0,0
22122,CENTRO DE EDUC.DE ADULTOS LOS HEROES,PUERTO MONTT,3,0,3,0,0
22123,LICEO AGRICOLA MAFIL,MÁFIL,2,1,3,0,0
22125,ESCUELA PARTICULAR COMUY,LAGO RANCO,3,1,1,4,110
22127,JARDIN INFANTIL `EL TALLITO`,PUERTO MONTT,4,0,1,0,0
22128,CENTRO DE COMUNICACION INTEGRA,VALDIVIA,3,0,3,0,0
22129,CENTRO DE COMUNICACION INTEGRADA,VALDIVIA,3,0,3,0,0
22130,ESCUELA ALLA-KINTUY,QUELLÓN,1,0,1,239,10
22133,ESCUELA ESPECIAL DE LENGUAJE PALABRAS MAGICAS,OSORNO,3,0,1,135,214
22134,ESCUELA RURAL BONIFACIO,VALDIVIA,2,1,1,56,110
22136,JARDIN INFANTIL PIOLIN,OSORNO,3,0,3,0,0
22137,JARDIN INFANTIL `LA CAMPIÑA`,OSORNO,4,0,1,0,0
22138,ESCUELA RURAL EL TIGRE,PALENA,2,1,1,16,110
22139,ESCUELA ESPECIAL `LAURA VICUÑA`,PUERTO MONTT,3,0,1,58,212
22140,LICEO BICENTENARIO INGENIERO RICARDO FENNER RUEDI,LA UNIÓN,3,1,1,889,510
22141,ESCUELA RURAL MICHAILELO,QUELLÓN,1,1,3,0,0
22142,ESCUELA RURAL BLANCHARD,QUELLÓN,1,1,1,6,110
22143,ESCUELA INDUSTRIAL REMEHUE ANEXO AGROSOL,ANCUD,3,1,3,0,0
22144,COLEGIO PUERTO VARAS,PUERTO VARAS,4,0,1,1087,10
22145,ESCUELA RURAL EL MIRADOR,LOS LAGOS,2,1,1,9,110
22146,COLEGIO ABRAHAM LINCOLN,OSORNO,3,0,1,329,110
22147,ESCUELA DE PARVULOS CARPE DIEM,CASTRO,4,0,3,0,0
22148,ESCUELA PART. EL PARQUE PONHUIPA,RÍO BUENO,3,1,1,19,110
22151,LICEO AGRICOLA DE ANCUD,ANCUD,1,0,3,0,0
22153,ESCUELA PARTICULAR ESTRELLA SOLITARIA,LAGO RANCO,3,1,1,11,110
22154,C.E.A. PAULO FREIRE ANEXO CARELMAPU,MAULLIN,3,0,3,0,0
22155,COLEGIO CARPE DIEM,CASTRO,3,0,1,472,10
22156,JARDIN INFANTIL `LOS ZARAPITOS`,CHONCHI,3,0,3,0,0
22157,COLEGIO CREACION,OSORNO,4,0,3,0,0
22158,ESCUELA PARTICULAR EL PRADO,LA UNIÓN,3,1,1,126,10
22159,ESCUELA PARTICULAR EL MINERO,RÍO BUENO,3,1,1,12,110
22160,MARTIN LUTHER KING COLLEGE,VALDIVIA,3,0,1,360,10
22161,ESCUELA CIUDAD DEL NINO,VALDIVIA,3,0,3,0,0
22162,ESCUELA PARTICULAR PUILE,MARIQUINA,3,1,1,19,110
22163,JARDIN INFANTIL LAS HORMIGUITAS,OSORNO,4,0,3,0,0
22164,ESCUELA RURAL  PUFUDI,MARIQUINA,2,1,3,0,0
22165,ESCUELA PARTICULAR MARANATA,LANCO,3,1,1,85,110
22167,CENTRO EDUCACION DE ADULTOS FRANCIA,MAULLIN,3,1,3,0,0
22168,ESCUELA PARTICULAR MELIPUE,LAGO RANCO,3,1,2,0,0
22169,ESCUELA PARTICULAR SIMON BOLIVAR,OSORNO,3,0,3,0,0
22170,CENTRO EDUC. DE ADULTOS FUTALEUFU,FUTALEUFÚ,3,0,3,0,0
22171,C.E.A. CORNELIO PARANCAN,CALBUCO,3,0,2,0,0
22172,JARDIN INFANTIL CASITA ENCANTADA,VALDIVIA,4,0,1,14,10
22173,JARDIN INFANTIL ADVENTISTA,CASTRO,3,0,1,31,10
22174,ESCUELA PARTICULAR OROMO DE LA PIEDRA,PURRANQUE,3,1,3,0,0
22175,ESCUELA PABLO NERUDA,PUERTO MONTT,2,0,1,285,10
22176,ESCUELA PADRE HURTADO,CASTRO,1,0,1,198,10
22177,COLEGIO SAN LUIS DE ALBA,VALDIVIA,4,0,1,544,10
22178,JOSE MANUEL BALMACEDA FERNANDEZ,FUTRONO,2,0,3,0,0
22179,COLEGIO BLAS PASCAL,OSORNO,4,0,3,0,0
22180,ESCUELA PART.HUMBERTO HERNANDEZ,CORRAL,3,1,1,1,110
22181,ESCUELA PARTICULAR RALUYA,MARIQUINA,3,1,1,65,110
22182,CORPORACION DE EDUCACION LA ARAUCANA,LA UNIÓN,4,0,2,0,0
22184,ESCUELA PARTICULAR RUBEN BASTIDAS,MAULLIN,3,1,1,29,110
22185,JARDIN INFANTIL EL MUNDO DE LOS NIÑOS,PUERTO MONTT,4,0,3,0,0
22186,ESC. PART. CONDE DE LEMU,LOS LAGOS,3,1,1,61,10
22187,LICEO MANUEL BAQUEDANO,OSORNO,3,0,1,251,363
22188,CENTRO EDUCACION ADULTOS ANDRES BELLO,VALDIVIA,3,0,1,76,363
22189,LICEO SAN FRANCISCO,ANCUD,3,0,1,75,363
22190,ESCUELA PARTICULAR EBEN EZER,LOS LAGOS,3,1,3,0,0
22191,COLEGIO EMPRENDER OSORNO,OSORNO,3,1,1,1262,10
22192,COLEGIO CATOLICO BEATO FEDERICO OZANAM,PUERTO MONTT,3,0,1,1241,10
22193,JARDIN INFANTIL BAMBI II,CASTRO,4,0,3,0,0
22194,ESCUELA PARTICULAR CUFEO ALTO,PAILLACO,3,1,1,2,110
22195,COLEGIO CRISTIANO BETESDA,PUERTO MONTT,3,0,1,311,10
22196,COLEGIO QUELLON,QUELLÓN,3,1,1,339,10
22198,ESCUELA PARTICULAR LOMAS DEL SOL,VALDIVIA,3,1,2,0,0
22199,YORK COLLEGE,PUERTO MONTT,3,0,3,0,0
22200,INSTITUTO DEL PACIFICO,PUERTO MONTT,3,0,1,584,10
22201,CENTRO PARA LA INTEGRACION `JEROME BRUNER`,OSORNO,3,1,1,60,212
22203,COLEGIO LACUY,ANCUD,3,1,1,50,10
22204,ESCUELA DE PARVULOS REY SALOMON,VALDIVIA,3,0,1,51,10
22205,COLEGIO IDELEN,PURRANQUE,3,0,3,0,0
22206,ESCUELA BASICA REPUBLICA ARGENTINA ANEXO,PUERTO MONTT,2,0,3,0,0
22207,ESCUELA PARTICULAR SAN SEBASTIAN,LA UNIÓN,3,1,1,23,110
22208,JARDIN INFANTIL PAZ Y AMOR II,ANCUD,4,0,3,0,0
22209,ESCUELA RURAL EL LLOLLE,MAULLIN,2,1,1,4,110
22210,CENTRO EDUCACIONAL SAN ANDRES,ANCUD,3,0,1,435,10
22211,COLEGIO CAHUALA INSULAR,CASTRO,3,0,1,459,10
22212,JARDIN INFANTIL CUNCUNITA,PUERTO MONTT,4,0,3,0,0
22213,JARDIN INFANTIL RUCALEN,PUERTO MONTT,4,0,3,0,0
22214,ESCUELA RURAL PIEDRA LILE,QUELLÓN,1,1,1,3,110
22215,CENTRO DE ESTUDIOS LA ARAUCANA,OSORNO,4,0,1,0,0
22217,ESCUELA PARTICULAR EL PESCADO,LOS MUERMOS,3,1,3,0,0
22218,COLEGIO PUFUDI,MARIQUINA,3,1,1,293,10
22219,ESCUELA SANTA CECILIA,MARIQUINA,3,1,1,22,110
22220,COLEGIO FRANCISCO COLOANE,QUEMCHI,3,1,1,57,10
22221,ESCUELA FRAY LEONARDO,PANGUIPULLI,3,1,1,36,10
22222,ESCUELA PARTICULAR ELISUR,FUTRONO,3,1,3,0,0
22223,CENTRO EDUCACIONAL LOS CARRERA,PUERTO MONTT,3,0,1,190,10
22224,COLEGIO PROYECCION SIGLO XXI,OSORNO,3,0,1,373,10
22225,ESC. PARTICULAR CHAQUIAN,LA UNIÓN,3,1,1,9,110
22226,COLEGIO LAURA VICUNA,VALDIVIA,3,0,1,202,110
22227,COLEGIO AUSTRALIS,LANCO,4,0,1,0,0
22228,ESCUELA PARTICULAR AYELEN,LA UNIÓN,3,1,1,11,110
22229,ESCUELA BASICA LICARAYEN,PUERTO MONTT,2,0,1,433,10
22230,COLEGIO JUAN XXIII,OSORNO,3,0,1,485,10
22231,COLEGIO DOMUS MATER,VALDIVIA,4,0,1,740,10
22232,CENTRO DE EDUC. INTEGRAL DE ADULTOS PLENITUD,LOS LAGOS,3,0,2,0,0
22234,COLEGIO SAN VICENTE DE PAUL,PUERTO OCTAY,3,0,1,438,10
22235,ESCUELA TERESA DE LOS ANDES,CASTRO,1,0,3,0,0
22236,BLAS PASCAL SCHOOL,OSORNO,3,0,1,779,10
22237,COLEGIO RENACER,VALDIVIA,3,1,2,0,0
22238,JARDIN INFANTIL `ESPIGUITA`,OSORNO,3,0,3,0,0
22239,JARDIN INFANTIL PILMAIQUEN,PUERTO MONTT,4,0,3,0,0
22240,ESCUELA DE PARVULOS LOS PUMITAS,FUTRONO,2,0,1,65,10
22241,COLEGIO DE PARVULOS MI RINCON,VALDIVIA,3,0,3,0,0
22242,JARDIN INFANTIL LAS ESTRELLITAS,CHAITÉN,3,0,3,0,0
22243,JARDIN INFANTIL MADRE ISABEL LARRAÑAGA,PUERTO MONTT,4,0,3,0,0
22244,ESCUELA PARTICULAR ESMERALDA,RÍO BUENO,3,1,3,0,0
22245,ESCUELA PARTICULAR NUEVO MILENIO,LOS LAGOS,3,1,3,0,0
22246,COLEGIO SHADDAI,OSORNO,3,0,1,347,10
22248,INSTITUTO ALEMAN PURRANQUE,PURRANQUE,3,0,1,207,10
22249,JARDIN INFANTIL `MI PEQUENO SALESIANO DE MARIA AUXILIADORA`,PUERTO MONTT,3,0,3,0,0
22251,JARDIN INFANTIL `MI PEQUEÑO SALESIANO`,PUERTO MONTT,4,0,1,0,0
22252,JARDIN INFANTIL ZONA DE NIÑOS,PUERTO MONTT,4,0,3,0,0
22253,ESCUELA PARTICULAR PROFESOR JOSE VELASQUEZ VARGAS,CALBUCO,3,1,1,117,10
22254,COLEGIO LAFQUEN MONTESSORI,PUERTO MONTT,4,0,3,0,0
22255,COLEGIO ADOLFO KOLPING,OSORNO,3,0,1,172,10
22256,CENTRO PARA LA ESTIMULACION DEL LENGUAJE INF,VALDIVIA,3,0,1,49,214
22257,ESCUELA PARTICULAR PORVENIR,LOS LAGOS,3,1,1,3,110
22258,ESCUELA PARTICULAR SOL NACIENTE,MARIQUINA,3,1,3,0,0
22259,JARDIN INFANTIL CRISPIN,VALDIVIA,4,0,1,39,10
22260,COLEGIO SANTA ANA,QUEMCHI,3,0,1,219,10
22261,ESCUELA PARTICULAR PABLO NERUDA,MAULLIN,3,0,1,33,10
22262,COLEGIO SAN CRISTOBAL,LOS MUERMOS,3,0,1,477,10
22263,COLEGIO SAN MARCOS,OSORNO,3,0,1,44,10
22265,GREEN COUNTRY SCHOOL,OSORNO,3,0,1,78,10
22266,COLEGIO SAN NICOLAS,OSORNO,3,1,3,0,0
22267,ESCUELA HERMINDA JARAMILLO QUINTANA,MARIQUINA,3,1,3,0,0
22268,ESCUELA PARTICULAR GABRIELA MISTRAL,LOS LAGOS,3,1,1,27,110
22269,ESCUELA PARTICULAR TRAFUN CHICO,PANGUIPULLI,3,1,1,6,110
22270,LICEO NUESTRA SEÑORA DE LOURDES,OSORNO,3,0,1,0,0
22271,COLEGIO LUIS PASTEUR,OSORNO,3,0,1,416,110
22272,C.EDUC.ADULTOS MONS.ALEJANDRO JIMENEZ LEFEBLE,VALDIVIA,3,0,2,0,0
22273,CENTRO DE ADULTOS SAN SEBASTIAN,LOS MUERMOS,3,0,2,0,0
22274,ESCUELA PARTICULAR MONSERRAT,MAULLIN,3,1,2,0,0
22275,COLEGIO PARTICULAR GRACIA PAZ,VALDIVIA,3,0,1,465,10
22276,LICEO DE ADULTOS CRECER OSORNO,OSORNO,3,0,1,347,165
22277,COLEGIO NACIONAL DE LA UNION,LA UNIÓN,3,0,1,132,10
22279,ESCUELA PARTICULAR HORIZONTE,PUERTO VARAS,3,1,2,0,0
22280,ESCUELA PARTICULAR ALONSO DE ERCILLA,FUTRONO,3,1,1,52,110
22282,ESCUELA ESPECIAL DE LENGUAJE `NUEVA LENGUA`,PUERTO MONTT,3,0,1,78,214
22283,COLEGIO SAN MIGUEL,OSORNO,3,0,1,97,110
22284,ESCUELA PARTICULAR HUALINTO,RÍO NEGRO,3,1,1,17,110
22285,CENTRO EDUC.ADULTOS SIGLO XXI,LOS LAGOS,3,0,2,0,0
22286,COLEGIO LOS TORREONES,VALDIVIA,3,0,3,0,0
22287,ESCUELA PART.ESPECIAL SAN IGNACIO,PUERTO MONTT,3,0,2,0,0
22288,COLEGIO DE PARVULOS CAPERUCITA ROJA,PUERTO MONTT,3,0,3,0,0
22289,COLEGIO PARTICULAR GABRIELA MISTRAL,PURRANQUE,3,0,3,0,0
22290,JARDIN INFANTIL `JEAN PIAGET`,CASTRO,3,0,3,0,0
22291,COLEGIO KIMEL,PAILLACO,3,1,1,13,110
22292,ESCUELA PARTICULAR LA BARRA,SAN JUAN DE LA COSTA,3,1,3,0,0
22293,ESCUELA ESPECIAL `SAN AGUSTIN`,FRUTILLAR,6,0,1,40,212
22294,ESCUELA-TALLER PARA AUTISTAS `BERNARD RIMLAND`,OSORNO,3,0,1,44,216
22296,CORPORACION DE EDUCACION LA ARAUCANA,PUERTO MONTT,3,0,1,296,363
22297,COLEGIO CHARLES DARWIN,CASTRO,4,0,3,0,0
22298,COLEGIO DE LENGUAJE SAN JUDAS TADEO,PUERTO MONTT,3,0,3,0,0
22299,ESC.PARTICULAR ESPERANZA CORDILLERANA,LOS LAGOS,3,1,2,0,0
22301,ESCUELA PARTICULAR PUNTA GRUESA,CHAITÉN,3,1,2,0,0
22302,ESC.BAS.INTEG. STEPHEN HAWKING,PUERTO MONTT,3,1,3,0,0
22303,ESCUELA ESPECIAL ONCOLOGICA,VALDIVIA,3,0,3,0,0
22304,JARDIN INFANTIL MONTESSORI,PUERTO MONTT,4,0,3,0,0
22305,COLEGIO UNION COLLEGE,LA UNIÓN,3,0,2,0,0
22306,COLEGIO PUERTO MONTT,PUERTO MONTT,3,0,1,436,10
22307,CENTRO DE EDUCACION DE ADULTOS QUELLON,QUELLÓN,1,0,1,221,167
22308,ESCUELA PARA AUTISTAS `CAMINO DE ESPERANZA`,PUERTO MONTT,3,0,1,72,216
22309,COLEGIO INGLÉS MABEL CONDEMARÍN,LOS MUERMOS,6,1,1,727,10
22310,ESCUELA RURAL YERBAS BUENAS,LOS MUERMOS,6,1,1,18,110
22311,JARDIN INFANTIL ELITE,PUERTO MONTT,4,0,2,0,0
22312,ESCUELA HUILLON,MÁFIL,3,1,1,126,10
22313,COLEGIO CARDENAL RAUL SILVA HENRIQUEZ,PAILLACO,3,0,1,203,10
22315,ESCUELA PARTICULAR CAUPOLICAN,LA UNIÓN,3,1,3,0,0
22316,ESCUELA PARTICULAR INAQUE,MÁFIL,3,1,3,0,0
22317,COLEGIO SAN ANTONIO,PAILLACO,3,1,1,338,110
22318,JARDIN INFANTIL DUENDELIN,PAILLACO,3,0,1,18,10
22319,COLEGIO PRINCIPE DE ASTURIAS,VALDIVIA,3,0,1,260,10
22320,ESCUELA ESPECIAL DE LENGUAJE KAUKALEM,OSORNO,3,0,1,179,214
22321,ESCUELA DE LENGUAJE FOR FARIS,LA UNIÓN,3,0,1,0,0
22322,DHARMA COLLEGE,PURRANQUE,3,0,1,362,10
22323,ESCUELA PARTICULAR LA POZA,PURRANQUE,3,1,1,74,10
22324,COLEGIO PABLO NERUDA,OSORNO,3,0,2,0,0
22325,ESCUELA PARTICULAR CHOVI-SAN JUAN,DALCAHUE,3,1,1,130,110
22326,JARDIN INFANTIL MINIMUNDO,OSORNO,3,0,3,0,0
22327,COLEGIO GABRIELA MISTRAL,QUELLÓN,3,0,1,639,10
22329,LICEO TECNICO PROFESIONAL INMACULADA CONCEPCION,ANCUD,3,0,3,0,0
22330,CENTRO EDUCACIONAL SAN AGUSTIN,QUELLÓN,3,0,1,419,10
22332,ESCUELA DE PARVULOS `ADRICLAUS`,OSORNO,4,0,1,0,0
22333,ESCUELA FRANCIA,VALDIVIA,2,0,1,336,10
22334,ESCUELA PARTICULAR EL ARRAYAN,DALCAHUE,3,0,1,308,10
22335,CENTRO RURAL DE EDUCACION DE ADULTOS,ANCUD,3,1,3,0,0
22336,ESCUELA ESPECIAL DE AUDICION Y LENGUAJE JOAQUIN DE LOS ANDES,PUERTO MONTT,3,0,3,0,0
22337,ESCUELA PARTICULAR LOS CASTANOS,FUTRONO,3,0,1,248,10
22338,ESCUELA PARTICULAR PEDERNAL ALTO,FRUTILLAR,3,1,1,19,110
22339,COLEGIO GHANDI,VALDIVIA,3,0,1,442,10
22340,ESCUELA PARTICULAR EL COPIHUE,FRUTILLAR,3,1,1,18,110
22341,LICEO AMBIENTAL AYACARA,CHAITÉN,3,1,3,0,0
22342,ESCUELA PARTICULAR DELIA DOMINGUEZ,OSORNO,3,0,1,27,10
22343,COLEGIO SAN SEBASTIAN,CALBUCO,3,0,1,317,10
22344,JARDIN INFANTIL LA GOTITA,VALDIVIA,4,0,4,0,0
22346,ESCUELA PARTICULAR SANTA ROSA,LOS MUERMOS,3,1,1,10,110
22347,ESCUELA PARTICULAR BIRMANIA,PUERTO MONTT,3,1,3,0,0
22348,ESCUELA PARTICULAR SAGRADO CORAZON,MAULLIN,3,1,1,6,110
22349,ESCUELA PARTICULAR SICHAHUE,FUTRONO,3,1,1,19,110
22350,JARDIN INFANTIL `PAPELUCHO`,QUELLÓN,3,0,3,0,0
22351,INSTITUTO INMACULADA CONCEPCION,VALDIVIA,3,0,1,1081,10
22352,ESCUELA PARTICULAR EL DESPERTAR,RÍO BUENO,3,1,1,293,110
22353,ESCUELA PARTICULAR TRULLUN MAPU,PANGUIPULLI,3,1,1,6,110
22354,ESCUELA EL MAITEN,LA UNIÓN,2,0,1,273,10
22355,COLEGIO SAN ANDRES,OSORNO,3,0,1,474,110
22356,COLEGIO PAIDEIA,PUERTO MONTT,3,0,1,569,110
22357,JARDIN INFANTIL `AGUALUNA II`,CHONCHI,3,0,2,0,0
22358,COLEGIO INGLES,PURRANQUE,3,0,1,521,10
22360,ESC. PARTICULAR NUESTRA SENORA GUADALUPE,LANCO,3,1,2,0,0
22361,COLEGIO PARTICULAR ANTARES DE ALERCE,PUERTO MONTT,3,0,1,339,10
22363,CENTRO DE LENGUAJE KALEM,CASTRO,3,0,1,106,214
22364,ESCUELA DE LENGUAJE KALEM,ANCUD,3,0,1,35,214
22365,ESCUELA  DE PARVULOS RETONO,PUERTO MONTT,3,0,3,0,0
22366,COLEGIO ROBERT PACE,PUERTO MONTT,3,0,1,236,10
22367,ESCUELA PARTICULAR BOSQUE VERDE,PUERTO MONTT,3,1,1,74,110
22368,ESCUELA PARTICULAR MONTE VERDE,PUERTO MONTT,3,1,3,0,0
22369,C. EDUC. INTEG. DE ADULTOS GARCIA HURTADO DE,ANCUD,3,0,3,0,0
22370,JARDIN INFANTIL LUNITA,VALDIVIA,3,0,2,0,0
22371,COMPLEJO EDUCACIONAL CRESCENT,CASTRO,4,0,3,0,0
22372,COMPLEJO EDUCACIONAL SAN CRESCENTE,CASTRO,3,1,1,451,10
22373,ESCUELA PARTICULAR MILLARAY,MARIQUINA,3,1,1,46,110
22374,INSTITUTO TECNOLOGICO DEL SUR,VALDIVIA,3,0,1,305,110
22375,ESCUELA PARTICULAR ALLA MAPU,ANCUD,3,1,1,66,110
22377,ESCUELA DE PARVULOS `MONTESSORI CHILOE`,CASTRO,3,0,2,0,0
22378,COLEGIO CAMILO HENRIQUEZ,VALDIVIA,3,0,2,0,0
22379,ESCUELA DE LENGUAJE `ABRAPALABRA`,CHONCHI,3,0,1,70,214
22380,ESCUELA BASICA SECTOR ORIENTE,QUELLÓN,1,0,1,420,10
22381,ESCUELA DE LENGUAJE VICENTE HUIDOBRO,CASTRO,3,0,3,0,0
22382,ESCUELA ESPECIAL DE LENGUAJE `SAN JUAN`,ANCUD,3,0,1,76,214
22383,ESCUELA PARTICULAR ROSALIA OJEDA SANCHEZ,MARIQUINA,3,1,1,46,110
22384,JARDIN INFANTIL CARRUSEL,PUERTO MONTT,4,0,1,0,0
22385,JARDIN INFANTIL CAQUITO,PUERTO MONTT,4,0,3,0,0
22386,JARDIN INFANTIL `TIA MARTITA`,PUERTO MONTT,4,0,1,0,0
22387,ESCUELA ESPECIAL DE LENGUAJE GIRASOL,PUERTO VARAS,3,0,1,115,214
22388,CENTRO DE EDUC. DE ADULTOS SANDROCK,VALDIVIA,3,0,1,113,363
22389,COLEGIO EBEN-EZER,MAULLIN,3,1,2,0,0
22390,ESCUELA PARTICULAR CANDELARIA,MAULLIN,3,0,1,142,110
22391,JARDIN INFANTIL `ELITE II`,PUERTO MONTT,3,0,3,0,0
22392,ESC. ESPECIAL DE LENGUAJE SAN FRANCISCO DE AS,PUERTO MONTT,3,0,3,0,0
22394,ESCUELA ESPECIAL `SANTA HELENA`,PUERTO MONTT,3,0,1,26,212
22395,JARDIN INFANTIL `PRINCIPITO`,QUELLÓN,4,0,1,0,0
22396,ESCUELA PARTICULAR LA COLONIA,LLANQUIHUE,3,1,1,5,110
22397,COLEGIO TECNICO PROFESIONAL SANTA TERESA DE LOS ANDES,OSORNO,3,0,1,276,310
22398,COLEGIO ALIWEN,VALDIVIA,3,0,1,321,10
22399,COLEGIO PADRE ENRIQUE BOISSON,LOS LAGOS,3,0,3,0,0
22400,ESCUELA PARTICULAR DOLLINCO,FUTRONO,3,1,3,0,0
22401,CENTRO DE EDUCACION DE ADULTOS ESMERALDA,ANCUD,3,0,1,150,363
22402,ESCUELA DE TRASTORNOS DE LA COMUNICACION `ALEXANDRIA`,OSORNO,3,0,1,134,214
22403,LICEO DE CULTURA Y DIFUSIÓN ARTÍSTICA DE CHILOE,CASTRO,1,0,1,342,110
22404,CENTRO DE ESTUDIOS LA ARAUCANA,VALDIVIA,4,0,2,0,0
22405,CENTRO EDUCACIONAL DE ADULTOS DIEGO PORTALES,OSORNO,3,0,1,130,363
22406,ESCUELA BASICA LUZ DEL CORCOVADO,CHAITÉN,2,0,3,0,0
22407,ESCUELA ESPECIAL SANTA MARIA,LLANQUIHUE,3,0,3,0,0
22408,ESCUELA PARTICULAR JEAN PIAGET,CALBUCO,3,1,1,152,10
22410,COLEGIO CREACION OSORNO,OSORNO,3,0,1,1049,10
22411,COLEGIO CALBUCO,CALBUCO,3,0,3,0,0
22413,COLEGIO TENAUN ALTO,DALCAHUE,3,1,1,88,10
22414,ESCUELA PAMPA RIOS,RÍO BUENO,2,0,1,452,10
22415,INST. SUPERIOR DE ADMINISTRACION Y TURISMO,VALDIVIA,2,0,1,171,410
22416,CENTRO EDUCACIONAL INSPROL,PUERTO MONTT,3,0,3,0,0
22417,ESCUELA PARTICULAR SAN PIO DE PIELTRECINA,SAN JUAN DE LA COSTA,3,0,2,0,0
22418,ESCUELA BASICA KIMUN LAWAL,PUERTO MONTT,2,0,1,902,10
22419,ESCUELA PADRE ALBERTO HURTADO,PUERTO MONTT,2,0,1,464,10
22420,ESCUELA NUEVA PENSYLVANIA,MAULLIN,2,0,1,98,110
22421,CENTRO DE INTEGRACION LABORAL,VALDIVIA,3,0,1,24,212
22422,COLEGIO CHARLES DARWIN DE CASTRO,CASTRO,3,1,2,0,0
22423,LICEO COMERCIAL BARTOLOME DE LAS CASAS,OSORNO,3,0,2,0,0
22424,JARDIN INFANTIL MANITOS TRAVIESAS,OSORNO,3,0,1,40,10
22425,ESCUELA PARTICULAR CURAMO,ANCUD,3,1,1,51,110
22427,ESCUELA PARTICULAR EMMANUEL,PUERTO OCTAY,3,1,1,31,110
22428,ESCUELA PADRE LUIS BELTRAN,MARIQUINA,3,0,1,364,10
22429,ESCUELA PARTICULAR WE LIWEN,MARIQUINA,3,1,1,2,110
22430,COLEGIO CRECER,PURRANQUE,2,0,1,179,10
22431,COLEGIO SANTO TOMAS LTDA.,PUERTO MONTT,4,0,3,0,0
22432,UNIVERSAL COLLEGE,OSORNO,3,0,2,0,0
22433,ESCUELA PARTICULAR PUERTO ESPERANZA,LOS MUERMOS,3,1,1,160,10
22434,COLEGIO DOMINGO SANTA MARIA,PUERTO MONTT,3,0,1,2444,10
22435,ESCUELA ESPECIAL DE LENGUAJE DIALECTA,FRUTILLAR,3,0,3,0,0
22436,THE MISSION COLLEGE,OSORNO,3,0,1,1714,10
22437,CENTRO DE ESTUDIOS LA ARAUCANA,CASTRO,3,0,2,0,0
22438,ESCUELA ESPECIAL `TALLERES LABORALES INPROA`,PUERTO MONTT,3,0,1,27,212
22439,COLEGIO TERRA NOVA,QUEILÉN,3,1,1,192,10
22440,COLEGIO ANTULIWEN,ANCUD,3,0,2,0,0
22441,COLEGIO MAPU MALEN,CALBUCO,3,0,2,0,0
22442,COLEGIO TORNAGALEONES,VALDIVIA,3,0,2,0,0
22444,ESCUELA LLEQUEN,ANCUD,3,0,1,198,10
22445,CENTRO DE EDUC. DE ADULTOS ELIER,LA UNIÓN,3,1,1,43,165
22446,CENT.EDUC.INTEG.ADULTOS PROFASOC,RÍO BUENO,3,0,1,261,167
22447,CENTRO EDUCACIONAL TRAF TREMUN,QUELLÓN,3,0,1,124,10
22448,ESCUELA PARTICULAR EL CARDO,PAILLACO,3,1,1,8,110
22449,COLEGIO RUCALEN,FUTRONO,3,0,3,0,0
22450,LICEO TECNOLOGICO LUZ DE LAS NACIONES,OSORNO,3,0,3,0,0
22451,COLEGIO RENUEVO,SAN PABLO,3,1,1,15,110
22452,COLEGIO MOUNTAIN GREEN SCHOOL,PANGUIPULLI,3,1,1,144,10
22453,LICEO TECNICO PROFESIONAL HELVECIA,VALDIVIA,3,0,2,0,0
22454,COLEGIO PRECIOSA SANGRE II,PURRANQUE,3,0,3,0,0
22455,COLEGIO PARVULARIO GENESIS,VALDIVIA,3,0,3,0,0
22456,COLEGIO SAN PABLO,ANCUD,3,0,1,129,10
22458,COLEGIO CELIPRAS RIO BUENO,RÍO BUENO,3,0,1,409,10
22459,COLEGIO LAICO VALDIVIA,VALDIVIA,3,0,1,463,10
22461,COLEGIO NUEVO HORIZONTE,PUERTO MONTT,3,1,1,219,310
22462,COLEGIO BERNARDO FELMER NIKLITSCHEK,LANCO,3,0,1,502,10
22463,JARDIN INFANTIL `SAN SEBASTIAN`,ANCUD,4,0,2,0,0
22464,LICEO BICENTENARIO DE EXCELENCIA DE DALCAHUE,DALCAHUE,1,0,1,513,299
22465,JARDIN INFANTIL `PALABRAS MAGICAS`,OSORNO,3,0,3,0,0
22466,LICEO DE ADMINISTRACION Y COMERCIO SAN SEBASTIAN,OSORNO,3,0,1,254,165
22467,COLEGIO LAFQUEN MONTESSORI PUERTO MONTT,PUERTO MONTT,4,0,1,260,10
22468,ESCUELA ESPECIAL DE LENGUAJE `AMAPOLA`,PUERTO MONTT,3,0,1,83,214
22469,SCUOLA NOVA,PUERTO MONTT,4,0,3,0,0
22470,COLEGIO PUMANQUE,PUERTO MONTT,3,0,3,0,0
22471,JARDIN INFANTIL BAMBI Y CELIN,VALDIVIA,3,0,1,24,10
22472,JARDIN INFANTIL `MANZANITA`,FRUTILLAR,3,0,1,45,10
22473,INSTITUTO APRENDER,PUERTO MONTT,3,0,1,160,363
22475,INSTITUTO APRENDER,FRESIA,3,0,1,74,363
22476,COLEGIO SAN JOSE,MARIQUINA,2,0,1,205,10
22477,ESC.ESP.LENG.PARA PARV.JUAN BAUTISTA DE LA,PUERTO MONTT,3,0,3,0,0
22478,COLEGIO VENCEDOR,PUERTO VARAS,3,1,1,530,310
22479,ESCUELA DE LENGUAJE AYELEN,DALCAHUE,3,0,1,134,214
22480,COLEGIO LOS ALERCES,PUERTO MONTT,2,0,1,421,10
22481,ESCUELA DE PARVULOS HUANILEN,CASTRO,1,0,3,0,0
22482,CENTRO EDUCACIONAL AMANCAY,PUERTO MONTT,3,0,1,155,363
22483,LICEO BICENTENARIO DE EXCELENCIA ALTAMIRA,PANGUIPULLI,1,0,1,682,110
22484,CENTRO EDUC. INT. ADULTOS ESTRELLA DEL MAR,ANCUD,3,0,2,0,0
22485,COLEGIO DE ADULTOS PUDETO,ANCUD,3,0,1,158,167
22486,ESCUELA SAN FRANCISCO DE LLENEHUE,MARIQUINA,3,1,1,7,110
22487,CENTRO INTEGRAL DE EDUCACION GABRIELA PASCHUAN,ANCUD,3,0,1,106,214
22489,ESCUELA PARTICULAR RAYEN QUITRAL,PUERTO MONTT,3,1,1,309,110
22490,CTRO.DE.EDUC.ADULT.POR.UN.FUTURO.MEJOR,PAILLACO,3,1,3,0,0
22492,ESCUELA PARTICULAR TICALHUE,MARIQUINA,3,1,1,70,110
22493,ESCUELA VICENTE PEREZ ROSALES,FRUTILLAR,6,0,1,333,10
22494,LICEO TECNICO PROFESIONAL AGRICOLA MARITIMO BOSQUE NATIVO,PUERTO MONTT,3,0,1,630,310
22495,COLEGIO PARTICULAR CARDENAL RAUL SILVA HENRIQ,RÍO BUENO,3,0,1,233,10
22496,CENTRO EDUCACIONAL SAN NICOLAS,VALDIVIA,3,0,1,369,10
22497,THE WESSEX SCHOOL,VALDIVIA,4,0,2,0,0
22498,ESCUELA BASICA BORDEMAR,QUELLÓN,1,0,3,0,0
22499,INSTITUTO INGLES ANTUQUENU,PUERTO MONTT,3,0,1,1207,10
22500,COLEGIO DE AVANZADA TERRA NOVA,LOS LAGOS,3,1,2,0,0
22501,CENTRO EDUC. ENS. BAS.COLEGIO KALEM,OSORNO,3,0,3,0,0
22502,LICEO TECHNOS II,OSORNO,3,0,3,0,0
22503,COLEGIO AGUILAS DEL SUR,LA UNIÓN,3,0,1,54,363
22504,LICEO FRANCISCO COLOANE,CASTRO,1,0,1,293,110
22505,COLEGIO CHARLES DARWIN DE ANCUD,ANCUD,3,0,1,107,110
22506,COLEGIO PUMAHUE,PUERTO MONTT,4,0,1,1164,10
22508,CENTRO DE EDUCACION DE ADULTOS APRENDER,PUERTO OCTAY,3,0,2,0,0
22509,ESCUELA ALEMANIA,PUERTO MONTT,2,0,1,234,10
22511,COLEGIO TECNICO PROF. NUESTRA SENORA DE LOURD,OSORNO,3,0,2,0,0
22512,COLEGIO INMACULADO CORAZON DE MARIA,OSORNO,3,0,3,0,0
22513,LICEO POLITECNICO PUERTO MONTT,PUERTO MONTT,2,0,3,0,0
22514,CENTRO INTEGRAL DE ADULTOS TREUCANCHE,PANGUIPULLI,3,1,1,42,363
22515,CENTRO DE EDUCACION DE ADULTOS CARELMAPU,MAULLIN,3,0,3,0,0
22516,INSTITUTO CRISTIANO GRACIA Y PAZ,VALDIVIA,3,0,1,646,110
22517,C.E.I.A COMUNIDAD COLLICO,VALDIVIA,2,0,3,0,0
22518,LICEO SAN FRANCISCO JAVIER,FUTRONO,3,1,2,0,0
22519,COLEGIO MIRADOR DEL LAGO,PUERTO VARAS,6,0,1,785,10
22520,ESCUELA DE LENGUAJE MIS PALABRAS,VALDIVIA,3,0,1,47,214
22521,ESCUELA ESPECIAL DE ESTIMULACION E INTEGRACION EL UMBRAL,LA UNIÓN,3,0,1,68,212
22522,COLEGIO SAN MARTIN DE LAS LOMAS,MÁFIL,3,1,1,19,110
22523,COLEGIO SUR EDUCA OSORNO,OSORNO,3,0,3,0,0
22525,JARDIN INFANTIL ANGELITO,QUELLÓN,3,0,1,48,10
22526,JARDIN INFANTIL LOS CISNES,MARIQUINA,3,1,1,11,10
22527,CENTRO EDUCACIONAL SAN SEBASTIAN,PANGUIPULLI,3,0,1,729,10
22528,CENTRO EDUCACIONAL INTEGRAL DE ADULTOS ARAUCO,VALDIVIA,3,0,3,0,0
22529,ESCUELA ESPECIAL DE LENGUAJE KALEM RAHUE,OSORNO,3,0,1,235,214
22530,JARDIN INFANTIL CARACOL,OSORNO,3,0,2,0,0
22531,ESCUELA CLAUDIO ARRAU LEON,PANGUIPULLI,1,0,1,286,10
22532,ESCUELA EL BOSQUE,VALDIVIA,2,0,1,421,10
22533,COLEGIO MON MAPU,QUELLÓN,3,0,1,243,110
22534,ESCUELA GRACEMAR,ANCUD,3,1,2,0,0
22535,LICEO BILINGUE TERESA DE LOS ANDES,CASTRO,1,0,1,412,10
22536,CENTRO EDUCACIONAL SAN SEBASTIAN DE ANCUD,ANCUD,3,0,1,358,10
22537,COLEGIO FRANCISCA BELEN,VALDIVIA,3,1,1,12,110
22539,ESCUELA JOSE MANUEL BALMACEDA,CALBUCO,2,0,1,199,10
22540,INSTITUTO ITALIA DE VALDIVIA,VALDIVIA,2,0,1,429,310
22542,COLEGIO SAN ALBERTO HURTADO,OSORNO,3,0,1,469,110
22543,LICEO COMERCIAL MIRAMAR,PUERTO MONTT,2,0,1,620,310
22544,LICEO POLIVALENTE BENJAMIN VICUÑA MACKENNA,PUERTO MONTT,2,0,1,380,110
22545,INSTITUTO CECAL SUR,CASTRO,3,0,1,146,165
22546,GREEN COLLEGE,FRUTILLAR,3,0,1,225,110
22547,ESCUELA ESPECIAL DE LENGUAJE PULMAHUE,QUELLÓN,3,0,1,83,214
22548,ESCUELA PARTICULAR EVANGELICA MONTE SINAI,SAN PABLO,3,1,1,1,110
22549,CENTRO DE EDUCACIÓN INTEGRAL DE ADULTOS NUEVO HORIZONTE,PANGUIPULLI,1,0,1,107,165
22550,JARDIN INFANTIL BLANCANIEVES,VALDIVIA,3,0,1,29,10
22551,LICEO TECNICO PROFESIONAL GABRIELA MISTRAL,CASTRO,3,0,1,165,363
22552,ESCUELA PARTICULAR SAGRADA FAMILIA,FUTRONO,3,1,1,232,10
22553,INSTITUTO TÉCNICO FORJADORES DE ALERCE,PUERTO MONTT,2,0,1,516,310
22554,ESCUELA BASICA SAN CARLOS DE CHONCHI,CHONCHI,1,0,1,477,10
22556,ESCUELA PARTICULAR COLONIA DEGAÑ,ANCUD,3,1,1,36,110
22557,COLEGIO ARRAYAN,DALCAHUE,3,0,2,0,0
22558,ESCUELA NUEVA COLLILELFU,LOS LAGOS,2,0,1,319,10
22559,INSTITUTO GARDEN COLLEGE,LA UNIÓN,3,0,2,0,0
22560,COLEGIO COLONOS DE ALERCE,PUERTO MONTT,3,0,1,964,10
22561,COLEGIO ESTRELLA DE BELEN,CALBUCO,3,0,1,290,10
22562,COLEGIO POLIVALENTE AMERICAN COLLEGE,OSORNO,3,0,2,0,0
22563,COMPLEJO EDUCACIONAL LOS COPIHUES,PANGUIPULLI,3,1,3,0,0
22564,LICEO BICENTENARIO ADOLFO MATTHEI,OSORNO,3,0,1,448,110
22565,COLEGIO EL PILAR,ANCUD,3,0,1,636,10
22566,ESCUELA PARTICULAR BICENTENARIO,PUERTO MONTT,3,1,1,273,10
22567,JARDIN INFANTIL `ZONA DE NINOS II`,PUERTO MONTT,3,0,3,0,0
22568,JARDIN INFANTIL LOS ANGELITOS,QUELLÓN,4,0,3,0,0
22570,CENTRO EDUC INT DE ADULTOS MONTEVERDE,OSORNO,3,0,3,0,0
22571,CENTRO DE ESTIMULACION TEMPRANA INKA POYEN,VALDIVIA,3,0,1,95,212
22573,ESCUELA ESPECIAL TALLER LABORAL RIE,OSORNO,3,0,1,75,212
22574,ESCUELA ESPECIAL DE LENGUAJE CRECER,CALBUCO,3,0,1,85,214
22575,JARDIN INFANTIL GASPARIN,RÍO BUENO,3,0,1,0,0
22576,ESCUELA DE PARVULOS CHILHUE,ANCUD,3,0,3,0,0
22577,JARDIN INFANTIL LOS CACHORRITOS,MARIQUINA,3,1,2,0,0
22578,ESCUELA ESPECIAL DE LENGUAJE ABRACADABRA,PUERTO MONTT,3,0,1,60,214
22579,ESCUELA ESPECIAL DE LENGUAJE ANDORRA,MARIQUINA,3,0,1,61,214
22580,ESCUELA ESPECIAL DE LENGUAJE LAS VOCALES,MARIQUINA,3,0,1,50,214
22581,COLEGIO RAICES DE LEMUY,PUQUELDÓN,3,1,1,130,10
22582,ESCUELA CAU CAU,VALDIVIA,3,1,3,0,0
22583,JARDIN INFANTIL CARRUSEL,MARIQUINA,3,0,3,0,0
22584,ESCUELA PARTICULAR MI FUTURO,MARIQUINA,3,1,1,83,110
22585,ESCUELA ESPECIAL DE LENGUAJE HABLARTE,PUERTO MONTT,3,0,1,41,214
22587,CENTRO DE EDUCACION DE ADULTOS APRENDER,CHONCHI,3,0,2,0,0
22588,COLEGIO CRISTIANO BELEN,VALDIVIA,3,0,1,337,10
22589,ESCUELA PARTICULAR ISLA LLAHUEN,CHAITÉN,3,1,3,0,0
22590,JARDIN INFANTIL DIENTECITO DE LECHE,PUERTO MONTT,4,0,3,0,0
22591,JARDIN INFANTIL BLANCA NIEVES,PAILLACO,3,1,1,19,10
22592,JARDIN INFANTIL PEQUEÑA CASA EN LA PRADERA,OSORNO,4,0,3,0,0
22593,COMPLEJO EDUCACIONAL LOS GIRASOLES,CASTRO,3,0,3,0,0
22594,JARDIN INFANTIL Y SALA CUNA CRECE,PUERTO MONTT,4,0,3,0,0
22595,JARDIN INFANTIL INALUN,CASTRO,4,0,1,0,0
22596,CENTRO INCLUSIVO DE PARVULOS INALUN,CASTRO,3,0,1,331,10
22597,LICEO TECNICO PROFESIONAL SAN JOSE,QUELLÓN,3,0,1,292,310
22598,JARDIN INFANTIL FRUTILLITA,LLANQUIHUE,3,0,2,0,0
22599,ESCUELA ESPECIAL DE LENGUAJE MARIA PAZ,PUERTO MONTT,3,0,1,62,214
22600,ESCUELA PICHACHEN NELTUME,PUYEHUE,3,1,2,0,0
22601,ESCUELA DE PARVULOS DUENDELIN,VALDIVIA,3,0,1,19,10
22602,SAINT PAUL COLLEGE,LLANQUIHUE,3,0,1,414,10
22603,ESCUELA ESPECIAL `UN MUNDO ESPECIAL`,OSORNO,3,1,1,64,212
22604,INSTITUTO APRENDER,HUALAIHUÉ,3,1,1,94,165
22606,ESCUELA INTEGRADA JUAN PABLO II,MAULLIN,3,0,1,84,10
22607,COLEGIO CRISTIANO AMANECER,ANCUD,3,0,3,0,0
22608,COLEGIO EL LABRADOR,OSORNO,3,0,1,229,10
22609,COLEGIO CHILENO NORTEAMERICANO,PUERTO MONTT,3,0,1,541,10
22610,ESCUELA PARTICULAR NIDO DE CISNES,DALCAHUE,3,0,1,287,10
22611,COLEGIO VIVALDI,OSORNO,3,0,3,0,0
22612,CENTRO EDUCACIONAL GARYES,ANCUD,3,0,1,231,10
22613,ESCUELA PARTICULAR CRECER,LA UNIÓN,3,1,1,12,10
22614,ESCUELA ESPECIAL DE LENGUAJE SOÑANDO Y CREANDO,LOS LAGOS,3,0,1,91,10
22615,ESCUELA PARTICULAR OMILEN ANTU,ANCUD,3,1,1,36,10
22616,COLEGIO MOZART,PUERTO MONTT,3,0,1,229,110
22617,ESCUELA ESPECIAL DE LENGUAJE RELMU DUNGUN,PUERTO VARAS,3,0,1,29,214
22618,ESCUELA DIFERENCIAL CELIPRAS,LOS LAGOS,3,0,1,70,212
22620,ESCUELA PARTICULAR ANTUMAPU,SAN JUAN DE LA COSTA,3,1,1,38,10
22621,COLEGIO CALBUCO,CALBUCO,3,0,1,352,10
22623,COLEGIO AYELEN,DALCAHUE,3,0,1,243,110
22624,COLEGIO DE ADULTOS BONILLA,ANCUD,3,0,1,60,363
22625,LICEO CRISTIANO LAD,ANCUD,3,0,3,0,0
22626,INSTITUTO POLITECNICO,OSORNO,2,0,1,323,310
22627,HAMPTON COLLEGE,VALDIVIA,4,0,1,204,10
22628,JARDIN INFANTIL ARBOLIRIS,OSORNO,3,0,3,0,0
22629,COLEGIO LOS CONQUISTADORES,VALDIVIA,3,0,1,961,10
22630,CENTRO EDUC. DE INT. Y FORM. LABORAL RIOS DE,VALDIVIA,3,0,1,13,212
22631,IMMANUEL INTERNATIONAL SCHOOL,VALDIVIA,3,0,2,0,0
22632,JARDIN INFANTIL CORDILLERA,LLANQUIHUE,3,0,2,0,0
22633,LICEO TEC. PROF. DE ADULTOS CORESOL DE VALDIV,VALDIVIA,3,0,1,391,165
22634,INSTITUTO PRINCIPE DE ASTURIAS,VALDIVIA,3,0,1,541,110
22635,NEW SCHOOL,PUERTO MONTT,3,1,2,0,0
22637,C.E.I.A. ARTURO PRAT,PURRANQUE,3,0,1,218,165
22638,LICEO TECNICO PROFESIONAL DE ADULTOS CORESOL DE PUERTO MONTT,PUERTO MONTT,3,0,1,294,165
22639,ESCUELA HOSPITALARIA VALDIVIA,VALDIVIA,3,0,1,28,10
22640,JARDIN INFANTIL LOS CARRERA,PUERTO MONTT,3,0,3,0,0
22641,COLEGIO SAGRADA FAMILIA,HUALAIHUÉ,3,0,1,420,10
22642,ESCUELA DE LENGUAJE SAN MIGUEL,VALDIVIA,3,0,2,0,0
22643,ESCUELA ESPECIAL ANDRES BELLO,PUERTO MONTT,3,0,1,108,212
22644,ESCUELA HOSPITALARIA HOSPITAL BASE DE OSORNO,OSORNO,3,0,2,0,0
22645,ESCUELA ESPECIAL DE LENGUAJE ATENEA,OSORNO,3,0,3,0,0
22646,ROYAL SCHOOL,OSORNO,3,0,1,84,10
22647,ESCUELA ESPECIAL DE LENGUAJE GIRASOLES,LLANQUIHUE,3,0,1,119,214
22648,ESCUELA ESPECIAL DE LENGUAJE LOS CISNES,LLANQUIHUE,3,0,1,94,214
22649,ESCUELA DE PARVULOS LAMISTRAL,CALBUCO,3,0,3,0,0
22650,ESCUELA PROFESORA ELIANA TRIVIÑO MARQUEZ,QUINCHAO,3,1,1,34,110
22651,JARDIN INFANTIL Y SALA CUNA LUNITA,PUERTO MONTT,3,0,3,0,0
22652,ESCUELA ESPECIAL DE LENGUAJE LAWAL,PUERTO MONTT,3,0,2,0,0
22654,ESCUELA ESPECIAL DE LENGUAJE DEL SABER,LOS MUERMOS,3,0,1,73,214
22655,LICEO CARELMAPU,MAULLIN,2,0,1,343,310
22656,COLEGIO LLACOLEN,QUELLÓN,3,1,1,23,110
22657,COLEGIO PARTICULAR GOLETA ANCUD,ANCUD,3,0,1,107,110
22658,CENTRO EDUCACIONAL EMANUEL,QUELLÓN,3,0,1,312,10
22659,ESTABLECIMIENTO EDUC. DE INTEGRACION LABORAL,LLANQUIHUE,3,0,2,0,0
22660,CENTRO DE ESTUDIOS LA ARAUCANA,PUERTO MONTT,3,0,1,0,0
22661,ESCUELA ESPECIAL DE LENGUAJE DIALECTA,PUERTO MONTT,3,0,1,150,214
22662,JARDIN INFANTIL RINCONCITO FELIZ,PUERTO MONTT,4,0,1,0,0
22663,COLEGIO MONTE VERDE,CASTRO,3,0,1,250,10
22664,LICEO POLITECNICO MIRASOL,PUERTO MONTT,2,0,1,458,310
22665,ESCUELA ESPECIAL DE LENGUAJE BOSQUEMAR,ANCUD,3,0,1,34,214
22666,ESCUELA ESPECIAL DE LENGUAJE JUAN BAUTISTA II,PUERTO MONTT,3,0,3,0,0
22668,CENTRO EDUCACIONAL AMADOR CARDENAS PAREDES,QUINCHAO,3,0,1,62,110
22669,SALA CUNA Y JARDIN INFANTIL BICHITOS DE LUZ,PUERTO MONTT,4,0,1,0,0
22671,COLEGIO FRANCISCO HERNANDEZ ORTIZ,CALBUCO,3,1,1,91,10
22672,COLEGIO ALTAS CUMBRES,PUERTO VARAS,3,0,1,479,10
22673,LA ARAUCANA EDUCACION,PUERTO MONTT,4,0,1,0,0
22674,LICEO BICENTENARIO POLIVALENTE DE QUEILEN,QUEILÉN,1,0,1,225,310
22675,ESCUELA HOSPITALARIA HOSPITAL BASE DE PUERTO MONTT,PUERTO MONTT,3,0,3,0,0
22676,ESCUELA ESPECIAL DE LENGUAJE ALEGRIA,PURRANQUE,3,0,1,38,214
22677,ESCUELA ESPECIAL Y TALLER LABORAL RAICES,OSORNO,3,0,1,85,212
22678,ESCUELA PARTICULAR ENSENADA,PUERTO VARAS,3,1,2,0,0
22679,ESCUELA ESPECIAL DE LENGUAJE TECNOLOGICA,PUERTO VARAS,3,0,1,25,214
22680,ESCUELA ESPECIAL DE LENGUAJE ACUARELA DE PALABRAS,PUERTO MONTT,3,0,1,49,214
22681,COLEGIO BRITISCH ROYAL SCHOOL,OSORNO,3,1,3,0,0
22682,ESCUELA ESPECIAL DE LENGUAJE ALIWEN,PUERTO VARAS,3,0,1,46,214
22683,COLEGIO BRITISH ROYAL SCHOOL PUERTO VARAS,OSORNO,3,0,1,0,0
22685,ESCUELA PARTICULAR SAN BENITO,SAN PABLO,3,1,1,50,110
22686,ESCUELA BASICA LAS CAMELIAS,PUERTO MONTT,2,0,1,409,10
22687,ESCUELA ESPECIAL DE LENGUAJE SEMBRANDO PALABRAS,PURRANQUE,3,0,1,72,214
22688,COLEGIO BOSQUES DE ALERCE,PUERTO MONTT,3,1,1,801,10
22689,CENTRO DE EDUCACION DE ADULTOS DEGAÑ,ANCUD,3,0,3,0,0
22690,COLEGIO AYTUE,ANCUD,3,1,1,5,110
22691,LICEO FRANCISCO HERNANDEZ ORTIZ-PIZARRO,CALBUCO,2,0,1,504,310
22692,PATAGONIA COLLEGE,PUERTO MONTT,3,0,1,957,10
22693,ESCUELA HOSPITALARIA HOSPITAL DE ANCUD,ANCUD,3,0,3,0,0
22694,ESCUELA ESPECIAL DE LENGUAJE BARQUITO A VAPOR,PUERTO MONTT,3,0,2,0,0
22695,JARDIN INFANTIL Y SALA CUNA JARDIN IRLANDES,PUERTO MONTT,3,0,3,0,0
22696,JARDIN INFANTIL Y SALA CUNA EL CASTILLITO,PUERTO VARAS,4,0,1,0,0
22697,CENTRO EDUCACIONAL SAN GABRIEL,CASTRO,3,0,1,11,10
22699,CENTRO EDUCACIONAL CRECER,DALCAHUE,3,0,1,45,212
22700,ESCUELA ESPECIAL DE LENGUAJE FANTASIA,OSORNO,3,0,1,117,214
22701,CENTRO DE INTEGRACION LABORAL LAGOS DEL SUR,LLANQUIHUE,3,0,1,33,212
22702,COLEGIO PATAGONIA ALERCE CORDILLERA,PUERTO MONTT,3,0,1,876,110
22704,ESCUELA ESPECIAL DE LENGUAJE CASTILLO DE PALABRAS,PUERTO MONTT,3,0,1,151,214
22705,SALA CUNA Y JARDIN INFANTIL MAGICA FANTASIA,PUERTO MONTT,4,0,1,0,0
22706,ESCUELA ESPECIAL DE LENGUAJE AVELLANOS,FRUTILLAR,3,0,1,52,214
22707,COLEGIO GILGAL,OSORNO,3,0,1,596,10
22708,COLEGIO LIRAYEN,OSORNO,3,0,3,0,0
22709,ESCUELA ESPECIAL DE LENGUAJE EDELWEISS,PUERTO MONTT,3,0,1,51,214
22710,ESCUELA ESPECIAL DE LENGUAJE SOL DE IDEAS,PUERTO MONTT,3,0,1,85,214
22719,ESCUELA ESPECIAL Nº2489 SAN MIGUEL,MAIPÚ,3,0,1,73,214
22736,ESCUELA ESPECIAL DE LENGUAJE RINCÓN DEL SABER,BULNES,3,0,1,109,214
22738,COLEGIO SAN LUCAS DE VALDIVIA,VALDIVIA,3,0,1,60,10
22739,CENTRO EDUCACIONAL INFANTIL MELIANTU,VALDIVIA,3,0,1,110,214
22740,ESCUELA BICENTENARIO,PAILLACO,3,1,3,0,0
22741,ESCUELA ESPECIAL DE LENGUAJE RAIMAPU,PANGUIPULLI,3,0,3,0,0
22742,ESCUELA ESPECIAL DE LENGUAJE ABRACADABRA,PAILLACO,3,0,1,62,214
22743,GARDEN COLLEGE,LA UNIÓN,3,0,1,298,10
22744,ESCUELA DE LENGUAJE AMANKAY,VALDIVIA,3,0,1,49,214
22745,JARDIN INFANTIL TRENCITO DE LOS SUEÑOS,VALDIVIA,4,0,1,0,0
22746,CENTRO EDUCACION ADULTOS WICLEF,LA UNIÓN,3,0,3,0,0
22747,CENTRO EDUCATIVO SAGRADO CORAZON DE JESUS,MARIQUINA,3,0,1,165,10
22749,ESCUELA PARTICULAR COUNTRY SCHOOL,PAILLACO,3,1,1,87,110
22750,LICEO PEOPLE HELP PEOPLE,PANGUIPULLI,3,0,3,0,0
22752,LICEO BICENTENARIO DE EXCELENCIA AGRICOLA TECNOLOGICO WERNER GROB STOLZENBACH,LA UNIÓN,3,1,1,627,110
22753,ESCUELA PARTICULAR ADONAI,PAILLACO,3,1,1,49,110
22754,CTRO. EDUC.ESTIM. INTEGRAL HUELEMU,FUTRONO,3,0,1,76,214
22755,LICEO TECNICO PROFESIONAL DE RIO BUENO,RÍO BUENO,2,0,1,331,410
22756,COLEGIO AUSTRAL LANCO,LANCO,3,0,1,74,110
22757,CENTRO DE CAPAC.LAB. ALERCE ANDINO,MARIQUINA,3,0,1,44,212
22758,LICEO BICENTENARIO COMPLEJO EDUCACIONAL IGNAO,LAGO RANCO,2,0,1,588,10
22759,MASTER COLLEGE,VALDIVIA,3,0,1,668,10
22760,ESCUELA ESPECIAL DE LENGUAJE WORDS WISE,VALDIVIA,3,0,1,87,214
22761,BIG HOUSE JARDIN INFANTIL,PAILLACO,3,0,2,0,0
22762,COLEGIO ESPECIAL CELIPRAS,PAILLACO,3,0,1,37,212
22763,GREEN HOUSE JARDIN INFANTIL,VALDIVIA,3,0,3,0,0
22764,CTRO EDUC.INTEGR. ADULTOS RUKANTU,RÍO BUENO,3,0,3,0,0
22766,COLEGIO SAN MARCOS,VALDIVIA,3,0,1,255,110
24136,CENTRO EDUCACIONAL DE ADUL SAN ALFONSO,PUENTE ALTO,3,0,3,0,0
24200,ESC.PART. ALMIRANTE ENRIQUE SIMPSON,COYHAIQUE,3,0,3,0,0
24201,LICEO BICENTENARIO AUSTRAL LORD COCHRANE,COCHRANE,6,1,1,357,110
24202,COLEGIO COYHAIQUE,COYHAIQUE,4,0,3,0,0
24203,LICEO RAUL BROUSSAIN CAMPINO,AYSÉN,6,0,1,327,110
24204,LICEO ARTURO PRAT CHACON,CISNES,6,0,1,214,310
24205,JARDIN INFANTIL ADVENTISTA DE COYHAIQUE,COYHAIQUE,3,0,3,0,0
24206,CENTRO INTEGRAL DE EDUCACIÓN ALBORADA,COYHAIQUE,3,0,1,1474,10
24207,LICEO SAN JOSE U.R.,AYSÉN,3,0,1,490,110
24209,COLEGIO SAGRADA FAMILIA,AYSÉN,3,0,1,542,10
24210,ESCUELA MADRE DE LA DIVINA PROVIDENCIA,CISNES,6,1,1,6,110
24212,COLEGIO ALIANZA AUSTRAL DE COYHAIQUE,COYHAIQUE,3,0,1,862,10
24213,LICEO BICENTENARIO SANTA TERESA DE LOS ANDES,AYSÉN,3,0,1,487,10
24214,ESCUELA ALTAMIRA DE COYHAIQUE,COYHAIQUE,3,0,1,466,10
24215,CENTRO DE EDUCACION INTEGRADA DE ADULTOS,COYHAIQUE,6,0,1,121,165
24216,ESCUELA BASICA DE CHILE CHICO,CHILE CHICO,6,1,1,410,10
24217,ANEXO ESCUELA RURAL VALLE SIMPSON,COYHAIQUE,6,0,3,0,0
24218,ESC.NUESTRA SRA DE LA DIVINA PROVIDENCIA,CISNES,3,1,1,1,110
24219,ESCUELA RURAL POLUX,COYHAIQUE,6,1,3,0,0
24220,ESCUELA ANEXA INDEPENDENCIA,COYHAIQUE,6,0,1,21,363
24221,COLEGIO ELUHUEN,COYHAIQUE,3,0,3,0,0
24222,COLEGIO YAHVEH JIREH,COYHAIQUE,3,0,2,0,0
24223,ESCUELA DE LENGUAJE KALEM,AYSÉN,3,0,1,96,214
24224,COLEGIO ANTOINE DE SAINT EXUPERY,COYHAIQUE,3,0,1,723,10
24226,COLEGIO EL CAMINO DE LA FUENTE,COYHAIQUE,3,0,1,633,10
24227,COLEGIO BAUTISTA EL SHADDAI,COYHAIQUE,3,0,3,0,0
24228,COLEGIO AMUYEN,COYHAIQUE,3,0,2,0,0
24229,ESCUELA LITORAL AUSTRAL,AYSÉN,6,0,1,457,10
24230,COLEGIO KALEM BICENTENARIO,AYSÉN,3,0,1,987,10
24231,COLEGIO DIEGO PORTALES,COYHAIQUE,3,0,1,536,10
24232,ESCUELA ESPECIAL PRE-BASICA CLUB DE LEONES,COYHAIQUE,3,0,1,60,212
24233,LICEO FRANCISCO XAVIER BUTINA,COYHAIQUE,3,0,1,415,10
24234,COLEGIO INSTITUTO IDEA DE COYHAIQUE,COYHAIQUE,3,0,1,153,363
24235,CENTRO DE ESTUDIOS FRANCISCO BILBAO,AYSÉN,3,0,3,0,0
24236,COLEGIO CAMPO DE HIELO,COYHAIQUE,3,0,1,219,10
24237,CEIA JOSEFINA MENDEZ E.I.R.L.,COYHAIQUE,3,0,1,157,165
24238,CENTRO DE ESTUDIOS PATAGONIA LTDA,COYHAIQUE,3,0,1,223,165
24240,LICEO BICENTENARIO ALTOS DEL MACKAY,COYHAIQUE,6,0,1,400,110
24241,CENTRO DE ESTUDIOS PATAGONIA DE AYSEN,AYSÉN,3,0,1,212,165
24243,COLEGIO CRISTIANO SEMBRADORES,COYHAIQUE,3,0,1,211,10
24244,ESCUELA ESPECIAL DE LENGUAJE ALTAMIRA,COYHAIQUE,3,0,3,0,0
24248,ESCUELA ESPECIAL DE LENGUAJE EL TRENCITO DE PALABRAS,SAN PABLO,3,0,3,0,0
24300,LICEO GABRIELA MISTRAL,NATALES,6,0,1,391,310
24301,ESCUELA PARVULARIA PETER PAN,PUNTA ARENAS,6,0,3,0,0
24302,ESCUELA GENERAL MANUEL BULNES P.,PUNTA ARENAS,6,0,1,409,10
24303,LICEO NOBELIUS,PUNTA ARENAS,4,0,1,337,110
24305,COLEGIO PIERRE FAURE,PUNTA ARENAS,3,0,1,548,10
24307,LICEO JUAN BAUTISTA CONTARDI,PUNTA ARENAS,6,0,1,1232,10
24310,ESCUELA PARVULARIA PEDRO AGUIRRE CERDA,PUNTA ARENAS,3,0,3,0,0
24311,COLEGIO FRANCES,PUNTA ARENAS,3,0,1,298,10
24312,CENTRO DE CAPAC. LABORAL LEON HUMBERTO SEGUEL,PUNTA ARENAS,6,0,1,51,212
24313,ESCUELA VILLA LAS NIEVES,PUNTA ARENAS,6,0,1,581,10
24314,COLEGIO CRUZ DEL SUR,PUNTA ARENAS,4,0,1,584,10
24315,CENTRO INTEGRAL DE EDUCACION DE ADULTOS,NATALES,6,0,3,0,0
24316,LICEO POLITEC.CARDENAL RAUL SILVA HENRIQUEZ,PUNTA ARENAS,6,0,1,363,410
24317,COLEGIO PUERTO NATALES,NATALES,3,0,1,472,10
24318,ESCUELA PADRE ALBERTO HURTADO CRUCHAGA,PUNTA ARENAS,6,0,1,546,10
24319,COLEGIO PUNTA ARENAS,PUNTA ARENAS,4,0,1,461,10
24320,TALLER LABORAL DE UNPADE,PUNTA ARENAS,3,0,1,16,212
24321,ESCUELA ESPECIAL CLUB DE LEONES CRUZ DEL SUR,PUNTA ARENAS,3,0,1,182,212
24322,ESCUELA BASICA RURAL SENO OBSTRUCCION,NATALES,6,1,1,8,110
24324,GREEN HILL COLLEGE,PUNTA ARENAS,4,0,1,295,10
24325,ESCUELA RURAL CERRO GUIDO,TORRES DEL PAINE,6,1,1,8,110
24327,LICEO EXPERIMENTAL UMAG,PUNTA ARENAS,3,0,1,825,10
24328,ESCUELA PARVULARIA MONITO DE NIEVE,PUNTA ARENAS,3,0,3,0,0
24329,LICEO SAN JOSE,PUNTA ARENAS,3,0,1,1130,10
24330,FUNDACIÓN PARA EL DESARROLLO,PUNTA ARENAS,3,0,1,142,165
24331,ESCUELA ESPECIAL DE LENGUAJE IERUN TALJ,PUNTA ARENAS,3,0,1,59,214
24332,CEIA CARLOS YANEZ MOYA,NATALES,6,0,1,133,165
24333,ESCUELA ESPECIAL CLUB DE LEONES CRUZ DEL SUR,NATALES,3,0,1,23,214
24334,ESCUELA PARVULARIA JOSH KEE,PUNTA ARENAS,6,0,3,0,0
24335,ESC. ESP. DE LENGUAJE NUEVO SOL,PUNTA ARENAS,3,0,1,156,214
24336,ESC. ESP. DE LENGUAJE SANTA LAURA,PUNTA ARENAS,3,0,1,44,217
24338,COLEGIO LUTERANO,PUNTA ARENAS,3,0,1,456,10
24339,ESC. ESP. DE TRASTORNOS DE LA COMUNICACION AL,PUNTA ARENAS,3,0,1,87,217
24341,ESCUELA PAMPA GUANACO,TIMAUKEL,6,1,1,4,110
24342,ESCUELA ESPECIAL DE LENGUAJE RAYITO DE LUZ,PUNTA ARENAS,3,0,1,59,214
24400,ESCUELA BASICA PARTICULAR DEUTSCHLAND,SAN RAMÓN,3,0,1,280,110
24401,COLEGIO CAPITAN PASTENE,LA FLORIDA,1,0,1,337,10
24402,ESCUELA ANEXO LO CANAS,LA FLORIDA,1,0,2,0,0
24403,COLEGIO SIMON BOLIVAR,LA PINTANA,2,0,1,576,10
24405,COLEGIO POLIVALENTE LOVAINA,LA FLORIDA,3,0,1,158,10
24406,ESCUELA BASICA PARTICULAR KIND`S SCHOOL,MAIPÚ,3,0,1,240,10
24407,COLEGIO SANTA TERESA DE JESUS DE LOS ANDES,HUECHURABA,3,0,1,860,10
24408,COLEGIO MATER ADMIRABILIS,LAS CONDES,4,0,3,0,0
24409,COLEGIO SAN NICOLAS DE MYRA,LAS CONDES,4,0,1,577,110
24410,COLEGIO SANTA MARIA DE LA CORDILLERA,PUENTE ALTO,3,0,1,1212,10
24411,ESCUELA BASICA LAURA VICUNA,PROVIDENCIA,4,0,3,0,0
24412,COLEGIO FINLANDIA,PUDAHUEL,6,0,1,349,10
24413,ESCUELA DE PARVULOS REINA DE LA PAZ Nº 2,MACUL,4,0,3,0,0
24414,ESCUELA DE PARVULOS N°1385 JARDIN INFANTIL ANDY,LA FLORIDA,4,0,1,0,0
24415,ESCUELA DE PARVULOS SANTA MARIA REINA II,LA REINA,4,0,3,0,0
24419,ESCUELA PARTICULAR SANTA ANA DE LA LUZ,LA FLORIDA,3,0,3,0,0
24420,ESCUELA BASICA COLEGIO VILLA LOGRONO,MELIPILLA,3,0,1,306,10
24422,COLEGIO SAINT CHRISTOPHER COLLEGE,PROVIDENCIA,4,0,3,0,0
24423,COLEGIO SAN JUAN DIEGO,RECOLETA,3,0,1,1035,10
24424,COLEGIO PARTICULAR LA UNION,PUDAHUEL,3,0,1,348,10
24425,ESC DE PARV CAMPANITA MONTESSORI CHILDREN  S,VITACURA,4,0,3,0,0
24426,ESCUELA PARTICULAR PHILIPPE COUSTEAU,LA FLORIDA,3,0,1,590,10
24427,COLEGIO SAN VIATOR,MACUL,3,0,1,1224,10
24428,ESCUELA BÁSICA PARTICULAR ARCÁNGEL DE MARÍA,LA PINTANA,3,0,1,229,10
24429,LOVAINA,LA FLORIDA,4,0,3,0,0
24430,ESC.ESPECIAL C.CAPACITACION LAB.DE PAINE,PAINE,3,1,3,0,0
24431,COLEGIO HAYDN DE LA FLORIDA,LA FLORIDA,3,0,1,442,10
24432,COLEGIO SANTA CATALINA DE SIENA SAN ALBERTO HURTADO,LO BARNECHEA,4,0,3,0,0
24433,CANADA COLLEGE,SAN JOAQUÍN,3,0,3,0,0
24434,CENTRO DE EDUCACION DIFERENCIAL ARMONIA,SAN MIGUEL,3,0,3,0,0
24436,ESCUELA ESPECIAL CEDIN SAN MIGUEL,SAN MIGUEL,4,0,3,0,0
24437,THE ANGEL SCHOOL,ÑUÑOA,4,0,3,0,0
24438,COLEGIO MERRYLAND,PUENTE ALTO,3,0,1,855,10
24439,COLEGIO NUESTRA SENORA MARIA INMACULADA,EL BOSQUE,3,0,3,0,0
24440,LICEO AGRICOLA SANTA ANA,TALAGANTE,3,1,3,0,0
24441,COLEGIO KYNDA MONTESSORI,LAS CONDES,4,0,3,0,0
24442,ESCUELA ESPECIAL OPEN DOOR,PUENTE ALTO,1,0,1,159,212
24443,LICEO MUNICIPAL CHILOE,PUENTE ALTO,1,0,1,953,10
24444,LICEO INDUSTRIAL HARDWARE,SAN BERNARDO,1,0,1,299,310
24445,LICEO MUNICIPAL EL ROBLE,LA PINTANA,2,0,1,383,10
24446,COMPLEJO EDUCACIONAL ERNESTO MULLER LOPEZ,TALAGANTE,3,0,1,501,310
24447,MAURICIO RUGENDAS (ANEXO),LA FLORIDA,3,0,3,0,0
24448,COLEGIO ARTISTICO EL SALVADOR ANEXO,LA FLORIDA,3,0,1,449,10
24450,ESCUELA BASICA MARIA MEDIANERA,EL BOSQUE,3,0,3,0,0
24453,FEDESO,PROVIDENCIA,3,0,3,0,0
24454,COLEGIO DE ADULTOS FEDESO,RECOLETA,4,0,1,0,0
24455,COLEGIO EL SEMBRADOR ANEXO 1,PUENTE ALTO,3,0,3,0,0
24456,ESC. PART. PRESIDENTE ABRAHAM LINCOLN,QUINTA NORMAL,3,0,3,0,0
24457,ESCUELA DE PARVULOS JUAN PABLO I Nº  2,INDEPENDENCIA,4,0,3,0,0
24458,ESCUELA BASICA  TIA  ANITA,PUENTE ALTO,3,0,3,0,0
24459,COLEGIO BETANIA,LA GRANJA,3,0,1,254,110
24460,COLEGIO PARTICULAR KRONBERG COLLEGE,MAIPÚ,3,0,3,0,0
24461,ESCUELA DE PARVULOS N°1246 EL OLYMPO,MAIPÚ,4,0,1,26,10
24462,ESCUELA DE PARVULOS N°56 LAS BRUJITAS,TALAGANTE,4,0,3,0,0
24463,JARDIN INFANTIL LOS ENANITOS,TALAGANTE,4,0,3,0,0
24464,ESCUELA BASICA MERCEDES MARIN DEL SOLAR,PROVIDENCIA,1,0,1,659,10
24465,ESC. PART. COLEGIO CORDILLERA ANEXO,PUENTE ALTO,3,0,3,0,0
24467,ANEXO COLEGIO LO ERRAZURIZ,MAIPÚ,3,0,2,0,0
24468,ESCUELA DE PARV. SAMORITO,LA FLORIDA,1,0,3,0,0
24470,SAN LORENZO (ANEXO),CONCHALÍ,3,0,3,0,0
24471,SANTA MARIA DE LA PROVIDENCIA,RENCA,4,0,3,0,0
24472,COLLEGE SAINT PATRIC,LA FLORIDA,4,0,3,0,0
24473,COLEGIO TEC.HOTELERIA Y GASTRONOMIA ACHIGA CO,LAS CONDES,3,0,1,594,610
24474,FUNDACION DUOC,SANTIAGO,4,0,3,0,0
24476,COLEGIO UNIVERSITARIO INUIT,LA FLORIDA,3,0,3,0,0
24477,ESCUELA E-36 ANEXO,ESTACIÓN CENTRAL,2,0,3,0,0
24479,BARRETT BROWING SCHOOL,PROVIDENCIA,4,0,3,0,0
24480,ESCUELA PART. MASTER'S COLLEGE,LA FLORIDA,3,0,2,0,0
24481,COLEGIO JOSE LUIS LAGRANGE,LA CISTERNA,4,0,3,0,0
24482,LICEO POLITECNICO PARTICULAR ANDES,RENCA,3,0,1,1346,310
24484,ESC. ESPECIAL PART.NUESTRO HORIZONTE,COLINA,3,0,1,143,212
24485,COLEGIO THE CHADWIH SCHOOL VITACURA,LO BARNECHEA,4,0,3,0,0
24486,COLEGIO POLIVALENTE SAN RAFAEL,LO BARNECHEA,3,0,1,819,10
24487,ESCUELA ESPECIAL N°1402 CENTRO DE EDUCACION ESPECIAL COOCENDE,LAS CONDES,4,0,1,0,0
24488,ESCUELA BASICA N°1403 AMERICAN BRITISH SCHOOL,LA FLORIDA,4,0,3,0,0
24489,ESC. PART.BASICA SAINT PHILLIP OF NERY 2,LO ESPEJO,3,0,1,252,10
24490,ESCUELA DE PARVULOS N°60 CAPULLO,PEÑAFLOR,4,0,3,0,0
24491,COLEGIO INTERNATIONAL COUNTRY SCHOOL,PUENTE ALTO,4,1,1,393,10
24492,ESCUELA DE PARV JARDIN INFANTIL TOLIN - TOLAN,LA FLORIDA,4,0,3,0,0
24493,ESCUELA PARVULOS N°61 BERNADETTE SOUBIROUS,PEÑAFLOR,4,0,1,0,0
24494,COLEGIO CRECES,LAS CONDES,4,0,1,0,0
24495,ESCUELA DE PARVULOS LOS PITUFINES,ÑUÑOA,4,0,3,0,0
24496,COLEGIO COMERCIAL DE PENAFLOR,PEÑAFLOR,3,0,1,321,310
24498,COLEGIO SAN JOAQUIN,RENCA,3,0,1,595,10
24499,ESCUELA BASICA PART.THE NEW SCHOOL ANEXO,MACUL,3,0,3,0,0
24500,ASHELL ENGLISH COLLEGE,SAN MIGUEL,4,0,3,0,0
24501,ESCUELA LA CAPILLA,BUIN,1,1,3,0,0
24503,ESCUELA ESPECIAL DE LENGUAJE ALIMALINA,SAN BERNARDO,3,0,1,53,214
24505,ESCUELA PART.THE LITTLE SCHOOL ANEXA,CONCHALÍ,3,0,3,0,0
24506,COLEGIO LAUDARE,LAS CONDES,4,0,3,0,0
24507,COLEGIO TALINAY,PROVIDENCIA,4,0,2,0,0
24508,ANEXO ESCUELA BASICA SAN JAVIER,LA PINTANA,3,0,1,209,10
24509,ESC. BASICA PARTICULAR LA FRONTERA ANEXO,CERRO NAVIA,3,0,3,0,0
24510,ESC. PART. JARDIN INFANTIL PULGARCITO,MAIPÚ,3,0,1,31,10
24511,COLEGIO SAINT ANGELA`S SCHOOL,VITACURA,4,0,3,0,0
24512,ANEXO DIVINA PROVIDENCIA,EL MONTE,3,0,3,0,0
24517,ESCUELA DE PARVULOS N°1407 INST. DE SALUD PUBLICA,ÑUÑOA,4,0,1,0,0
24518,ESCUELA DE PARVULOS TRIBILIN II(ANEXO),ESTACIÓN CENTRAL,4,0,3,0,0
24519,ANEXO COLEGIO MASTER COLLEGE,SAN BERNARDO,3,0,3,0,0
24520,ESC. BAS.MUNICIPAL MERCEDES FONTECILLA,QUILICURA,2,0,1,617,10
24521,ESCUELA BASICA SAN PEDRO,CERRILLOS,3,0,2,0,0
24522,COLEGIO ELIAN SCHOOL,MAIPÚ,4,0,3,0,0
24523,ESCUELA PART. SANTA CLARA ANEXO,RECOLETA,3,0,2,0,0
24524,COLEGIO ALBERTO MAGNO ANEXO,PUENTE ALTO,3,0,3,0,0
24525,ESCUELA INDUSTRIAL SAINT LAWRENCE,SAN JOAQUÍN,3,0,3,0,0
24526,CENTRO DE FORM TECN INST FCO  BILBAO,PROVIDENCIA,4,0,3,0,0
24539,INSTITUTO COMERCIAL SAINT LAWRENCE,SAN JOAQUÍN,3,0,3,0,0
24540,CHILEAN EAGLES COLLEGE,CERRILLOS,3,0,3,0,0
24542,ESCUELA COLEGIO CHILE N 13,SAN MIGUEL,3,0,3,0,0
24543,COLEGIO PARTICULAR GRATUITO FONTANAR,SANTIAGO,3,0,3,0,0
24544,ANEXO FONTANAR,LAS CONDES,4,0,3,0,0
24545,ANEXO FONTANAR,LAS CONDES,4,0,3,0,0
24546,LICEO MADRE VICENCIA,ESTACIÓN CENTRAL,3,0,3,0,0
24548,ESCUELA DE PARVULOS PRINCIPE DE GALES ANEXO,ESTACIÓN CENTRAL,3,0,3,0,0
24549,ESCUELA PRINCIPE DE GALES (ANEXO),ESTACIÓN CENTRAL,3,0,3,0,0
24551,ESCUELA HERNANDO MAGALLANES (ANEXO),ESTACIÓN CENTRAL,4,0,3,0,0
24553,ESCUELA SANTA MARIA ANEXO,QUILICURA,3,0,3,0,0
24554,ESCUELA SANTA FAMILIA,SANTIAGO,3,0,3,0,0
24556,LICEO SANTA MARIA,SANTIAGO,3,0,3,0,0
24557,ESCUELA BASICA NUEVO HISPANO CHILENO,SANTIAGO,3,0,3,0,0
24558,ESCUELA BASICA PART.BLAS CANAS,SANTIAGO,3,0,1,932,10
24559,ESCUELA INDUSTRIAL D' MADRID,SAN MIGUEL,3,0,3,0,0
24560,ESCUELA TECNICA PARTICULAR D MADRID,SAN MIGUEL,3,0,3,0,0
24561,INSTITUTO COMERCIAL PART D MADRID,SAN MIGUEL,3,0,3,0,0
24563,LICEO TENIENTE DAGOBERTO GODOY (DIURNO),LA GRANJA,3,0,3,0,0
24565,ESCUELA INDUSTRIAL GALVARINO N 2 VESP,LA CISTERNA,3,0,3,0,0
24566,LICEO LIAHONA,EL BOSQUE,3,0,3,0,0
24567,LICEO PARTICULAR SANTA ROSA,LA CISTERNA,3,0,3,0,0
24568,COLEGIO AMERICO VESPUCIO,LA CISTERNA,3,0,3,0,0
24569,COLEGIO SAINT ORLAND,LA CISTERNA,3,0,3,0,0
24570,ESCUELA SAGRADO CORAZON EX MADRE DE DIO,LO ESPEJO,3,0,3,0,0
24571,COLEGIO POLITECNICO MARIA GRISELDA VALL,EL BOSQUE,3,0,3,0,0
24572,LICEO ALBERTO BLEST GANA,SAN RAMÓN,3,0,3,0,0
24573,LICEO ALBERTO BLEST GANA ANEXO,SAN RAMÓN,3,0,3,0,0
24574,ESCUELA TECNICA LIB BDO O HIGGINS N 3,SAN JOAQUÍN,3,0,3,0,0
24575,ESCUELA INDUSTRIAL LIB BDO O HIGGINS N,SAN JOAQUÍN,3,0,3,0,0
24576,INSTIT COMERCIAL LIB BDO O HIGGINS N 3,SAN JOAQUÍN,3,0,3,0,0
24577,ESCUELA PART PAULINA VON MALLINCKRODT,PROVIDENCIA,3,0,3,0,0
24579,COLEGIO POLITECNICO LOS HEROES,LA FLORIDA,3,0,3,0,0
24580,ANEXO COLEGIO POLITECNICO LOS HEROES,LA FLORIDA,3,0,3,0,0
24582,ESCUELA BASICA DE ADULTOS SAN VALENTIN,LA FLORIDA,3,0,3,0,0
24583,LICEO POLITECNICO YORK,PEÑALOLÉN,3,0,3,0,0
24584,CENTRO EDUC. AMERICO VESPUCIO ANEXO,PEÑALOLÉN,3,0,3,0,0
24585,ESCUELA BASICA DON ORIONE,CERRILLOS,3,0,3,0,0
24587,ANEXO LICEO SAN PABLO,PUDAHUEL,3,0,3,0,0
24590,LICEO PARTICULAR BRITANIA CORDILLERA,PUENTE ALTO,3,0,3,0,0
24593,LICEO COLEGIO YORK,PEÑALOLÉN,3,0,3,0,0
24594,COLEGIO DE ADULTOS MANSO DE VELASCO,MAIPÚ,3,0,3,0,0
24596,ESCUELA BASICA SAN JOSE,MAIPÚ,3,0,3,0,0
24597,COLEGIO OXFORD COLLEGE,MAIPÚ,4,0,3,0,0
24599,COLEGIO LONDON ANEXO,LA FLORIDA,3,0,3,0,0
24601,PARVULARIO COLEGIO LONDON,LA FLORIDA,3,0,3,0,0
24602,NTRA.SRA.DEL CARMEN DE MAIPU (EX-1417),MAIPÚ,4,0,3,0,0
24603,ANEXO ESCUELA DE MENORES,SANTIAGO,2,0,3,0,0
24605,LICEO IND BENJAMIN FRANKLIN,QUINTA NORMAL,2,0,3,0,0
24607,ESCUELA DE PARVULOS N°1418 NUESTRO HOGAR,CONCHALÍ,4,0,1,25,10
24608,ESCUELA DE PARVUL HERNANDO DE MAGALLANES N. 2,ESTACIÓN CENTRAL,4,0,3,0,0
24609,ESCUELA DE PARVULOS MADRE MARIA JOSE DE JESUS,ESTACIÓN CENTRAL,4,0,3,0,0
24610,ESCUELA DE PARVULOS  SOLCITO DOS,SAN RAMÓN,4,0,3,0,0
24611,ESCUELA PARVULOS N°1421 COPITO DE NIEVE,LA FLORIDA,4,0,3,0,0
24612,ESCUELA ESP. SANTA MARIA DE RENCA,RENCA,3,0,1,81,212
24613,COLEGIO PIERRE TEILHARD DE CHARDIN,LA FLORIDA,4,0,3,0,0
24615,ESCUELA DE PARVULOS LUCERITO,LA CISTERNA,4,0,3,0,0
24616,ESCUELA DE PARVULOS N°1424 SNOOPY,COLINA,4,0,1,0,0
24617,ESCUELA BÁSICA N°62  SANTA JULIA,MELIPILLA,4,0,1,42,10
24618,ESCUELA DE PARVULOS N°831 COLORIN COLORADO,LA CISTERNA,4,0,1,0,0
24621,ANEXO LICEO MUN PAULA JARAQUEMADA,INDEPENDENCIA,2,0,3,0,0
24622,MIGUEL DE CERVANTES Y SAAVEDRA ANEXO A-8,SANTIAGO,2,0,1,1514,10
24623,COLEGIO JORGE ALESSANDRI RODRIGUEZ,RENCA,3,0,1,1992,10
24624,COLEGIO TABOR Y NAZARETH,LO BARNECHEA,4,0,1,1943,10
24625,COLEGIO SAN CRISTOBAL COLLEGE,SAN MIGUEL,4,0,1,435,10
24626,COMPLEJO EDUCACIONAL ALBERTO WIDMER,MAIPÚ,3,0,1,1785,110
24627,COLEGIO ETIEVAN,LA REINA,4,0,1,265,10
24629,ESCUELA DE PARVULOS N°1428 CABALLITO BLANCO,LA FLORIDA,4,0,1,0,0
24630,ESCUELA DE PARVULOS N°1429 HAPPY DAY,LAS CONDES,4,0,1,0,0
24632,COLEGIO BUENAVENTURA,VITACURA,4,0,3,0,0
24633,COLEGIO GENESIS DE APOQUINDO,LAS CONDES,4,0,3,0,0
24634,COLEGIO BOSTON COLLEGE,INDEPENDENCIA,4,0,3,0,0
24635,ESCUELA BASICA NUESTRA SENORA DEL CAMINO,LA REINA,4,0,3,0,0
24636,ESCUELA DE PARVULOS CHIPY,LA REINA,4,0,3,0,0
24637,ESCUELA DE PARVULOS LOS CAMELLITOS,LA REINA,4,0,3,0,0
24638,LICEO MIGUEL DE CERVANTES Y SAAVEDRA,SANTIAGO,2,0,1,373,310
24639,MIGUEL DE CERVANTES Y SAAVEDRA  ANEXO,SANTIAGO,2,0,3,0,0
24640,COLEGIO MAX SCHELER,LAS CONDES,4,0,3,0,0
24641,COLEGIO CARAMPANGUE ANEXO,TALAGANTE,4,0,3,0,0
24642,COLEGIO ALEMAN DE SANTIAGO ANEXO,VITACURA,4,0,1,1058,110
24643,COLEGIO ALEMAN DE SANTIAGO,LAS CONDES,4,0,3,0,0
24644,COLEGIO ALEMAN DE SANTIAGO,ÑUÑOA,4,0,3,0,0
24646,ESCUELA DE PARVULOS RULITO,MACUL,4,0,3,0,0
24647,ESCUELA BASICA N°1436 COLEGIO IBEROAMERICANO,INDEPENDENCIA,4,0,1,67,10
24648,COLEGIO LOS NOGALES,PUENTE ALTO,3,0,1,1129,10
24649,ESCUELA DE PARVULOS SAMORITO,LA FLORIDA,1,0,1,101,10
24650,ESCUELA BASICA,LA CISTERNA,2,0,3,0,0
24651,ESCUELA DE PARVULOS EL JARDIN DE ANITA,PUENTE ALTO,4,0,3,0,0
24652,ESCUELA AGROECOLOGICA DE PIRQUE,PIRQUE,3,1,1,373,710
24653,ESCUELA BASICA DE ADULTOS FEMENINA,ÑUÑOA,3,0,3,0,0
24654,ESCUELA BASICA CINCO PINOS,SAN BERNARDO,1,0,1,165,10
24655,CENTRO ABIERTO PAULA JARAQUEMADA,PAINE,3,0,3,0,0
24656,COLEGIO CARAMPANGUE ANEXO,TALAGANTE,4,0,3,0,0
24657,COLEGIO CRISTIANO BETHEL II,EL BOSQUE,3,0,1,349,10
24663,ANEXO LICEO INDUST.BENJAMIN FRANKLIN,QUINTA NORMAL,1,0,3,0,0
24664,COLEGIO EL ALMENDRAL,LA PINTANA,3,0,3,0,0
24666,JOHN DEWEY COLLEGE,LAS CONDES,4,0,3,0,0
24667,ESCUELA DE PARVULOS JUANITO,EL BOSQUE,4,0,3,0,0
24668,ESCUELA PARTICULAR METODISTA N 2,SANTIAGO,3,0,3,0,0
24670,COLEGIO INTERNACIONAL  ALBA,MAIPÚ,4,0,1,652,10
24671,COLEGIO LA ABADIA,LA REINA,4,0,1,404,110
24672,LOCAL ANEXO ANDALICAN,PROVIDENCIA,4,0,3,0,0
24673,LICEO  AVENIDA PRINCIPAL,CONCHALÍ,4,0,3,0,0
24674,CARLOS CONDELL DE LA HAZA (FUSIONADO),ESTACIÓN CENTRAL,2,0,3,0,0
24675,COLEGIO SAN MANUEL,MELIPILLA,3,0,1,508,10
24677,IAKI,MACUL,4,0,3,0,0
24678,COLEGIO LARRAIN,LA REINA,4,0,2,0,0
24679,LITTLE STARS,VITACURA,4,0,3,0,0
24680,DIEGO DE ALMAGRO,SANTIAGO,4,0,3,0,0
24681,COLEGIO MODELO,CONCHALÍ,4,0,3,0,0
24682,COLEGIO PETER COLLEGE - ANEXO,CERRILLOS,3,0,3,0,0
24684,ESCUELA PARTICULAR QUILLAHUE,LA FLORIDA,3,0,1,279,10
24685,COLEGIO PIAMARTA,ESTACIÓN CENTRAL,3,0,1,3197,10
24686,LICEO POLIVALENTE SANTIAGO DE COMPOSTELA,SAN BERNARDO,3,0,1,598,310
24687,ESCUELA DE PARVULOS ALTAMIRA,CONCHALÍ,4,0,3,0,0
24688,ESCUELA DE PARVULOS N°1453 VILLA LOS REALES,LA FLORIDA,4,0,3,0,0
24689,CTRO.EDUC.CATOLICO DIDASCALIO STA. MARIA,LA PINTANA,3,0,1,416,10
24690,COLEGIO SANTIAGO EVANGELISTA,LA REINA,4,0,1,328,10
24691,INSTITUTO TIEMPO,PROVIDENCIA,4,0,3,0,0
24692,COLEGIO QUINTO CENTENARIO,LA FLORIDA,4,0,3,0,0
24694,INSTITUTO DE ADULTOS ANGLO-CHILENO,MAIPÚ,3,0,3,0,0
24695,LICEO SAN PABLO,PUDAHUEL,3,0,3,0,0
24696,ANEXO DEL RBD 10723 9 INTEGRAL ARTURO P,TALAGANTE,3,0,3,0,0
24697,ESC.ESP.PARTICULAR CENACAL,SAN BERNARDO,3,0,3,0,0
24698,COLEGIO SAGRADO CORAZON DE JESUS,LA REINA,4,0,3,0,0
24699,COLEGIO MAITENES,MELIPILLA,4,0,1,415,10
24700,CENTRO EDUC.ADULTOS AMERICO VESPUCIO,PEÑALOLÉN,3,0,1,115,363
24701,ESCUELA DE PARVULOS EL PELUSITA,INDEPENDENCIA,4,0,3,0,0
24702,ESCUELA PARTICULAR ELIZABETH PEABODY,MACUL,3,0,3,0,0
24703,INSTITUTO DE A MANUEL BULNES PRIETO,LA FLORIDA,3,0,2,0,0
24704,ESCUELA ESPECIAL PARTICULAR CONIDEM,SANTIAGO,3,0,3,0,0
24705,ESCUELA BASICA VERDE VALLE,MAIPÚ,3,0,3,0,0
24706,ESCUELA BASICA DELIA JAQUE,SAN MIGUEL,4,0,3,0,0
24707,ESCUELA BASICA ACADEMIA MALLOCO,PEÑAFLOR,3,0,1,64,10
24708,PARVULARIO RAYEN,QUILICURA,4,0,3,0,0
24711,ESCUELA BASICA PARTICULAR LUMEN VIAE N.2,LA PINTANA,3,0,2,0,0
24713,COLEGIO EL BOSQUE PROVINCIA CORDILLERA,PUENTE ALTO,3,0,1,1034,10
24714,COLEGIO SANTO TOMAS,LA PINTANA,3,0,1,437,10
24715,COLEGIO CRISTOBAL COLON DE MELIPILLA,MELIPILLA,4,0,1,449,10
24716,ESCUELA BASICA LOS NAVIOS,LA FLORIDA,1,0,1,299,10
24717,LICEO BICENTENARIO NUESTRA SEÑORA DE GUADALUPE,LA GRANJA,3,0,1,1014,10
24718,COLEGIO HUELQUEN MONTESSORI,LO BARNECHEA,4,0,1,226,110
24719,COLEGIO BUIN,BUIN,4,0,1,390,10
24720,ESCUELA NACIONAL DE CAPACITACION ENAC,SANTIAGO,4,0,3,0,0
24721,COLEGIO LEONARDO DA VINCI DE LAS CONDES,LAS CONDES,1,0,1,504,10
24722,ESC. BASICA PART.PADRE ALBERTO HURTADO,HUECHURABA,3,0,1,353,10
24723,COLEGIO KENDAL ENGLISH SCHOOL,ÑUÑOA,4,0,1,60,110
24724,COLEGIO PRISMAS,LA REINA,4,0,3,0,0
24725,COLEGIO JUGENDLAND SCHULE,TALAGANTE,4,0,1,158,10
24727,COLEGIO EXTREMADURA,VITACURA,4,0,3,0,0
24729,NORWICH COLLEGE,LAS CONDES,4,0,3,0,0
24730,COLEGIO ADVENTISTA SANTIAGO PONIENTE,LO PRADO,3,0,1,537,10
24732,ESC.BAS.PART.COLEGIO HALLEY - ANEXO,MAIPÚ,3,0,1,0,0
24733,COLEGIO SAN ANDRES DE COLINA,COLINA,3,0,1,1941,10
24734,COLEGIO CORP. EDUCACIONAL 18 DE SEPTIEMBRE,SANTIAGO,4,0,3,0,0
24735,COLEGIO ANTUQUENU LTDA.,LA FLORIDA,4,0,2,0,0
24736,ESCUELA DE PARVULOS N°1372 LOS COPIHUITOS,LA FLORIDA,4,0,1,0,0
24737,ESCUELA DE PARVULOS  PEQUITAS,MAIPÚ,3,0,2,0,0
24738,ESCUELA PARVULOS PIN PIN SERAFIN,RECOLETA,3,0,1,19,10
24739,ESCUELA DE PARVULOS N°1475 PIN PIN SERAFIN N° 2,RECOLETA,4,0,1,0,0
24740,ESCUELA DE PARVULOS N°1476 THE CHILDREN`S WORDL,PEDRO AGUIRRE CERDA,4,0,1,0,0
24741,ESC. PARVULOS CARACOL,PEDRO AGUIRRE CERDA,3,0,3,0,0
24742,ESCUELA ESPECIAL PARTICULAR CRECER,RECOLETA,3,0,1,90,10
24744,ESCUELA DE PARVULOS DIENTES DE LECHE,TALAGANTE,4,0,3,0,0
24745,LOS ROBLES,LAS CONDES,4,0,3,0,0
24748,RUBEN DARIO CORDILLERA,LA FLORIDA,4,0,3,0,0
24749,COEDUCACIONAL GABRIELA MISTRAL,SANTIAGO,4,0,3,0,0
24750,TALLERES PREVOCACIONALES SAN FRANCISCO,LA PINTANA,3,0,3,0,0
24751,COMPLEJO EDUC. EDUARDO CUEVAS VALDES,LO BARNECHEA,2,0,3,0,0
24752,ESC.PARVULOS HERMANAS DE BETANIA,PUENTE ALTO,3,0,1,25,10
24753,CHRISTIAN GARDEN SCHOOL,LA GRANJA,3,0,3,0,0
24754,CEIA GEORGINA SALAS DINAMARCA,CERRO NAVIA,6,0,1,323,165
24755,ESCUELA ESPECIAL PART.CENTRO EDUC.RAYEN,QUINTA NORMAL,3,0,1,35,212
24756,COLEGIO NAZARET DE LA FLORIDA,LA FLORIDA,3,0,1,1076,10
24758,COLEGIO CRISTIANO BETHEL  N 3,LA FLORIDA,3,0,1,304,10
24759,ESC.NUESTRA SENORA DEL CARMEN DE CURACAV,CURACAVÍ,3,0,1,478,10
24761,SAN JUAN DE LAS CONDES,LAS CONDES,4,0,1,316,110
24762,COLEGIO SAINT MARY JOSEPH SCHOOL,MACUL,4,0,1,549,10
24763,LICEO ADULTOS PART.LAS AMERICAS MODERNAS,INDEPENDENCIA,3,0,1,43,363
24764,ESCUELA PARTICULAR SUBV. SAN JUAN,LA FLORIDA,3,0,2,0,0
24765,ESCUELA DE PARV. LANCAHUE,MAIPÚ,3,0,1,16,10
24766,COLEGIO ALMENDRAL,LA FLORIDA,3,0,1,297,110
24767,COLEGIO EL SEMBRADOR ANEXO 2,PUENTE ALTO,3,0,3,0,0
24768,ESCUELA DE PARVULOS N°1213 LOS PATITOS DE SAN PATRICIO,LAS CONDES,4,0,1,0,0
24769,COLEGIO SAN ISAAC JOGUES,QUILICURA,3,0,1,1148,10
24770,SAN ISAAC JOGUES,QUILICURA,4,0,3,0,0
24771,ESCUELA DE PARVULOS TRENG TRENG,LA FLORIDA,3,0,3,0,0
24772,ESCUELA DE PARVULOS DIN-DON,LA FLORIDA,4,0,3,0,0
24773,ESCUELA DE PARVULOS RAMON FREIRE N.2,RECOLETA,4,0,3,0,0
24775,ESCUELA DE PARVULOS MUNDO FELIZ Nº 1,CONCHALÍ,4,0,3,0,0
24777,COLEGIO POLITECNICO AVDA INDEPENDENCIA,INDEPENDENCIA,3,0,3,0,0
24778,ESCUELA BASICA SANTA MARIA DEL PILAR,LA FLORIDA,4,0,3,0,0
24779,LOS ALMENDROS DE POMPEYA,LA FLORIDA,4,0,3,0,0
24780,ESCUELA DE PARVULOS CHISPITAS,LA REINA,4,0,3,0,0
24781,COLEGIO SAN FRANCISCO DE PAINE,PAINE,4,0,3,0,0
24782,ESCUELA BÁSICA BARROS LUCO  Y ESPECIAL  DE LENGUAJE,SAN MIGUEL,3,0,1,284,10
24783,COLONIAL DE PIRQUE,PIRQUE,4,0,1,374,10
24784,COLEGIO DE ADULTOS INSTITUTO NOREL GAVAC,SANTIAGO,4,0,3,0,0
24785,ESCUELA DE PARVULOS SEMILLITA,PAINE,4,0,3,0,0
24786,ESCUELA DE PARVULOS LOS CHIQUITINES,RECOLETA,4,0,3,0,0
24787,ESCUELA BÁSICA N°1469 VILLA UNIVERSIDAD GABRIELA MISTRAL,LO PRADO,4,0,3,0,0
24789,COLEGIO MONTEVERDE ANEXO,PEÑALOLÉN,3,0,3,0,0
24790,COLEGIO EL PRADO,PUDAHUEL,3,0,1,387,110
24794,CENTRO EDUCACIONAL LIAHONA LA FLORIDA,LA FLORIDA,4,0,3,0,0
24795,COLEGIO EMAUS,LAS CONDES,4,0,1,58,110
24796,COLEGIO FILOLOGO LUIS THAYER OJEDA,PROVIDENCIA,4,0,3,0,0
24797,ESCUELA BASICA HUEN ILEMU,PUENTE ALTO,4,0,3,0,0
24798,COLEGIO SANTA MARIA DE LO CANAS,LA FLORIDA,4,0,1,687,110
24799,THE CHADWIH SCHOOL,LO BARNECHEA,4,0,3,0,0
24800,COLEGIO FLORIDA HIGH SCHOOL,LA FLORIDA,3,0,1,357,10
24801,COLEGIO HENRY FAYOL,ÑUÑOA,4,0,1,169,110
24802,COLEGIO PUELCHE,LA FLORIDA,4,0,3,0,0
24803,ESCUELA BASICA PART GRATUITA CASA AZUL,LA GRANJA,3,0,1,169,10
24804,ESCUELA ESPECIAL SGTO.CANDELARIA,CERRO NAVIA,6,0,1,139,212
24805,ANEXO ESCUELA PART.SAN MAURICIO,RENCA,3,0,3,0,0
24806,ESCUELA DE PARVULOS N°1511 LA SEMILLITA,CONCHALÍ,4,0,1,0,0
24808,ESCUELA BASICA PARTICULAR  N° 1356 PUDAHUEL ANEXO,PUDAHUEL,3,0,3,0,0
24809,ESC. BASICA PART.JUANITA FERNANDEZ SOLAR,PUDAHUEL,3,0,1,849,10
24811,LICEO DE ADULTOS CRISTO OBRERO,ISLA DE MAIPO,3,0,3,0,0
24812,COLEGIO POLIV. SAN JOSE DE RENCA,RENCA,3,0,1,1059,10
24813,COLEGIO MELIPILLA,MELIPILLA,3,0,3,0,0
24814,COLEGIO ENSENADA,PUENTE ALTO,3,0,3,0,0
24815,ESCUELA DE PARVULOS N°1515  HOSP. CLIN DE LA U. DE CHILE,INDEPENDENCIA,4,0,1,0,0
24816,ESCUELA ESPECIAL IDELEN,EL BOSQUE,3,0,3,0,0
24817,ESCUELA BASICA N°1517 MADRIGAL,LA REINA,4,0,1,271,10
24818,COLEGIO SUPERIOR CAMBRIDGE ANEXO,PROVIDENCIA,4,0,1,0,0
24819,COLEGIO PARTICULAR TANTAUCO EL BOSQUE,EL BOSQUE,3,0,3,0,0
24820,LICEO MUNICIPAL VESPERTINO DE NUNOA,ÑUÑOA,1,0,3,0,0
24821,ESCUELA DE PARVULOS N°80 SANTA ROSA DE LIMA,PUENTE ALTO,4,0,1,0,0
24822,ESC. BAS. PDTE. SALVADOR ALLENDE G.,EL BOSQUE,2,0,1,370,10
24823,COLEGIO RAFAEL EYZAGUIRRE,SAN JOSÉ DE MAIPO,3,0,3,0,0
24825,PATRONA NUESTRA SENORA DE LOURDES,LA FLORIDA,4,0,3,0,0
24826,COLEGIO NUESTRA SENORA DEL LORETO,LAS CONDES,4,0,1,441,10
24827,WEGWEISER,PUENTE ALTO,4,0,3,0,0
24828,LICEO POLITEC.PARTIC.EL SENOR DE RENCA,RENCA,3,0,1,617,110
24829,COLEGIO ALCANTARA,LA FLORIDA,4,0,3,0,0
24830,COLEGIO MAYA SCHOOL  ANEXO,ÑUÑOA,4,0,1,0,0
24831,GENERAL CARRERA,SAN MIGUEL,3,0,3,0,0
24832,INSTITUTO DOCENCIA,LAS CONDES,4,0,1,0,0
24834,COLEG.STA TERESA DE JESUS DE LOS ANDES,HUECHURABA,3,0,3,0,0
24835,LICEO POLIVALENTE MARIA PINTO ANEXO,MARÍA PINTO,1,1,3,0,0
24836,COLEGIO SAN ISIDRO,BUIN,4,0,1,822,10
24837,COMPLEJO EDUC.MUNIC.MANUEL PLAZA R ANEXO,LAMPA,1,0,3,0,0
24839,CENTRO DE EDUCACION INTEGRAL TIJERAL,PEÑALOLÉN,3,0,3,0,0
24840,COLEGIO DE ADULTOS INSTITUTO TABANCURA SEDE LONDRES,SANTIAGO,4,0,1,74,363
24842,COLEGIO LA FONTAINE,ÑUÑOA,4,0,1,379,10
24843,COLEGIO POLIV. SAN LUIS BELTRAN,PUDAHUEL,3,0,1,1173,10
24844,ESC. PART. SCUOLA SANTA RITA DE CASIA,SAN JOAQUÍN,3,0,3,0,0
24845,DIVINA PASTORA DE JESUS,QUINTA NORMAL,4,0,3,0,0
24846,COLEGIO SUMALOA,ÑUÑOA,4,0,3,0,0
24847,COLEGIO INTEGRAL TERRANOVA,MAIPÚ,4,0,3,0,0
24848,INSTITUTO TABANCURA,SANTIAGO,4,0,3,0,0
24849,COLEGIO SANTO TOMAS DE SAN BERNARDO,SAN BERNARDO,4,0,3,0,0
24850,ESCUELA DE PARVULOS N°1527 ALEXANDER MONTESSORI,LAS CONDES,4,0,1,0,0
24851,ESCUELA DE PARVULOS N°1528 MI RINCON,ÑUÑOA,4,0,3,0,0
24852,INST.DE HUMANIDADES SANTA ANA DE CHENA,MAIPÚ,4,0,3,0,0
24853,LICEO DE ADULTOS UNOPEC,CONCHALÍ,3,0,3,0,0
24854,ESCUELA ANEXO BASICA PART.VILLA LOURDES,LO PRADO,3,0,3,0,0
24856,COLEGIO TEGUALDA,TALAGANTE,1,0,1,753,10
24857,COLEGIO CRECES ANEXO,LAS CONDES,4,0,1,0,0
24858,ANEXO NR.2 CRECES,LAS CONDES,4,0,3,0,0
24859,ESCUELA DE PARVULOS  NATANAEL N° 2,SAN JOAQUÍN,4,0,3,0,0
24860,ESCUELA BASICA ROSARIO DE LAS CONDES,LAS CONDES,4,0,3,0,0
24861,ESCUELA DE PARVULOS N°1532 LOS DOS RATONCITOS,PEÑALOLÉN,4,0,1,0,0
24862,ESCUELA DE PARVULOS PANDORA,MACUL,4,0,3,0,0
24863,ANEXO NOTRE DAME DE LA ANUNCIACION,ÑUÑOA,4,0,3,0,0
24864,COLEGIO SAN CRISTOBAL DE LAS CASAS,LA FLORIDA,3,0,1,740,10
24865,COLEGIO AMERICO VESPUCIO- ANEXO,PEÑALOLÉN,3,0,3,0,0
24866,ESCUELA BASICA PARTICULAR EMPRENDER,PUENTE ALTO,3,0,3,0,0
24867,ESCUELA BASICA  ANA KUHLMANN,LAS CONDES,4,0,3,0,0
24868,ES.ESP.PART.PUERTA ABIERTA,LA CISTERNA,3,0,1,137,214
24870,INST DE EDUC Y CAPACIT DE ADULTOS PREM,SANTIAGO,4,0,3,0,0
24871,INST DE EDUC ALTERNATIVA DE ADULT INSEA,PROVIDENCIA,4,0,3,0,0
24873,COLEGIO  EPULLAY,PEÑALOLÉN,4,0,1,562,110
24874,COLEGIO SAN BARTOLOME DE NOS,CALERA DE TANGO,4,1,1,179,10
24875,ESCUELA  ESPECIAL PART.PUDAHUEL NORTE,PUDAHUEL,3,0,1,103,212
24876,ESC.BASICA PROF.AURELIA ROJAS BURGOS,LA PINTANA,2,0,1,527,10
24877,ALFA 2000,PUENTE ALTO,4,0,3,0,0
24878,CENTRO EDUCACIONAL FERNANDO DE ARAGON,PUENTE ALTO,3,0,1,2852,10
24879,ESCUELA ESPECIAL PART.ARNOLD GESELL II,LA PINTANA,3,0,1,306,10
24880,ESCUELA ESPECIAL GUENIPILLAN,LA GRANJA,3,0,1,143,212
24881,ESCUELA BASICA ESCRITOR PABLO NERUDA,QUILICURA,3,0,1,255,110
24882,CENTRO DE TRASTORNOS DE LA COMUNICACION,HUECHURABA,3,0,1,151,214
24883,ESCUELA BÁSICA MUNICIPAL SAN LUIS,MAIPÚ,1,0,1,362,10
24884,COLEGIO ALCAZAR DE LAS CONDES,LAS CONDES,4,0,1,1267,10
24885,COLEGIO KING SCHOOL CORDILLERA,LA PINTANA,3,0,1,1645,10
24888,ESCUELA ESPECIAL JEAN PIAGET ANEXO,LA FLORIDA,3,0,3,0,0
24889,LICEO BICENTENARIO MONSENOR ENRIQUE ALVEAR,PUDAHUEL,6,0,1,1033,10
24890,ESCUELA BASICA AMANCAY,LA FLORIDA,4,0,3,0,0
24891,COLEGIO THE SOUTHLAND SCHOOL,VITACURA,4,0,2,0,0
24892,SANTA CRUZ COLLEGE,PUENTE ALTO,3,0,1,813,10
24893,ESCUELA NOVOMAR,PUENTE ALTO,3,0,1,273,10
24894,COLEGIO ARAUCARIA CORDILLERA,PUENTE ALTO,3,0,1,510,10
24895,ESCUELA BASICA VILLA DECLHWEITH,PUENTE ALTO,3,0,3,0,0
24896,INSTITUTO DE TABANCURA DE PROVIDENCIA,PROVIDENCIA,4,0,1,162,363
24897,COLEGIO FARMLAND SCHOOL,CURACAVÍ,4,0,1,233,110
24898,COLEGIO SAN FRANCISCO MISIONERO,MAIPÚ,3,0,1,489,110
24900,LICEO HUMBERTO DIAZ CASANUEVA,COLINA,1,0,1,149,165
24901,CENTRO EDUCACIONAL DE ADULTOS,EL BOSQUE,2,0,3,0,0
24902,COLEGIO WOLFGANG AMADEUS MOZART,LA REINA,4,0,3,0,0
24903,COLEGIO MADRE DE JESUS,PADRE HURTADO,3,0,1,906,10
24904,ESCUELA DE PARVULOS N°1552 LOS PICAPIEDRAS,CONCHALÍ,4,0,1,0,0
24906,ESCUELA BASICA N°71 DOLMEN SCHOOL,CURACAVÍ,4,0,1,133,110
24907,COLEGIO ALMENAR DE PIRQUE,PIRQUE,4,0,1,370,10
24908,COLEGIO PEDRO DE VALDIVIA LAS CONDES,LAS CONDES,4,0,1,1185,10
24909,COLEGIO MANSO DE VELASCO,MELIPILLA,4,0,3,0,0
24910,NORWAY SCHOOL,PUENTE ALTO,4,0,3,0,0
24911,LICEO DE ADULTOS PART.FERMIN VIVACETA,SANTIAGO,3,0,1,287,165
24912,COLEGIO SANTA MONICA DE MELIPILLA,MELIPILLA,4,0,1,719,110
24913,COLEGIO NUESTRA SENORA DE LA MERCED,MELIPILLA,3,0,1,329,10
24914,COLEGIO AIEP ENGLISH SCHOOL,LA FLORIDA,4,0,3,0,0
24915,ESCUELA BASICA SANTA LUCIA DE LA FLORIDA,LA FLORIDA,4,0,3,0,0
24916,ESCUELA BASICA TACORA,PUENTE ALTO,3,0,1,96,110
24917,COLEGIO SANTA MARIA DE PROVIDENCIA,PROVIDENCIA,4,0,3,0,0
24918,ESCUELA DALCAHUE SUR,LA CISTERNA,3,0,3,0,0
24920,ESC. BAS. PART. ALBERT SCHWITZER LA FLORIDA,LA FLORIDA,3,0,1,75,10
24921,MANANTIAL DE GRACIA,SAN MIGUEL,4,0,3,0,0
24923,ESCUELA DE PARVULOS FUNDACION AREQUIPA,CONCHALÍ,4,0,3,0,0
24924,ESCUELA DEL LENGUAJE SAN CLEMENTE,SAN MIGUEL,3,0,3,0,0
24925,ESCUELA DE PARVULOS N°1558 ARLEQUIN,LAS CONDES,4,0,1,0,0
24926,CENTRO EDUCACIONAL DE ADULTOS,CERRO NAVIA,3,0,1,229,165
24927,COLEGIO SAN  ANSELMO,COLINA,4,0,1,1466,110
24928,ESCUELA ESPECIAL SAN JUDAS TADEO,SAN BERNARDO,3,0,3,0,0
24929,ESC.PART.DE PARVULOS NUEVA FLORENCIA,PUENTE ALTO,3,0,2,0,0
24930,CENTRO EDUCACIONAL FUNDACION PAULA JARAQUEMAD,PEÑALOLÉN,3,0,1,468,10
24931,ESC.PART.ALVARO COVARRUBIAS ARLEGUI,INDEPENDENCIA,3,0,1,96,110
24932,ESC.ESPECIAL PARTICULAR PALABRAS MAGICAS,MAIPÚ,3,0,1,98,214
24933,INSTITUTO SAN SEBASTIAN DE PROVIDENCIA,PROVIDENCIA,4,0,1,0,0
24934,ESCUELA BASICA CERRILLOS,CERRILLOS,3,0,3,0,0
24935,COLEGIO POLIV. SIEMBRA,PUENTE ALTO,3,0,1,368,10
24937,ESC DE PARVULOS PART.EJERCITO DE SALVACION,EL BOSQUE,3,0,1,25,10
24938,COLEGIO SAN ADRIAN,QUILICURA,4,0,3,0,0
24939,ESC. ESP.NUESTRA  SENORA DE SAN GERONIMO,MAIPÚ,3,0,1,299,214
24940,"COLEGIO PART.ALONSO DE ERCILLA,  ANEXO",MELIPILLA,3,0,3,0,0
24941,ESCUELA ESPECIAL ALOA  ANEXO,INDEPENDENCIA,3,0,3,0,0
24942,ESCUELA ESP. PART. EL MONTE,EL MONTE,3,0,1,67,212
24943,"ESCUELA BASICA, COLEGIO LOS CASTAÑOS DE MAIPU",MAIPÚ,4,0,3,0,0
24944,COLEGIO NUESTRA SEÑORA DEL CAMINO,LA REINA,4,0,1,655,10
24945,COLEGIO DESIREE,COLINA,3,0,3,0,0
24946,COLEGIO JORGE HUNEEUS ZEGERS,LA PINTANA,3,0,1,3051,10
24947,COLEGIO TÉCNICO PROFESIONAL PORTEZUELO,PROVIDENCIA,4,0,3,0,0
24948,ESCUELA DE PARVULOS N°1565 JARDIN INFANTIL TUPAHUE WENUI,PEÑALOLÉN,4,0,1,0,0
24950,CENTRO GEOS CHILE,COLINA,4,0,3,0,0
24952,ESCUELA ESPECIAL PARTICULAR ARCA DE NOE,CONCHALÍ,3,0,1,96,212
24954,COLEGIO EL REDENTOR,MAIPÚ,3,0,1,313,10
24955,ESCUELA ESPECIAL PART. SENDEROS,LA FLORIDA,3,0,3,0,0
24956,COLEGIO TECNICO PROFESIONAL NOCEDAL,LA PINTANA,3,0,1,935,10
24957,ESC. ESPECIAL PLANETA DE LOS NIÑOS,LA PINTANA,3,0,1,204,214
24958,COLEGIO MANANTIAL,LA FLORIDA,4,0,3,0,0
24959,ESCUELA INTERCULTURAL KALLFÜ MAPU,ÑUÑOA,1,0,1,351,10
24960,ESCUELA BASICA PARTICULAR HORIZONTE 11,CERRO NAVIA,3,0,1,369,10
24961,ESC.PARVULOS RENACER ALBORADA,PUDAHUEL,3,0,1,73,10
24963,COLEGIO BICENTENARIO DE SANTA MARIA DE EL MONTE,EL MONTE,3,1,1,570,10
24964,COLEGIO ALCANTARA CORDILLERA,LA FLORIDA,4,0,3,0,0
24966,COLEGIO SAN FELIPE,PUDAHUEL,3,0,1,434,10
24968,ESC.TRASTORNOS DE LA EDUCACION AURORA,LA FLORIDA,3,0,1,80,214
24969,COLEGIO PADRE HURTADO DE PUDAHUEL,PUDAHUEL,3,0,3,0,0
24971,COLEGIO EL ENCUENTRO,PEÑALOLÉN,4,0,1,226,10
24972,ESCUELA BAS. NUESTRA SENORA MARIA INMACULADA,EL BOSQUE,3,0,1,1475,10
24973,COLEGIO BOSTON COLLEGE,LA FLORIDA,4,0,3,0,0
24974,ESCUELA BASICA AMERINST COLLEGE,LA FLORIDA,4,0,3,0,0
24976,COLEGIO SAN FELIPE DIACONO,CALERA DE TANGO,4,0,1,750,10
24977,COLEGIO MAYOR TOBALABA,PUENTE ALTO,4,0,1,1288,10
24978,COLEGIO PART.POLITECNICO EYZAGUIRRE,PUENTE ALTO,3,0,1,1882,10
24979,COLEGIO LOS ALERCES,LO BARNECHEA,4,0,1,922,10
24980,ESCUELA ESPECIAL PART.ANA CRUCHAGA T.,PUENTE ALTO,3,0,1,212,212
24981,COLEGIO LATINOAMERICANO DE INTEGRACION ANEXO,PROVIDENCIA,4,0,3,0,0
24982,COLEGIO LOS OLMOS,PUENTE ALTO,4,0,3,0,0
24983,ESCUELA BASICA N°102 QUERUBIN SCHOOL,PUENTE ALTO,4,0,1,0,0
24985,COLEGIO KENDAL ENGLISH SCHOOL ANEXO,PROVIDENCIA,4,0,1,227,110
24986,COLEGIO CENTENARIO,MAIPÚ,4,0,1,610,10
24987,ESCUELA ANDES DEL SUR,PUENTE ALTO,1,0,1,452,10
24988,COLEGIO ALMENAR DEL MAIPO,PUENTE ALTO,4,0,1,658,10
24989,"COMPLEJO EDUC. LUIS PASTEUR, ANEXO",PADRE HURTADO,3,0,1,361,10
24990,ESCUELA BÁSICA N°1581 ELIEZER BEN JEHUDÁ,LO BARNECHEA,4,0,3,0,0
24992,COLEGIO THE CASBOR SCHOOL,LAS CONDES,4,0,3,0,0
24994,ESCUELA ESPECIAL PART EL ENCUENTRO,PEDRO AGUIRRE CERDA,3,0,3,0,0
24995,COLEGIO SAN FERNANDO DE PUENTE ALTO,PUENTE ALTO,3,0,1,348,10
24997,ESCUELA SANTA MARIA DE PENALOLEN,PEÑALOLÉN,1,0,1,490,10
24999,ESCUELA PROFESORA MARIA LUISA SEPULVEDA,QUILICURA,2,0,1,462,10
25001,COLEGIO GREENLAND SCHOOL,ESTACIÓN CENTRAL,4,0,1,1671,10
25002,ESCUELA BASICA PADRE ALBERTO HURTADO,PUENTE ALTO,1,0,1,576,10
25003,ESC. ESPECIAL PARTIC.LOS ALMENDRALES,MELIPILLA,3,0,3,0,0
25005,ESC. BAS.SAN AGUSTIN DE CERRILLOS,CERRILLOS,3,0,1,242,10
25006,SCUOLA ITALIANA VITTORIO MONTIGLIO ANEXO,LAS CONDES,4,0,3,0,0
25007,CENTRO DE EDUC. CONTINUA DE LA U. MAYOR,SANTIAGO,4,0,2,0,0
25009,LICEO VALLE DE LLUTA,SAN BERNARDO,1,0,1,592,10
25011,ESCUELA DE PARVULOS N°1586 SAINT FLOWER,ÑUÑOA,4,0,3,0,0
25012,COLEGIO PART.SAN SEBASTIAN DE MELIPILLA,MELIPILLA,3,0,1,1217,10
25013,ESCUELA DE PARVULOS PEDRO APOSTOL EX LOS PENS,PUENTE ALTO,4,0,3,0,0
25014,CENTRO DE EDUCACION PAULA JARAQUEMADA,SAN RAMÓN,3,0,1,439,10
25015,CENTRO DE LENGUAJE MARCELA PAZ,INDEPENDENCIA,3,0,1,215,10
25016,ESC.BASICA SAN MARCELO  ANEXO,LA GRANJA,3,0,3,0,0
25017,ESC. BAS. PATR. WILLINS HOOVER KURT,LA CISTERNA,3,0,1,329,10
25019,ESC.BASICA PARTICULAR SAN PABLO APOSTOL,MELIPILLA,3,0,3,0,0
25020,INSTITUTO SAN PABLO MISIONERO,SAN BERNARDO,3,0,3,0,0
25022,ESCUELA ESPECIAL PARTICULAR MILLANTU,PEÑAFLOR,3,0,1,41,214
25023,CENTRO EDUCACIONAL INNOVATIVO,LAS CONDES,1,0,3,0,0
25025,ESCUELA BASICA PART.MADRE DE JESUS,MAIPÚ,3,0,3,0,0
25026,COLEGIO POLIV. FRANCISCO DE VILLAGRA,PEÑAFLOR,3,0,1,913,10
25027,COLEGIO POLIV. NUEVA NAZARET,LA PINTANA,3,0,1,708,10
25028,CENTRO EDUC. DIEGO DE ALMAGRO,PEÑALOLÉN,3,0,1,885,10
25029,COMPLEJO EDUCACIONAL LOS ANDES,LA CISTERNA,3,0,3,0,0
25030,CTRO. ESTIMULAC. DEL LENGUAJE CELQUI,QUILICURA,3,0,1,17,214
25031,ESCUELA ESPECIAL PART. VOCES,PUDAHUEL,3,0,1,109,214
25032,COLEGIO POLIVALENTE SEMBRADOR,COLINA,3,0,1,1122,10
25034,ESCUELA BASICA PART. LAS PLEYADES,LA FLORIDA,3,0,1,191,110
25036,ESCUELA ESPECIAL PARTICULAR  AUMEN,QUINTA NORMAL,3,0,1,88,214
25037,COLEGIO WASHINGTON CENTER COLLEGE,SAN JOSÉ DE MAIPO,4,0,3,0,0
25038,COLEGIO JOSE M.BALMACEDA DE MELIPILLA,MELIPILLA,3,0,1,450,10
25039,ESC. BAS.PART.FRANCISCO DE AGUIRRE,PADRE HURTADO,3,0,1,885,10
25040,ESC.BASICA PART. SAN PABLO DE TARSO,LA PINTANA,3,0,3,0,0
25041,COLEGIO MARIA ELENA,LA FLORIDA,1,0,1,477,10
25042,ESCUELA BASICA LOS BOSQUINOS,MAIPÚ,1,0,1,1052,10
25043,ESCUELA VOLCAN SAN JOSE,PUENTE ALTO,1,0,1,477,10
25044,ESCUELA DE PARVULOS CARRUSEL,SAN BERNARDO,3,0,3,0,0
25045,COLEGIO  PLAYGROUND,LA FLORIDA,4,0,3,0,0
25046,CENTRO PROFES..DE ESTIMULOS DE LENGUAJE,MAIPÚ,3,0,1,47,214
25047,ESCUELA ANTILHUE DE PUDAHUEL,PUDAHUEL,6,0,1,903,10
25048,COLEGIO CASTELGANDOLFO,PADRE HURTADO,4,0,1,938,10
25050,COLEGIO PARTICULAR SAN MATEO,PUENTE ALTO,3,0,1,645,10
25051,ESC. DE PARVULOS LAS ARAUCARIAS,QUINTA NORMAL,4,0,2,0,0
25053,COLEGIO CIUDADELA MONTESSORI,LAS CONDES,4,0,3,0,0
25054,COLEGIO DE ADULTOS CASA DE ESTUDIOS FUTURO,PROVIDENCIA,4,0,1,226,363
25055,COLEGIO INSTITUCION TERESIANA,LAS CONDES,4,0,1,1365,10
25056,INSTITUTO EDUCACIONAL COLO COLO,SANTIAGO,3,0,3,0,0
25057,COLEGIO DE ADULT.ACADEMIA ESTUDIOS MIRAFLORES,SANTIAGO,4,0,1,0,0
25058,COLEGIO LA CANTERA,ÑUÑOA,4,0,1,75,10
25059,CENTRO EDUCACIONAL LARUN RAYUN,PUENTE ALTO,3,0,1,915,10
25061,COLEGIO POLIVALENTE RAULÍ,PUENTE ALTO,3,0,1,517,10
25062,ESCUELA BÁSICA N°993 ANTONIO BORQUEZ SOLAR ANEXO,PUENTE ALTO,3,0,1,114,10
25063,COLEGIO JACQUES COUSTEAU ANEXO,MAIPÚ,3,0,3,0,0
25065,COLEGIO PEDRO DE VALDIVIA -PEÑALOLEN,PEÑALOLÉN,4,0,1,2733,10
25067,MASTER`S  COLLEGE,LA FLORIDA,3,0,2,0,0
25068,COLEGIO POLIVALENTE EDUCADORA ELENA ROJAS,LA FLORIDA,3,0,3,0,0
25069,TALLERES PREVOCACIONALES HOGAR DE CRISTO,RENCA,3,0,3,0,0
25070,COLEGIO NAVARRA,PUENTE ALTO,3,0,1,759,10
25071,LICEO JOSE ABELARDO NUNEZ Nº5,PUENTE ALTO,3,0,1,926,10
25073,SANTA MARIA DEL PILAR DE LA FLORIDA,LA FLORIDA,3,0,1,97,10
25074,ESCUELA DE PARV. Y ESP. EDIAL,SAN BERNARDO,3,0,3,0,0
25075,ESC.ESP.TRAT.DE LA COMUNICION EDEN,LA CISTERNA,3,0,1,69,214
25076,ESCUELA DE PARVULOS N° 83 LOS DUENDES TRAVIESOS,ISLA DE MAIPO,4,0,3,0,0
25077,ESC. DE PARV.BEATO PADRE ALBERTO HURTADO,LO BARNECHEA,2,0,3,0,0
25078,ESCUELA PART.COMANDANTE CARLOS CONDELL,SAN BERNARDO,1,0,1,462,10
25079,ESCUELA ESPECIAL PART.JESUS NAZARENO,PUDAHUEL,3,0,1,112,212
25080,ESCUELA ESPECIAL PARTICULAR ANTAI,BUIN,3,0,1,111,214
25081,COLEGIO SEBASTIAN ELCANO SAN BERNARDO,SAN BERNARDO,4,0,3,0,0
25082,COLEGIO BICENTENARIO APRENDER,LA PINTANA,3,0,1,877,10
25084,ESCUELA RUDOLF DECK WERTH,PUENTE ALTO,3,0,1,463,10
25085,CENTRO EDUCACIONAL RENCA,RENCA,3,0,1,136,310
25086,ESCUELA BASICA INSTITUTO ALBORADA,MAIPÚ,4,0,3,0,0
25087,COLEGIO NOBEL,LA FLORIDA,3,0,1,149,10
25089,LICEO LOS JAZMINES,MELIPILLA,1,0,1,1082,10
25090,COLEGIO VICTORIAN COLLEGE,MAIPÚ,4,0,3,0,0
25091,ESC. BASICA BOSTON COLLEGE MAIPU,MAIPÚ,3,0,1,2561,10
25092,ESCUELA ESPECIAL PARTICULAR PALOMAR,QUINTA NORMAL,3,0,1,112,214
25093,ESCUELA DE PARVULOS N°1616 GRACE GARDEN,LAS CONDES,4,0,1,0,0
25094,COLEGIO PART.SAN ESTEBAN DE LAS VISCACHA,PUENTE ALTO,3,0,1,492,10
25095,COLEGIO PARTICULAR LAS ACACIAS DE MELIPILLA,MELIPILLA,3,0,1,103,310
25096,ESCUELA ESPECIAL PARTICULAR GRIBEL,LA GRANJA,3,0,3,0,0
25098,ESC. BAS. EJERCITO DE SALVACION,PUDAHUEL,3,0,1,229,10
25099,COLEGIO DE ADULTOS INSTITUTO ANDES,SANTIAGO,4,0,1,0,0
25100,ESCUELA BASICA CAROLINE COLLEGE,SAN MIGUEL,4,0,3,0,0
25101,COLEGIO CORONEL ELEUTERIO RAMIREZ MOLINA,LA REINA,3,0,1,1382,10
25103,ESC. ESPEC. CAMPANITA DE LA GRANJA,LA GRANJA,3,0,1,178,214
25104,ESCUELA ESPECIAL D-81  ANEXO,SANTIAGO,2,0,3,0,0
25105,COLEGIO ALCANTARA,PEÑALOLÉN,4,0,3,0,0
25106,COLEGIO SANTA MARIA ANEXO,PUENTE ALTO,3,0,3,0,0
25107,COLEGIO MAIMONIDES SCHOOL,LO BARNECHEA,4,0,1,294,10
25108,COLEGIO PABLO DE TARSO (ANEXO),LAS CONDES,4,0,3,0,0
25109,ESCUELA ESPECIAL PAR. CELQUI,QUILICURA,3,0,1,145,214
25110,COLEGIO PARTICULAR DE ADULTOS SOCHIDES,SAN RAMÓN,3,0,2,0,0
25111,ESCUELA DE PARVULOS N° 1624 BARRIE MONTESSORI,LA REINA,4,0,1,108,10
25112,ESCUELA PART. PEHUEN,MAIPÚ,3,0,1,162,10
25113,ESCUELA BASICA ANDINO,SAN JOSÉ DE MAIPO,4,0,3,0,0
25114,ESC. BASICA PART.IBEROAMERICANO,LA PINTANA,3,0,1,1223,10
25115,ESCUELA ESPECIAL PARTICULAR PIPAN,SAN MIGUEL,3,0,1,82,214
25117,T Y C SPECIAL SCHOOL,QUILICURA,3,0,1,256,212
25118,ESC.DE TRAST.PRIM. DE LA COM.CHACABUCO,COLINA,3,0,1,122,214
25119,ESCUELA ESPECIAL PARTICULAR GENESIS,PEDRO AGUIRRE CERDA,3,0,1,152,214
25120,INSTITUTO SAN SEBASTIAN DE MAIPU,MAIPÚ,4,0,3,0,0
25121,COLEGIO SAN ANTONIO DE COLINA,COLINA,3,0,1,1835,10
25122,ESC. ESPECIAL PARTICULAR HUELIPIN,QUILICURA,3,0,3,0,0
25123,COLEGIO LOS ALPES,MAIPÚ,4,0,3,0,0
25124,INSTITUTO LAS CONDES,LAS CONDES,4,0,3,0,0
25125,ESCUELA DE PARVULOS ALADDIN,RECOLETA,3,0,1,81,10
25126,ESCUELA DE PARVULOS TIA MARIA ANGELICA,RECOLETA,4,0,3,0,0
25127,COLEGIO LEONARDO DA VINCI,TALAGANTE,4,0,1,503,10
25128,ESCUELA BASICA EL ALFARERO,MAIPÚ,4,0,3,0,0
25129,ESCUELA BASICA SAINT FRANCIS COLLEGE,MAIPÚ,3,0,1,149,110
25130,COLEGIO LOS CEIBOS,TALAGANTE,4,0,1,341,10
25131,ESC ESP Nº 1637 MAGDALENA AVALOS CRUZ ASPAUT,SAN MIGUEL,3,0,1,128,216
25132,ESCUELA PART. MASTER SCHOOL DE LAMPA,LAMPA,3,0,1,598,10
25134,COLEGIO AMERICAN BRITISH SCHOOL,LA FLORIDA,4,0,1,268,110
25135,INSTITUTO DE LA MADERA Y EL MUEBLE,SAN MIGUEL,3,0,3,0,0
25136,COMPLEJO EDUCACIONAL SAN ALFONSO,PUENTE ALTO,3,0,1,277,310
25137,ESCUELA ESPECIAL PARTICULAR AYELEN,MACUL,3,0,3,0,0
25138,COLEGIO ALBERT EINSTEIN,RECOLETA,3,0,1,403,110
25139,COLEGIO  WILLQUIMVOE,PROVIDENCIA,4,0,2,0,0
25140,SAINT JOSEPH COLLEGE,SAN BERNARDO,4,0,3,0,0
25142,COLEGIO ANDINO ANTILLANCA,LAS CONDES,4,0,1,210,10
25143,COLEGIO SAN FRANCISCO JAVIER DE HUECHURABA,HUECHURABA,4,0,1,1483,10
25145,ESCUELA ESPECIAL PARTICULAR ANTIRAY,PAINE,3,0,1,89,214
25146,ESCUELA DE PARVULOS CLARENCE COLLEGE,MAIPÚ,3,0,3,0,0
25148,THE CHILDREN´S WORLD N°2,PEDRO AGUIRRE CERDA,3,0,3,0,0
25149,COLEGIO SAN FERNANDO ANEXO,PEÑALOLÉN,3,0,3,0,0
25151,SCUOLA ITALIANA FIRENZE,SAN MIGUEL,4,0,3,0,0
25152,DALCAHUE SUR N¦ 2,SAN RAMÓN,3,0,3,0,0
25153,COLEGIO PARTICULAR NUEVA ERA SIGLO XXI,LA FLORIDA,3,0,1,1433,10
25154,ESCUELA ESPECIAL PARTICULAR LUNA NUEVA,LA GRANJA,3,0,1,101,214
25155,ESC. PARTICULAR ALFARERO,MAIPÚ,3,0,1,366,10
25156,ESCUELA DE PARVULOS  INFANTIL ANTINIL,LA REINA,4,0,3,0,0
25157,ESC. BAS. PARTICULAR 1650 MIRAVALLE,PEÑALOLÉN,3,0,1,831,10
25158,ESCUELA DE PARVULOS PULGARCITO,EL BOSQUE,3,0,1,46,10
25159,ESC. ESP. PART. N¦ 88 EDUCA,PEÑAFLOR,3,0,3,0,0
25160,COLEGIO VICTORIANO,MAIPÚ,3,0,1,449,10
25161,COLEGIO DE MIRAFLORES DE MALLOCO,PEÑAFLOR,3,0,3,0,0
25162,ESC. PARTICULAR RAIN - BOW,PUENTE ALTO,3,0,1,282,10
25163,ESCUELA ITALIANA DANTE ALIGHIERI,LAS CONDES,4,0,3,0,0
25165,CENTRO DE ESTUDIOS CESCUM,LA REINA,3,0,2,0,0
25166,COLEGIO PART. LOS OLMOS DE PTE. ALTO,PUENTE ALTO,3,0,1,906,10
25167,ESCUELA DE PARVULOS SHANY-SHEBY,TALAGANTE,3,0,3,0,0
25169,ESCUELA DE PARVULOS KINDER PANDO,MACUL,3,0,1,18,10
25170,COLEGIO PSICOPEDAGOGICO JUAN WESLEY,ÑUÑOA,3,0,3,0,0
25171,CENTRO EDUC. PRINCIPADO DE ASTURIAS,PUENTE ALTO,3,0,1,425,10
25172,COLEGIO PUMAHUE,PEÑALOLÉN,4,0,1,1763,10
25173,ESC. BASICA MUNICIPAL RISOPATRON,PEDRO AGUIRRE CERDA,2,0,1,209,10
25174,CENTRO EDUCACIONAL DE ADULTOS EL PRADO,SANTIAGO,3,0,3,0,0
25175,COLEGIO SAN NICOLAS DE MAIPU,MAIPÚ,4,0,1,598,10
25176,ESCUELA PARVULOS PEQUEÑO REINO,VITACURA,4,0,3,0,0
25177,COLEGIO PARTHENON,SAN BERNARDO,4,0,3,0,0
25179,ESC.ESPECIAL NUESTRA SRA.DEL PILAR,MAIPÚ,3,0,1,89,214
25180,COLEGIO RAYEN MAHUIDA,COLINA,4,0,1,209,10
25182,LICEO ALCALDE JORGE INDO,QUILICURA,2,0,1,240,310
25183,WASHINGTON CENTER LA FLORIDA,LA FLORIDA,3,0,3,0,0
25184,ESCUELA PARVULOS ALEXANDER MONTESSORI,ÑUÑOA,4,0,3,0,0
25185,COLEGIO PARTICULAR OZANAM,SANTIAGO,3,0,1,1012,10
25186,COLEGIO MUNIC.  SAN SEBASTIAN DE RINCONADA,MAIPÚ,1,0,1,413,10
25187,ESCUELA ESPECIAL PARTICULAR N_ 1666 SANDELI,MACUL,3,0,1,124,214
25188,ESCUELA BÁSICA Y ESPECIAL N°90 AMANECER,PADRE HURTADO,3,0,1,569,110
25189,ESCUELA BASICA FUTURO LAS MERCEDES,ISLA DE MAIPO,1,1,1,154,10
25190,COLEGIO ADUL. INSTITUTO TABANCURA DE VITACURA,VITACURA,4,0,1,70,363
25191,ESC. ESPECIAL HERNAN LARRAIN PERO,LA PINTANA,3,0,1,81,214
25192,ESCUELA ESP. SAN NECTARIO,ÑUÑOA,3,0,1,138,217
25193,ESC. ESPECIAL SAN JORGE DE QTA. NORMAL,QUINTA NORMAL,3,0,2,0,0
25194,ESCUELA MUNICIPAL VALLE DE LUNA,QUILICURA,2,0,1,327,10
25196,PIERRE TEILHARD DE CHARDIN,LA FLORIDA,3,0,1,543,10
25197,COL.PARTICULAR SAN VALENTIN DE MAIPU,MAIPÚ,3,0,1,282,10
25198,COLEGIO SANTA MARIA DE MAIPU,MAIPÚ,3,0,1,1970,10
25199,COLEGIO AMANCAY DE LA FLORIDA,LA FLORIDA,3,0,1,200,10
25201,ESCUELA BAS. Y ESP. N_ 115 RENACER,PUENTE ALTO,3,0,1,667,10
25202,COLEGIO  PUMAHUE HUECHURABA,HUECHURABA,4,0,1,2029,10
25203,ESCUELA EDUCACION ESPECIAL ABECEDARIO,SANTIAGO,3,0,3,0,0
25204,ESC.ESP.ONCOL.HOSP.ROBERTO DEL RIO,INDEPENDENCIA,3,0,1,30,10
25205,ESC. BASICA ONCOLOGICA HOSPITAL LUIS CALVO MA,PROVIDENCIA,3,0,2,0,0
25206,ESC. PART. CHRIST SCHOOL,MAIPÚ,3,0,1,75,10
25207,LICEO TECNICO PROFESIONAL MALLOCO,PEÑAFLOR,3,1,3,0,0
25208,ESC. ESP. NTRA SRA. DEL BUEN CONSEJO,PUDAHUEL,3,0,1,108,214
25209,COLEGIO ESPECIAL FUNDAC.NUESTROS HIJOS,SAN MIGUEL,3,0,1,31,10
25210,ESC. BASICA N_ 116 ONCOLOG. DR. SOTERO DEL,PUENTE ALTO,3,0,1,55,10
25211,ESCUELA PART.ESPECIAL CORPAMEG,SAN MIGUEL,3,0,1,39,10
25212,INSTITUTO NACIONAL DE REHABILITACION PAC,PEÑALOLÉN,3,0,1,143,10
25213,COLEGIO HOSPITAL SAN BORJA ARRIARAN,SANTIAGO,3,0,1,38,10
25215,COLEGIO POLIV. GERONIMO DE ALDERETE,PUDAHUEL,3,0,1,2031,10
25216,ESC. ESPECIAL SAN ANTONIO DE PUENTE ALTO,PUENTE ALTO,3,0,1,264,212
25217,ESC. ESPECIAL ARTESANOS DE LA VIDA,RENCA,3,0,1,58,218
25218,EXTREMADURA DE PUENTE ALTO,PUENTE ALTO,3,0,1,1041,10
25219,ESC. ESPEICIAL VOCES II,RENCA,3,0,1,46,214
25220,COLEGIO ALMA MATER,LA GRANJA,3,0,1,1016,10
25221,COLEGIO  PABLO APOSTOL,LA FLORIDA,4,0,1,0,0
25222,ESC. ESPECIAL 120 MULTIVERSO,PUENTE ALTO,3,0,1,97,212
25223,COLEGIO MONTE DE ASIS,PUENTE ALTO,3,0,1,1148,10
25224,COLEGIO BERTAIT COLLEGE,LO BARNECHEA,4,0,1,77,110
25225,ESCUELA BASICA RAYITO DE LUZ DE QUILICURA,QUILICURA,3,0,1,598,10
25226,ESC. PART. SAN FCO. DE ASIS PARA NINOS SORDOS,SANTIAGO,3,0,1,33,211
25227,ESCUELA ESPECIAL MADRE TERESA DE CALCUTA,LO ESPEJO,3,0,1,83,212
25230,ESC.BAS.Y ESP.INTEGRAL STA. ROSA DE CHENA.,PADRE HURTADO,3,0,1,226,10
25232,ESC. ESP. PART SERAFIN DE MACUL,MACUL,3,0,1,63,214
25233,ESC. BAS. DE ADULTOS SAN ANDRES DE EL BOSQUE,EL BOSQUE,3,0,3,0,0
25234,COLEGIO NUEVO DEL ALBA,MACUL,4,0,3,0,0
25235,LICEO DE ADULTOS POETA VICENTE HUIDOBRO,QUILICURA,2,0,1,503,165
25236,ESCUELA ESPECIAL PALABRAS MAGICAS,QUINTA NORMAL,3,0,1,97,214
25237,COLEGIO DE ADULTOS GLADYS LAZO,SANTIAGO,3,0,1,377,167
25238,COLEGIO CENTRO EDUCACIONAL ALTAIR,PADRE HURTADO,3,0,1,1064,10
25239,ESC. ESPECIAL SANTA TERESA DE LOS ANDES DE MA,MAIPÚ,3,0,2,0,0
25240,ESCUELA BASICA JESUS NAZARENO DE MAIPU,MAIPÚ,4,0,3,0,0
25241,COLEGIO SAINT JAMES SCHOOL,BUIN,4,0,1,460,10
25242,COLEGIO PARTICULAR BETANIA,MAIPÚ,3,0,3,0,0
25243,ESC. BASICA PART. CANCURA,PEÑAFLOR,3,0,2,0,0
25244,ESC. ESP. SEMILLITA DE JESUS,MAIPÚ,3,0,3,0,0
25246,COLEGIO  ALCURA,LAS CONDES,4,0,2,0,0
25247,COLEGIO ALICURA,PEÑALOLÉN,1,0,1,62,110
25249,COLEGIO PARTICULAR TANTAUCO  EL BOSQUE,EL BOSQUE,4,0,1,767,10
25250,COLEGIO POLIV. ALMENDRAL DE LA PINTANA,LA PINTANA,3,0,1,964,10
25251,ESCUELA ESPECIAL NEWEN,LO ESPEJO,3,0,3,0,0
25252,ESCUELA PARVULOS ANTUMALAL,ÑUÑOA,3,0,3,0,0
25253,INSTIT.CAPITAN JOSE LUIS ARANEDA C.,RECOLETA,3,0,3,0,0
25254,ESCUELA ESPECIAL LUNA AZUL,MAIPÚ,3,0,3,0,0
25255,ESCUELA INMACULADA CONCEPCION,COLINA,3,0,1,670,10
25256,ESCUELA BASICA THE FOREST COLLEGE,EL BOSQUE,3,0,1,1262,10
25257,ESCUELA NORMAY SCHOOL,PUENTE ALTO,3,0,2,0,0
25258,COLEGIO PREMILITAR GENERAL SAN MARTIN DE MAIPU,MAIPÚ,3,0,1,352,110
25260,ESC.ESPECIAL LOS COPIHUES DEL BOSQUE,EL BOSQUE,3,0,1,142,212
25261,ESCUELA DE PARVULOS ILLAPITAS,PEÑALOLÉN,3,0,3,0,0
25263,ESC.ESP.EL PRINCIPITO DE EL BOSQUE,EL BOSQUE,3,0,1,145,214
25264,ESCUELA ESPECIAL DE LENGUAJE RAYUN,SAN MIGUEL,3,0,1,135,214
25265,COLEGIO ANTIL MAWIDA,LA CISTERNA,3,0,1,820,10
25266,ESCUELA BASICA  CONTEMPORA,LA FLORIDA,4,0,3,0,0
25267,ESCUELA BASICA DE ADULTOS CEPPAC,SAN BERNARDO,3,0,2,0,0
25269,COLEGIO NUEVO DIEGO DE ALMAGRO,SANTIAGO,3,0,1,462,10
25270,COLEGIO PART. DE ADULTOS ITSA,MAIPÚ,3,0,1,102,165
25271,PROFESOR FRANCISCO VERGARA BOBADILLA,LA FLORIDA,1,0,1,161,363
25272,ESC.PARVULOS PARTICULAR  LOS ANGELITOS,SANTIAGO,3,0,1,87,10
25273,ESCUELA ESP. PART. EDUC. LAUDELINA ARANEDA,SAN BERNARDO,3,0,1,253,10
25274,ESCUELA DE PARVULOS LOS BICHITOS,MAIPÚ,3,0,3,0,0
25275,ESCUELA BASICA NUEVA LAS CUMBRES,PEÑALOLÉN,4,0,3,0,0
25277,ESCUELA ESPECIAL SANTIAGO APOSTOL,SANTIAGO,2,0,1,81,211
25278,COLEGIO CAMPANARIO,BUIN,4,0,1,725,10
25279,ESCUELA PARTICULAR SALVADOR DALI,MAIPÚ,3,0,1,491,10
25280,ESCUELA BASICA PARTICULAR BREMEN,EL BOSQUE,3,0,1,190,110
25281,ESCUELA ESPECIAL BAULIRURIRU,LAS CONDES,3,0,1,55,214
25282,COLEGIO POLIV. CARDENAL RAUL SILVA HENRIQUEZ,PUENTE ALTO,3,0,1,1668,10
25283,ESC.PART.ESPECIAL LA CONCEPCION DE COLINA,COLINA,3,0,1,13,214
25284,ESUELA ESPECIAL DE LENGUAJE PIRAMIDE,SAN JOAQUÍN,3,0,1,94,214
25285,ESCUELA RALUN KOYAN,LAMPA,3,1,2,0,0
25286,ESCUELA PARTICULAR  COMUNICATE,MAIPÚ,3,0,1,45,214
25287,ESCUELA BASICA PARTICULAR ESJELAVI,LA PINTANA,3,0,1,156,10
25288,ESC. BAS. Y ESP. CENTRO INTEGRAL ALTAIR DE BA,LAMPA,3,0,1,622,10
25289,ESC. DE PARV. Y ESP. LUIS SEMBRADOR,PEDRO AGUIRRE CERDA,3,0,1,140,214
25290,ESCUELA BASICA PARTICULAR EL REY,MAIPÚ,3,0,1,131,110
25291,CENTRO EDUCACIONAL HUGO TRIVELLI FRANZOLINI,BUIN,3,0,3,0,0
25292,ESCUELA DE PARVULOS ANTU,MACUL,4,0,3,0,0
25294,ESCUELA ESPEC.PART. SANTA TERESA DE JESUS,PUDAHUEL,3,0,1,63,214
25295,COLEGIO TOBALABA LA FLORIDA,LA FLORIDA,3,0,2,0,0
25296,ESC. ESPEC. LENGUAJE LOS CHIQUITINES,PEDRO AGUIRRE CERDA,3,0,1,81,214
25297,ESCUELA ESPECIAL Y LENGUAJE ROCIO,PEDRO AGUIRRE CERDA,3,0,1,85,212
25298,ESCUELA ESPECIAL PARTICULAR LUDILEN,EL BOSQUE,3,0,1,63,214
25299,ESC.BASICA APOSTOL SAN LUCAS DE S.JOSE DE MAI,SAN JOSÉ DE MAIPO,3,0,3,0,0
25300,COLEGIO NUEVOS CASTANOS DE MAIPU,MAIPÚ,3,0,1,331,110
25301,ESC.ESPEC.SAGRADA FAMILIA DE MAIPU,MAIPÚ,3,0,1,138,214
25302,ESCUELA ESPECIAL STELLA MARIS DE NUNOA,ÑUÑOA,3,0,1,42,214
25303,CENTRO EDUCACIONAL LAURA VICUNA,RENCA,3,0,1,623,10
25304,COLEGIO PAUL HARRIS SCHOOL,EL BOSQUE,3,0,1,858,110
25305,ESCUELA ESPECIAL ARCOIRIS DE EL BOSQUE,EL BOSQUE,3,0,1,43,214
25306,ESCUELA ESPECIAL TODOS LOS SANTOS,PUENTE ALTO,3,0,1,171,214
25307,ESCUELA ESPECIAL OTTAWA,PADRE HURTADO,3,0,3,0,0
25308,ESCUELA BASICA BELEN SCHOOL,RENCA,3,0,3,0,0
25310,COLEGIO SAN NICOLÁS DIÁCONO,COLINA,4,0,1,789,10
25311,ESCUELA PARTICULAR HERMAN HESSE,MAIPÚ,3,0,3,0,0
25314,ESCUELA BÁSICA 1737 LOS ALERCES DE MAIPÚ,MAIPÚ,1,0,1,491,10
25315,ESCUELA PUERTO FUTURO,PUDAHUEL,6,0,1,283,10
25316,COLEGIO PUELMAPU,PEÑALOLÉN,3,0,1,409,10
25317,"ESC. ESP. PART, PALOMAR DE QUILICURA",QUILICURA,3,0,1,113,214
25318,COLEGIO TEC. PROFESIONAL DON ENRIQUE ALVEAR,CERRO NAVIA,3,0,3,0,0
25319,ESC. BAS. Y ESP. PART. KIMKELEN,SAN BERNARDO,3,0,1,415,10
25320,ESCUELA  ESPEC. VIRGEN DE LAS PENAS,SANTIAGO,3,0,1,0,0
25321,ESCUELA BASICA ALEZZEIA,EL MONTE,4,0,3,0,0
25322,CENTRO EDUCACIONAL DE ADULTOS RAFAEL SOTOMAYO,LA FLORIDA,3,0,1,153,165
25323,COLEGIO PARTICULAR SAINT JOSEPH,SAN BERNARDO,3,0,3,0,0
25324,ESCUELA BASICA QUITALMAHUE,PUENTE ALTO,3,0,1,536,10
25325,"ESC, ESP. PART. SAN JOSE DE TALAGANTE",TALAGANTE,3,0,2,0,0
25327,ESC. ESPEC. PART. LAS CAMELIAS,CONCHALÍ,3,0,1,84,214
25328,INSTITUTO CRISTIANO LUIS GANDARILLAS,MAIPÚ,3,0,1,688,10
25329,COLEGIO SANTA CRUZ DE CHICUREO,COLINA,4,0,1,1058,10
25330,COLEGIO POLIVALENTE ANTARES,PUENTE ALTO,3,0,1,138,310
25331,ESCUELA BASICA PART. CRISTIANO DE LOS HEROES,MAIPÚ,3,0,1,367,10
25332,COLEGIO MONTESSORI PUCALAN,COLINA,4,0,1,504,10
25333,ESC. ESPECIAL PART. MARTA Y BERTA,LA FLORIDA,3,0,1,57,214
25334,ESCUELA BASICA RAICES ALTAZOR,LA FLORIDA,3,0,1,238,10
25335,ESCUELA MILITAR LIB CAP GRAL BDO O'HIGG R.,LAS CONDES,3,0,3,0,0
25336,ESC.DE AVIACION CAP. MANUEL AVALOS PRADO,EL BOSQUE,3,0,3,0,0
25337,COLEGIO CRISTIANO GANDARILLAS,MAIPÚ,3,0,3,0,0
25338,ESCUELA BASICA INTEGRAL TIEMPO,ESTACIÓN CENTRAL,4,0,3,0,0
25339,LICEO MUNICIPAL DE ADULTO MIGUEL CAMPINO LARRAIN,PAINE,2,0,1,233,165
25340,ESCUELA BASICA EL SAUCE,SAN JOSÉ DE MAIPO,3,0,3,0,0
25341,COLEGIO LOS ACANTOS,LAS CONDES,4,0,3,0,0
25342,ESCUELA RAIMAPU-TIERRA FLORIDA,LA FLORIDA,3,0,1,779,10
25344,COLEGIO ALAMIRO PEREZ,LA GRANJA,3,0,1,47,110
25346,ESCUELA PARVULARIA PARTICULAR FRANCISCO DE AS,QUINTA NORMAL,3,0,3,0,0
25347,COLEGIO SEBASTIAN EL CANO SAN BERNARDO,SAN BERNARDO,3,0,1,845,10
25348,COLEGIO  SAN JOSE DE CHICUREO,COLINA,4,0,1,1154,10
25349,COLEGIO PARTICULAR MELFORD COLLEGE,QUILICURA,3,0,1,921,10
25350,ESC. PART. CRISTIANO ORIENTE,MAIPÚ,3,0,1,456,10
25351,ESCUELA ESPECIAL PARTICULAR KIMANTU,CALERA DE TANGO,3,0,1,68,214
25352,LICEO BICENTENARIO DE EXCELENCIA PATRICIO MEKIS DE PADRE HURTADO,PADRE HURTADO,3,0,1,1643,10
25353,ESCUELA ESPECIAL DEL LENGUAJE ROMIYANCO,BUIN,3,0,1,153,214
25354,ESCUELA ESPECIAL JESUS DEL BOSQUE,EL BOSQUE,3,0,1,122,212
25355,ESC. DE PARVULOS PART 103 EL PRINCIPITO DE LO,SAN BERNARDO,3,0,1,0,0
25356,ESC. BASICA LA PRADERA DE CURACAVI,CURACAVÍ,3,0,1,274,10
25358,ESCUELA ESPECIAL CAPULLITO,EL BOSQUE,3,0,1,72,214
25359,COLEGIO METODISTA DE SANTIAGO,SANTIAGO,3,0,1,351,110
25361,ESCUELA ESP. PART.  ANTUKUYEN,PEÑAFLOR,3,0,1,90,214
25362,ESC.PART. TALLERES PREVOCACIONALES PADRE HURT,RENCA,3,0,1,40,110
25363,ESC. ESP. PUERTA DEL SOL,CURACAVÍ,3,0,1,151,214
25364,ESCUELA ESPECIAL N°104  SANTA MARIA DE VINCULO,PAINE,3,1,1,148,214
25365,COLEGIO AUSTRALIA,LA PINTANA,3,0,1,186,110
25366,COLEGIO  LATINOAMERICANO,LA FLORIDA,4,0,1,578,110
25367,COLEGIO SANTIAGO,LA FLORIDA,3,0,1,1094,10
25368,COLEGIO PART. CARDENAL CARLOS OVIEDO CAVADA,MAIPÚ,3,0,1,1639,10
25369,COLEGIO PARTICULAR ALICANTE,MAIPÚ,3,0,1,3663,10
25370,ESCUELA ESPECIAL MISTRAL,SAN BERNARDO,3,0,1,94,214
25371,COLEGIO BICENTENARIO SANTA MARIA DE PAINE,PAINE,3,0,1,1640,10
25372,ESCUELA DE PARVULOS N° 1759 ANTINIL N° 3,LA REINA,4,0,1,0,0
25373,COLEGIO SAN RAFAEL ARCANGEL,LA REINA,4,0,1,130,110
25375,ESCUELA ESPECIAL N°1761 MI PEQUEÑO COLIBRI PUDAHUEL,PUDAHUEL,3,0,1,115,214
25376,ESCUELA ESPECIAL NUEVA CORDILLERA N_ 1762,LAS CONDES,3,0,1,69,214
25377,ESCUELA ESPECIAL PARTICULAR DESPERTARES,LA GRANJA,3,0,1,43,212
25378,ESCUELA ESPECIAL PARTICULAR 1764 GENESIS 2001,PEÑALOLÉN,3,0,3,0,0
25379,ESCUELA DE PARVULOS N°1765 KIMN,SANTIAGO,4,0,1,29,10
25380,ESCUELA PARTICULAR EDIAL II,CALERA DE TANGO,3,0,3,0,0
25381,ESC. ESPECIAL PART. REYES DE ESPANA,QUINTA NORMAL,3,0,1,68,214
25382,COLEGIO SAINT CHARLES COLLEGE LA FLORIDA,LA FLORIDA,3,0,1,519,10
25383,ESC. ESP. CENT. DES. INTEG. DE LA COMUN. ADON,MAIPÚ,3,0,1,99,214
25384,ESCUELA ESPECIAL 1768 RENACER,EL BOSQUE,3,0,1,212,212
25385,ESCUELA HERMANOS CARRERA,MAIPÚ,3,0,1,636,10
25386,COLEGIO PARTICULAR NOVO MUNDO,QUILICURA,3,0,1,1713,10
25387,COLEGIO PARTICULAR SAN SEBASTIAN DE QUILICURA,QUILICURA,3,0,1,1912,10
25389,COLEGIO `EMPRENDER OBISPO ALVEAR`,PUENTE ALTO,3,0,1,1881,10
25390,ESC.BASICA PART. ACONCAGUA DE PUDAHUEL,PUDAHUEL,3,0,1,189,10
25392,ESCUELA ESPECIAL PARTICULAR ANGELES,PROVIDENCIA,3,0,1,111,214
25393,COLEGIO QUINTO CENTENARIO CORDILLERA,LA FLORIDA,3,0,1,512,10
25394,ESC. ESP. NINOS DE LA LUNA,QUINTA NORMAL,3,0,1,52,214
25395,COLEGIO BETTERLAND SCHOOL,LO BARNECHEA,3,0,1,856,10
25396,CENTRO POLITECNICO PARTICULAR CONCHALI,CONCHALÍ,3,0,1,1609,10
25397,ESCUELA ESPECIAL PART. ACONCAGUA DE PUDAHEL N,PUDAHUEL,3,0,1,113,212
25398,ESC. ESPECIAL 1775 SAN ANTONIO II,LAMPA,3,0,1,288,212
25399,ESCUELA ESPECIAL PART. TRIPANTU,ESTACIÓN CENTRAL,3,0,1,111,214
25400,ESC. ESP. CHILE CUBA,SAN JOAQUÍN,3,0,1,115,214
25401,ESCUELA ESPECIAL CARRUCEL,SAN JOAQUÍN,3,0,3,0,0
25402,COL.  PART. SALES. EL PATROCINIO DE SAN JOSE,PROVIDENCIA,3,0,1,1053,10
25403,ESC. ESPECIAL GULLIVER,QUINTA NORMAL,3,0,1,147,214
25404,ESCUELA ESPECIAL ` MANQUEMAPU`,MAIPÚ,3,0,1,104,214
25405,ESCUELA ESPECIAL PART. TRAGALUZ,ESTACIÓN CENTRAL,3,0,1,79,214
25406,ESCUELA ESPECIAL MARIO BAEZA,MAIPÚ,3,0,1,171,110
25408,ESCUELA ESPECIAL GABRIELA MISTRAL,LA FLORIDA,3,0,1,161,212
25409,ESCUELA ESPECIAL  N° 1784 MATICES,LA REINA,4,0,3,0,0
25411,ESCUELA ESPECIAL PART. BETESDA,PUENTE ALTO,3,0,3,0,0
25412,ESCUELA ESPECIAL PARTICULAR 1785 CAIL,PEÑALOLÉN,3,0,2,0,0
25413,ESC. DE PARV. Y ESP. ENANITOS,EL BOSQUE,3,0,1,228,10
25414,ESCUELA ESPEC. PART. ARCO IRIS DE RECOLETA,RECOLETA,3,0,1,129,214
25415,ESC. ESPECIAL TIEMPO NUEVO,LA PINTANA,3,0,1,94,10
25416,ESC. BAS. PART. ESTER VARGAS,PUENTE ALTO,3,0,3,0,0
25417,ESCUELA PARTICULAR 1788 EDEN DE SAN RAMON,SAN RAMÓN,3,0,1,87,212
25418,COLEGIO POLIV. SAN BERNARDO ABAD,SAN BERNARDO,3,0,1,1192,10
25419,COLEGIO DE ADULTOS EL CANELO DE NOS,SAN BERNARDO,3,0,2,0,0
25420,ESC. PARV. Y ESP. GABRIELA MISTRAL DE MAIPU,MAIPÚ,3,0,1,71,10
25421,ESCUELA ESPECIAL ARCANGEL GABRIEL,PEDRO AGUIRRE CERDA,3,0,1,69,214
25422,MY LITTLE GARDEN,SANTIAGO,3,0,3,0,0
25423,COLEGIO PARTICULAR IGNACIO SERRANO,SAN BERNARDO,3,0,1,429,10
25425,ESC.ESP. PART. EL OLIVAR,LA PINTANA,3,0,1,109,214
25426,ESC. ESP. PART. PALU,LA FLORIDA,3,0,1,99,214
25427,ESCUELA ESPECIAL BELEN DE MAIPU,MAIPÚ,3,0,1,71,212
25428,ESC. ESP. PART. KADES BARNEA,LA FLORIDA,3,0,1,55,214
25429,ESC. ESP. PART. LOS AROMOS DE MAIPU,MAIPÚ,3,0,1,108,212
25430,ESCUELA PARTICULAR N_ 1796 NUEVO HORIZONTE,LO BARNECHEA,3,0,1,30,214
25431,ESCUELA BASICA PART SANTA MARIA DE ESMERALDA,COLINA,3,0,1,385,10
25432,NUEVA BELEN,PEDRO AGUIRRE CERDA,3,0,2,0,0
25433,ESCUELA ESP. RUCAMALEN,LO PRADO,3,0,1,73,214
25434,COLEGIO PARTICULAR FORJADORES,PEÑAFLOR,3,0,1,551,10
25435,ESCUELA BASICA DEL PONIENTE,TALAGANTE,1,0,3,0,0
25436,COLEGIO PART. SOCHIDES RENCA,RENCA,3,0,1,1024,10
25437,ESC. BASICA Y ESP.  EL NAZARENO,LA CISTERNA,3,0,1,53,212
25439,CENTRO EDUCACIONAL SAN CARLOS DE ARAGON,PUENTE ALTO,3,0,1,2653,10
25440,ESCUELA ESPECIAL ADENNUN N_ 2,LO ESPEJO,3,0,1,97,214
25442,COLEGIO TALAGANTE GARDEN SCHOOL,TALAGANTE,3,0,1,607,110
25443,ESC  ESP PART  PUERTA DEL SOL DE LA REINA,LA REINA,3,0,1,56,214
25444,ESCUELA ESPECIAL HERMANO MAYOR,INDEPENDENCIA,3,0,3,0,0
25445,ESCUELA  ESP. N_1804 SAN JOSE,PEÑALOLÉN,3,0,3,0,0
25446,ESCUELA  DE  PARVULOS  CASITA  DEL  SABER,ESTACIÓN CENTRAL,3,0,2,0,0
25447,COLEGIO VALLE DE MALLARAUCO,MELIPILLA,3,0,1,343,10
25448,CENTRO EDUC. NINO DIOS DE MALLOCO,PEÑAFLOR,3,0,1,1822,10
25449,ESCUELA DE PARVULOS LOS MOLINITOS,LA REINA,4,0,3,0,0
25450,COLEGIO SALTAIRAM,PUENTE ALTO,3,0,1,369,10
25451,ESC. ESP. NTRA. SRA. DEL BUEN CONSEJO I,QUINTA NORMAL,3,0,1,46,212
25452,COLEGIO TREBULCO,TALAGANTE,4,0,1,712,10
25453,MELODIA,SANTIAGO,3,0,2,0,0
25454,COLEGIO PART. ANDINO ANTUQUELEN,SAN JOSÉ DE MAIPO,3,0,1,306,110
25456,COLEGIO ADULTOS INST. BARROS ARANA,SAN BERNARDO,3,0,3,0,0
25457,COLEGIO ADULTOS INST STA MARIA DE MAIPU,MAIPÚ,4,0,2,0,0
25458,COLEGIO POLIVALENTE FALCON COLLEGE,QUINTA NORMAL,3,0,1,556,310
25459,ESC. ESP. PART. PABLO NERUDA,PUENTE ALTO,3,0,1,104,214
25460,ESC. ESP. PART. LA PAMPA,CERRO NAVIA,3,0,1,36,212
25461,ESCUELA ESPECIAL PART. NINOS DE LA REINA,LA REINA,3,0,1,75,214
25462,COLEGIO ALTO GABRIELA,LA PINTANA,3,0,1,819,10
25463,COLEGIO CTRO. INTEG  ADULTOS ALTAZOL,SANTIAGO,3,0,1,251,363
25464,COLEGIO POLIVALENTE AGUSTINIANO DE EL BOSQUE,EL BOSQUE,3,0,1,1721,110
25465,ESC. BAS. PART.  JERUSALEN,LAMPA,3,0,1,438,10
25466,ESCUELA BÁSICA N°1812 EL PORVENIR,MAIPÚ,3,0,1,43,10
25467,ESC. BAS. PART. SAN JUAN LEONARDI,MAIPÚ,3,0,1,86,10
25468,ESCUELA BASICA PUERTA DEL SOL DE MAIPU,MAIPÚ,4,0,3,0,0
25470,ESCUELA DE PARV. ICHUAC,CERRILLOS,3,0,1,110,10
25471,COLEGIO PART. KING EDWARDS SCHOOL I,MAIPÚ,3,0,1,498,10
25473,ESCUELA ESPECIAL PART. GUENIPILLAN - MAIPU,MAIPÚ,3,0,1,39,214
25474,ESCUELA BASICA  Nº1817 ANIDA,LA FLORIDA,4,0,1,55,10
25475,COLEGIO PART. PADRE JOSE KENTENICH,PUENTE ALTO,3,0,1,830,10
25476,ESCUELA DE PARVULOS SANTA VICTORIA CHILDREN,PEÑALOLÉN,4,0,3,0,0
25477,COLEGIO LA MISION,CALERA DE TANGO,4,1,1,826,10
25478,COLEGIO  MAYOR DE PEÑALOLEN,PEÑALOLÉN,4,0,1,2061,10
25479,COLEGIO  ANDARES,LA FLORIDA,4,0,3,0,0
25480,COLEGIO JOSE LUIS LEGRANGE DE LA CISTERNA,LA CISTERNA,3,0,1,444,10
25481,COLEGIO INSTITUTO O¦HIGGINS DE MAIPU,MAIPÚ,3,0,1,886,10
25482,ESC. PART. ARTISTICA EL TRIGAL,MAIPÚ,3,0,1,670,10
25483,LICEO MUNICIPAL SANTA MARIA DE CONCHALI,CONCHALÍ,1,0,3,0,0
25484,ESC PART. SIGLO XXI DE LAMPA,LAMPA,3,0,1,452,10
25485,ESC. BASICA  `SAN BENIGNO`,COLINA,3,0,1,334,10
25487,COLEGIO  MANQUECURA VALLE LO CAMPINO,QUILICURA,4,0,1,1817,10
25488,ESCUELA BASICA SAVIA NOVA,LO BARNECHEA,4,0,3,0,0
25489,COLEGIO LOS ANDES COUNTRY DAY COLLEGE,PEÑALOLÉN,3,0,3,0,0
25490,ESC. ESP. NTRA. SRA. DEL BUEN CONSE,MAIPÚ,3,0,1,115,214
25491,COLEGIO ADULTOS PUNTO DE CONTACTO,PROVIDENCIA,4,0,3,0,0
25492,ESCUELA BASICA PARTICULAR TRUPAN,CONCHALÍ,4,0,1,184,10
25494,ESCUELA DE PARVULOS MI PEQUEÑA GALAXIA,ÑUÑOA,4,0,3,0,0
25495,ESCUELA DE PARVULOS  N°1827 MY LITTLE GARDEN N° 2,SANTIAGO,4,0,1,0,0
25496,INSTITUTO TECNOLÓGICO BICENTENARIO DE EXCELENCIA SAN MATEO,PUDAHUEL,3,0,1,1288,310
25497,ESC. DE PARV.CAMPANITA DE SAN MIGUEL,SAN MIGUEL,3,0,1,0,0
25498,ESCUELA BASICA NUESTRO FUTURO,ÑUÑOA,4,0,3,0,0
25499,ESCUELA ESP.CERRO BLANCO,MAIPÚ,3,0,2,0,0
25500,ESCUELA ESPEC.STA. TERESA DE AVILA,CERRILLOS,3,0,1,149,214
25501,COLEGIO SAN ANDRES DE MAIPU,MAIPÚ,3,0,1,1289,10
25502,COLEGIO DE ADULTOS JOSE ABELARDO NUNEZ,HUECHURABA,3,0,1,230,165
25503,COLEGIO DE ADULTOS JOSE ABELARDO NUNEZ-SAN BE,SAN BERNARDO,3,0,3,0,0
25504,COLEGIO DE ADULTOS JOSE ABELARDO NUNEZ EL BOS,EL BOSQUE,3,0,1,293,165
25505,COLEGIO DE ADULTOS CLOTARIO BLEST RIFFO,PEÑALOLÉN,3,0,3,0,0
25506,ESCUELA ESPECIAL N°1832 EXPLORADORES DE BATUCO,LAMPA,3,0,1,78,214
25507,ESC. BASICA PARTICULAR SAN PABLO,PUENTE ALTO,3,0,1,313,10
25508,COLEGIO PART. GABRIELA MISTRAL SOCIEDAD EDUCA,QUINTA NORMAL,3,0,1,799,10
25509,COLEGIO PARTICULAR MARÍA AUXILIADORA DE SANTIAGO,SANTIAGO,3,0,1,902,110
25510,ESCUELA ESPECIAL DESPERTAR DE LO ESPEJO,LO ESPEJO,3,0,1,97,110
25511,ESCUELA DE PARV. BRITISH NURSERY SCHOOL,LA FLORIDA,4,0,1,0,0
25512,COLEGIO DE ADULTOS POLIV. CONDOR,SANTIAGO,3,0,3,0,0
25513,ESCUELA ESPECIAL  NINO DE JESUS,MAIPÚ,3,0,1,50,214
25514,INSTITUTO DE EDUCACION DE ADULTOS MACUL,MACUL,6,0,1,322,165
25515,ESCUELA ESP. PART. ELEFANTE MELODIA,LA GRANJA,3,0,3,0,0
25516,ESCUELA ESPECIAL PADRE PIO COLLEGE,QUINTA NORMAL,3,0,1,184,214
25517,ESC. ESP. PART MADRE MARIA MAZZARELLO,EL BOSQUE,3,0,1,86,214
25518,ESCUELA DE PARVULOS  N°1839 GIROLIN,MACUL,4,0,3,0,0
25520,COL. PART. SAGRADO CORAZON DE JESUS DE LA RE,LA REINA,3,0,1,1319,10
25521,ESCUELA DE PARVULOS N°1840 HERMANO ANDRES,SANTIAGO,4,0,1,0,0
25523,CARDENAL JUAN FRANCISCO FRESNO LARRAIN,PUENTE ALTO,3,0,1,1487,10
25524,CENTRO EDUCACIONAL ADULTOS KAIROS,PEÑAFLOR,3,0,1,77,363
25525,COLEGIO PARTICULAR EL ALBA DE MACUL,MACUL,3,0,1,381,10
25526,ESCUELA PART.  CURACAVI COLLEGE,CURACAVÍ,3,0,1,1072,10
25527,ESCUELA ESPECIAL PART. N_ 110  TRINIDAD FERR,SAN BERNARDO,3,0,1,131,214
25528,ESCUELA ESPECIAL PARTICULAR ROMPE MI SILENCIO,MAIPÚ,3,0,1,76,216
25529,ESCUELA ESPECIAL  GEORGINA DE LAS NIEVES,EL BOSQUE,3,0,1,38,214
25530,ESCUELA ESPECIAL LOS CORCELES,MAIPÚ,3,0,1,72,214
25531,COLEGIO DE ADULTOS SANTA VICENTA MARIA,SANTIAGO,3,0,3,0,0
25532,ESCUELA ESPECIAL PARTICULAR MARTIN PESCADOR,MAIPÚ,3,0,1,158,214
25533,ESCUELA BAS. Y ESP. SAN JOSE DE ISLA DE MAIPO,ISLA DE MAIPO,3,0,1,151,214
25534,ESC. ESP. PARTICULAR MANANTIAL,PUENTE ALTO,3,0,1,46,214
25535,ESC. ESP. PART. N_ 1846 ACUARELA,LA REINA,3,0,3,0,0
25537,ESCUELA DE PARV. Y ESPECIAL PELUSITA,SANTIAGO,3,0,1,149,214
25538,ESCUELA BASICA IRIS YAEGER,PUENTE ALTO,3,0,3,0,0
25539,EJERCITO LIBERTADOR DE CERRILLOS,CERRILLOS,2,0,1,354,10
25540,COLEGIO MONTE OLIVO DE PUENTE ALTO,PUENTE ALTO,3,0,1,1067,10
25541,COLEGIO PART. JOSEFINO SANTISIMA TRINIDAD,PROVIDENCIA,3,0,1,559,10
25542,COLEGIO SANTA BARBARA H.S.,QUILICURA,3,0,1,1295,10
25543,COLEGIO POLIV. SAN CRISTOBAL APOSTOL,PADRE HURTADO,3,0,1,483,110
25544,ESC. ESP. Y BAS. FRANCES DE LA PINTANA,LA PINTANA,3,0,1,458,110
25545,ESCUELA ESPECIAL PART. N_ 1850 TRALEN,PEÑALOLÉN,3,0,1,72,214
25546,ESCUELA ESPECIAL PART. MERCEDES,RECOLETA,3,0,1,192,214
25547,ESCUELA PARTICULAR NUEVA ESMERALDA,COLINA,3,0,1,119,214
25548,ESCUELA DE PARVULOS TRAMPOLIN,ÑUÑOA,3,0,3,0,0
25549,ESCUELA DE PARV. PART. NUEVO ANTUMALAL,ÑUÑOA,3,0,3,0,0
25550,ESC. BASICA PART. BOSTON COLLEGE LA FARFANA,MAIPÚ,3,0,1,1281,10
25551,ESCUELA ESP. MANANTIAL DEL BOSQUE,EL BOSQUE,3,0,1,68,214
25552,ESC. DE PARVULOS MI GALAXIA,ÑUÑOA,3,0,3,0,0
25554,ESCUELA ESPECIAL Y  DE  PARVULOS PARTICULAR EL NIDITO,EL BOSQUE,3,0,1,343,10
25555,ESCUELA PART. DE LENGUAJE APORE,SAN BERNARDO,3,0,1,61,10
25556,COLEGIO SOCHIDES,PUENTE ALTO,3,0,1,814,10
25557,ESC BASICA PART EMILIA GONZALEZ ESPINOZA,SAN BERNARDO,3,0,1,717,10
25558,COLEGIO PARTICULAR ALTAZOR,PUENTE ALTO,3,0,1,894,10
25559,COLEGIO POLIVALENTE HERNAN AGUIRRE MAC-KAY,PUENTE ALTO,3,0,3,0,0
25560,ESCUELA ESPECIAL  PARTICULAR MELILLAN,QUILICURA,3,0,2,0,0
25561,ESCUELA DIVINO MAESTRO,CERRO NAVIA,3,0,1,261,10
25562,ESC BASICA PART SAN JOSE DE LA FAMILIA,LA PINTANA,3,0,1,1494,10
25563,ESC. ESP. PARTICULAR  MI CASITA,LA FLORIDA,3,0,1,44,214
25564,ESCUELA ESPECIAL PART. TALENTOS,PUDAHUEL,3,0,1,177,10
25565,ESC ESP PART PROF RAQUEL TORRES GUZMAN,MAIPÚ,3,0,1,89,214
25566,ESC ESP PART RAYITO DE LUZ DE QTA NORMAL,QUINTA NORMAL,3,0,1,56,214
25568,ESCUELA BAS. Y ESP. ANTILLANCA DE TALAGANTE,TALAGANTE,3,0,1,170,10
25569,ESC ESPECIAL PARTICULAR  MI FAMILIA,MAIPÚ,3,0,1,93,214
25571,COLEGIO EL RACO,PUENTE ALTO,3,0,1,1095,10
25572,ESCUELA ESPECIAL PART. MAHUIDANCHE,RECOLETA,3,0,1,124,214
25573,ESC. DE PARV. Y ESP. PART. CENTILEN,LA PINTANA,3,0,1,409,110
25574,ESCUELA ESPECIAL PART. MELODIA DE LA FLORIDA,LA FLORIDA,3,0,1,108,214
25575,ESCUELA ESPECIAL PART. ALAMEDA,ESTACIÓN CENTRAL,3,0,1,130,212
25576,ESCUELA BASICA PART. SAN JORGE DE PUDAHUEL,PUDAHUEL,3,0,1,459,10
25577,COLEGIO PART. FAMILIA DE NAZARETH,LA FLORIDA,3,0,1,582,10
25578,CENTRO EDUC. DE EST. Y DES. DEL LENGUAJE PEHU,LAS CONDES,3,0,3,0,0
25579,ESCUELA PARVULOS MIRADOR DE PUENTE ALTO,PUENTE ALTO,4,0,3,0,0
25580,COLEGIO PARTICULAR MIRADOR,PUENTE ALTO,3,0,1,1219,10
25581,ESCUELA ESP. SAN JOSE OBRERO,SANTIAGO,3,0,1,119,214
25582,ESCUELA ESP. PART. GIRASOL DE RECOLETA,RECOLETA,3,0,1,127,214
25583,ESC. ESP. PART. SANTISIMA TRINIDAD DE PUDAHUE,PUDAHUEL,3,0,1,188,212
25585,ESCUELA ESPECIAL PART. UNAMKALEN,COLINA,3,0,1,184,212
25586,ESCUELA ESP. PART. RAIHUEN,LA FLORIDA,3,0,1,55,214
25587,ESCUELA ESP. PART. HORIZONTE TOBALABA,ÑUÑOA,3,0,2,0,0
25588,ESCUELA DE PARVULOS MUNICIPAL ALTUE,PUENTE ALTO,1,0,3,0,0
25589,COLEGIO JESUS SERVIDOR,PEÑALOLÉN,3,0,1,888,10
25590,ESC. DE PARV. Y ESP. MARTA HIDALGO,PUENTE ALTO,3,0,3,0,0
25591,LICEO TECNICO PROFESIONAL DE BUIN,BUIN,1,0,1,969,310
25592,INSTITUTO SAN MIGUEL,COLINA,1,0,1,375,110
25593,MARY ANNE SCHOOL DE QUILICURA,QUILICURA,3,0,1,584,10
25594,ESCUELA ESP. PART. SOL Y LUNA,LA REINA,3,0,1,94,214
25595,ESC. ESPECIAL PART. BELLA ACUARELA,CONCHALÍ,3,0,1,75,212
25596,ESCUELA ESPECIAL PART. ANTULEMU,RECOLETA,3,0,1,100,214
25597,ESC. PARVULOS PART. ZAPATITO MAGICO,MAIPÚ,3,0,3,0,0
25599,COLEGIO PART. SAN PEDRO DE QUILICURA,QUILICURA,3,0,1,1237,10
25600,ESC. ESP. PART. SAN RAFAEL DE MACUL,MACUL,3,0,2,0,0
25601,ESCUELA PARV. MY HAPPY SCHOOL,PEDRO AGUIRRE CERDA,3,0,1,47,10
25602,ESC. PART. PABLO APOSTOL DE BUIN,BUIN,4,0,1,419,10
25604,ESCUELA ESP. NUEVO MUNDO DE LA GRANJA,LA GRANJA,3,0,1,146,214
25605,ESCUELA ESP. INTEGRAL ALTAZOR,PEÑAFLOR,3,0,3,0,0
25606,ESCUELA ESP. SANTA CECILIA DE SAN BERNARDO,SAN BERNARDO,3,0,3,0,0
25607,ESCUELA ESP. BOSQUE DE NINOS,EL BOSQUE,3,0,1,0,0
25608,ESC. ESP. Nº 109 SAN VALENTIN DE TALAGANTE,TALAGANTE,3,0,1,74,214
25609,COLEGIO PADRE CHAMINADE,LA FLORIDA,3,0,1,163,110
25610,ESCUELA ESP. TREM TREMO,EL BOSQUE,3,0,1,103,10
25611,ESCUELA BASICA N°1889 BARRIE MONTESSORI Nº 2,PEÑALOLÉN,4,0,1,300,110
25612,ESC. DE PARV. Y ESP. AMANECER DE PADRE HURTA,PADRE HURTADO,3,0,1,207,214
25613,COLEGIO BICENTENARIO DE EXCELENCIA PEDRO APOSTOL,PUENTE ALTO,3,0,1,1201,10
25614,ESC. ESP. SAN ANDRES DE LO BARNECHEA,LO BARNECHEA,3,0,1,41,214
25615,COLEGIO POLIVALENTE SAINT PETER COLLEGE,PUENTE ALTO,3,0,1,497,10
25616,ESCUELA ESPECIAL LA GRANJA,LA GRANJA,3,0,1,31,214
25618,ESC. ESP. MILLARAY DE PUENTE ALTO,PUENTE ALTO,3,0,1,55,214
25619,ESCUELA ESP. ENLANCES,LAMPA,3,0,3,0,0
25621,ESCUELA ESPECIAL EDUCCERE,PUENTE ALTO,3,0,1,59,214
25622,ESCUELA ESPECIAL PART. ABRA PALABRA,SAN JOAQUÍN,3,0,1,68,214
25623,ESCUELA PART. ENRIQUE MATTE,PEDRO AGUIRRE CERDA,3,0,3,0,0
25624,ESC. BAS. Y ESP. NUEVA INTEGRAL ALTAZOR,PEÑAFLOR,3,0,1,351,10
25625,COLEGIO PART. SWEDENBORG COLLEGE,MACUL,3,0,1,319,10
25626,ESCUELA ESP. FRANCISCA MACKARENA,SAN JOAQUÍN,3,0,3,0,0
25627,ESCUELA PARVULOS INST. SWEET N1,SANTIAGO,3,0,1,167,10
25628,ESCUELA DE PARVULOS N°1897 INSTITUCION SWEET N°2,SANTIAGO,4,0,3,0,0
25629,ESCUELA ESPECIAL EL ALBA DE LA CISTERNA,LA CISTERNA,3,0,1,42,212
25630,LICEO POLIV. SAN JOSE DE LO BARNECHEA,LO BARNECHEA,2,0,3,0,0
25631,ESCUELA ESPECIAL PASO A PASO,LA FLORIDA,3,0,1,80,214
25632,ESCUELA PARVULOS PART. GENTECITA,SAN MIGUEL,3,0,1,72,10
25633,COLEGIO ADULTOS  ALFRED NOBEL,MAIPÚ,3,0,1,176,165
25635,ESCUELA DE PARVULOS GENTECITA N° 2,SAN MIGUEL,4,0,3,0,0
25636,"ESCUELA ESPECIAL BELEN, DE QTA. NORMAL",QUINTA NORMAL,3,0,1,140,214
25637,ESC. BAS. PART. LA ESQUINA,LA PINTANA,3,0,2,0,0
25638,ESCUELA ESPECIAL CASTORCITO,SAN JOAQUÍN,3,0,1,70,214
25639,ESCUELA BASICA Y ESPECIAL N° 1905 JACARANDA,RENCA,3,0,1,532,10
25640,COLEGIO  MANQUECURA PUENTE ALTO,PUENTE ALTO,4,0,1,1426,10
25641,ESCUELA ESP. ANTU-MAWIDA,PUENTE ALTO,3,0,1,57,214
25642,ESCUELA BAS. MUNIC. CUYUNCAVI,CURACAVÍ,2,0,1,207,10
25643,ESCUELA BASICA N°1906 THE INTERNATIONAL PREPARATORY SCHOOL,LO BARNECHEA,4,0,1,42,10
25644,COLEGIO PART. NEW LITTLE COLLEGE,LA FLORIDA,3,0,1,523,110
25645,COLEGIO PART. NTRA. SRA. MARIA INMACULADA DEL,EL BOSQUE,3,0,1,1385,310
25646,ESCUELA ESPECIAL N° 151 ANTAL,PUENTE ALTO,3,0,1,65,214
25647,ESC. BAS Y ESP. N° 113 SAN LORENZO DE ISLA DE MAIPO,ISLA DE MAIPO,3,0,1,227,10
25649,ESCUELA ESPECIAL SEMILLITA DE JESUS II,MAIPÚ,3,0,1,91,214
25650,COLEGIO AMERICAN BRITISH COLLEGE,LA FLORIDA,4,0,1,1736,110
25652,ESCUELA ESPECIAL HOSPITAL FELIX BULNES,PROVIDENCIA,3,0,1,40,10
25653,ESCUELA DE PARVULOS N°152 SEMILLITAS DE AMOR,PUENTE ALTO,4,0,1,0,0
25654,COLEGIO EVEREST,LO BARNECHEA,4,0,1,1626,10
25655,COLEGIO SANTO TOMAS DE AQUINO,EL BOSQUE,3,0,1,1061,10
25656,ESC. ESPECIAL PASITOS,MAIPÚ,3,0,1,91,214
25657,ESCUELA ESPECIAL PART. PACKAMAWA,MAIPÚ,3,0,3,0,0
25658,ESCUELA ESPECIAL PART. SANTA JAVIERA,MAIPÚ,3,0,1,93,214
25659,ESCUELA DE PARVULOS ARTECOLOR,MACUL,3,0,3,0,0
25660,ESC. ESP. CASABIERTA-COANIQUEM,PUDAHUEL,3,0,3,0,0
25661,ESCUELA DE PARV. CAPULLITOS DE SAN BERNARDO,SAN BERNARDO,3,0,1,36,10
25662,ESCUELA DE PARVULOS REMOLINO,SAN BERNARDO,3,0,1,0,0
25663,ESCUELA DE PARVULOS N°1914 MYCKEY,RECOLETA,4,0,1,5,10
25664,ESCUELA ESP. EL SEMBRADOR DE CERRILLOS,CERRILLOS,3,0,1,190,214
25666,COLEGIO  INSTITUTO PASCAL,PROVIDENCIA,4,0,1,272,110
25667,ESCUELA ESP. GROWING SCHOOL,CONCHALÍ,3,0,1,51,214
25668,ESCUELA ESP. SANTA GABRIELA,MAIPÚ,3,0,1,52,214
25669,COLEGIO HIGHLANDS,COLINA,4,0,1,605,10
25670,ESCUELA ESPECIAL PART. AYELETTE,PUENTE ALTO,3,0,2,0,0
25671,COLEGIO SAN MARTIN DE PORRES DE LA PINTANA,LA PINTANA,3,0,1,151,310
25672,CENTRO EDUC. DE ADULTOS CARDENAL RAUL SILVA H,LA FLORIDA,3,0,3,0,0
25673,ESC. T. PREVOCACIONALES PADRE H. DE E. CENTRA,ESTACIÓN CENTRAL,3,0,3,0,0
25674,ESCUELA INSTITUTO RAMON FREIRE,MAIPÚ,3,0,1,325,10
25675,COLEGIO PART. CORAZON DE MARIA DE SAN MIGUEL,SAN MIGUEL,4,0,1,1175,10
25676,COLEGIO POLIVALENTE ELISA VALDES,PUENTE ALTO,3,0,1,1372,10
25677,ESCUELA BASICA  N°1921 SISTER VERENANCE,MAIPÚ,4,0,1,66,110
25678,COLEGIO DE ADULTOS INACAP-SANTIAGO CENTRO,SANTIAGO,4,0,2,0,0
25680,COLEGIO PART. ARGENTINO DEL SAGRADO CORAZON D,PROVIDENCIA,3,0,3,0,0
25681,COLEGIO OXFORD,MAIPÚ,3,0,1,349,110
25683,ESCUELA ESP. PART. HORIZONTE MANQUEHUE,LAS CONDES,3,0,1,79,214
25684,ESC. DE PARVULOS PART. VILLA NUEVA,SAN RAMÓN,3,0,3,0,0
25685,ESCUELA BAS. PART. BLANCA DREYSE,PEÑAFLOR,3,0,3,0,0
25686,COLEGIO TRIGAL,ÑUÑOA,4,0,3,0,0
25687,ESCUELA DE PARVULOS MILITO,SAN BERNARDO,4,0,3,0,0
25688,ESC. DE PARV. PART. MI PEQUENO MUNDO DE SAN R,SAN RAMÓN,3,0,1,191,214
25689,ESC. DE PARV. PART. SAINT MARY ANGEL`S GARDEN,MACUL,3,0,2,0,0
25690,ESCUELA DE PARVULOS VESPUCITOS LIMITADA,LA CISTERNA,3,0,2,0,0
25691,CENTRO EDUCACIONAL NUESTRO FUTURO,ÑUÑOA,3,0,2,0,0
25692,COLEGIO PART. MANSO DE VELASCO MELIPILLA,MELIPILLA,3,0,1,386,10
25693,COLEGIO MADRE DE LA DIVINA PROVIDENC,MACUL,3,0,1,609,10
25694,COLEGIO POLIV. MONTE CARMELO,QUILICURA,3,0,3,0,0
25695,COLEGIO DE LA INMACULADA CONCEPCIÓN,SAN BERNARDO,3,0,1,957,10
25697,COLEGIO O`HIGGINS,MELIPILLA,3,0,1,488,10
25698,COLEGIO CORDILLERA DE LOS ANDES,SAN BERNARDO,1,0,1,691,10
25699,ASHELL ENGLISH COLLEGE SAN MIGUEL,SAN MIGUEL,3,0,3,0,0
25700,COLEGIO LOS ALPES MAIPU,MAIPÚ,3,0,1,905,10
25702,ESCUELA PARVULOS MARY ANNE SCHOOL,QUILICURA,4,0,3,0,0
25703,COLEGIO PART. ALCANTARA DE LA FLORIDA,LA FLORIDA,3,0,1,718,10
25704,COLEGIO PART. ALCANTARA DE LA CORDILLERA,LA FLORIDA,3,0,1,1113,10
25705,ESCUELA DE PÁRVULOS PARTICULAR Nº 1930 MIS AMIGUITOS,LA GRANJA,3,0,1,70,10
25707,COLEGIO PART. SANTA LUCIA DE LO CANAS,LA FLORIDA,3,0,3,0,0
25708,ESCUELA BAS. CONTINENTAL SCHOOL N_ 3,SANTIAGO,3,0,3,0,0
25709,LINCOLN COLLEGE LA FLORIDA,LA FLORIDA,3,0,1,1144,10
25710,ESCUELA ESPECIAL PART. DAME LA MANO,EL BOSQUE,3,0,1,118,214
25711,ESC. BASICA MUNICIPAL PAULA JARAQUEMADA ALQUI,PAINE,2,0,1,1124,10
25712,COLEGIO PART. ANDARES DE LA FLORIDA,LA FLORIDA,3,0,1,247,110
25713,COLEGIO PART. MANANTIAL DE LA FLORIDA,LA FLORIDA,3,0,1,513,10
25714,COLEGIO PART. INSTITUTO CORINTIO,SAN BERNARDO,3,0,1,751,10
25716,COLEGIO PART. NEW HEINRICH HIGH SCHOOL,ÑUÑOA,3,0,1,819,10
25717,COLEGIO ALCÁNTARA DE LOS ALTOS DE PEÑALOLEN,PEÑALOLÉN,3,0,1,1585,10
25718,COLEGIO PART. LOS ANGELES SANTIAGO DE SAN MIG,SAN MIGUEL,3,0,1,259,110
25719,ESC. DE PARVULOS LOS OSITOS DE PUDAHUEL,PUDAHUEL,3,0,1,53,10
25720,ESCUELA PARVULOS PEQUENO MUNDO,SANTIAGO,3,0,3,0,0
25721,ESCUELA ESPECIAL PART. EL AROMO,SAN BERNARDO,3,0,3,0,0
25722,COLEGIO PART. PATRONA SENORA DE LOURDES,LA FLORIDA,3,0,1,914,10
25723,COLEGIO PART. ALTAMIRA-ADULTOS,PEÑALOLÉN,3,0,1,51,363
25724,COLEGIO PARTICULAR ANTILHUE,LA FLORIDA,4,0,1,886,10
25725,ESCUELA PART. NAHUEL,PAINE,3,0,1,1121,110
25726,ESCUELA PARTICULAR SANTA LAURA DE MELIPILLA,MELIPILLA,3,0,1,171,212
25727,LICEO PART. SALESIANO MANUEL ARRIARAN BARROS,LA CISTERNA,3,0,1,1564,10
25728,ESCUELA ESP. OASIS DE MACUL,MACUL,3,0,2,0,0
25730,ESUELA BAS. OASIS DE NUNOA,ÑUÑOA,3,0,2,0,0
25731,ESCUELA DE PARVULOS N° 1938 SAN JOSE DE PROVIDENCIA,PROVIDENCIA,4,0,3,0,0
25733,ESCUELA PART. SANTA TERESA DE QUILICURA,QUILICURA,3,0,1,1400,10
25734,ESCUELA DE PARVULOS PART. MONY GARDEN,SAN BERNARDO,3,0,2,0,0
25735,CENTRO EDUCACIONAL DE ADULTOS SAN ALFONSO,PUENTE ALTO,3,0,1,406,167
25736,CENTRO EDUC. DE ADULTOS ISABEL LA CATOLICA,PUENTE ALTO,3,0,1,339,165
25737,COLEGIO PART. ACROPOLIS,PUENTE ALTO,3,0,1,743,10
25738,ESCUELA BASICA PARTICULAR SAN JOSE DE  MELIP¦,MELIPILLA,3,0,1,301,10
25739,COLEGIO NTRA. SRA. DEL CARMEN DE MAIPU,MAIPÚ,3,0,1,1050,10
25740,ESC. ESP. PART. SANTA TERESITA DE LOS ANDES,PUENTE ALTO,3,0,1,104,214
25741,ESC. ESPECIAL RUGENDAS,CERRO NAVIA,3,0,1,126,214
25742,ESCUELA ESP. PART. S.M. CRECER,PADRE HURTADO,3,0,1,90,212
25743,ESC. DE PARVULOS PART. LA FAROLA,EL BOSQUE,3,0,1,40,214
25744,ESC. PARV. PART. HEYDDIE II,LO PRADO,3,0,3,0,0
25745,ESCUELA DE PARVULOS  HEYDDIE III,LO PRADO,4,0,3,0,0
25747,ESC. DE PARV. Y ESP. CARACOLA,SAN BERNARDO,3,0,1,145,10
25748,ESC. DE PARVULOS PART. CARACOL DE MAIPU,MAIPÚ,3,0,3,0,0
25749,COLEGIO PART. ALICANTE DEL ROSAL,MAIPÚ,3,0,1,3133,10
25750,ESCUELA ESPECIAL SONRISA DE NINOS,PUENTE ALTO,3,0,1,87,214
25751,COLEGIO LIAHONA CORDILLERA,LA FLORIDA,3,0,1,941,10
25752,CENTRO DE EDUC. INTEGRADA DE ADULTOS TALAGANT,TALAGANTE,3,0,1,232,167
25753,CENTRO EDUC. PRINCIPADO DE ASTURIA ADULTO,PUENTE ALTO,3,0,1,357,165
25754,ESC. ESPECIAL LAS ESPIGAS DE ESTACION CENTRAL,ESTACIÓN CENTRAL,3,0,1,84,214
25755,COLEGIO PART. DE ADULTO PADRE HERNAN ALESSAND,PUENTE ALTO,3,0,2,0,0
25756,ESCUELA ESPECIAL PART. ELIAS CANESSA VERGARA,MAIPÚ,3,0,1,20,214
25757,ESC. ESP. PART. TRIGAL DE HUECHURABA,HUECHURABA,3,0,1,90,212
25758,COLEGIO PART. CHADWICK,LO BARNECHEA,3,0,3,0,0
25760,ESC. ESP. PART. DULCE COMPANIA,ÑUÑOA,3,0,3,0,0
25761,COLEGIO PART. WE TRIPANTU,SAN JOAQUÍN,3,0,2,0,0
25762,ESC. ESP. PART. JESUS DEL BOSQUE II,SAN JOAQUÍN,3,0,3,0,0
25764,ESC. DE PARV. Y ESP. CASABLANCA DE SAN BERNAR,SAN BERNARDO,3,0,1,84,10
25765,ESC. ESPECIAL PART. AULENCO,MAIPÚ,3,0,1,112,214
25766,LINCOLN COLLEGE SAN MARTIN,MAIPÚ,3,0,1,1594,10
25767,COLEGIO SAN JORGE DE LAS CONDES,LAS CONDES,3,0,1,359,10
25768,COLEGIO PART. EXTREMADURA DE VITACURA,VITACURA,3,0,1,0,0
25769,ESSC. ESP. PART. DIFERENCIAL CERRILLOS,CERRILLOS,3,0,3,0,0
25770,LICEO NACIONAL DE MAIPU,MAIPÚ,1,0,1,1357,110
25771,COLEGIO NAZARENO DEL SUR,LO ESPEJO,3,0,3,0,0
25772,ESCUELA DE PARV. PART. HAPPY GARDEN,LA FLORIDA,3,0,1,26,10
25773,ESCUELA ESP. PART. SAGRADA FAMILIA DE SAN BER,SAN BERNARDO,3,0,1,107,214
25774,ESCUELA ESP. PART. ARRAYAN,LA FLORIDA,3,0,1,105,10
25775,COLEGIO PARTICULAR DE ADULTOS SANTA MARIA DEL TRABAJO,MAIPÚ,3,0,1,58,363
25776,ESC. PART. PARV. HEIDI GARDEN SCHOOL,SAN JOAQUÍN,3,0,1,16,10
25778,ESCUELA ESP. PART. SAN FERNANDO DE SAN MIGUEL,SAN MIGUEL,3,0,3,0,0
25779,COLEGIO POLIV. CARDENAL JOSE MARIA CARO,LA PINTANA,3,0,1,1419,10
25781,COLEGIO BICENTENARIO ARZOBISPO CRESCENTE ERRAZURIZ,PUENTE ALTO,3,0,1,1659,10
25782,ESC. ESP. PART. ARAUCARIAS DE PENALOLEN,PEÑALOLÉN,3,0,1,49,214
25783,COLEGIO POLIV. ARZOBISPO MANUEL VICUNA,SAN JOAQUÍN,3,0,1,557,10
25784,ESCUELA ESP. PART. ARBOLIRIS,SAN JOAQUÍN,3,0,1,92,214
25785,COLEGIO PART. ROYAL AMERICAN SCHOOL,MAIPÚ,4,0,1,544,10
25786,ESCUELA ESPECIAL PARTICULAR KINERET,QUILICURA,3,0,1,183,212
25787,ESC. ESP. PART. DIEGO THOMPSON,SAN RAMÓN,3,0,1,74,214
25788,ESCUELA BASICA ANA FRANK,QUILICURA,2,0,1,771,10
25789,ESC.PARV.KINDER GARDEN RAYITO DE SOL,QUINTA NORMAL,3,0,3,0,0
25790,COLEGIO POLIV. DIEGO PORTALES DE MAIPU,MAIPÚ,3,0,1,529,10
25791,ESCUELA ESP. PART. RIGOBERTA MENCHU,PUENTE ALTO,3,0,1,69,212
25792,ESCUELA ESP. PART. SANTA MARIA DE QUILICURA,QUILICURA,3,0,1,120,214
25793,ESC. ESP. PART. GABRIELA MISTRAL DE PENALOLEN,PEÑALOLÉN,3,0,1,45,214
25795,COLEGIO PARTICULAR BLUMENTHAL,TALAGANTE,3,0,1,343,310
25796,ESCUELA BAS. PART. LUMEN VIAE N_ 3,PUENTE ALTO,3,0,2,0,0
25797,ESCUELA B-SICA PUCARA LASANA,QUILICURA,2,0,1,274,10
25798,COLEGIO RELIGIOSO SANTA MARGARITA,SAN MIGUEL,3,0,1,488,110
25799,ESC. BAS. PART. ERNESTINA KRISCHUK,PUENTE ALTO,3,0,1,276,10
25800,ESCUELA DE PARVULOS PART. ARCA DE NOE,LO PRADO,3,0,3,0,0
25801,ESCUELA ESP. LA ESPIGA,PUENTE ALTO,3,0,1,275,212
25802,ESCUELA DE PARVULOS TERRA MATER,SAN MIGUEL,4,0,3,0,0
25803,ESC. PART. ALBERT SCHWEITZER,PUENTE ALTO,3,0,1,238,10
25804,COLEGIO PART. ANTUPIREN,PEÑALOLÉN,3,0,1,1374,10
25805,ESCUELA DE PARVULOS CAMINO A BELEN,HUECHURABA,4,0,2,0,0
25806,ESCUELA BASICA ESPANA DE MELIPILLA,MELIPILLA,3,0,2,0,0
25807,ESCUELA ESP. PART. LA PASCANA,LA FLORIDA,3,0,1,68,214
25808,ESC. BAS. PART. LAS NACIONES,MAIPÚ,3,0,1,244,10
25809,ESC.ESP. PART.SAN VICENTE DE PAUL DE CONCHAL-,CONCHALÍ,3,0,1,54,214
25810,ESC. BASICA PART. SANTA MARIA DE NAZARETH,RENCA,3,0,3,0,0
25811,ESCUELA ESP. PART. INSTITUTO GASAL,PROVIDENCIA,3,0,2,0,0
25812,LICEO MUNICIP. DE ADULTOS PEDRO J. RODRIGUEZ,LAMPA,1,0,1,103,165
25814,COLEGIO SAYEN,MELIPILLA,3,0,1,520,10
25816,ESC. DE PARV. PART. MENCHILD,PUENTE ALTO,3,0,2,0,0
25817,COLEGIO CENTRO DE EDUC PERM.DE ADULTOS S,MAIPÚ,4,0,1,0,0
25818,COLEGIO PART. ADULTOS INSTITUTO ICEL,SANTIAGO,3,0,1,1379,165
25819,ESCUELA ESP. PART. SAN PIO DE PIETRELCINA,TILTIL,3,0,1,40,214
25820,ESCUELA DE PARVULOS N°1977 LA VILLITA,HUECHURABA,4,0,1,0,0
25821,ESCUELA DE PARVULOS MY HAPPY SCHOOL II,PEDRO AGUIRRE CERDA,4,0,3,0,0
25822,ESCUELA DE PARVULOS N°1980  SAN ANTONIO MARIA ZACCARIA II,SANTIAGO,4,0,1,33,10
25823,ESCUELA DE LAS ARTES Y LA TECNOLOGIA,MAIPÚ,1,0,1,0,0
25824,LICEO SERGIO SILVA BASCUNAN,LA PINTANA,3,0,1,582,310
25825,COLEGIO SAN MIGUEL ARCANGEL DE LAS CONDES,LAS CONDES,4,0,1,776,10
25826,COLEGIO ADVENTISTA LA FLORIDA,LA FLORIDA,3,0,1,332,10
25828,ESC. ESPECIAL PART. JAN VAN DIJK,ÑUÑOA,3,0,1,43,213
25829,COLEGIO PART. SAN ADRIAN DE QUILICURA,QUILICURA,3,0,1,1052,10
25831,ESCUELA BASICA PARTICULAR CONTEMPORA,LA FLORIDA,3,0,1,200,10
25832,COLEGIO PART. PAN AMERICAN COLLEGE SANTIAGO,SAN MIGUEL,4,0,1,481,10
25833,ESCUELA BASICA N° 1986 SAINT PAUL MONTESSORI SCHOOL,LAS CONDES,4,0,1,85,10
25834,ESCUELA ESP. PART. EL PRINCIPITO DE LO HERRER,SAN BERNARDO,3,0,1,143,214
25835,COLEGIO PART. MANQUEHUE DE LAS CONDES,LAS CONDES,3,0,2,0,0
25836,ESCUELA PART. ROSA JARAQUEMADA,ÑUÑOA,3,0,1,141,10
25837,ESC. PARV. PART. LAS GOLONDRINAS,LA GRANJA,3,0,2,0,0
25838,ESCUELA BAS. MY GARDEN SCHOOL,LO PRADO,3,0,1,208,10
25839,ESC. BAS. Y ESP. CELEI,LO PRADO,3,0,1,171,110
25840,ESCUEL PARV. ABRA CADABRA,MAIPÚ,3,0,3,0,0
25841,ESCUELA PARV. SAN ANTONIO MARIA ZACCARIA,SANTIAGO,3,0,3,0,0
25842,COLEGIO DIVINA PASTORA,LA FLORIDA,4,0,1,693,10
25843,COLEGIO PART. SAGRADO CORAZON DE TALAGANTE,TALAGANTE,3,0,1,969,10
25845,ESCUELA PART. SAN MARCELO N_ 3,LA PINTANA,3,0,1,287,10
25846,ESCUELA ESP. MONTE Y LUNA,EL MONTE,3,0,2,0,0
25847,ESCUELA ESP. PART. SANTA ROSA DE MELIPILLA,MELIPILLA,3,0,1,172,214
25848,ESCUELA PART. ISAAC NEWTON,MACUL,3,0,2,0,0
25849,ESCUELA DE PARVULOS CARACOL,PEDRO AGUIRRE CERDA,4,0,3,0,0
25850,COLEGIO DEL VALLE,MAIPÚ,3,0,1,963,10
25851,ESC. PART. EL ARRAYAN DE MAIPU,MAIPÚ,3,0,1,359,10
25852,COLEGIO DIVINA PASTORA NUNOA,ÑUÑOA,4,0,1,951,10
25853,COLEGIO POLIVALENTE NOVO HORIZONTE,QUILICURA,3,0,1,1323,10
25854,CENTRO ESTI. DE HAB. COMUNICATIVAS AMERICA,SAN BERNARDO,3,0,1,71,214
25855,LICEO BICENTENARIO CHACABUCO,COLINA,1,0,1,1043,110
25856,ESCUELA ESP. PART. APRAVI,QUINTA NORMAL,3,0,1,47,214
25857,ESCUELA ESP. PART. HAPPY CHILDREN,LA FLORIDA,3,0,3,0,0
25859,ESCUELA ESP. PART. RALUI,SANTIAGO,3,0,1,72,214
25860,ESCUELA ESP. PART. CORDILLERA ORIENTE,PUENTE ALTO,3,0,1,157,214
25862,ESCUELA ESP. PART. CAPULLITOS DE SOL,MACUL,3,0,1,264,214
25863,ESCUELA SAINT JOSEPH'S LAKE COLLEGE,SAN JOSÉ DE MAIPO,3,1,3,0,0
25864,ESCUELA PARV. PART. TERRA MATER DE SAN MIGUEL,SAN MIGUEL,3,0,3,0,0
25865,SAN IGNACIO COLLEGE,SAN BERNARDO,3,0,1,732,10
25866,ESCUELA ESPECIAL N° 2000 SANTA ROSA DE LOS ANDES,PROVIDENCIA,4,0,1,0,0
25867,ESCUELA PART. AMANECER DE LA GRANJA,LA GRANJA,3,0,1,102,214
25868,ESCUELA ESPECIAL N° 2002 FUNDACION LEOPOLDO DONNEBAUM,LA REINA,4,0,1,0,0
25869,ESCUELA ESP. PART. SAN NICOLAS,LA CISTERNA,3,0,1,104,214
25870,ESC. PART. CASTILLO URIZAR,ÑUÑOA,3,0,2,0,0
25871,ESCUELA DE PARVULOS N°2005 PHILLIPS GARDEN,LA FLORIDA,4,0,1,0,0
25872,ESCUELA DE PARV. CARRUSEL DE AMIGOS,SAN BERNARDO,3,0,1,14,10
25873,ESCUELA ESP. DE LENGUAJE PLAZA SESAMO,MAIPÚ,3,0,1,94,214
25874,COLEGIO DE ADULTOS PART. VASCO DE GAMA,SAN MIGUEL,3,0,1,49,363
25876,COLEGIO CENTRO EDUC. Y FAMILIAR PTE ALTO,PUENTE ALTO,3,0,1,247,167
25877,ESCUELA ESPECIAL DE LENGUAJE SAN NICOLÁS DE BELÉN,CONCHALÍ,3,0,1,145,214
25878,ESCUELA ESP. PART. AMANTU,SAN MIGUEL,3,0,1,114,214
25879,ESCUELA ESPECIAL PART. PACKAMAWA,MARÍA PINTO,3,0,3,0,0
25880,ESCUELA ESP. PART. TECNOLOGICA,SAN MIGUEL,3,0,3,0,0
25881,ESCUELA ESP. PART. PATAGONIA,CERRO NAVIA,3,0,1,150,212
25882,COLEGIO NOBEL GABRIELA MISTRAL,SAN BERNARDO,3,0,1,1143,10
25883,ESC. ESP. PART. SAN MATEO DEL BOSQUE,EL BOSQUE,3,0,1,63,217
25884,ESCUELA ESP. PART. ACONCAGUA DE COLINA,COLINA,3,0,1,179,214
25885,COLEGIO INTERCULTURAL TREMEMN,MAIPÚ,3,0,1,1032,10
25886,ESCUELA ESPECIAL RICALHUE,PAINE,3,0,1,79,214
25887,ESCUELA ESPECIAL PART. ARCO IRIS,PAINE,3,0,1,113,214
25890,ESCUELA ESPECIAL DE LENGUJE MIS AMIGUITOS,LA GRANJA,3,0,1,147,214
25891,ESCUELA ESP. PART. MONSENOR ESCRIVA DE BALAGU,MAIPÚ,3,0,2,0,0
25893,ESCUELA BASICA N°2015 SAN CRISTOBAL,PEÑALOLÉN,4,0,3,0,0
25894,COLEGIO MANANTIAL DE SAN MIGUEL,SAN MIGUEL,3,0,1,419,10
25895,COLEGIO SANTIAGO DE PUDAHUEL,PUDAHUEL,3,0,1,1023,110
25896,ESCUELA DE PARVULOS MARY ANNE DE CONCHALI,CONCHALÍ,4,0,3,0,0
25897,ESCUELA PART. INSTITUTO S.A,LA FLORIDA,3,0,1,279,10
25898,COLEGIO DE ADULTOS ALONSO QUIJANO,PUENTE ALTO,3,0,2,0,0
25899,LICEO JOSE ABELARDO NUÑEZ Nº 4,HUECHURABA,3,0,1,509,110
25900,ESC. ESP. VOCARE,SAN JOAQUÍN,3,0,1,111,212
25901,ESC. EVANG. PENTECOSTAL DR. WILLIS C. HOOVER,PEÑALOLÉN,3,0,1,403,10
25902,ESC. DE PARV. Y ESP. RAHUE,MELIPILLA,3,0,1,92,10
25903,ESCUELA ESP. MI ESPACIO,SANTIAGO,3,0,1,93,214
25904,ESCUELA ESP. PART. VALLE DEL SOL,MACUL,3,0,1,175,214
25905,ESCUELA DE PARVULOS TRENCITO FELIZ,ESTACIÓN CENTRAL,4,0,1,0,0
25906,ESCUELA ESP. PARTICULAR OSCAR CASTRO,QUINTA NORMAL,3,0,1,86,214
25907,ESCUELA ESP. PART. SAN JOSE DE SAN BERNARDO,SAN BERNARDO,3,0,1,113,212
25909,ESCUELA ESPECIAL ARCOIRIS,PUENTE ALTO,3,0,1,57,214
25910,COLEGIO SAMUEL BESOAIN,SAN BERNARDO,3,0,3,0,0
25912,ESCUELA ESP. PART. SAN JORGE DE QUINTA NORMAL,QUINTA NORMAL,3,0,1,203,214
25913,ESCUELA ESP. PART. CHARLES DE GAULLE,SAN BERNARDO,3,0,1,107,212
25914,ESCUELA PARTICULAR SUBVENCIONADA SAN JORGE DE COLINA,COLINA,3,0,1,199,10
25915,ESCUELA DE PARVULOS N° 2026 NOVO MUNDO DE QUILICURA,QUILICURA,4,0,3,0,0
25916,ESCUELA BAS. SAN SEBASTIAN DE COLINA,COLINA,3,0,1,1023,10
25917,ESCUELA DE PARVULOS N°2028 SAN SEBASTIAN GARDEN,COLINA,4,0,1,0,0
25918,ESCUELA ESP. PART. CAMINO A BELEN N¦ 2,HUECHURABA,3,0,1,31,214
25919,ESCUELA BASICA NEHUEN,TALAGANTE,3,0,1,489,10
25920,ESCUELA ESP. PART. CALIN,CERRO NAVIA,3,0,1,149,214
25921,COLEGIO CENTRO EDUCACIONAL ROUSSEAU,MAIPÚ,3,0,1,495,10
25922,COLEGIO TERRA AUSTRALIS,PUDAHUEL,3,0,1,1561,10
25923,ESCUELA ESP. PADRE PIO,LA FLORIDA,3,0,1,86,212
25924,CENTRO EDUCACIONAL SANTA CECILIA,SANTIAGO,3,0,3,0,0
25926,COLEGIO POLIV. JERUSALEN DE LAMPA,LAMPA,3,0,1,1420,10
25927,ESCUELA BASICA TERRA DI BIMBI,PEÑAFLOR,3,0,1,337,10
25928,ESCUELA BASICA N° 2033 ALAMIRO,LAS CONDES,4,0,1,0,0
25929,COLEGIO PADRE PEDRO ARRUPE SAGRADA FAMILIA,QUILICURA,3,0,1,1046,10
25930,ESCUELA DE PARVULOS N° 2035 MASTERS JUNIORS,LAMPA,4,0,3,0,0
25931,ESCUELA ESP. SANTA RITA DE CASIA DE QTA. NORM,CERRO NAVIA,3,0,1,0,0
25932,COLEGIO DE ADULTOS LONDON DE LA FLORIDA,LA FLORIDA,3,0,1,153,165
25933,ESCUELA BASICA ALBORADA SCHOOL,PEÑAFLOR,3,0,1,270,10
25934,ESCUELA DE PARV. GIRASOL DE VALDIVIESO,RECOLETA,3,0,3,0,0
25935,ESCUELA ESPECIAL LA ISLA,TALAGANTE,3,0,1,104,212
25936,COLEGIO NUEVO HORIZONTE DE PUENTE ALTO,PUENTE ALTO,3,0,1,615,10
25937,ESC. DE PARV. Y ESPECIAL COMUNICA,EL MONTE,3,0,1,111,10
25938,LICEO DE ADULTOS CEIA DE LA PINTANA,LA PINTANA,2,0,1,347,165
25940,ESCUELA DE PARV. PARQUE O'HIGGINS,SANTIAGO,2,0,1,54,10
25941,ESCUELA PART. SPRING COLLEGE N_ 2,SAN MIGUEL,3,0,1,177,110
25943,ESCUELA ESPECIAL MIRADOR AZUL,LA FLORIDA,3,0,3,0,0
25944,ESCUELA PART. PARTHENON COLLEGE,PEÑAFLOR,3,0,1,618,10
25945,ESCUELA PART. CRISTIANO ALFA Y OMEGA,LA FLORIDA,3,0,2,0,0
25946,ESCUELA PARVULOS MY SECOND HOME,MAIPÚ,3,0,1,13,10
25947,ESCUELA DE PARVULOS N°2043 NIDO AZUL,SANTIAGO,4,0,3,0,0
25948,COLEGIO DE ADULTOS VALLE DE AZAPA,RENCA,3,0,2,0,0
25949,COLEGIO DE ADULTOS EL PENON,PUENTE ALTO,3,0,2,0,0
25950,COLEGIO SEMPER ALTIUS,LA FLORIDA,3,0,1,248,310
25951,COLEGIO DE ADULTOS CARELMAPU DE CONCHALI,CONCHALÍ,3,0,1,232,165
25952,ESCUELA DE PARV. BERNARD COLLEGE DE SAN BERNA,SAN BERNARDO,3,0,1,154,10
25953,ESC. ESP.PART. SAN AGUSTIN DE INDEPENDENCIA,INDEPENDENCIA,3,0,1,119,214
25954,ESC. BAS. Y ESP. NTRA. SRA. DE LAS NIEVES,SAN BERNARDO,3,0,1,548,10
25955,ESCUELA DE PARVULOS N° 2045 INTI-PAUMA,QUILICURA,4,0,3,0,0
25957,ESCUELA BASICA LOS PINITOS,LA FLORIDA,3,0,3,0,0
25958,ESCUELA BASICA N°2047 MIRASOL DE SANTIAGO,SANTIAGO,4,0,1,88,110
25959,ESC. ESPECIAL HOSPITAL SAN JUAN DE DIOS,SANTIAGO,3,0,1,14,10
25960,CENTRO EDUC. PADRE ALBERTO HURTADO DE SAN BER,SAN BERNARDO,1,0,1,1127,10
25961,COLEGIO PALMARES,QUILICURA,3,0,1,1863,10
25962,ESCUELA DE PARVULOS ANTIYAL Nº 2,RECOLETA,4,0,3,0,0
25963,ESCUELA DE PARVULOS ANTIYAL,RECOLETA,3,0,3,0,0
25964,ESCUELA ESP. PART. ACONCAGUA DE BATUCO,LAMPA,3,0,1,142,214
25965,ESCUELA ESP. LAS BARRANCAS,PUDAHUEL,3,0,1,94,214
25966,ESCUELA DE PARVULOS N°2053 `CAMINO DE VIDA`,MAIPÚ,3,0,3,0,0
25967,ESCUELA DE PARVULOS N° 2054 EL PALACIO DE LOS NIÑOS,MAIPÚ,4,0,1,0,0
25968,ESCUELA PARVULOS MELODIA AZUL,RENCA,3,0,3,0,0
25969,COLEGIO TERCER MILENIO,QUILICURA,3,0,1,1038,110
25970,ESCUELA BAS. Y ESP. EDUCAR,PEÑAFLOR,3,0,1,65,110
25971,ESCUELA ESP. ESTACION ACUARELA,ESTACIÓN CENTRAL,3,0,1,89,214
25972,ESCUELA ESP. DIVINO MAESTRO DE CERRILLOS,CERRILLOS,3,0,1,105,214
25974,ESCUELA DE PARVULOS RINCONCITO FELIZ,MACUL,3,0,3,0,0
25976,ESC. BASICA Nº 136 SAN SEBASTIAN DE PAINE,PAINE,3,0,1,374,10
25977,COLEGIO DE AD. SANTA MARIA DEL TRABAJO DE EST,ESTACIÓN CENTRAL,3,0,1,83,363
25978,CENTRO EDUCACIONAL DE ADULTOS CEDUCA,QUILICURA,3,0,3,0,0
25979,ESCUELA DE PARV. CIUDAD BEBE,LA FLORIDA,3,0,1,19,10
25980,ESCUELA PARV. REFUGIO FELIZ EJERCITO DE SALVA,PUDAHUEL,3,0,3,0,0
25981,ESCUELA DE PARV. MARIA SANTISIMA,LA CISTERNA,3,0,2,0,0
25982,CENTRO EDUCACIONAL DE ADULTOS PADRE ALBERTO HURTADO,PADRE HURTADO,3,0,1,188,363
25983,ESCUELA DE PARVULOS TERESITA,LA FLORIDA,3,0,1,28,10
25984,COLEGIO DREYSE BELSER,PEÑAFLOR,3,0,1,368,10
25985,ESCUELA DE PARVULOS ENTRENIÑOS,MAIPÚ,3,0,3,0,0
25986,ESCUELA DE PARV. LAS ROSAS,MAIPÚ,3,0,3,0,0
25988,COLEGIO JUAN LUIS UNDURRAGA ANINAT,QUILICURA,3,0,1,1601,10
25989,ESCUELA ESPECIAL N° 2065 INTEGRACION PLENA,SANTIAGO,3,0,3,0,0
25991,ESCUELA BAS. AMANKAY DE LAMPA,LAMPA,3,0,1,665,10
25992,ESCUELA ESP. NUEVA AMANKAY,LAMPA,3,0,3,0,0
25993,ESCUELA ESP. SAN JUAN DE DIOS,MACUL,3,0,3,0,0
25994,ESCUELA ESP. PABLO NERUDA DE LA FLORIDA,LA FLORIDA,3,0,1,177,214
25995,CENTRO POLITEC. CARLOS CONDELL DE LA CISTERNA,LA CISTERNA,3,0,1,549,310
25996,ESCUELA ESP. EL CARMEN,CALERA DE TANGO,3,0,1,42,212
25997,ESCUELA ESP. KINCUIN,SAN BERNARDO,3,0,1,147,10
25998,ESCUELA ESP. TU ESPERANZA,PEDRO AGUIRRE CERDA,3,0,1,33,212
25999,COLEGIO ALICANTE DEL SOL,PUENTE ALTO,3,0,1,3023,10
26000,ESCUELA ESP. SOL DE LA REINA,LA REINA,3,0,1,106,212
26001,COLEGIO ALICANTE DE LA FLORIDA,LA FLORIDA,3,0,1,1632,10
26002,ESCUELA DE PARV. PASTORCITOS DE MARIA,LA FLORIDA,4,0,3,0,0
26003,ESC. ESPECIAL ELSA MATILDE ULRICH JARA,COLINA,1,0,1,251,214
26004,ESCUELA ESP. RENACERES,RECOLETA,3,0,1,75,214
26005,ESCUELA ESP. MI MUNDO EN PALABRAS,LO PRADO,3,0,1,113,214
26006,COLEGIO ECOLOGICO PAINE,PAINE,3,0,1,602,10
26008,ESCUELA ESPECIAL VOCES DE BUIN,BUIN,3,0,3,0,0
26009,CENTRO EDUC. DE ADULTOS EL ALERCE DE PENALOLÉN,PEÑALOLÉN,3,0,2,0,0
26011,ESCUELA DE PARV. MICKEY N_ 2,RECOLETA,3,0,2,0,0
26012,COLEGIO BICENTENARIO MODERNO PAINE,PAINE,3,0,1,956,110
26013,ESCUELA ESP.  JOSE MAZA FERNANDEZ,LA PINTANA,3,0,1,89,214
26014,ESCUELA ESP. BILBAO,PEÑAFLOR,3,0,1,58,214
26015,ESC.BASICA Y ESP.MARIA DE LOS ANGELES DE BUIN,BUIN,3,1,1,202,110
26016,ESCUELA ESP. ESPERANZA DE EL BOSQUE,EL BOSQUE,3,0,1,124,214
26017,ESCUELA BAS. KINGS SCHOOL,SAN BERNARDO,3,0,1,606,10
26018,ESCUELA DE PARVULOS N°2079 FLEMING,LAS CONDES,4,0,3,0,0
26019,ESCUELA BASICA Y ESPECIAL N° 2078 GENESIS 2005,PEÑALOLÉN,3,0,1,246,10
26020,ESCUELA ESP. IVUN CUPAL CATEMU,MACUL,3,0,3,0,0
26021,ESC. DE PARV. Y ESP. SAN PIO DE TALAGANTE,TALAGANTE,3,0,1,261,214
26022,ESCUELA ESP. FERNANDA FRIAS RETAMAL,RECOLETA,3,0,1,59,212
26023,CENTRO DE EDUCACION INTEGRADA DE AD. CREANDO,SANTIAGO,3,0,3,0,0
26025,COLEGIO SANTA BARBARA COLLEGE,EL BOSQUE,3,0,1,516,10
26026,ESCUELA BAS. JESUS DE LA MISERICORDIA,MELIPILLA,3,0,3,0,0
26027,COLEGIO DE AD. INSTITUTO NUEVA IMAGEN,PEÑAFLOR,3,0,1,52,363
26028,COLEGIO EMMANUEL HIGH SCHOOL,LA FLORIDA,4,0,1,405,10
26029,ESCUELA ESP. CREDERE,LAS CONDES,3,0,3,0,0
26030,COLEGIO DE ADULTOS INSTITUTO NUEVO BILBAO,PROVIDENCIA,4,0,1,100,165
26031,ESCUELA DE PARV. MI PRIMERA AVENTURA,MACUL,3,0,1,23,10
26032,INSTITUTO DE EDUCACIÓN DE ADULTOS LA CASTRINA,SAN JOAQUÍN,3,0,1,19,363
26033,COLEGIO  SAN CARLOS DE QUILICURA,QUILICURA,3,0,1,1985,10
26034,ESCUELA BAS. SANTA LAURA DE MELIPILLA,MELIPILLA,3,0,3,0,0
26035,ESCUELA PART. SAN JOSE DE LAMPA,LAMPA,3,0,1,1176,10
26036,ESCUELA ESPECIAL N 2086 HOSPITAL CLINICO PONTIFICIA UNIVERSIDAD CATÓLICA DE CHILE,SANTIAGO,3,0,1,24,10
26037,COLEGIO LO BARNECHEA BICENTENARIO,LO BARNECHEA,2,0,1,962,10
26039,ESCUELA BAS. SAN MATEO SCHOOL DE CONCHALI,CONCHALÍ,3,0,1,0,0
26040,ESCUELA BAS. CIPPRA SCHOOL DE MAIPU,MAIPÚ,3,0,2,0,0
26042,COLEGIO DE ADULTOS ANSELMO URBANO CADIZ,SAN BERNARDO,3,0,3,0,0
26043,ESCUELA SANTA TERESA DE LOS ANDES,BUIN,4,0,1,0,0
26044,ESCUELA BAS. Y ESP. LIKAN-RAY DE LA PINTANA,LA PINTANA,3,0,1,439,10
26045,ESCUELA  SAN PEDRO VALLE GRANDE,LAMPA,3,0,1,1014,10
26046,COLEGIO  MANQUECURA CIUDAD DE LOS VALLES,PUDAHUEL,4,0,1,1777,10
26047,ESCUELA DE PARV. PIN PON,ESTACIÓN CENTRAL,3,0,1,31,10
26048,COLEGIO DE ADULTOS ALFRED NOBEL EL BOSQUE,EL BOSQUE,3,0,3,0,0
26049,ESCUELA DE PARVULOS N° SAGRADO CORAZON DE PROV,PROVIDENCIA,4,0,3,0,0
26050,ESCUELA DE PARV. TIA LORENA,MAIPÚ,4,0,1,0,0
26051,ESCUELA DE PARV. EL CASTILLO,MAIPÚ,4,0,1,0,0
26052,ESCUELA DE PARV. CRECER FELIZ,MAIPÚ,4,0,1,0,0
26053,COLEGIO ATENAS,LA FLORIDA,3,0,1,1559,10
26054,COLEGIO DE ADULTOS INSTITUTO ROGERIANO,PUENTE ALTO,3,0,1,284,165
26056,ESCUELA DE PARV. PETER PAN,EL BOSQUE,3,0,3,0,0
26057,ESCUELA DE PARVULOS N°2097 LOS ENANITOS,MAIPÚ,3,0,1,51,10
26058,ESCUELA DE PARV. ANAKENA,PUENTE ALTO,4,0,1,19,10
26059,ESCUELA DE PARVULOS EL MUNDO FELIZ,LA FLORIDA,3,0,3,0,0
26060,ESCUELA DE PARV. Y ESPECIAL NADEL,SAN BERNARDO,3,0,3,0,0
26061,COLEGIO DE ADULTO LAURA VICUNA DE RENCA,RENCA,3,0,1,312,165
26062,COLEGIO DE AD. SAN JAVIER DE SAN MIGUEL,SAN MIGUEL,3,0,1,121,363
26063,COLEGIO DE AD. INSTITUTO HUMBOLDT,LA PINTANA,3,0,1,94,165
26064,ESCUELA ESP. SAN MARTIN,LA FLORIDA,3,0,1,123,214
26065,ESC. PARV. ITACA,LA FLORIDA,4,0,1,0,0
26066,ESC. DE PARV. SEMILLITA MONTESSORI,SAN MIGUEL,3,0,1,73,10
26067,ESCUELA DE PARVULOS SEMILLITA MONTESSORI,SAN MIGUEL,4,0,3,0,0
26068,ESCUELA BAS. LICARITO,LA FLORIDA,3,0,1,213,10
26070,CENTRO EDUC. REGULAR DE ADULTOS CEDEA,LA FLORIDA,3,0,1,32,165
26071,ESCUELA DE PARVULOS Y ESP. DA VINCE,SAN BERNARDO,3,0,1,82,10
26073,ESC. DE PARV. COPITO DE NIEVE,CERRILLOS,4,0,1,0,0
26074,ESCUELA BASICA SPORT COLLEGE,LA REINA,4,0,3,0,0
26075,ESCUELA BAS. SAN JOSE DE PENALOLEN,PEÑALOLÉN,3,0,1,392,10
26076,ESCUELA DE PARVULOS OESTE,CERRILLOS,3,0,1,44,10
26077,COLEGIO DE ADULTOS SEMBRADOR SAN BENITO,COLINA,3,0,1,87,363
26078,ESCUELA DE PARVULOS HANSEL Y GRETEL,PUENTE ALTO,4,0,3,0,0
26079,ESCUELA DE PARV. HELLO CHILDREN,ESTACIÓN CENTRAL,3,0,1,38,10
26080,COLEGIO SAINT ANDREW,LAS CONDES,4,0,1,394,10
26081,ESCUELA ESP. DICKENS COLLEGE,INDEPENDENCIA,3,0,1,37,214
26082,ESCUELA DE PARVULOS HAMELIN,ESTACIÓN CENTRAL,4,0,1,12,10
26083,COLEGIO SAN ALBERTO HURTADO,QUILICURA,3,0,1,1273,10
26084,COLEGIO EL BOSQUE DE RENCA,RENCA,3,0,1,677,10
26085,COLEGIO DE ADULTOS PRESBITERIANO DE MAIPU,MAIPÚ,3,0,1,100,363
26087,COLEGIO DE ADULTOS HERNANDO DE MAGALLANES,LA FLORIDA,3,0,1,224,363
26088,ESCUELA DE PARVULOS SANTA GEMITA DE GALGANI,PUENTE ALTO,3,0,1,20,10
26089,ESCUELA DE PARVULOS NIDITOS,LA FLORIDA,4,0,1,0,0
26090,ESCUELA DE PARV. GIRASOL DE MAIPU,MAIPÚ,3,0,1,26,10
26091,ESC. ESPECIAL SEMILLITA DE LA FLORIDA,LA FLORIDA,3,0,1,57,214
26092,COLEGIO PEUMAYEN,PADRE HURTADO,3,0,1,616,10
26093,ESCUELA ESPECIAL TONKI TONKI TON,EL MONTE,3,0,1,90,214
26094,COLEGIO LAS AMERICAS DE PAINE,PAINE,3,0,1,950,10
26095,ESCUELA BASICA N°2117 MONTE PEHUEN,LA REINA,4,0,3,0,0
26096,CENTRO EDUCACIONAL DE AD. ITP,LA FLORIDA,3,0,3,0,0
26097,ESCUELA ESP. ALDEBARAN,PUENTE ALTO,3,0,1,115,214
26098,ESCUELA ESPECIAL DANICALIN,SAN BERNARDO,3,0,1,156,10
26099,ESCUELA DE PARV. MANZANITA,PUENTE ALTO,3,0,1,54,10
26100,ESCUELA ESP. EL RIEL,LO ESPEJO,3,0,1,62,214
26101,ESCUELA ESP. INTEGRA,PUENTE ALTO,3,0,1,53,212
26102,ESCUELA DE PARV. LI-MARLIN,LA CISTERNA,3,0,1,0,0
26103,ESC. ESP. NUESTRA SEÑORA DE COVADONGA,LA FLORIDA,3,0,1,0,0
26104,ESCUELA ESP. TERESIANA DEL ESFUERZO,LA FLORIDA,3,0,1,62,214
26106,ESCUELA ESP. RUTH DE CONCHALI,CONCHALÍ,3,0,1,124,214
26107,ESCUELA ESPECIAL BARCELONA,MAIPÚ,3,0,1,75,212
26108,ESC. BAS. Y ESP. SAN ANDRES DE PENAFLOR,PEÑAFLOR,3,0,1,485,10
26109,ESCUELA DE PARVULOS N°2125 SANTIAGO-QUILICURA,QUILICURA,4,0,3,0,0
26110,COLEGIO SANTIAGO - QUILICURA,QUILICURA,3,0,1,1214,10
26111,ESC. DE PARV. Y ESP. PUKARAY,BUIN,3,0,1,736,10
26112,COLEGIO DE AD. INSTITUTO SAN SEBASTIAN DE BEL,PROVIDENCIA,4,0,1,0,0
26113,ESCUELA ESP. RINCONADA,MAIPÚ,3,0,1,113,214
26114,ESCUELA ESP. LA VILLETE,PUENTE ALTO,3,0,1,126,10
26115,COLEGIO TUPAHUE,PUENTE ALTO,3,0,1,1197,110
26116,ESCUELA ESP. SILABAS,PEÑALOLÉN,3,0,1,67,214
26117,ESCUELA BÁSICA N 149 SAN MARCEL,BUIN,3,0,1,947,10
26118,COLEGIO DE AD. BARTOLOME DE LAS CASAS DE MACU,MACUL,3,0,1,0,0
26120,ESCUELA BAS. NEWTON SCHOOL,MACUL,4,0,3,0,0
26121,ESCUELA ESP. CAMILA BINFA,LA FLORIDA,3,0,1,58,214
26123,ESCUELA DE PARV. ANGEL DE LA GUARDA,LA CISTERNA,3,0,2,0,0
26124,COLEGIO ROCKVILLE COLLEGE,SAN JOSÉ DE MAIPO,3,0,2,0,0
26125,ESCUELA BAS. ELLEN GOULD SCHOOL,MACUL,3,0,3,0,0
26126,ESC. ESP. MI NUEVO ARLEQUIN,MAIPÚ,3,0,1,81,214
26128,ESC. DE PARV. Y ESP. KIMANTU DE PENAFLOR,PEÑAFLOR,3,0,1,39,214
26129,ESCUELA BAS. MARIA JESUS,PROVIDENCIA,4,0,1,145,10
26130,ESC. BAS. Y ESP. CHRIST SCHOOL DE PUDAHUEL,PUDAHUEL,3,0,1,502,10
26131,COLEGIO DE AD. FORJANDO FUTURO CURACAVI,CURACAVÍ,3,0,2,0,0
26133,ESCUELA DE PARVULOS EMPRENDER LARAPINTA DE LAMPA,LAMPA,4,0,3,0,0
26134,COLEGIO QUIMAY,LAS CONDES,4,0,1,280,110
26135,ESC.BAS. EMPRENDER LARAPINTA,LAMPA,3,0,1,1734,10
26137,COLEGIO DEL REAL,MAIPÚ,3,0,1,364,10
26138,ESCUELA ESP. TRAGALUZ DEL BOSQUE,EL BOSQUE,3,0,1,89,212
26139,ESCUELA BAS. VILLA SAN IGNACIO,PUDAHUEL,3,0,1,420,10
26140,ESCUELA ESP. ANDALUE,PEÑAFLOR,3,0,1,116,214
26141,ESCUELA DE PARV. MI-SOL,PUENTE ALTO,3,0,1,0,0
26142,ESCUELA DE PARVULOS N°2140 NUBELUZ,CONCHALÍ,4,0,3,0,0
26143,COLEGIO DE AD. ANTONIO ACEVEDO,PEDRO AGUIRRE CERDA,3,0,1,187,165
26144,ESCUELA ESP. ANTIYAL,SAN BERNARDO,3,0,1,76,214
26145,ESC. BAS. LA CANTERA DE MAPUHUE,LA PINTANA,3,0,3,0,0
26146,COLEGIO DE ADULTOS TIRSO DE MOLINA,MELIPILLA,3,0,2,0,0
26147,ESCUELA ESPECIAL N° 2141 ALTA VIDA,MAIPÚ,3,0,1,42,217
26148,ESC. ESP. CENTRO DE RECURSOS SUYAY,EL BOSQUE,3,0,1,39,214
26149,ESCUELA ESP. SANTO TOMAS APOSTOL,INDEPENDENCIA,3,0,3,0,0
26150,COLEGIO  FITZROY COLLEGE,SAN BERNARDO,3,0,1,513,10
26151,ESCUELA ESP. ACTIVACION DE LA INTELIGENCIA SE,PUENTE ALTO,3,0,1,60,212
26152,ESCUELA BASICA SAN PEDRO APOSTOL DE PAINE,PAINE,3,0,1,401,10
26154,ESCUELA BAS. VILLA NUEVA,SAN RAMÓN,3,0,3,0,0
26155,ESCUELA BASICA N°2145 COLEGIO DUNALASTAIR PEÑALOLÉN,PEÑALOLÉN,4,0,1,1084,110
26156,ESCUELA ESP. ASPAUT CORDILLERA,PUENTE ALTO,3,0,3,0,0
26157,LICEO MUNICIPAL BICENTENARIO DE BATUCO,LAMPA,1,0,1,874,110
26158,ESCUELA BAS. AKORI,CERRILLOS,3,0,1,302,10
26159,ESCUELA ESP. ANTUKUYEN DE EL MONTE,EL MONTE,3,0,1,88,214
26160,ESCUELA DE PARV. CRISTIANO HOSSANA,MAIPÚ,3,0,2,0,0
26161,ESCUELA DE PARV. CARRUSEL DE MAIPU,MAIPÚ,3,0,3,0,0
26162,CENTRO DE EDUC. INTEG. DE AD. FORJANDO FUTURO,LA CISTERNA,3,0,3,0,0
26163,ESCUELA ESPECIAL NEWEN DE PUENTE ALTO,PUENTE ALTO,3,0,1,63,214
26164,COLEGIO SAN JOSE DE CERRILLOS,CERRILLOS,3,0,1,405,10
26165,ESCUELA DE PARV. MI MUNDO,PUENTE ALTO,4,0,1,0,0
26166,ESCUELA ESP. PALABRAS MAGICAS,PUENTE ALTO,3,0,1,56,214
26168,COLEGIO POLIVALENTE SAN PEDRO DE QUILICURA,QUILICURA,3,0,1,391,310
26169,ESCUELA ESP. MI ISLITA,ISLA DE MAIPO,3,0,1,138,214
26171,"ESCUELA BASICA N° 2150, COLEGIO MOUNIER",LAS CONDES,4,0,1,67,10
26172,ESCUELA BAS. FALCON COLLEGE LITTLE,QUINTA NORMAL,3,0,1,321,10
26173,ESCUELA BASICA ALTAIR DE BATUCO,LAMPA,3,0,3,0,0
26174,ESCUELA DE PARV. SANTA TERESITA DE JESUS,PUENTE ALTO,3,0,1,27,10
26175,ESCUELA ESPECIAL NUESTRA SE¥ORA DE MONSERRAT,SAN RAMÓN,3,0,3,0,0
26176,ESC. DE PARV. MADRE BERNARDA MORIN DE PROVIDE,PROVIDENCIA,1,0,3,0,0
26177,ESCUELA DE AD. PESTALOZZI DE SAN BERNARDO,SAN BERNARDO,3,0,3,0,0
26178,ESCUELA DE PARV. MARIA MONTESORI DE PUENTE AL,PUENTE ALTO,3,0,3,0,0
26179,ESCUELA DE PARVULOS SNOOPY DE LA FLORIDA,LA FLORIDA,3,0,3,0,0
26180,ESCUELA DE PARV. LA CASITA ENCANTADA,LA FLORIDA,3,0,1,0,0
26181,ESCUELA DE PARV. ACUARELA DE LA FLORIDA,LA FLORIDA,3,0,3,0,0
26182,ESCUELA ESPECIAL TRIPANTU DE LA FLORIDA,LA FLORIDA,3,0,1,94,214
26183,ESCUELA DE PARV. BLANCA NIEVES DE LA FLORIDA,LA FLORIDA,3,0,1,49,10
26185,ESC. DE PARV. MI PARAGUITA,MAIPÚ,3,0,3,0,0
26186,ESCUELA DE PARV. ANGELUZ,MAIPÚ,4,0,2,0,0
26187,ESCUELA DE PARV. LOS PEQUES,PUENTE ALTO,3,0,1,19,10
26188,ESC. DE PARV. MY LITTLE GARDEN DE PUENTE ALTO,PUENTE ALTO,3,0,1,0,0
26189,ESCUELA DE PARV. BAM-BAM,LA FLORIDA,4,0,1,0,0
26190,ESCUELA DE PARV. NIKITOS,LA FLORIDA,3,0,2,0,0
26191,ESCUELA DE PARV. PEQUEÑO ARCOIRIS,PUENTE ALTO,3,0,1,1,10
26192,ESC. DE PARV. Y ESP. MARTA HIDALGO N° 2,PUENTE ALTO,3,0,3,0,0
26193,ESCUELA DE PARV. PIMPOLLITOS,PUENTE ALTO,3,0,3,0,0
26194,ESCUELA DE PARV. SANTA TERESITA DE LOS ANDES,PUENTE ALTO,3,0,3,0,0
26195,ESCUEL DE PARV. LOS PIRINCHOS,ESTACIÓN CENTRAL,4,0,1,28,10
26196,ESCUELA BASICA TIERRASOL MONTESSORI,ISLA DE MAIPO,4,0,2,0,0
26197,ESCUELA DE PARV. LOS CARIÑOSITOS,PAINE,3,0,1,60,10
26199,ESC. DE PARV. NUEVO SIGLO DE EST. CENTRAL,ESTACIÓN CENTRAL,3,0,3,0,0
26200,ESCUELA DE PARV. PUDU,MAIPÚ,3,0,1,41,10
26201,COLEGIO DE AD. EDUCAP,MAIPÚ,3,0,1,193,165
26202,ESCUELA ESP. MI MUNDO EN PALABRAS DE BUIN,BUIN,3,0,1,325,10
26204,ESC. DE PARV. GIRASOL DE LA FARFANA,MAIPÚ,3,0,3,0,0
26205,ESCUELA DE PARV. PASITOS,LA CISTERNA,3,0,3,0,0
26206,ESCUELA DE PARVULOS N°2169 MY HOUSE,COLINA,4,0,1,0,0
26207,ESCUELA BASICA FEN MAPU,SAN BERNARDO,4,0,3,0,0
26208,ESCUELA DE PARV. JARDIN INFANTIL MIRO,LA FLORIDA,4,0,1,0,0
26209,COLEGIO SAN JUAN DIEGO DE GUADALUPE,MAIPÚ,3,0,1,422,110
26210,ESCUELA BASICA N°2171 LA VILLETE,LAS CONDES,4,0,3,0,0
26211,ESCUELA DE PARVULOS N193 VALLE DEL SOL,PUENTE ALTO,4,0,1,0,0
26212,ESC. DE PARVULOS JARD. INFANTIL ARTISTICO VAL,PUENTE ALTO,4,0,1,0,0
26213,COLEGIO O`HIGGINS,MELIPILLA,3,0,3,0,0
26214,CENTRO DE EDUCACIÓN DE ADULTOS BERNARDO O´HIGGINS DE MAIPÚ,MAIPÚ,3,0,1,302,363
26215,ESCUELA DE PARV. ESTRELLITAS MAGICAS,MAIPÚ,4,0,3,0,0
26216,ESCUELA DE PARV. MUSICAL GARFIELD,RENCA,3,0,1,53,10
26218,ESCUELA DE PARV. MI FANTASIA,MAIPÚ,3,0,3,0,0
26219,CENTRO EDUC. GOYENECHEA,RENCA,3,0,1,628,10
26221,ESCUELA DE PARV. TIO RICO,LA FLORIDA,3,0,1,50,10
26222,ESCUELA ESP. SANTA MARIA DE EL BOSQUE,EL BOSQUE,3,0,1,113,214
26223,ESCUELA DE PARVULOS CAMILA BINFA,LA FLORIDA,3,0,1,0,0
26224,ESCUELA ESP. CANTOS NUEVOS,ESTACIÓN CENTRAL,3,0,1,140,214
26225,COLEGIO DE ADULTOS ROCKET,MACUL,3,0,1,180,165
26226,ESCUELA DE PARV. ARMONIA,LA FLORIDA,3,0,1,10,10
26227,ESCUELA ESP. ARCA DE LOS NIÑOS,SAN RAMÓN,3,0,1,108,214
26228,ESCUELA BAS. ECHAURREN N° 2,MAIPÚ,3,0,1,297,10
26229,ESCUELA DE PARVULOS Y ESPECIAL YAMPAI,EL BOSQUE,3,0,3,0,0
26230,ESCUELA ESP. SOL NACIENTE,LA CISTERNA,3,0,1,63,214
26231,ESCUELA ESP. ALEGRIA DE NIÑOS,LA PINTANA,3,0,1,55,214
26232,ESCUELA ESP. CANTARITO DE GREDA,PEÑAFLOR,3,0,3,0,0
26233,CENTRO EDUCACIONAL DE ADULTOS LOPE DE VEGA,MELIPILLA,3,0,3,0,0
26235,ESCUELA BASICA PARTICULAR PAICAVI DE LAMPA,LAMPA,3,0,1,283,10
26236,ESCUELA ESP. DIVERSIDAD,LA FLORIDA,3,0,1,123,212
26237,ESCUELA ESPECIAL AGORA,CERRO NAVIA,3,0,1,160,212
26238,COLEGIO DEL VERBO DIVINO DE CHICUREO,COLINA,4,0,1,745,10
26239,ESCUELA DE PARV. Y ESP. AMANECER DE EL BOSQUE,EL BOSQUE,3,0,1,428,10
26240,ESCUELA ESPECIAL SEMILLITAS DE EL BOSQUE,EL BOSQUE,3,0,1,35,214
26241,ESCUELA ESP. SAN CLEMENTE DE HUECHURABA,HUECHURABA,3,0,1,162,214
26242,ESCUELA ESP. CANTARES,SAN JOAQUÍN,3,0,1,0,0
26243,ESCUELA ESP. SAN CARLOS DE MELIPILLA,MELIPILLA,3,0,1,190,10
26244,ESCUELA BAS. SAN ESTEBAN DE MELIPILLA,MELIPILLA,3,0,1,258,10
26245,ESCUELA BAS. CRISTIANO EL SEMBRADOR,CONCHALÍ,3,0,1,346,10
26246,ESCUELA ESP. PROFESORA ELSA BENITEZ,RENCA,3,0,1,175,214
26247,ESCUELA DE PARV. LA VILLITA,HUECHURABA,3,0,3,0,0
26249,ESCUELA BASICA MIRAFLORES DE LAMPA,LAMPA,3,0,1,289,10
26250,ESCUELA BAS. MISIONERO DE AGOSTINI,LA PINTANA,3,0,1,170,10
26252,ESCUELA ESP. SAN BERNARDO,SAN BERNARDO,3,0,1,151,212
26253,COLEGIO EMPRENDER LARAPINTA DE ADULTOS,LAMPA,3,0,3,0,0
26254,COLEGIO SANTA MARIA GORETTI DE PADRE HUR,PADRE HURTADO,3,0,1,583,10
26255,ESCUELA ESP. CLEMENTE DE JESUS,EL BOSQUE,3,0,1,60,212
26256,ESCUELA ESP. PLAZUELA ENCANTADA,PUENTE ALTO,3,0,1,59,214
26257,ESCUELA ESP. FLORECER,MELIPILLA,3,0,1,203,10
26258,ESCUELA DE PARV. HEIDI DE LO ESPEJO,LO ESPEJO,3,0,1,30,10
26259,ESCUELA ESP. ANTOBEL,LA FLORIDA,3,0,1,68,212
26260,LINCOLN COLLEGE PUDAHUEL,PUDAHUEL,3,0,1,1716,10
26261,ESCUELA ESP. SANTA CATALINA DE TALAGANTE,TALAGANTE,3,0,1,41,214
26262,CENTRO EDUC. ESPECIAL HANS ASPERGER,LA FLORIDA,3,0,1,43,217
26263,ESCUELA ESP. EL PALACIO DE LOS NIÑOS DE SAN B,SAN BERNARDO,3,0,1,206,212
26264,ESCUELA ESP. SEMILLITA DE RECOLETA,RECOLETA,3,0,1,230,214
26266,COLEGIO CARPE DIEM DE CURACAVI,CURACAVÍ,3,0,3,0,0
26267,ESCUELA ESP. RUCA RAYEN,LA REINA,3,0,1,11,217
26268,COLEGIO SAINT LOUIS SCHOOL,MAIPÚ,4,0,1,681,10
26269,COLEGIO ALTO DEL VALLE,BUIN,3,0,1,1050,10
26270,ESCUELA ESP. ARCOIRIS DE BUIN,BUIN,3,0,1,90,10
26271,ESCUELA BAS. VALLE VERDE,COLINA,3,0,1,254,10
26272,COLEGIO WESTON ACADEMY,QUILICURA,4,0,1,915,10
26273,ESCUELA ESP. MONTE CARMELO DE MAIPU,MAIPÚ,3,0,1,192,212
26274,ESCUELA BAS. REINA NORTE,COLINA,3,0,1,644,10
26275,ESCUELA ESPECIAL KITARI,LAMPA,3,0,1,86,214
26276,ESCUELA ESP. NIÑO JESUS DE SAN JOAQUIN,SAN JOAQUÍN,3,0,1,201,214
26278,ESCUELA BASICA ARISTA VITAE,LA CISTERNA,3,0,1,47,110
26280,ESCUELA DE PARV. SEVILLA,MAIPÚ,4,0,1,8,10
26281,ESCUELA ESPECIAL EL TREBOL,PADRE HURTADO,3,0,1,111,214
26283,ESCUELA ESP. CLINICA DAVILA,RECOLETA,3,0,3,0,0
26284,ESCUELA DE PARVULOS KUKY,LA CISTERNA,3,0,3,0,0
26285,ESCUELA DE PARVULOS N°2216 MELFORD,QUILICURA,4,0,3,0,0
26286,COLEGIO DE ADULTOS ANTU-ANAY,PEÑALOLÉN,3,0,1,134,363
26287,ESCUELA BASICA BRUNNENWEG,HUECHURABA,4,0,3,0,0
26288,ESC. ESP. HOSPITAL DE CARABINEROS,ÑUÑOA,3,0,3,0,0
26289,ESCUELA ESP. DESPERTARES DE PEDRO AGUIRRE CER,PEDRO AGUIRRE CERDA,3,0,1,60,214
26290,ESCUELA DE PARVULOS N° 2219 WESTON ACADEMY,QUILICURA,4,0,3,0,0
26291,ESCUELA INGLES FABIOLA ALARCON,PEÑAFLOR,3,0,3,0,0
26292,LICEO POLIVALENTE MUNICIPAL DE LA FLORIDA,LA FLORIDA,1,0,1,556,310
26293,ESCUELA BAS. INTEGRAL ENLACES DE LAMPA,LAMPA,3,0,1,369,10
26294,COLEGIO ALMAHUE,PROVIDENCIA,4,0,3,0,0
26295,ESC. PART. EL SAUCE,MAIPÚ,3,0,3,0,0
26297,COLEGIO MONTAHUE,HUECHURABA,4,0,1,143,10
26298,ESCUELA LA ARAUCARIA DE MAIPU,MAIPÚ,3,0,1,61,110
26299,ESCUELA ESP. EPUMALEN,RECOLETA,3,0,1,68,212
26300,ESC. PARV. LOS ANGELITOS DE MAIPU,MAIPÚ,4,0,3,0,0
26302,COLEGIO DE ADULTOS JUAN RAMON JIMENEZ,MAIPÚ,3,0,3,0,0
26303,COLEGIO ENRIQUE ALVEAR DE CERRO NAVIA,CERRO NAVIA,3,0,1,364,10
26304,ESCUELA BAS. PEÑIHUEN ANDINO,LA FLORIDA,3,0,1,176,10
26305,COLEGIO MONTAHUE DE PEÑALOLEN,PEÑALOLÉN,4,0,1,69,110
26306,ESC. ESP. DE COLORES PANDO,MACUL,3,0,1,47,214
26307,COLEGIO SAN PIO DE PETRELCINA DE BUIN,BUIN,3,0,3,0,0
26308,ESC. DE PARV. LA CASITA FELIZ,MACUL,3,0,3,0,0
26309,ESCUELA ESPECIAL  MAGOS,RECOLETA,3,0,1,101,214
26310,ESCUELA DE PARVULOS PASITOS DE QUILICURA,QUILICURA,4,0,1,0,0
26311,COLEGIO LINCOLN INTERN ACADEMY VALLE NORTE CHICUREO,COLINA,4,0,1,1318,10
26314,ESC. DE PARV. PEUMAYEN,MAIPÚ,3,0,2,0,0
26316,ESCUELA ESP. ALTUE DE CERRO NAVIA,CERRO NAVIA,3,0,1,157,214
26317,"ESCUELA  ESPECIAL  DE  LENGUAJE N° 2235,  ANTÚ KÚYEN",CERRILLOS,3,0,1,50,214
26318,ESCUELA ESPECIAL SANTA RITA DE CASIA DE LA GR,LA GRANJA,3,0,1,52,212
26319,ESCUELA DE PARV. TIA YAYI,PUENTE ALTO,3,0,3,0,0
26320,ESC. ESP. CORAZON DE JESUS DE SAN BERNARDO,TALAGANTE,3,0,1,98,214
26321,ESC. DE PARV. JARDIN INFANTIL GIRASOL DE SAN,SAN BERNARDO,4,0,1,0,0
26322,ESCUELA DE PARVULOS Y ESPECIAL N°2237 SAN BENITO EDUCA,MAIPÚ,4,0,1,0,0
26323,THE ALMOND SCHOOL III,LA PINTANA,3,0,1,38,214
26324,EST. EDUC. PART. ARCANGEL GABRIEL N° 2,PEDRO AGUIRRE CERDA,3,0,1,350,110
26325,ESC. ESP. PART. CARAMELOS DE LUZ,ÑUÑOA,3,0,3,0,0
26326,ESCUELA DE PARVULOS N°2239 JARDÍN INFANTIL CHICUREO,COLINA,4,0,3,0,0
26327,ESC. ESP. ANTILAF DE PEÑAFLOR,PEÑAFLOR,3,0,1,61,212
26328,COLEGIO ANTUQUENU ANDINO,LA FLORIDA,4,0,1,128,110
26330,ESC. ESP. PEUMAYEN DE MAIPU N°2,MAIPÚ,3,0,1,62,214
26331,ESC. PARVULOS PEUMAYEN DE MAIPU,MAIPÚ,3,0,3,0,0
26333,C. INTEGRAL DE AD. PROFESORA TERESA MOYA REYE,PUENTE ALTO,1,0,1,847,165
26334,ESC. ESP. EL CANELO DE PUENTE ALTO,PUENTE ALTO,3,0,1,90,214
26335,COLEGIO DUNALASTAIR VALLE NORTE,COLINA,4,0,1,1396,110
26336,ESC. PARV. PABLITO NERUDA Y GABRIELA MISTRAL,PUENTE ALTO,3,0,3,0,0
26337,ESCUELA ESPECIAL ADAES,LA CISTERNA,3,0,1,11,212
26338,ESC. DE PARV. CASPER,PUENTE ALTO,3,0,1,23,10
26339,ESC. ESP. PLANETKIDS,PEÑAFLOR,3,0,2,0,0
26340,ESC. PARV. ADRIANNA BERZINS,MAIPÚ,3,0,1,111,10
26341,ESC. BAS. NUEVA ESPERANZA DE EL BOSQUE,EL BOSQUE,3,0,1,294,10
26342,ESC. DE PARV. LOS DUENDECITOS DE LA GRANJA,LA GRANJA,3,0,1,62,10
26343,ESC. ESP. MI MUNDO DE ÑUÑOA,ÑUÑOA,3,0,3,0,0
26344,ESCUELA DE PARVULOS Y ESPECIAL CRISOL DE EL,EL BOSQUE,3,0,1,89,214
26345,ESC. BAS. EJERCITO DE SALVACION DE SANTIAGO,SANTIAGO,3,0,1,266,110
26347,ESC. ESP. SANTA GEMA GALGANI,SAN BERNARDO,3,0,1,64,214
26348,ESCUELA DE PARVULOS N 2251 ANDALUE DE SAN J,SAN JOAQUÍN,3,0,1,16,10
26349,ESC ESP. CENTROS DE RETOS MULTIPLES LUZ Y ESP,BUIN,3,0,1,54,216
26350,ESCUELA ESP. SAN MARTIN DE PORRES,CERRO NAVIA,3,0,1,25,212
26351,ESCUELA ESPECIAL N°2253 ANTULAF,LA CISTERNA,3,0,1,53,214
26352,ESC. PROFESOR FELIX ALVAREZ,QUINTA NORMAL,3,0,1,308,10
26353,ESC. DE PARVULOS SOL Y LUNA DE LA REINA,LA REINA,3,0,1,0,0
26354,ESCUELA ESP. ALTAZOR DE ESTACION CENTRAL,ESTACIÓN CENTRAL,3,0,1,52,214
26355,ESCUELA DE LENGUAJE MILLARAHUE,HUECHURABA,3,0,1,58,214
26356,ESCUELA ESPECIAL N° 2258 NIÑO JESUS DE LA GR,LA GRANJA,3,0,1,30,214
26357,ESCUELA ESPECIAL UN MUNDO DE PALABRAS,QUILICURA,3,0,1,178,214
26358,ESCUELA ESPECIAL CREA,EL MONTE,3,0,1,39,212
26359,ESCUELA ESPECIAL GABRIELA RUBIO,LA CISTERNA,3,0,1,72,214
26360,ESC. PARV. UN RINCON DE ALEGRIA,RENCA,3,0,1,60,10
26361,ESC. ESP. EL PRINCIPITO DE LA FLORIDA,LA FLORIDA,3,0,1,263,214
26362,COLEGIO SAN FRANCISCO DE ASIS DE SAN BERNARDO,SAN BERNARDO,3,0,1,1023,10
26364,ESCUELA ESPECIAL N°165 MONTESOL,BUIN,3,1,1,118,214
26365,COLEGIO BICENTENARIO SAN ALBERTO HURTADO DE PUDAHUEL,PUDAHUEL,3,0,1,1643,10
26367,LINCOLN COLLEGE SAN BERNARDO,SAN BERNARDO,3,0,1,1666,10
26368,COLEGIO SAN FRANCISCO DE SALES,MAIPÚ,3,0,1,548,10
26369,ESCUELA BASICA LUNA NUEVA DE LA PINTANA,LA PINTANA,3,0,2,0,0
26370,ESC. ESP. SAN ANTONIO DE LO PRADO,LO PRADO,3,0,1,47,214
26371,COLEGIO DE ADULTOS LOS LIBERTADORES DE MAIPU,MAIPÚ,3,0,1,210,363
26372,COLEGIO SAN LUCAS DE LO ESPEJO,LO ESPEJO,3,0,1,1019,10
26373,ESCUELA DE PARVULOS Y ESPECIAL SANTA TERESA,PUENTE ALTO,3,0,1,107,10
26374,ESCUELA BASICA VALLES DEL MAIPO,ISLA DE MAIPO,3,0,3,0,0
26378,ESCUELA PATRONA DE LOURDES,PEÑAFLOR,3,0,1,541,10
26379,COLEGIO SOL DEL VALLE,LAMPA,3,0,1,1303,10
26381,COLEGIO NUEVA ERA SIGLO XXI SEDE PUENTE ALTO,PUENTE ALTO,3,0,1,893,10
26382,ESCUELA ESPECIAL SANTA BLANCA,LO BARNECHEA,3,0,2,0,0
26383,COLEGIO INSTITUTO CALERA DE TANGO,CALERA DE TANGO,3,1,1,520,10
26384,COLEGIO TEC. PROF. SAN RAMON LA CISTERNA,LA CISTERNA,3,0,1,162,310
26385,ESCUELA ESPECIAL LA REINA,LA REINA,3,0,2,0,0
26386,ESCUELA ESP. ANDELEN,PUENTE ALTO,3,0,1,50,214
26387,ESC. BAS. Y ESP. COLLEGE PADRE HURTADO,RENCA,3,0,3,0,0
26388,ESCUELA ESP. SAN CRISTOBAL DE PUENTE ALTO,PUENTE ALTO,3,0,1,67,214
26389,ESC DE PARVULOS CRECER CREANDO,SAN MIGUEL,3,0,3,0,0
26390,ESC. PARV.JARDIN INFANTIL COLONIAL DE LOS HAL,SAN BERNARDO,3,0,1,0,0
26391,ESCUELA BASICA NAMUNCURA,RENCA,3,0,1,176,10
26392,ESC. ALTAS CUMBRES DEL ROSAL,MAIPÚ,3,0,1,271,10
26393,ESCUELA DE PARVULOS EL CANELO DE EL BOSQUE,EL BOSQUE,3,0,1,48,214
26395,ESCUELA DE PARVULOS Y ESPECIAL SAN FRANCISCO,MAIPÚ,3,0,1,65,214
26396,ESCUELA ESPECIAL 2274 MATER,QUILICURA,3,0,1,53,214
26397,ESCUELA ESP. DE LENGUAJE CARAMELO,PUENTE ALTO,3,0,1,40,214
26398,ESCUELA DE PARVULOS BURBUJITAS,LO ESPEJO,3,0,1,59,10
26399,COLEGIO PUMAHUE CHICUREO,COLINA,4,0,1,1643,10
26400,COLEGIO SAN EXPEDITO,LAS CONDES,4,0,3,0,0
26402,ESCUELA DE PARVULOS UNICORNIO,PUENTE ALTO,3,0,3,0,0
26403,INSTITUTO SEMBRADOR DE PEÑAFLOR,PEÑAFLOR,3,0,1,425,10
26404,CENTRO EDUC DE AD STA TERESITA DE PADRE HURTA,PADRE HURTADO,3,0,1,0,0
26405,COLEGIO HERMANOS CARRERA DE CHILE,MAIPÚ,3,0,1,547,310
26406,ESCUELA ESPECIAL N° 2278 NUESTRAS HUELLAS,ÑUÑOA,3,0,1,50,214
26407,ESCUELA ESP SANTA INES DE LA PAZ,MELIPILLA,3,0,1,111,214
26408,ESC.ESPECIAL Nº 2279 SAN EXPEDITO DE LAMPA,LAMPA,3,0,1,60,214
26409,ESCUELA ESPECIAL PEQUE SOL,EL BOSQUE,3,0,1,90,214
26410,ESCUELA ESPECIAL VIVAN LOS NIÑOS,LA PINTANA,3,0,1,95,10
26411,COLEGIO NOVA TERRA,LA FLORIDA,3,0,1,597,10
26412,ESCUELA DE PARVULOS FANTASIAS,MAIPÚ,3,0,1,45,10
26414,ESCUELA ESPECIAL Nº 168 NAJU,BUIN,3,0,1,94,214
26415,ESCUELA ESPECIAL CONGUILLIO,PUENTE ALTO,3,0,1,99,214
26416,COLEGIO PREMILITAR CAPITAN IGNACIO CARRERA PINTO,PEÑAFLOR,3,0,1,330,110
26417,ESCUELA DE PARVULOS N°160 MANITOS TRAVIESAS,PEÑAFLOR,4,0,1,0,0
26418,ESCUELA DE PARVULOS N°2282 SANTA MARIA DE VITACURA,VITACURA,4,0,1,0,0
26419,ESCUELA ESPECIAL DE LENGUAJE MALEN,PEÑALOLÉN,3,0,1,160,214
26420,ESCUELA ESPECIAL Nº 2284 LOS ANGELITOS FELICE,RECOLETA,3,0,1,46,214
26421,ESCUELA DE PARVULOS EL ARCA DE NOE,PUENTE ALTO,3,0,1,19,10
26422,ESCUELA ESPECIAL OSCARITO Y SUS AMIGOS,LA PINTANA,3,0,3,0,0
26423,COLEGIO SCHOOL TIME,SAN BERNARDO,3,0,3,0,0
26424,ESCUELA BASICA Nº 2286 LAMPA,LAMPA,3,0,1,340,10
26425,ESCUELA ESP.   N° 161 EL PRINCIPITO DE MALLOCO,PEÑAFLOR,3,0,3,0,0
26426,COLEGIO ESPECIAL HOSPITALARIO CON TODO EL COR,PROVIDENCIA,3,0,1,61,10
26428,ESCUELA BASICA N°213 SCUOLA IMPERIALE,PUENTE ALTO,4,0,1,34,10
26429,ESC DE PARVULOS MI RINCON MAGICO,PUENTE ALTO,3,0,1,51,10
26431,ESCUELA DE PARVULOS AMAPOLA,LA FLORIDA,3,0,3,0,0
26432,ESCUELA ESPECIAL MI MUNDO EN PALABRAS,LAMPA,3,0,1,150,214
26434,COLEGIO ALVARO LAVÍN,MAIPÚ,3,0,1,220,110
26435,ESCUELA ESP SANTA MARCELA CRECER,PADRE HURTADO,3,0,1,86,212
26436,COLEGIO TERRAUSTRAL DEL SOL,MAIPÚ,3,0,1,2896,10
26438,ESC ESP SAN GABRIEL DE LA FLORIDA,LA FLORIDA,3,0,1,93,214
26439,ESCUELA ESPECIAL NIDO DE PALABRAS,LAS CONDES,3,0,1,55,214
26440,ESCUELA ESPECIAL LA CHUPALLA,LAMPA,3,0,3,0,0
26441,ESCUELA ESPECIAL JESUS ANGEL GAZO,RENCA,3,0,1,116,214
26442,ESC ESP STA MARTA DE PADRE HURTADO,PADRE HURTADO,3,0,1,141,214
26443,ESCUELA ESPECIAL RENACER,SAN BERNARDO,3,0,1,138,10
26445,ESCUELA ESPECIAL VENTANAL,MAIPÚ,3,0,1,42,214
26446,ESCUELA DE LENGUAJE AMERICA II,SAN BERNARDO,3,0,1,52,214
26447,ESCUELA ESPECIAL SANTA BARBARA DE PEÑAFLOR,PEÑAFLOR,3,0,1,98,214
26448,ESCUELA ESPECIAL ELUNEY,ESTACIÓN CENTRAL,3,0,1,42,214
26449,ESCUELA DE LENGUAJE MIS TRES ANGELITOS,SAN BERNARDO,3,0,1,53,214
26450,ESCUELA ESPECIAL PARAISO,LAMPA,3,0,1,345,110
26451,ESCUELA ESPECIAL FLORES DE BOLLENAR,MELIPILLA,3,0,1,235,10
26452,ESCUELA ESPECIAL ANTU-MAWEN,PUDAHUEL,3,0,1,0,0
26453,TIEMPO DE CRECER,SAN BERNARDO,3,0,1,89,214
26454,COLEGIO SANTIAGO EMPRENDEDORES,SAN BERNARDO,3,0,1,1252,10
26455,ESCUELA ESPECIAL SAN LUCAS DEL PAICO,EL MONTE,3,0,1,87,214
26456,ESCUELA ESPECIAL SANTA AMELIA,MELIPILLA,3,0,1,75,214
26457,ESCUELA ESPECIAL MI MUNDO EN PALABRAS,MAIPÚ,3,0,1,60,214
26459,ESCUELA ESPECIAL ANCHIMALLEN,LA CISTERNA,3,0,1,75,214
26460,ESCUELA BASICA JOSE MARIA DE LA CRUZ,ISLA DE MAIPO,3,0,1,372,10
26462,EL ARCA DE LOS NIÑOS LO ESPEJO,LO ESPEJO,3,0,1,156,214
26463,COLEGIO SCHULHAUS MONTESSORI,ISLA DE MAIPO,4,0,1,142,10
26464,ESCUELA DE LENGUAJE AMERICA,LA GRANJA,3,0,1,85,214
26465,COLEGIO INSTITUTO RAMÓN FREIRE,MAIPÚ,3,0,1,208,310
26466,ESCUELA BASICA ELIODORO MATTE OSSA,SAN BERNARDO,3,0,1,2366,10
26467,ESCUELA ESPECIAL CAUQUENES,CERRO NAVIA,3,0,3,0,0
26468,ESCUELA ESPECIAL BALIPEQUES,EL BOSQUE,3,0,3,0,0
26469,ESCUELA ESPECIAL EL ARCA DE LOS NIÑOS,LA FLORIDA,3,0,1,109,214
26470,ESCUELA DE PARVULOS EL CASTILLO DE LOS BAJITO,SAN BERNARDO,3,0,3,0,0
26471,ESCUELA ESPECIAL AGUSTINA,MELIPILLA,3,0,1,102,214
26472,ESCUELA ESPECIAL DE LENGUAJE ANTU,TALAGANTE,3,0,1,24,214
26473,ESCUELA ESPECIAL VISTA HERMOSA,ESTACIÓN CENTRAL,3,0,3,0,0
26474,ESCUEL ESPECIAL BAMBÚ,LAMPA,3,0,1,73,214
26476,COLEGIO LINCOLN COLLEGE HUECHURABA,HUECHURABA,4,0,1,1677,10
26477,ESCUELA ESPECIAL MILLARAY,PUENTE ALTO,3,0,1,126,214
26478,ESCUELA ESPECIAL PLAY COLLEGE,PUENTE ALTO,3,0,1,50,214
26479,ESCUELA ESPECIAL DE LENGUAJE EXPLORA,PUENTE ALTO,3,0,1,141,214
26480,ESCUELA DE LENGUAJE LUZ DE ESPERANZA,SAN JOAQUÍN,3,0,1,34,214
26481,ESCUELA ESPECIAL LA MORENITA,EL BOSQUE,3,0,1,39,214
26482,COLEGIO INGLES SAN JOSE DE LINDEROS,BUIN,4,0,1,373,10
26483,ESCUELA ESPECIAL DE LENGUAJE LOS CLARINES,LA FLORIDA,3,0,1,115,214
26484,ESCUELA ESPECIAL EL PASTORCITO,QUINTA NORMAL,3,0,1,254,10
26485,ESCUELA ESPECIAL N 200 CARAMELO II,PUENTE ALTO,3,0,1,24,214
26486,ESCUELA DE PARVULOS SAINT JAMES,MACUL,3,0,3,0,0
26487,ESCUELA ESPECIAL PIRQUE,PIRQUE,3,0,1,75,214
26488,ESCUELA DE LENGUAJE RAYITOS DE SOL,PADRE HURTADO,3,0,3,0,0
26490,ESCUELA ESPECIAL DE LENGUAJE EL LUCERO,QUILICURA,3,0,1,80,214
26491,ESCUELA DE PARVULOS GUSANITO Nº2,LA FLORIDA,3,0,1,15,10
26493,ESCUELA DE LENGUAJE GUSANITO,LA FLORIDA,3,0,1,50,214
26494,ESCUELA BASICA SAN JAVIER DEL BOSQUE,EL BOSQUE,3,0,1,171,10
26495,ESCUELA ESPECIAL NUEVA ESPERANZA,MAIPÚ,3,0,1,57,214
26496,ESCUELA ESPECIAL AMIGOS DEL BOSQUE,CALERA DE TANGO,3,0,1,72,214
26497,ESCUELA ESPECIAL MIS ANGELITOS,PADRE HURTADO,3,0,1,69,214
26498,ESCUELA ESPECIAL ENITEO CREACIONES,PEÑALOLÉN,3,0,1,72,214
26499,COLEGIO INTECTUR,SANTIAGO,3,0,3,0,0
26500,ESCUELA ESPECIAL DE LENGUAJE SAN GABRIEL,CERRILLOS,3,0,1,57,214
26501,LICEO TECNICO PROFESIONAL PATRICIO AYLWIN AZOCAR,LA GRANJA,6,0,1,388,310
26502,ESCUELA DE PARVULOS KIDS PLACE,SAN MIGUEL,3,0,1,131,10
26503,COLEGIO SAINT LOUIS SCHOOL,TILTIL,3,0,1,543,10
26504,ESCUELA BASICA CIMAS DEL MAIPO,SAN JOSÉ DE MAIPO,3,0,2,0,0
26505,COLEGIO DE ADULTO CLOTARIO BLEST RIFFO,PROVIDENCIA,3,0,2,0,0
26506,ESC. DE PARVULOS Y ESPECIAL SANTA JOSEFINA,MACUL,3,0,3,0,0
26507,COLEGIO SAN FRANCISCO DE PAINE,PAINE,4,0,1,542,10
26509,ESCUELA ESPECIAL MANDARINA,LA FLORIDA,3,0,1,73,214
26510,ESCUELA ESPECIAL N°2324 INTEGRAL DE CARABINEROS,LA REINA,4,0,3,0,0
26512,ESCUELA ESPECIAL GRIBEL DE LA GRANJA,LA GRANJA,3,0,1,102,214
26513,ESCUELA ESPECIAL DE LENGUAJE LILIPUT,PUENTE ALTO,3,0,1,64,214
26514,ESCUELA ESPECIAL DE LENGUAJE BOY HAPPY,ÑUÑOA,3,0,1,54,214
26515,COLEGIO C.I.E.A. GARCIA HURTADO DE MENDOZA,PEÑAFLOR,3,0,3,0,0
26516,ESCUELA BASICA N°2327 CONDORES,CONCHALÍ,3,0,1,78,110
26517,ESCUELA ESPECIAL NUEVO MUNDO PAC,PEDRO AGUIRRE CERDA,3,0,1,88,214
26518,ESCUELA ALTO MAWIDA,PUENTE ALTO,3,0,1,217,212
26519,LICEO VESPERTINO DE ADULTOS FUTURO,LA FLORIDA,3,0,1,31,363
26520,ESC. ESP. JERUSALEN DE QUINTA NORMAL,QUINTA NORMAL,3,0,1,53,214
26521,ESCUELA ESPECIAL MAGOS DE RENCA,RENCA,3,0,1,129,214
26522,ESC. ESPECIAL STA. MARGARITA DE PAINE,PAINE,3,0,1,85,214
26523,ESC. ESP. MAGICAS PALABRAS,RENCA,3,0,1,141,214
26524,COLEGIO ANTIMANQUE,PEÑAFLOR,4,0,1,570,10
26526,ESCUELA ESPECIAL TERESITA DE COLINA,COLINA,3,0,1,226,214
26527,ESCUELA ESPECIAL SAGRADA FAMILIA,LAMPA,3,0,1,227,212
26528,ESC. DE LENGUAJE PIERO VON FALKENBERG,MACUL,3,0,3,0,0
26529,ESCUELA ESPECIAL ALTIOR,PUENTE ALTO,3,0,1,80,212
26530,ESCUELA ESPECIAL ESPERANZA NUEVA,COLINA,3,0,1,90,212
26531,COLEGIO DE ADULTOS ESCUELA DEL CARIÑO,QUINTA NORMAL,3,0,1,141,165
26532,COLEGIO LO  BOZA ROSALBA LAGOS MONACO,RENCA,3,0,1,456,10
26533,ESCUELA ESPECIAL ARBOLIRIS,PAINE,3,0,1,90,214
26534,ESCUELA DE LENGUAJE LA GRANJITA,LA GRANJA,3,0,1,130,214
26535,ESCUELA ESPECIAL N° 2338 SONSOLES,MAIPÚ,3,0,1,53,214
26536,ESCUELA ESPECIAL Nº 2339 ATRAVIA,LA CISTERNA,3,0,1,127,212
26537,ESCUELA ESPECIAL JUGUEMOS EN EL BOSQUE,MAIPÚ,3,0,3,0,0
26538,COLEGIO TERRAUSTRAL OESTE S.A,MAIPÚ,3,0,1,2952,10
26540,ESCUELA ESPECIAL DE LENGUAJE MI CLUB RYMAI,MACUL,3,0,3,0,0
26541,ESCUELA ESPECIAL Nº 206 COLORES,PUENTE ALTO,3,0,1,164,214
26543,ESCUELA ESPECIAL MUNDO INFANTIL RUTA SUR,PAINE,3,1,1,166,110
26544,ESCUELA ESPECIAL COSAS DE NINOS,EL BOSQUE,3,0,1,82,214
26566,ESCUELA ESPECIAL TERESITA DE COLINA,COLINA,3,0,3,0,0
30001,THE INTERNATIONAL SCHOOL ARICA,ARICA,3,0,1,556,10
30002,COLEGIO EL ROBLE,ARICA,3,0,1,272,10
30003,COLEGIO JUAN PABLO II,ARICA,3,0,1,657,10
30004,ESCUELA ESPECIAL DE LENGUAJE ARCO IRIS,ARICA,3,0,1,49,214
30005,COLEGIO MARIA MONTESSORI,ARICA,3,0,1,941,10
30006,COLEGIO HISPANO,ARICA,3,0,1,553,10
30007,ESC. ESP. LENG. LA GRANJITA SCHOOL,ARICA,3,0,1,149,214
30009,ESC.ESP.LENG.DIVINO NIÑO JESUS DE ARICA,ARICA,3,0,3,0,0
30010,ESCUELA ESPECIAL DE LENGUAJE LUCERITO MUSIKAL,ARICA,3,0,1,87,214
30012,COLEGIO AMARU ANKU SCHOOL,ARICA,3,0,1,202,110
30013,THE AZAPA VALLEY SCHOOL,ARICA,4,0,1,383,10
31001,ESCUELA EL AROMO,PAILLACO,3,1,1,22,110
31002,LICEO MATER POPULI DEI,MARIQUINA,3,0,1,146,310
31003,ESC. ESP. TRANS. DE LENG SAN MIGUEL,VALDIVIA,3,0,1,130,214
31004,INSTITUTO TERRA MATER,FUTRONO,3,0,2,0,0
31005,COL. EDUC VICTOR MANUEL GIOVANETTI ASTUDILLO,LA UNIÓN,3,0,1,129,110
31006,COLEGIO LAS GAVIOTAS,VALDIVIA,3,1,1,36,110
31007,SERVICIOS EDUCACIONALES LAS QUEMAS,FUTRONO,3,1,2,0,0
31008,ESCUELA DE LENGUAJE PEQUEÑAS VOCES,VALDIVIA,3,0,1,50,214
31009,ESCUELA DE LENGUAJE ALONQUEO,LANCO,3,1,1,37,214
31010,LICEO BICENTENARIO CIUDAD DE LOS RIOS VALDIVI,VALDIVIA,2,0,1,576,110
31011,CEIA SAN SEBASTIAN,RÍO BUENO,3,0,3,0,0
31012,INSTITUTO CHILE ASIA PACIFICO,VALDIVIA,3,0,1,384,10
31013,ESCUELA DE LENGUAJE LAS LETRAS,VALDIVIA,3,0,1,48,214
31015,ESCUELA DE LENGUAJE ALTUE,RÍO BUENO,3,0,1,99,214
31016,COLEGIO ECOLOGICO SAN FELIPE,VALDIVIA,3,0,1,165,10
31017,ESCUELA PARTICULAR RURAL JUAN PABLO SEGUNDO,LANCO,3,1,1,27,110
31018,JARDIN INFANTIL BLANCANIEVES II,VALDIVIA,4,0,1,17,10
31019,ESCUELA BASICA Y DE LENGUAJE GLORIA SKILLMANN,LANCO,3,0,1,171,110
31020,ESCUELA ESPECIAL DE LENGUAJE RECREAR,PAILLACO,3,1,3,0,0
31021,COLEGIO JUAN PABLO SEGUNDO,LOS LAGOS,3,0,1,168,10
31022,ESCUELA ESPECIAL TRANSTORNOS DE LENGUAJE TRAI TRAI LAFQUEN,PANGUIPULLI,3,1,1,28,214
31029,ESCUELA ESPECIAL CAPULLITO DE SOL DE ISLA DE,ISLA DE MAIPO,3,0,1,156,214
31030,ESCUELA PRE MILITAR HEROES DE LA CONCEPCION,LA CISTERNA,3,0,1,1193,110
31032,ESCUELA ESPECIAL JESUS DE PRAGA,ISLA DE MAIPO,3,0,1,114,214
31033,ESCUELA ESPECIAL ANTAY,PADRE HURTADO,3,0,1,80,214
31034,COLEGIO HUGO LANDAURO HENRIQUEZ,LA FLORIDA,3,0,1,169,363
31035,ESCUELA ESPECIAL ENCANTA PALABRAS,MAIPÚ,3,0,1,50,214
31036,ESC. PARV.Y ESP MUNDOPALABRA DE BUIN,BUIN,3,0,1,248,10
31037,LICEO INSTITUTO CUMBRE DE CONDORES,RENCA,1,0,1,869,110
31038,ESCUELA ESPECIAL DE  LENGUAJE TEMPUS,ESTACIÓN CENTRAL,3,0,1,59,214
31039,COLEGIO DE ADULTOS ALTAZOL DE SANTIAGO,SANTIAGO,3,0,1,95,363
31040,COLEGIO SAN FERNANDO DE BUIN,BUIN,4,0,1,503,10
31041,ESCUELA DE LENGUAJE LA DAVILITA,PEDRO AGUIRRE CERDA,3,0,1,81,214
31042,COLEGIO SAN ANDRES DE CALERA DE TANGO,CALERA DE TANGO,4,0,1,244,10
31043,ESCUELA ESPECIAL EL PORVENIR,LAMPA,3,0,1,76,212
31044,COLEGIO DE ADULTOS EDUCAP,PUDAHUEL,3,0,3,0,0
31046,ESCUELA ESPECIAL ANTILLANCA,QUILICURA,3,0,1,39,214
31047,CENTRO EDUCACIONAL LIFE SUPPORT,LAS CONDES,4,0,1,59,310
31048,COMPLEJO EDUC. ADULTOS CALETA SUR,LO ESPEJO,3,0,1,135,165
31049,ESCUELA ESPECIAL DE LENGUAJE NIDO DE LUZ,PUENTE ALTO,3,0,1,85,214
31050,ESCUELA DE PARVULOS SAN AGUSTIN,BUIN,3,0,3,0,0
31051,ESCUELA ESPECIAL SAN LUIS DEL BOSQUE,EL BOSQUE,3,0,1,144,212
31052,COLEGIO VILLA EL SOL,ISLA DE MAIPO,3,0,1,531,10
31053,ESCUELA ESPECIAL PALABRAS MAGICAS,SAN JOAQUÍN,3,0,1,30,214
31054,COLEGIO EL LABRADOR,BUIN,3,0,1,210,110
31055,ESCUELA  DE PARVULOS LOS CASTAÑOS,PUENTE ALTO,3,0,3,0,0
31056,ESCUELA ESPECIAL SANTA ANA,MELIPILLA,3,0,1,90,214
31057,ESCUELA ESPECIAL ALTO BUIN,BUIN,3,0,3,0,0
31058,COLEGIO VILLA EL SOL,ISLA DE MAIPO,3,0,3,0,0
31060,ESCUELA  DE  PARVULOS CORAZON DE LEON,MAIPÚ,3,0,1,10,10
31061,ESCUELA DE PARVULOS SAN JOSE SCHOOL,ESTACIÓN CENTRAL,3,0,1,80,10
31063,ESCUELA ESPECIAL PIECECITOS DE NIÑOS,PIRQUE,3,1,1,69,214
31064,COLEGIO ALBORADA DE LAMPA,LAMPA,3,0,1,389,110
31065,LICEO TECNOLOGICO BICENTENARIO ENRIQUE KIRBERG BALTIANSKY,MAIPÚ,1,0,1,744,110
31066,COLEGIO LOS ROBLES DE LOS LIBERTADORES,EL MONTE,3,0,1,570,10
31067,ESCUELA DE PARVULOS MAGICOS COLORES,PUENTE ALTO,3,0,3,0,0
31068,COLEGIO TERRA MONTE,COLINA,3,0,1,481,10
31069,ESCUELA ESPECIAL NUEVA AURORA,PUENTE ALTO,3,0,1,99,217
31070,ESC. DE  PARVULOS MAGIC -GARDEN,MAIPÚ,3,0,1,62,10
31071,LICEO BICENT. PROV.STA. TERESA DE LOS ANDES,COLINA,1,1,1,1143,110
31072,ESCUELA ESPECIAL EL RINCON DE JOSEFINA,RENCA,3,0,1,86,214
31073,ESCUELA DE PARVULOS Y ESPECIAL MANITOS CREATI,CERRILLOS,3,0,1,76,10
31074,LICEO BICENTENARIO DE NIÑAS DE MAIPU,MAIPÚ,1,0,1,842,110
31075,ESCUELA DE LENGUAJE ECOLOGICA ANDALEN,EL BOSQUE,3,0,1,77,214
31077,ESCUELA ESPECIAL PANDY,MAIPÚ,3,0,1,150,214
31078,LICEO BICENTENARIO SAN PEDRO DE PUENTE ALTO,PUENTE ALTO,1,0,1,537,110
31079,COLEGIO INGLES,PEÑAFLOR,3,0,3,0,0
31080,COLEGIO RENACER TP,PUENTE ALTO,3,0,1,291,110
31081,ESCUELA  SAN  IGNACIO  DE  BUIN,BUIN,3,0,1,296,10
31082,"ESC. DE LENGUAJE PEWUNGUEN, TIEMPOS DE BROTES",PEÑALOLÉN,3,0,1,59,214
31083,LICEO PAULA JARAQUEMADA DE QUILICURA,QUILICURA,3,0,1,482,310
31084,COLEGIO ANTAMARO,CHILLÁN,3,0,1,364,10
31085,COLEGIO EL ARRAYAN,SAN PEDRO DE LA PAZ,3,0,1,1113,10
31086,ESCUELA ESPECIAL DE LENGUAJE SANTA MARÍA,LOS ÁNGELES,3,0,1,270,214
31087,COLEGIO ALCÁZARES DE ÑUBLE,CHILLÁN,3,0,1,766,10
31088,ESCUELA ESPECIAL LENGUAJE PALABRAS MÁGICAS,CORONEL,3,0,1,150,214
31089,ESCUELA ESPECIAL RAYITO DE SOL,MULCHÉN,3,0,1,8,212
31090,COMPLEJO EDUCACIONAL VALLE DEL ITATA,RANQUIL,3,0,1,246,10
31091,ESCUELA ESPECIAL INFANTIL SAN ANDRES,CONCEPCIÓN,3,0,1,90,212
31092,ESCUELA ESPECIAL CENTRO DE CAPACITACIÓN E INTEGRACIÓN LABORAL KRIES,CHIGUAYANTE,3,0,1,17,212
31094,ESCUELA ESPECIAL DE LENGUAJE TESÓN MINERO,LOTA,3,0,1,144,214
31095,COLEGIO DE ADULTOS CUMBRES DEL ITATA,TREHUACO,3,0,3,0,0
31096,LICEO MANUEL BULNES,BULNES,2,0,3,0,0
31097,ESCUELA ESPECIAL DE LENGUAJE MUNICIPAL EL CARMEN,EL CARMEN,2,0,1,37,214
31098,COLEGIO PARTICULAR PEMUCO,PEMUCO,3,0,1,85,165
31099,ESCUELA ESPECIAL DE LENGUAJE RUCALAF,ARAUCO,3,0,1,90,214
31100,ESCUELA ESPECIAL DIFERENCIAL NIDAL,TALCAHUANO,3,0,1,176,212
31101,CEIA MONSEÑOR ALFREDO SILVA SANTIAGO,LOTA,3,0,3,0,0
31102,CENTRO EDUCACIONAL RUCAPEÑIHUE,CONCEPCIÓN,4,1,1,0,0
31103,LICEO BICENTENARIO DE CORONEL,CORONEL,2,0,1,497,110
31104,LICEO TÉCNICO PROFESIONAL DE ADULTOS BIOBÍO,CONCEPCIÓN,3,0,1,224,165
31105,ESCUELA ESPECIAL DE LENGUAJE ANIDAPALABRAS,CHILLÁN,3,0,1,72,214
31106,COLEGIO SAINT JOAN COLLEGE,SANTA JUANA,3,0,1,409,10
31107,COLEGIO ESPERANZA,CABRERO,3,0,1,305,10
31108,ESCUELA ESPECIAL DE LENGUAJE Y COLEGIO BÁSICO CUMBRES DEL VALLE COLLEGE,QUILLÓN,3,0,1,353,110
31110,COLEGIO FRATERNIDAD,SAN PEDRO DE LA PAZ,3,0,1,1210,10
31111,ESCUELA ESPECIAL DE LENGUAJE TIERRA DE NIÑOS,TOMÉ,3,0,1,83,214
31113,INSTITUTO DE ESTIMULACIÓN TEMPRANA APEGO SEGURO,LOS ÁNGELES,3,0,3,0,0
31114,ESCUELA DE ESPECIAL LENGUAJE ALIWENKO,CORONEL,3,0,1,93,214
31115,ESCUELA ESPECIAL DE LENGUAJE SONRISAS,ARAUCO,3,0,1,115,214
31116,COLEGIO BICENTENARIO ENRIQUE SALINAS BUSCOVICH,CHILLÁN,3,0,1,627,310
31117,ESCUELA ESPECIAL DE LENGUAJE CUMBRES DE COBQUECURA,COBQUECURA,3,0,1,59,214
31118,ESCUELA ESPECIAL DE LENGUAJE EXPLORADORES DEL SABER,CORONEL,3,0,1,89,214
31119,COLEGIO ALMONDALE VALLE,CONCEPCIÓN,3,0,3,0,0
31120,ESCUELA ESPECIAL DE LENGUAJE YUPANQUI,SAN PEDRO DE LA PAZ,3,0,1,67,214
31121,COLEGIO DOCTOR OSVALDO QUINTEROS,LOS ÁNGELES,3,0,1,260,10
31122,ESCUELA ESPECIAL DE LENGUAJE GOLDEN HOUSE,CURANILAHUE,3,0,1,86,214
31123,ESCUELA ESPECIAL DE LENGUAJE EXPRESIONES,CHILLÁN,3,0,1,118,214
31124,COLEGIO PROACAP,LOS ÁNGELES,3,0,1,83,363
31125,ESCUELA ESPECIAL DE LENGUAJE ALIHUEN,LOS ÁLAMOS,3,0,1,85,214
31127,ESCUELA ESPECIAL DE LENGUAJE NATIVA,CONCEPCIÓN,3,0,3,0,0
31128,LICEO BICENTENARIO DE EXCELENCIA TREHUACO,TREHUACO,2,1,1,269,310
31129,ESCUELA ESPECIAL DE LENGUAJE SANTA DOMINGA,CORONEL,3,0,1,26,214
31130,COLEGIO PARTICULAR SUBVENCIONADO TIMONEL-CORONEL,CORONEL,3,0,1,431,110
31131,JARDIN INFANTIL CAMPANITA,CABRERO,3,0,1,0,0
31132,ESCUELA NUEVO FUTURO,LOTA,3,0,1,105,165
31133,ESCUELA ESPECIAL DIFERENCIAL CTRO.EDUC.DE DESARROLLO Y ESTIM ESP. PEQUEÑO NAZARENO,CHILLÁN,3,0,1,92,212
31134,JARDIN INFANTIL SAN BENITO,LOS ÁNGELES,3,0,1,0,0
31135,ESCUELA ESPECIAL DE LENGUAJE ELUNEY,BULNES,3,0,1,341,10
31136,ESCUELA ESPECIAL DE LENGUAJE MUNDO PALABRITAS,LOS ÁNGELES,3,0,1,78,214
31137,ESCUELA ESPECIAL DE LENGUAJE LETRITAS,LOS ÁNGELES,3,0,1,163,214
31138,ESCUELA DE LENGUAJE PEQUEÑO ROBLE,PUENTE ALTO,3,0,1,39,214
31139,ESCUELA ESPECIAL RENACER,MAIPÚ,3,0,1,62,214
31140,ESCUELA ESPECIAL DIFERENCIAL NUEVO AMANECER,QUINTA NORMAL,3,0,1,48,212
31141,ESCUELA ESPECIAL DE LENGUAJE RENACER 1,PUENTE ALTO,3,0,1,73,214
31142,ESCUELA ESPECIAL MARIA GABRIELA,ESTACIÓN CENTRAL,3,0,1,38,214
31144,ESCUELA DE LENGUAJE MARIPOSITAS,SAN BERNARDO,3,0,1,114,214
31145,ESCUELA ESPECIAL DE LENGUAJE MUNDO RAVALEN,TALAGANTE,3,0,1,53,214
31146,COLEGIO HOSP. CLINICA LOS TIEMPOS,LA REINA,3,0,3,0,0
31147,CEIA APRENDER,LO ESPEJO,3,0,3,0,0
31148,ESC. ESP. DE LENGUAJE OMILEN ANTU,CONCHALÍ,3,0,1,27,214
31149,ESCUELA ESPECIAL DE LENGUAJE KAORY,QUINTA NORMAL,3,0,1,110,214
31150,ESCUELA DE PARVULOS THE FOREST KIDS,EL BOSQUE,3,0,3,0,0
31151,COLEGIO EDIAL III EDUC. MEDIA TEC. PROF.,CALERA DE TANGO,3,0,3,0,0
31152,ESCUELA ESPECIAL LAS PEPAS,LA FLORIDA,3,0,1,114,214
31153,INSTITUTO CUMBRES DE CONDORES PONIENTE,RENCA,1,0,1,604,110
31154,ESCUELA CAMINA ALTO,COLINA,1,0,1,345,214
31155,ESCUELA  ESPECIAL  MANUEL RODRIGUEZ,MAIPÚ,3,0,1,61,214
31156,ESCUELA ESPECIAL SAN PEDRO,SAN PEDRO,3,1,3,0,0
31158,ESC. DE PARVULOS Y ESPECIAL,INDEPENDENCIA,3,0,1,180,10
31159,ESCUELA DE LENGUAJE CANTILLANA Nº181,TALAGANTE,3,0,1,251,214
31161,COLEGIO LOS PENSAMIENTOS,LA GRANJA,3,0,1,1199,10
31162,C.E.I.A. PROFESOR HECTOR DUARTE,EL MONTE,3,0,1,110,363
31163,COLEGIO DE ADULTOS SAN ANDRES DE COLINA,COLINA,3,0,1,217,165
31164,ESC.ESP.DE  LENGUAJE  MIS  PEQUEÑOS TESOROS,MAIPÚ,3,0,1,120,214
31165,ESCUELA ESPECIAL HUEPIL,SAN MIGUEL,3,0,1,36,214
31166,ESC. ESP. DE LENGUAJE CAMINO DE VIDA,PUDAHUEL,3,0,1,29,214
31167,CENTRO EDUCACIONAL INTEGRAL DE ADULT ACUARIO,SANTIAGO,3,0,1,221,363
31168,ESCUELA ESPECIAL CUNCUNITAS DE AMOR,SAN JOSÉ DE MAIPO,3,0,1,41,214
31169,ESC. ESP. LENG. Y COMUNICACION SAN SEBASTIAN,PUENTE ALTO,3,0,1,21,214
31170,ESCUELA ESPECIAL  SANTA  LUISA,QUINTA NORMAL,3,0,1,100,212
31171,ESCUELA DE PARVULOS Y ESPECIAL EUSEBIO LILLO,LA FLORIDA,3,0,1,93,10
31172,ESC. ESPECIAL DE LENGUAJE NOVA  AURORA,MAIPÚ,3,0,1,92,214
31173,ESC. ESPECIAL DE LENGUAJE KUMELEN,QUILICURA,3,0,1,56,214
31175,BICENTENARIO COLLEGE,LA FLORIDA,3,0,1,394,10
31176,ESCUELA ESPECIAL PIONERITOS,LA PINTANA,3,0,1,90,214
31177,ESCUELA DE PARVULOS LOS DUENDECITOS II,LA GRANJA,3,0,1,58,10
31178,ESCUELA ESP. DE LENGUAJE  SAN BENITO,MAIPÚ,3,0,1,41,214
31179,ESCUELA ESPECIAL MANZANITA 1,PUENTE ALTO,3,0,1,39,214
31180,ESC.DE  PARVULOS  NUEVO  AMANECER,ESTACIÓN CENTRAL,3,0,1,33,10
31181,ESCUELA ESPECIAL CENTRO EDUCACIONAL PUKARA,COLINA,3,0,1,33,212
31182,ESCUELA ESPECIAL DE LENGUAJE EL CANELO,BUIN,3,0,1,59,214
31183,ESCUELA DE PARVULOS MUNDO MAGICO,PADRE HURTADO,3,0,1,89,10
31184,ESCUELA DE PARVULOS CASTORCITO Nº 2,SAN JOAQUÍN,3,0,1,25,10
31185,ESCUELA  DE  PARVULOS  CEMAR,MAIPÚ,3,0,1,187,10
31186,ESCUELA ESPECIAL SAN PEDRO DE LA PAZ,EL MONTE,3,0,3,0,0
31187,COLEGIO DE ADULTOS ALTOS DEL HUERTO,TILTIL,3,0,1,117,165
31189,COLEGIO HOSPITALARIO HOSPITAL MILITAR,LA REINA,3,0,1,14,110
31190,ESCUELA CUMBRES  DE  NOS,SAN BERNARDO,3,0,1,573,10
31192,COLEGIO ADULTOS MANQUEHUE,LAMPA,3,0,1,290,165
31193,ESCUELA BASICA CRISTIANO JERUSALEN,LAMPA,3,0,1,337,10
31194,COLEGIO MONTEVERDI,LA SERENA,3,0,1,516,10
31195,ESCUELA ESPECIAL DE LENGUAJE MONDO DEI PAROLE,LA SERENA,3,0,3,0,0
31196,ESCUELA ESPECIAL MUNDO NUEVO,SALAMANCA,3,0,1,19,212
31197,JARDIN INFANTIL INTI,LA SERENA,4,0,1,0,0
31198,JARDIN INFANTIL MAGIC WORLD,COQUIMBO,3,0,3,0,0
31199,COLEGIO DE EDUCACION ESPECIAL ALCALA,LA SERENA,3,0,1,178,212
31200,ESCUELA DE LENGUAJE MI SOLCITO,LA SERENA,3,0,1,81,214
31201,SAINT MARY SCHOOL - EL MILAGRO,LA SERENA,4,0,1,359,110
31202,ESCUELA DE LENGUAJE SAN ANDRES,LA SERENA,3,0,1,143,214
31203,COLEGIO DOMINGO SANTA MARIA,VICUÑA,3,0,1,1087,10
31204,ESCUELA DE LENGUAJE PALABRAS MAGICAS,LA SERENA,3,0,3,0,0
31205,ESCUELA ESPECIAL LUNA DEL VALLE,ILLAPEL,3,0,3,0,0
31206,ESCUELA ESPECIAL DE LENGUAJE SEMBRANDO PALABR,LA SERENA,3,0,1,68,214
31208,ESCUELA ESPECIAL DE LENGUAJE SANTA FILOMENA,COQUIMBO,3,1,3,0,0
31209,ESCUELA ESPECIAL DE LENGUAJE HAMELIN,COQUIMBO,3,1,1,110,214
31211,ESCUELA ESPECIAL DE LENGUAJE PEQUEÑA ORUGA,LA SERENA,3,0,1,86,214
31212,ESCUELA ESPECIAL DE LENGUAJE AMARANTA,LA SERENA,3,0,1,39,214
31213,ESCUELA ESPECIAL DE LENGUAJE ULPAN,COQUIMBO,3,0,3,0,0
31214,ESCUELA ESP DE LENGUAJE LA FABRICA DE SUEÑOS,LA SERENA,3,0,1,78,214
31215,ESC.ESP.DE TRAS ESPEC. DE LENGUAJE WENUI,COQUIMBO,3,0,1,44,214
31216,ESC ESPECIAL DE TRAS ESPEC DE LENG ANTARES,LA SERENA,3,0,1,61,212
31217,ESCUELA ESPECIAL DE LENGUAJE SUEÑO DORADO,LA SERENA,3,0,1,59,214
31218,ESCUELA CULTURAL DE LENGUAJE Y JARDÍN INFANTIL VALDANI,COQUIMBO,3,0,1,40,214
31219,COLEGIO VERSALLES,LA SERENA,3,0,1,607,10
31220,COLEGIO DE ADULTOS VALLE DE ELQUI,VICUÑA,3,1,1,306,165
31221,COLEGIO RUKALAF,LA SERENA,3,0,1,357,110
31222,MARTIN LUTHER KING ADULT SCHOOL,LA SERENA,3,0,1,186,165
31223,ESCUELA ESPECIAL DE LENGUAJE EL CASTILLO DEL SABER,LA SERENA,3,0,1,30,214
31235,JARDIN INFANTIL PEUMAYEN SAN FERNANDO,SAN FERNANDO,4,0,1,0,0
31249,ESCUELA ESPECIAL DE LENG CON AGUA DEL CIELO,SAN MIGUEL,3,0,1,100,214
31250,ESCUELA  ESPECIAL DE  LENGUAJE  VICUÑA,QUINTA NORMAL,3,0,1,76,214
31251,ESCUELA ESP. DE LENGUAJE LOS TRES REYES MAGOS,QUILICURA,3,0,1,42,214
31252,COLEGIO ROCKET ADULTOS DE LA FLORIDA,LA FLORIDA,3,0,1,148,165
31253,COLEGIO ALTO DEL MAIPO,ISLA DE MAIPO,3,0,1,555,10
31254,ESCUELA ESPECIAL Nº 2385 VALLE HERMOSO,PEÑALOLÉN,3,0,1,167,212
31256,ESCUELA  ESPECIAL  DAMASQUITO,ESTACIÓN CENTRAL,3,0,1,23,214
31257,ESCUELA ESP. Y PARV. EXPLORADORES DEL MUNDO,MAIPÚ,3,0,1,31,214
31258,COLEGIO WALDORF DE SANTIAGO,ÑUÑOA,4,0,1,61,110
31259,ESC. DE LENGUAJE Nº 2388 ARCOIRIS DE PALABRAS,MACUL,3,0,1,97,214
31260,COLEGIO ALTAZOL DEL MAIPO,PAINE,3,0,1,552,10
31261,ESCUELA ESPECIAL EL AGUILA Y EL ROBLE,LA FLORIDA,3,0,1,114,214
31262,ESCUELA PART. SANTA MARIA DE GUADALUPE,COLINA,3,0,1,809,10
31263,ALBORADA,PUENTE ALTO,3,0,1,0,0
31264,ESCUELA BÁSICA SAN GENNARO,PAINE,3,0,1,419,110
31265,ESCUELA BASICA N°2392 JOHN JOHN HIGH SCHOOL,ÑUÑOA,4,0,1,218,10
31266,INSTITUTO PROFESOR HECTOR DUARTE,EL MONTE,3,0,1,284,10
31267,INSTITUTO SAN ALBERTO HURTADO,BUIN,4,0,1,65,110
31268,ESCUELA BASICA PORTAL CORDILLERA,SAN JOSÉ DE MAIPO,3,0,3,0,0
31270,ESCUELA ESPECIAL KAYROS KIDS,PADRE HURTADO,3,0,1,118,214
31271,COLEGIO HIGHLANDS MONTESSORI SCHOOL OF SANTIAGO,PEÑALOLÉN,4,0,1,327,10
31273,COLEGIO REAL,LA REINA,4,0,1,0,0
31274,COLEGIO SANTA SOFIA,LA PINTANA,3,0,1,526,10
31275,LA NONI ESCUELA DE PARVULOS Y LENGUAJE,EL BOSQUE,3,0,1,25,10
31276,COLEGIO GRACE COLLEGE,HUECHURABA,4,0,1,844,10
31277,ESC. ESP. DE LENGUAJE SAN  EXPEDITO,LO PRADO,3,0,1,112,214
31278,INSTITUTO COMERCIAL BARROS ARANA,SAN BERNARDO,3,0,1,223,310
31279,COLEGIO DE ADULTOS  ALBA DE ORO,MELIPILLA,3,0,1,107,165
31280,ESCUELA ESPECIAL ALIANZA MISIONERA,PADRE HURTADO,3,0,1,102,214
31281,COLEGIO ESPECIAL HOSPITALARIO DE CARABINEROS,ÑUÑOA,3,0,1,8,110
31282,COLEGIO NOVA,LA FLORIDA,3,0,1,121,10
31283,ESCUELA LENG. Y PARVULOS  HORMIGUITA,LA CISTERNA,3,0,1,83,10
31284,ESCUELADE LENGUAJE RAYITO DE LUNA,PEÑAFLOR,3,0,3,0,0
31285,ESCUELA ESPECIAL N°2395 MI FAMILIA EDUCA,QUILICURA,3,0,1,100,214
31287,ESCUELA DEL CARIÑO RICARDO NAVIA,ESTACIÓN CENTRAL,3,0,1,278,165
31288,LICEO BICENTENARIO DE  EXCELENCIA NACIONAL DE,CERRO NAVIA,6,0,3,0,0
31289,ESCUELA ESPECIAL DE LENGUAJE SOL,PUENTE ALTO,3,0,1,64,214
31290,COLEGIO SAN ANDRES MAIPU EL BOSQUE,MAIPÚ,3,0,1,718,10
31291,ESCUELA DE LENGUAJE  NUESTRO  HORIZONTE,QUINTA NORMAL,3,0,1,75,214
31292,ESCUELA ESPECIAL EL RIEL 2,LO ESPEJO,3,0,1,0,0
31293,LICEO NACIONAL BICENTENARIO DE EXCELENCIA,SAN BERNARDO,1,0,1,517,110
31294,LICEO BICENTENARIO MARIA SOLEDAD MELENDEZ MOLINA,TALAGANTE,1,0,1,978,110
31295,LICEO BICENTENARIO ITALIA,SANTIAGO,3,0,1,1132,110
31296,ESCUELA DE PARVULOS REMOLINO,MAIPÚ,3,0,3,0,0
31297,ESCUELA DE LENGUAJE N°2399 GRANDES SUEÑOS,LAMPA,3,0,1,120,214
31298,ESCUELA DE LENGUAJE AMADEUS MOZART 2685,LA PINTANA,3,0,3,0,0
31299,LICEO BICENTENARIO DE EXCELENCIA FRANCISCO BILBAO BARQUIN DE QUILICURA,QUILICURA,2,0,1,502,110
31300,ESCUELA BÁSICA N°186 MANCHESTER COLLEGE,TILTIL,3,0,1,50,10
31302,COLEGIO LOS PINOS,SAN BERNARDO,3,0,1,320,10
31303,ESCUELA ESPECIAL DE LENGUAJE AMANK`AY,ARICA,3,0,1,38,214
31304,ESCUELA ESPECIAL DE LENGUAJE RELMU,ARICA,3,0,1,60,214
31306,COLEGIO FINÉS RELMU,ARICA,3,0,1,85,110
31307,ESCUELA ESPECIAL DE LENGUAJE CORAZÓN DE JESÚS,ARICA,3,0,3,0,0
31308,ESCUELA ESPECIAL DE LENGUAJE PEQUEÑOS ESTRATEGAS,ARICA,3,0,1,37,214
31317,JARDIN INFANTIL WENTEMIL MONTESSORI,MACHALÍ,4,0,1,0,0
31318,JARDIN INFANTIL QUERUBINES,MACHALÍ,3,0,1,0,0
31326,ESCUELA ESPECIAL ATRAVIA,LA FLORIDA,3,0,1,75,212
31327,COLEGIO ALICANTE DEL VALLE,PUENTE ALTO,3,0,1,3058,10
31328,JARDIN INFANTIL FRUTILLITA FELIZ,LA FLORIDA,4,0,1,0,0
31329,ESCUELA DE  LENGUAJE HELLO CHILDREN,ESTACIÓN CENTRAL,3,0,1,56,214
31330,ESCUELA DE LENGUAJE CHILE,SAN RAMÓN,3,0,1,39,214
31331,ESCUELA ESPECIAL DIFERENCIAL SAGRADO CORAZON,SAN BERNARDO,3,0,1,49,212
31332,COLEGIO CORAZONES DE JESUS,LO ESPEJO,3,0,1,210,10
31333,ESCUELA ESPECIAL PLAZUELA ENCANTADA II,PUENTE ALTO,3,0,1,0,0
31334,ESCUELA DE LENGUAJE HABLANDO SIN PARAR,EL BOSQUE,3,0,1,80,214
31335,ESCUELA ESPECIAL JAVIERA CARRERA,TALAGANTE,3,0,1,164,214
31337,ESCUELA  BASICA  ALTAS  CUMBRES,PUENTE ALTO,3,0,1,105,10
31338,AULA HOSPITALARIA SAN ANTONIO,ANTOFAGASTA,3,0,1,167,10
31339,AULA HOSPITALARIA SAN CARLOS,CALAMA,3,0,1,58,10
31340,NETLAND SCHOOL,ANTOFAGASTA,3,0,1,2078,10
31341,ESCUELA ESPECIAL DE LENGUAJE SAN ANTONIO,ANTOFAGASTA,3,0,1,121,214
31342,COLEGIO SANTO TOMÁS DE ANTOFAGASTA,ANTOFAGASTA,3,0,1,937,10
31343,LICEO CIENTIFICO HUMANISTA LA CHIMBA,ANTOFAGASTA,1,0,1,1002,110
31344,SAN MARTIN DE PORRES,ANTOFAGASTA,4,0,1,0,0
31345,LICEO POLITÉCNICO LOS ARENALES,ANTOFAGASTA,1,0,1,895,310
31346,INSTITUTO ANTONIO VARAS,CALAMA,4,0,1,0,0
31347,ESCUELA DE PARVULOS NORTH KINDERGARTEN,ANTOFAGASTA,3,0,1,175,10
31350,ESCUELA ESPECIAL DE LENGUAJE EL CERESITO,MULCHÉN,3,0,1,84,214
31360,ESCUELA ESPECIAL N°189 `SAN VICENTE`,SAN BERNARDO,3,0,1,32,214
31361,ESCUELA ESPECIAL MAGIC SCHOOL,MACUL,3,0,1,81,214
31362,ESCUELA ESPECIAL TERRA BAMBINI,PADRE HURTADO,3,0,1,49,214
31363,ESCUELA ESPECIAL ALTA,MAIPÚ,3,0,1,56,216
31364,ESCUELA DE LENGUAJE SANTA TERESA,CERRO NAVIA,3,0,1,146,214
31365,ESCUELA ESPECIAL MIS PRIMEROS PASITOS E.I.R.L,SAN RAMÓN,3,0,1,58,214
31366,ESCUELA ESPECIAL N° 2410 GRANJERITOS,LA GRANJA,3,0,1,78,214
31368,CENTRO EDUCACIONAL DE ADULTOS DREYSE,PEÑAFLOR,3,0,1,61,363
31369,ESCUELA ESPECIAL N° 190 - SAN BERNARDO,SAN BERNARDO,3,0,1,65,212
31371,ESCUELA ESPECIAL MI CLUB RYMAI,LA GRANJA,3,0,1,102,214
31372,ESCUELA DE  PARVULOS  KIDS KINGDOM,SAN BERNARDO,3,0,3,0,0
31373,COLEGIO SAINT JOSEPH SCHOOL,HUECHURABA,4,0,1,634,10
31374,ESCUELA  ESPECIAL  MELODIAS  MAGICAS,TALAGANTE,3,0,1,71,214
31375,CENTRO DE ESTUDIOS FRANCISCO BILBAO DE CURACA,CURACAVÍ,3,0,1,279,165
31376,LICEO  DE  ADULTOS  INSIEME,SANTIAGO,3,0,1,195,363
31377,"ESCUELA ESPECIAL N° 2413, PEUMAYEN",LAMPA,3,0,3,0,0
31378,ESCUELA BÁSICA PALMARES ORIENTE,QUILICURA,3,0,1,1719,10
31379,COLEGIO PALMARES VALLE LOS CÓNDORES,SAN BERNARDO,3,0,1,1090,10
31380,ESCUELA ESPECIAL N°192 DE COLORES,SAN BERNARDO,3,0,1,23,214
31381,ESCUELA ESPECIAL EL CASTILLO DE LOS TRES HERMANOS,LA REINA,3,0,1,68,214
31382,ESCUELA ESPECIAL N°2394 TIERRA DEL FUEGO,QUINTA NORMAL,3,0,3,0,0
31383,ESCUELA DE PARV. Y ESPECIAL MI PEQUEÑO DELFIN,PEÑAFLOR,3,0,1,53,214
31385,ESCUELA ESPECIAL N°2395 (MIS PALABRAS),LA CISTERNA,3,0,3,0,0
31386,"HABLAARTE, EL ARTE DE MIS PALABRAS",CURACAVÍ,3,0,3,0,0
31387,COLEGIO BOSTON COLLEGE ALTO MACUL,LA FLORIDA,4,0,1,753,10
31388,CENTRO TECNICO EDUCACIONAL SAN CAYETANO,PUENTE ALTO,3,0,1,395,310
31389,SEMBRANDO PALABRAS,PEÑALOLÉN,3,0,1,48,214
31390,ESCUELA ESPECIAL ESCUELITA MANZANITA,PUENTE ALTO,3,0,1,50,214
31391,"ESCUELA ESPECIAL N° 2398, ANTAY",ÑUÑOA,3,0,1,0,0
31392,COLEGIO DENHAM SCHOOL,SAN BERNARDO,4,0,1,548,10
31393,ESC ESP Nº 2405 SIGAMOS CRECIENDO,CERRO NAVIA,3,0,3,0,0
31394,NUEVA ALBORADA,CONCHALÍ,3,0,1,239,10
31395,LICEO POLIVALENTE DE CASAS VIEJAS MIGUELINA MERA LAGOS,PUENTE ALTO,3,0,3,0,0
31396,ESCUELA ESPECIAL Nº 192 MONTESSORI DESPERTANDO PALABRAS,PEÑAFLOR,3,0,1,118,214
31397,ESC PARV Nº2400 OASIS DE STA. MARIA,MAIPÚ,3,0,3,0,0
31405,EDUCAR LO BARNECHEA,LO BARNECHEA,3,0,1,219,363
31407,ESCUELA HOSPITALARIA EL CARMEN DE MAIPU,MAIPÚ,3,0,1,120,10
31408,MAGUS SCHOOL,VALDIVIA,4,0,1,0,0
31409,ESCUELA BASICA HUACALEMU,PORTEZUELO,2,1,1,26,110
31412,ESCUELA ESPECIAL DE LENGUAJE LAS AMÉRICAS,VILLA ALEMANA,3,0,1,147,214
31419,"ESCUELA BÁSICA Nº2490, COLEGIO INTERNACIONAL SEK AUSTRAL",PEÑALOLÉN,4,0,1,332,10
31421,COLEGIO TERRA ANDINA,PUENTE ALTO,3,0,1,601,10
31422,ESCUELA BASICA MY GARDEN SCHOOL PORTALES,LO PRADO,3,0,3,0,0
31423,ESCUELA  ESPECIAL  APRENDIENDO,SAN BERNARDO,3,0,1,108,214
31424,ESCUELA DE LENGUAJE AMUILLAN,PUDAHUEL,3,0,1,79,214
31425,COLEGIO SAN JOSÉ,TALAGANTE,3,0,1,194,10
31426,ESCUELA BASICA N°2403 GREEN FOREST COLLEGE,ÑUÑOA,4,0,1,38,110
31427,ESCUELA ESPECIAL Nº228 DE LENGUAJE ANDALIEN,PUENTE ALTO,3,0,1,102,214
31428,COLEGIO  INSTITUTO MANQUEHUE,MELIPILLA,3,0,1,288,165
31429,COLEGIO HOSPÍTALARIO CASABIERTA  COANIQUEM,PUDAHUEL,3,0,1,1,310
31430,ESCUELA BASICA LAS ESPIGAS N° 2404,LO ESPEJO,3,0,1,174,10
31431,ESCUELA ESPECIAL N°194 DE LENGUAJE NUEVO MUNDO,PEÑAFLOR,3,0,1,173,214
31432,LICEO ALTO CORDILLERA DE LA FLORIDA,LA FLORIDA,1,0,1,646,10
31433,ESCUELA ESPECIAL N° 2045 THE ALMOND SCHOOL,LA PINTANA,3,0,1,54,214
31435,ESCUELA ESPECIAL NUESTRA SEÑORA DEL MAIPO,PUENTE ALTO,3,0,1,43,214
31436,ESCUELA ESPECIAL ENTREPEQUES,QUILICURA,3,0,1,40,214
31437,ESCUELA ESPECIAL LUIS SEMBRADOR,LO ESPEJO,3,0,1,104,214
31438,COLEGIO AULA CLINICA SANTA MARIA,PROVIDENCIA,3,0,1,67,10
31439,ESCUELA  DE  PARVULOS  RAYITO  DE  SOL,SAN MIGUEL,3,0,1,49,10
31440,ESCUELA ESPECIAL EL CASTILLO  ENCANTADO,CERRO NAVIA,3,0,1,90,214
31441,ESCUELA ESPECIAL LICANCURA,LA FLORIDA,3,0,1,133,214
31442,JARDIN INFANTIL ADONAY,LOS ANDES,3,0,3,0,0
31443,ESCUELA ESPECIAL DE LENGUAJE LORD COCHRANE,QUILPUÉ,3,0,1,88,214
31444,COLEGIO RUKA NEWEN,LIMACHE,3,0,3,0,0
31445,COLEGIO FUNDADORES DE QUILPUE,QUILPUÉ,4,0,1,410,10
31446,ESC. ESP. DE LENGUAJE Y JARDIN INFANTIL EL CANELO,CARTAGENA,3,0,1,113,10
31447,ESCUELA ESPECIAL AITUE,SAN ANTONIO,3,0,1,79,212
31449,ESC. ESP. DE LENG. Y JARDIN NUEVO MUNDO,QUINTERO,3,0,1,81,214
31450,ESCUELA CRECER,VILLA ALEMANA,3,0,2,0,0
31452,ESCUELA ESPECIAL DE LENGUAJE ARIKI MAU,LOS ANDES,3,0,1,55,214
31453,CENTRO DE DIAGNOSTICO Y TRATAMIENTO COMUNICAME,VILLA ALEMANA,3,0,1,64,216
31454,JARDÍN INFANTIL Y SALA CUNA DELFOS MONTESSORI,QUILPUÉ,3,0,2,0,0
31455,ESC. ESP. DE LENGUAJE Y JARDIN INFANTIL PEUMAYEN,VIÑA DEL MAR,3,0,1,21,10
31456,ESCUELA ESPECIAL DE LENGUAJE ANGELITOS,VIÑA DEL MAR,3,0,1,120,214
31457,JARDIN INFANTIL TIA KITTY,QUILPUÉ,3,0,3,0,0
31458,ESCUELA ESPECIAL DE LENGUAJE HAKUNA MATATA,SANTA MARÍA,3,0,1,59,214
31459,ESCUELA ESPECIAL DE LENGUAJE CUMBRES DE LLAY LLAY,LLAILLAY,3,0,1,37,214
31460,ESCUELA ESPECIAL DE LENGUAJE PEUMAYEN,QUILLOTA,3,0,1,83,214
31461,ESCUELA ESPECIAL DE LENGUAJE NUEVA CALAFQUEN,CARTAGENA,3,0,1,104,10
31462,CENTRO EDUCACIONAL EL FARO,QUINTERO,3,0,1,111,110
31463,COLEGIO GOTITAS DE LUZ,DALCAHUE,3,0,1,79,10
31466,AULA HOSPITALARIA COPIAPÓ,COPIAPÓ,3,0,1,59,10
31486,CENTRO DE EDUCACION INTEGRADA DE ADULTOS CASA CHAMINADE,LINARES,3,0,1,182,165
31489,SALA CUNA AMUYUNI,IQUIQUE,4,0,1,0,0
31492,ESC. ESP. Nº2411 TESORITOS,MAIPÚ,3,0,1,50,214
31493,ESCUELA  DE  PARVULOS  MI  GIRASOL,MAIPÚ,3,0,3,0,0
31494,"COL HOSP. CONSTRUYENDO SUEÑOS, CLINICA DAVILA",RECOLETA,3,0,1,63,10
31495,COLEGIO LOS PENSAMIENTOS DE SAN BERNARDO,SAN BERNARDO,3,0,1,507,110
31497,ESCUELA  ESPECIAL CASA  NIDO,EL MONTE,3,0,1,50,214
31498,ESC. ESPECIAL Nº 2413 LEYENDA DE NIÑOS,HUECHURABA,3,0,1,79,214
31499,COLEGIO THE SOUTHLAND,LO BARNECHEA,4,0,1,266,10
31500,ESC. BASICA Nº230 EL SEMBRADOR CASAS VIEJAS,PUENTE ALTO,3,0,1,259,10
31502,"ESC ESP PARV ELEFANTE MELODIA, LA GRANJA",LA GRANJA,3,0,1,147,10
31503,ESCUELA ESPECIAL GOTITA BLUE,ÑUÑOA,3,0,1,37,214
31504,ESCUELA BASICA N°2416 TREWHELA´S SCHOOL,COLINA,4,0,1,713,10
31505,ESCUELA ESPECIAL BAMBINI INSIEME,SAN MIGUEL,3,0,1,134,214
31506,ESCUELA BASICA  PETRA  COLLEGE,ISLA DE MAIPO,3,0,1,296,10
31507,ESCUELA  ESPECIAL  TAGORE,MAIPÚ,3,0,1,53,214
31508,ESCUELA ESPECIAL DE LENGUAJE NUEVO SOL,MAIPÚ,3,0,1,105,214
31509,ESCUELA PREMILITAR  GENERAL BERNARDO OHIGGINS RIQUELME,PEÑAFLOR,3,0,1,113,110
31512,ESCUELA DE PARVULOS SALA CUNA Y JARDÍN INFANTIL KIDS SUN,LAS CONDES,4,0,1,0,0
31518,ESCUELA ESPECIAL Y DE PÁRVULOS HORMIGUITA 2,LA CISTERNA,3,0,1,118,10
32022,CENTRO VITAMINA COSTANERA CENTER,PROVIDENCIA,4,0,1,0,0
32023,CENTRO VITAMINA PLAZA EGAÑA,LA REINA,4,0,1,0,0
32024,CENTRO VITAMINA PLAZA SAN BERNARDO,SAN BERNARDO,4,0,1,0,0
32025,CENTRO VITAMINA BARRIO REPÚBLICA,SANTIAGO,4,0,1,0,0
32026,CENTRO VITAMINA SAN FRANCISCO,SANTIAGO,4,0,1,0,0
32027,CENTRO VITAMINA ESTACIÓN CENTRAL,ESTACIÓN CENTRAL,4,0,1,0,0
32032,ESCUELA ESPECIAL DE LENGUAJE TORTUGUITA,CHILLÁN,3,0,1,118,214
32040,JARDÍN INFANTIL  NIÑOS DEL BOSQUE,PROVIDENCIA,4,0,1,0,0
32053,COLEGIO EL AVE MARIA,QUILPUÉ,3,0,1,108,10
32055,ESCUELA ESPECIAL DE LENGUAJE AMANCAY,LAJA,3,0,1,0,0
32058,ESCUELA ESPECIAL DE LENGUAJE SANTA TERESA,LA SERENA,3,1,1,44,214
32059,ESCUELA ECOLOGICA PEJERREYES,OVALLE,2,1,1,15,110
32060,ESCUELA HOSPITALARIA CLÍNICA RED SALUD SANTIAGO,ESTACIÓN CENTRAL,3,0,1,38,10
32061,SALA CUNA Y JARDÍN INFANTIL EL CASTILLO,CALERA DE TANGO,4,0,1,0,0
32068,JARDÍN INFANTIL PUPA PLACE,VITACURA,4,0,1,0,0
32080,JARDÍN INFANTIL BAMBOO,COLINA,4,0,1,0,0
32100,COLEGIO CAPIANNI,COPIAPÓ,4,0,1,69,10
32103,JARDÍN INFANTIL MONTESSORI NIDO DEL SIETECOLORES,ÑUÑOA,4,0,1,0,0
32107,JARDÍN INFANTIL CARITA DE LUNA,LO PRADO,4,0,1,0,0
32117,JARDÍN INFANTIL BANANITAS,PADRE HURTADO,4,0,1,0,0
32118,JARDÍN INFANTIL OESTE,CERRILLOS,4,0,1,0,0
32119,JARDÍN INFANTIL CONEJITO BLANCO,SANTIAGO,4,0,1,0,0
32139,JARDÍN INFANTIL EL RINCÓN DE LOS SUEÑOS,SAN MIGUEL,4,0,1,0,0
32140,ESCUELA BÁSICA Nº 211 INCLUSIVA SANTA MARIA,CURACAVÍ,3,0,1,177,10
32160,ESCUELA ESPECIAL DE LENGUAJE ALTAZOR,MOSTAZAL,3,0,1,191,214
32168,JARDIN INFANTIL Y SALA CUNA SUNNYSIDE,SAN BERNARDO,4,0,1,0,0
33892,SALA CUNA Y JARDÍN INFANTIL SEMILLITA,CHÉPICA,2,1,1,17,10
34356,BURBUJITAS,TALCAHUANO,2,0,1,4,10
34367,DESTELLOS DEL AMANECER,TOMÉ,2,0,1,4,10
34388,SALA CUNA Y JARDÍN INFANTIL FLORESTA,HUALPÉN,2,0,1,20,10
34487,PASITOS DE ESPERANZA,LOS ÁNGELES,2,0,1,46,10
34493,SEMBRANDO SUEÑOS VILLA LAS TRANQUERAS,LOS ÁNGELES,2,0,1,14,10
35296,AYELEN VALLE SIMPSON,COYHAIQUE,6,1,4,0,0
35904,CREACION,PUENTE ALTO,2,0,1,31,10
36154,JARDIN INFANTIL Y SALA CUNA UNIVERSO INFANTIL,LANCO,2,0,1,17,10
36224,JARDÍN INFANTIL Y SALA CUNA LA ORUGUITA,FUTRONO,2,1,1,19,10
36225,SEMILLITAS DEL EDEN,FUTRONO,2,0,1,19,10
40000,ESC. PARVULOS CASITA DE CRISTAL,VIÑA DEL MAR,3,0,1,14,10
40001,ESCUELA DE PARVULOS OSITO,VIÑA DEL MAR,3,0,1,22,10
40006,COLEGIO LEONARDO DA VINCI,RANCAGUA,3,0,1,1086,10
40007,JARDIN INFANTIL MIS PRIMEROS PASOS 2,IQUIQUE,3,0,1,102,10
40008,INSTITUTO DE EDUCACION PARA EL ADULTO,COQUIMBO,3,0,1,158,167
40009,CTRO.APOYO A LA EDUC.ESPEC.DE PUTAENDO,PUTAENDO,2,0,1,28,212
40010,ESCUELA ESPECIAL SANTA TERESITA,VALPARAÍSO,3,0,1,60,214
40011,JARDIN INFANTIL CHANTICLEER,VIÑA DEL MAR,4,0,3,0,0
40012,JARDIN INFANTIL KIM RUKA,VIÑA DEL MAR,3,0,3,0,0
40013,CTRO.INT.EDUC.ESP.NUEVA SIEMBRA,VALPARAÍSO,3,0,1,89,212
40014,COLEGIO ANTU-LEMU,QUILPUÉ,3,0,1,56,10
40015,ESCUELA DE LENGUAJE SAN RAFAEL,OLMUÉ,3,0,1,88,214
40016,ESC.ESPEC. DE LENGUAJE KAU KALEM,QUILLOTA,3,0,1,141,214
40017,COLEGIO INFANTES DE LIMACHE,LIMACHE,3,0,1,126,110
40018,ESC. ESPEC. DE TRANST. ESPECIF.DEL LENGUAJE A,ILLAPEL,3,0,1,140,214
40020,JARDIN INFANTIL ARCO IRIS,RANCAGUA,3,0,1,24,10
40021,JARDIN INFANTIL KINDERLAND,COQUIMBO,3,0,1,0,0
40023,COLEGIO SAN ALBERTO,MACHALÍ,4,0,1,1011,10
40024,LICEO TECNICO MUNICIPAL JUAN HOPPE GANTZ,OLIVAR,2,0,1,465,310
40025,LICEO REQUINOA,REQUÍNOA,2,0,1,586,10
40026,JARDIN INFANTIL DISNEYLANDIA,VALPARAÍSO,4,0,1,0,0
40027,COLEGIO PASIONISTAS DE QUILPUE,QUILPUÉ,3,0,1,481,10
40028,ESCUELA ESPECIAL NUEVA ESPERANZA,COQUIMBO,3,0,1,49,212
40029,LICEO BICENTENARIO DE EXCELENCIA LICEO MISTRALIANO,PAIGUANO,2,0,1,160,310
40030,ESC. ESP. DE LENGUAJE CARITA FELIZ,VIÑA DEL MAR,3,0,1,69,214
40031,JARDIN INFANTIL CARAMELITO,QUILLOTA,3,0,3,0,0
40032,JARDIN INFANTIL KINDER CASTLE,LA SERENA,3,0,3,0,0
40033,COLEGIO DOMINGO FAUSTINO SARMIENTO,COQUIMBO,3,0,1,317,10
40034,ESC.ESP. DE LENGUAJE PATITO MARINO,VIÑA DEL MAR,3,0,1,107,214
40035,ESCUELA ESPECIAL ACUARELA,VILLA ALEMANA,3,0,1,64,216
40037,ESC. ESPECIAL DE LENGUAJE ALIWEN,SAN ANTONIO,3,0,1,77,214
40038,COLEGIO WHIPPLE SCHOOL ORIENTE,RANCAGUA,3,0,1,396,10
40039,JARDIN INFANTIL JULIANITO,VIÑA DEL MAR,3,0,3,0,0
40041,AULA HOSPITALARIA MALEN-KAI WEÑI,SAN ANTONIO,3,0,3,0,0
40042,COLEGIO CASTILLA Y ARAGON,VIÑA DEL MAR,3,0,1,808,10
40043,COLEGIO SUEÑO DEL MAÑANA,IQUIQUE,3,0,1,619,110
40044,JARDIN INFANTIL EL CASTILLO DEL SABER,QUILPUÉ,3,0,3,0,0
40045,CTRO ATENCION A LA DIVERSIDAD RAYUN,EL QUISCO,3,0,1,27,212
40046,JARDIN INFANTIL TIA KITTY,QUILPUÉ,3,0,2,0,0
40047,COLEGIO SANTO TOMAS DE LAS ACACIAS,SAN ANTONIO,3,0,1,161,10
40048,ESC.DISCAPACIDAD INTELECTUAL NADIEL,EL TABO,3,0,1,62,212
40049,CTRO.ESTIM.DEL LENGUAJE SAN VALENTIN,VIÑA DEL MAR,3,0,1,57,214
40050,JARDIN INFANTIL MIS PEQUEÑOS ANGELITOS,COQUIMBO,3,0,1,3,10
40051,ESC.ESP.DE TRAST.ESP DEL LENG.MI PANAL,LA SERENA,3,0,1,142,214
40052,ESC. ESP. DE TRANST. ESP DEL LENGUAJE G.MISTR,VICUÑA,3,0,1,89,214
40054,ESCUELA SANTA LAURA,ALTO HOSPICIO,3,0,1,481,10
40055,ESC. ESP. TRANS. DEL LENG. CORDILLERA SINDEMP,COQUIMBO,3,0,1,164,214
40056,ESC ESPECIAL DE LENGUAJE PUCARA,ALTO HOSPICIO,3,0,1,89,214
40057,JARDIN INFANTIL ARCOIRIS,COQUIMBO,4,0,1,0,0
40058,JARDIN INFANTIL Y ESCUELA ESPECIAL DE LENGUAJE  MY LITTLE ANGEL,LA SERENA,3,0,1,47,214
40059,JARDIN INFANTIL INDIGO,LA SERENA,3,0,1,4,10
40060,JARDIN INFANTIL MI REINO DE COLORES,COQUIMBO,3,0,3,0,0
40061,ESC.ESP.TRANS.ESPEC.DEL LENGUAJE LLAKOLEN,OVALLE,3,0,1,89,214
40062,ESC ESPEC DE LENGUAJE ALONQUEO-BELLOTO,QUILPUÉ,3,0,1,82,214
40063,ESCUELA ESPECIAL LENGUAJE SAN JOSE,QUILPUÉ,3,0,1,97,10
40064,COLEGIO ALTA CORDILLERA,COQUIMBO,3,0,1,637,10
40065,COLEGIO ERNESTO VILLARROEL TEN,VILLA ALEMANA,3,0,1,111,110
40066,ESCUELA DE PARVULOS ARCOIRIS,QUILPUÉ,3,0,1,23,10
40068,ESCUELA DE LENGUAJE Y TRAST.DE LA COM.PALABRI,RANCAGUA,3,0,1,108,214
40069,ESC ESP. DE LENGUAJE MUNDO MAGICO,QUINTERO,3,0,3,0,0
40071,COLEGIO LANGUAGE SCHOOL,SAN FERNANDO,3,0,1,55,214
40072,ESC ESP TRAST ESPEC LENGUAJE JARDIN DE SUEÑOS,IQUIQUE,3,0,3,0,0
40073,COLEGIO MONTE SION,ALTO HOSPICIO,3,0,1,393,10
40074,ESC.ESP.DE TRAST. ESPEC.DEL LENG.JARDIN DE SU,LA SERENA,3,0,1,65,214
40075,ESCUELA ESPECIAL TERRA MATER,OVALLE,3,0,2,0,0
40076,COLEGIO ADULTOS LAS VIOLETAS,COQUIMBO,3,0,1,845,165
40077,ESCUELA ESPECIAL DE LENGUAJE SANTA GEMITA,RANCAGUA,3,0,1,0,0
40078,ESCUELA CARDENAL RAUL SILVA HENRIQUEZ,LITUECHE,2,1,1,683,10
40079,JARDIN INFANTIL MELODIA,IQUIQUE,4,0,1,0,0
40080,LICEO FERMIN DEL REAL CASTILLO,CHÉPICA,2,0,1,563,310
40081,ESCUELA DE PARVULOS SAGRADO CORAZON DE JESUS,SAN ANTONIO,3,0,2,0,0
40082,ESC ESP.DE LENG SAN FRANCISCO DE ASIS,QUILPUÉ,3,0,1,68,10
40083,ESCUELA ESPECIAL DE LENGUAJE NAHUEL,VALPARAÍSO,3,0,1,106,214
40085,ESC.ESPECIAL DE LENGUAJE ANTILLANKA,VALPARAÍSO,3,0,1,63,214
40086,JARDIN INFANTIL CARRUSEL,VALPARAÍSO,3,0,3,0,0
40089,ESCUELA ESPECIAL DE LENGUAJE LOS ALMENDROS,VIÑA DEL MAR,3,0,1,48,214
40090,ESCUELA ESPECIAL SANATORIO MARITIMO SN JUAN D,VIÑA DEL MAR,3,0,1,90,212
40092,JARDIN INFANTIL LAS GOLONDRINAS,QUILPUÉ,3,0,1,41,214
40093,ESCUELA DE LENGUAJE KOALA,CHIMBARONGO,3,0,1,76,214
40094,JARDIN INFANTIL TESIC-TESAC,VILLA ALEMANA,3,0,2,0,0
40095,ESCUELA RAYEN PAINE,PADRE LAS CASAS,3,1,1,18,110
40097,JARDIN INFANTIL MAMPATO,VIÑA DEL MAR,3,0,3,0,0
40099,LICEO TECNICO PROFESIONAL PAPUDO,PAPUDO,2,0,1,213,299
40101,COLEGIO NUESTRA ESPERANZA,MOSTAZAL,3,0,1,349,110
40102,LICEO TECNOLOGICO COÑARIPE,PANGUIPULLI,3,1,1,251,10
40104,ESCUELA TRASTORNO DEL LENGUAJE Y COM. SAMAL,RANCAGUA,3,0,2,0,0
40105,JARDIN INFANTIL MUNDO PEQUEÑO,RANCAGUA,4,0,1,0,0
40106,ESC. ESPECIAL DE LENGUAJE EDUCERE,PITRUFQUÉN,3,0,1,100,214
40107,ESC. ESP. DE LENGUAJE TORNASOL,RENAICO,3,0,1,0,0
40108,ESC. ESP. DE LENGUAJE MI DESPERTAR,ANGOL,3,0,3,0,0
40109,JARDIN INFANTIL LOS ENANITOS,VALPARAÍSO,4,0,1,0,0
40110,COLEGIO SAINT MATTHEW,VILLARRICA,3,0,1,684,10
40111,JARDIN INFANTIL MAGIC GARDEN,TEMUCO,3,0,1,76,10
40112,COLEGIO DE ADULTOS AGUILA REAL,TEMUCO,3,0,2,0,0
40113,ESC.ESP. DE LENGUAJE RAYITO DE SOL,MARIQUINA,3,1,1,26,214
40114,LICEO ORIENTE,RENGO,2,0,1,907,110
40115,CENTRO EDUCACIONAL PAULO FREIRE,SAN FERNANDO,3,0,1,202,363
40116,ESCUELA PARTICULAR MARTÍN TEJEDA GUZMAN,MARIQUINA,3,1,1,42,110
40119,ESCUELA ESP. DE LENGUAJE AMANCAY,TEMUCO,3,0,1,109,214
40121,ESCUELA ESPECIAL DE LENGUAJE HUASCO EDUCA,HUASCO,3,0,1,65,214
40122,ESC.ESP.DE LENG. MI PEQUEÑO RINCON,RINCONADA,3,0,1,50,214
40123,ESCUELA ESPECIAL DE LENGUAJE GABRIELA MISTRAL,PANQUEHUE,3,0,1,35,214
40124,ESC. ESP. LENG. JOSE GRIMALDI ACOTTO,PUNTA ARENAS,3,0,1,104,214
40125,COLEGIO PUMAHUE,VALPARAÍSO,4,0,1,1181,10
40126,COLEGIO RAUL SILVA HENRIQUEZ,OVALLE,2,0,1,346,310
40127,ESCUELA ESPECIAL DE LENGUAJE ARCO IRIS,CATEMU,3,0,1,86,214
40129,CENTRO DE ESTUDIOS FRANCISCO BILBAO COYHAIQUE,COYHAIQUE,3,0,3,0,0
40130,ESCUELA ESPECIAL DE LENGUAJE ILWEN,TEMUCO,3,0,1,120,214
40132,JARDIN INFANTIL SNOOPY,VALPARAÍSO,3,0,1,56,10
40133,ESCUELA F-187,RENGO,2,0,1,83,165
40135,ESCUELA ESPECIAL PEHUEN,LAS CABRAS,3,0,3,0,0
40136,ESCUELA ESP.DE LENGUAJE AMANCAY,REQUÍNOA,3,0,1,71,214
40137,COLEGIO SINAI,AYSÉN,3,0,1,103,10
40138,ESCUELA DE LENGUAJE DIDASKALOS,RANCAGUA,3,0,1,110,214
40139,COLEGIO PIEDRA NEGRA,COQUIMBO,3,0,3,0,0
40140,ESC. ESP. DE LENGUAJE LOS GIRASOLES LTDA.,LA SERENA,3,0,1,74,214
40141,ESCUELA ESPECIAL DE LENGUAJE SANTA ANA,LA SERENA,3,0,1,83,214
40142,ESC. ESP. DE LENGUAJE MI CASTILLO,LA SERENA,3,0,1,120,214
40143,ESCUELA ESPECIAL Y DE LENGUAJE CUMBRE DE PALABRAS,COQUIMBO,3,0,1,132,212
40144,JARDIN INFANTIL CURIE,LA SERENA,3,0,1,21,10
40145,ESCUELA ESPECIAL GERMINA,QUILPUÉ,3,0,1,52,217
40146,COLEGIO SAN RAMON,RANCAGUA,3,1,1,218,10
40147,JARDIN INFANTIL HELENA BLAVATSKY,RANCAGUA,4,0,3,0,0
40149,ESC.LENGUAJE SAN SEBASTIAN DE MAFIL,MÁFIL,3,0,1,51,214
40150,ESC. ESPECIAL DE LENGUAJE MI SILABARIO,MARIQUINA,3,0,1,58,214
40152,ESCUELA ESPECIAL MI SOL,FUTRONO,3,0,1,12,214
40153,JARDIN INFANTIL ESTRELLITA DE BELEN,COQUIMBO,3,0,1,28,10
40154,ESCUELA DE LENGUAJE NUEVO INTI,IQUIQUE,3,0,1,81,214
40155,COLEGIO DIEGO VELÁZQUEZ,VIÑA DEL MAR,3,0,1,828,10
40156,JARDIN INFANTIL WILLKA,IQUIQUE,4,0,1,0,0
40157,ESC ESP TRAST DE LA COMUN ARUSIÑA LAS TARKAS,IQUIQUE,3,0,1,76,214
40158,ESCUELA ESPECIAL DE LENGUAJE FANTASIA,QUILPUÉ,3,0,1,45,214
40159,ESC ESP DE LENG RAMONA HENRIQUEZ ORTEGA,ALTO HOSPICIO,3,0,1,86,214
40160,CTRO.EDUCACION INTEGRADA DE ADULTOS SAN FRANC,LIMACHE,3,0,1,918,165
40161,ESCUELA DE LENGUAJE LA UNION,LA UNIÓN,3,0,3,0,0
40163,ESCUELA ESPECIAL DE LENGUAJE CASTILLO DE PALA,QUILPUÉ,3,0,1,71,214
40164,ESC.ESP.LENG.ESTRELLITA MUSIKAL DE ARICA,ARICA,3,0,3,0,0
40166,ESC.ESP.LENG.HABLAPALABRAS,ARICA,3,0,3,0,0
40167,ESC.ESP.DE LENGUAJE MAS SOL,QUILPUÉ,3,0,1,73,214
40168,ESC.ESP.LENG LOS BENJAMINES,ARICA,3,0,1,85,214
40169,COLEGIO DIFERENCIAL COLIBRÍ,ARICA,3,0,1,43,212
40170,ESCUELA ESPECIAL DE LENGUAJE COMPAÑIA DE JESU,VIÑA DEL MAR,3,0,1,319,214
40171,ENGLISH COLLEGE SAGRADO CORAZON DE MARIA,SAN ANTONIO,3,0,1,240,10
40172,ESCUELA ESP. DE LENGUAJE ILLAWARA,ARICA,3,0,1,73,214
40173,ESCUELA ESPECIAL DE LENGUAJE VICTORIA,ALTO HOSPICIO,3,0,1,134,214
40174,COLEGIO EDUCACION ESPECIAL CUMBRES,LA SERENA,3,0,1,166,212
40175,C.ED.INT.ADUL RUKANTU LOS LAGOS,LOS LAGOS,3,0,3,0,0
40176,COLEGIO SAN MATIAS,DIEGO DE ALMAGRO,3,0,1,108,110
40177,COLEGIO IRQIILLARIY,IQUIQUE,3,0,1,170,110
40178,ESC. ESPECIAL LENGUAJE ABRACADABRA,COLLIPULLI,3,0,1,74,214
40180,JARDIN INFANTIL Y SALA CUNA TRINIDAD,IQUIQUE,3,0,2,0,0
40181,JARDIN INFANTIL Y SALA CUNA DEL ANGEL,IQUIQUE,4,0,1,0,0
40183,JARDIN INFANTIL TRINIDAD,ALTO HOSPICIO,3,0,2,0,0
40184,COLEGIO ESTACIÓN,COPIAPÓ,3,0,1,461,110
40185,JARDIN INFANTIL LONDON INTERNATIONAL ACADEMY,CALERA,4,0,1,0,0
40186,COLEGIO DE ADULTOS GALILEO,OVALLE,3,0,1,222,363
40187,PARVULARIO HAPPY CHILDREN,CALERA,3,0,1,8,10
40189,COLEGIO CABO ALTO,COQUIMBO,3,0,1,171,110
40190,ESCUELA ESPECIAL DE LENGUAJE LOS COLORES,RANCAGUA,3,0,1,69,214
40191,JARDIN INFANTIL MONTESSORI SAN ANDRES,SANTA CRUZ,4,0,1,34,10
40192,ESCUELA ESPECIAL DE LENGUAJE PLAYLAND,VILLA ALEMANA,3,0,1,104,214
40193,ESCUELA ESPECIAL DE LENGUAJE FLOR DEL VALLE,ALTO HOSPICIO,3,0,1,188,110
40194,COLEGIO DOMINGO SANTA MARIA,LA SERENA,3,0,1,1261,10
40195,ESC. ESP. DE LENG. SAN JOSE DE MONT,MONTE PATRIA,3,0,1,74,214
40197,ESC ESPECIAL DE LENGUAJE KUNAMASTA,IQUIQUE,3,0,1,66,214
40198,ESC ESP DE LENGUAJE MI ARBOLITO DEL SABER,IQUIQUE,3,0,3,0,0
40199,COLEGIO SENDA,LA SERENA,3,0,3,0,0
40200,JARDIN INFANTIL EL MUNDO DE LOS ANGELITOS,LA SERENA,3,0,3,0,0
40202,COLEGIO MONTESSORI MILLANTÚ,VILLA ALEMANA,4,0,1,219,110
40203,COLEGIO HERIBERTO BALDINO ACUÑA CASTILLO,PAILLACO,3,1,1,26,110
40204,ESCUELA ESPECIAL DE LENGUAJE PEQUEÑAS VOCES,PANQUEHUE,3,0,2,0,0
40205,ESCUELA ESPECIAL COANIL,ALTO HOSPICIO,3,0,1,143,212
40206,CENT.DE EDUC.INTEG.DE ADULT.PUELMAPU,LA SERENA,3,0,1,85,363
40207,ESCUELA ESPECIAL PAX TERRA,COQUIMBO,3,1,1,103,212
40208,COLEGIO TECNICO PROFESIONAL ALTUE,COQUIMBO,3,0,1,373,110
40209,ESCUELA ESPECIAL DE LENGUAJE ELEFANTE MELODIA,SAN FERNANDO,3,0,1,91,214
40210,ESC ESP DE LENGUAJE NIDOS DEL SABER,IQUIQUE,3,0,1,70,214
40211,COLEGIO SANTA CATALINA,LOS ANDES,3,0,3,0,0
40212,ESCUELA ESPECIAL DE LENGUAJE CHISPITAS ALEGRE,VIÑA DEL MAR,3,0,1,63,214
40213,ESCUELA DE PARVULOS ARCA DE NOE,SAN ANTONIO,3,0,1,18,10
40216,ESCUELA ESPECIAL DE LENGUAJE MONTSERRAT EDUCA,CATEMU,3,0,1,67,214
40217,ESCUELA ESPECIAL CLUB DE LEONES CRUZ DEL SUR,PORVENIR,3,0,1,17,214
40218,CENTRO DE RETOS MULTIPLES EDUCAR Y CRECER,SAN ANTONIO,3,0,1,41,212
40219,COLEGIO SAGRADA FAMILIA,COLTAUCO,3,0,1,153,10
40225,ESC. ESP. LENG. SEMILLITAS DE AMOR,ARICA,3,0,1,79,214
40226,ESCUELA ESPECIAL LOS ARRAYANES,PANGUIPULLI,3,0,3,0,0
40228,JARDIN INFANTIL Y SALACUNA HIJITOS DEL SOL,ARICA,3,0,3,0,0
40230,COLEGIO TECNOLOGICO DON BOSCO DE ARICA,ARICA,3,0,1,606,10
40231,COLEGIO CORDILLERA,LA SERENA,3,0,1,484,10
40233,ESCUELA ESPECIAL DE LENGUAJE KAILIN,RANCAGUA,3,0,1,58,214
40234,JARDIN INFANTIL EBEN EZER EIRL,RANCAGUA,3,0,1,0,0
40235,ESCUELA DE TRASTORNOS DEL LENGUAJE TIA SANDRA,DOÑIHUE,3,0,1,67,214
40236,COLEGIO DE LENGUAJE PADRE PIO SAN FERNANDO,SAN FERNANDO,3,0,1,111,214
40237,ESCUELA ESPECIAL DE LENGUAJE ANTUPIREN,RENGO,3,0,1,101,214
40238,JARDIN IN FANTIL LOS ENCINOS,MACHALÍ,4,0,3,0,0
40239,ESCUELA ESPECIAL ESPERANZA VIVA,OSORNO,3,0,3,0,0
40240,ESCUELA ESPECIAL DE LENGUAJE ARCOIRIS,VIÑA DEL MAR,3,0,1,86,214
40241,COLEGIO SAN JOSE,MACHALÍ,3,0,1,218,10
40242,COLEGIO BICENTENARIO,CABILDO,2,0,1,239,110
40243,ESCUELA ESPECIAL DE LENGUAJE LA TRINIDAD,VILLA ALEMANA,3,0,1,58,214
40244,ESCUELA ESPECIAL DE LENGUAJE ILLIMANI,ARICA,3,0,1,42,214
40245,ESCUELA ESPECIAL DE LENGUAJE AMAPOLAS,ARICA,3,0,1,65,214
40247,ESCUELA ESPECIAL URUCHI,ALTO HOSPICIO,3,0,2,0,0
40248,COLEGIO LOS FRESNOS,VIÑA DEL MAR,3,0,1,128,212
40249,JARDIN INFANTIL AYEKANTUN,QUILPUÉ,3,0,3,0,0
40250,ESCUELA ESPECIAL DE LENGUAJE EL GEKITO,VALPARAÍSO,3,0,3,0,0
40251,LICEO SAN JUAN XXIII,VILLA ALEMANA,3,0,1,1538,10
40252,LICEO JOSÉ CORTÉS BROWN-RECREO,VIÑA DEL MAR,3,0,1,410,310
40253,ESCUELA AUDIMED LOS AROMOS,ALTO HOSPICIO,3,0,1,306,110
40254,JARDIN INFANTIL Y SALA CUNA EL SOLDADITO,IQUIQUE,4,0,1,0,0
40255,ESCUELA ESPEC.DE LENGUAJE CASABLANCA,CASABLANCA,3,0,1,127,214
40256,COLEGIO TECNICO NACIONES UNIDAS,PUERTO MONTT,3,0,1,1152,10
40257,COLEGIO PILLANLIKAN,PUERTO MONTT,3,0,1,220,10
40258,ESC.ESP.DE LENG Y JARDIN INFANTIL REMOLINOS,VILLA ALEMANA,3,0,3,0,0
40259,ESCUELA ESPECIAL DE LENGUAJE ALONKEN,VALPARAÍSO,3,0,1,70,214
40260,INSTITUTO IBERO CHILE,CASABLANCA,4,0,1,0,0
40261,ESCUELA ESPECIAL DE LENGUAJE KEWEN,VALPARAÍSO,3,0,1,115,214
40262,ESCUELA ESPECIAL DE LENGUAJE ULTIMA ESPERANZA,NATALES,3,0,1,66,214
40264,JARDIN INFANTIL PARTICULAR ROTATIN,VALLENAR,4,0,1,0,0
40265,CENTRO EDUCATIVO RENACER-ESCUELA ESPECIAL Y TALLER LABORAL,OSORNO,3,1,1,10,212
40266,ESCUELA ESPECIAL DE LENGUAJE ENTRETEPALABRAS,COQUIMBO,3,0,1,86,214
40267,ESC.ESP.LENG.Y J.INF.CASTILLO DE SONRISAS,SAN ANTONIO,3,0,1,99,10
40268,JARDIN INFANTIL MUNDO MELODIA,PUERTO MONTT,3,0,1,30,10
40269,ESCUELA ESPECIAL DE LENGUAJE SAN JUAN BOSCO,RANCAGUA,3,0,3,0,0
40270,ESCUELA DE LENGUAJE YATIÑA,ALTO HOSPICIO,3,0,1,180,214
40271,ESCUELA ESPECIAL DE LENGUAJE CUNCUNITA AMARILLA,PUERTO MONTT,3,0,1,56,214
40272,ESCUELA ESPECIAL DE LENGUAJE SANTA INES,PUERTO MONTT,3,0,1,79,214
40273,ESCUELA ESPECIAL DE LENGUAJE TIERRA DE ANGELE,COQUIMBO,3,0,1,73,214
40274,JARDIN INFANTIL Y SALA CUNA LOS ALEVINES,CALDERA,4,0,1,0,0
40275,ESCUELA ESPECIAL DE LENGUAJE MATICES,ARICA,3,0,1,66,214
40276,ESCUELA ESPECIAL DE LENGUAJE LANKUYEN,MAULLIN,3,0,1,50,214
40278,SCUOLA ITALIANA VILLA ALEMANA,VILLA ALEMANA,4,0,1,364,10
40279,JARDIN INFANTIL AULA MAGICA,COQUIMBO,3,0,3,0,0
40281,CENTRO DE EDUCACION ESPECIAL BELLAVISTA,VALPARAÍSO,3,0,1,128,212
40282,COMUNIDAD DE APRENDIZAJE VINCULOS CASTRO,CASTRO,3,0,1,101,110
40283,ESCUELA ESPECIAL DE LENGUAJE INANTUE,QUINCHAO,3,0,1,35,214
40284,COLEGIO ANDALUE,OSORNO,3,0,1,447,10
40285,COLEGIO PARTICULAR DA VINCI SCHOOL,PUERTO MONTT,3,0,1,439,10
40286,DUC IN ALTUM! COLEGIO PARA ADULTOS,COQUIMBO,3,0,3,0,0
40287,ESCUELA ESPECIAL DE LENGUAJE LOURDES,PUERTO MONTT,3,0,1,88,214
40288,COLEGIO SAN FRANCISCO DE ASIS DE OSORNO,OSORNO,3,0,1,449,10
40289,INSTITUTO BICENTENARIO J.MIGUEL CARRERA,SAN ANTONIO,2,0,1,484,110
40290,ESCUELA DE ADULTOS MONTULN KIMKËLEM,LA SERENA,3,0,3,0,0
40291,ESCUELA ESPECIAL DE LENGUAJE Y COLEGIO BASICO ELUM KIMU,SAN ANTONIO,3,0,1,338,10
40292,JARDIN INFANTIL BAMBI,CASABLANCA,3,0,2,0,0
40293,ESCUELA ESPECIAL DE LENGUAJE SAN JOAQUIN,IQUIQUE,3,0,1,79,214
40295,COLEGIO MAHATMA GANDHI,IQUIQUE,3,0,1,810,10
40296,RAICES DE QUELLON,QUELLÓN,3,1,1,140,110
40297,COLEGIO INNOVASUR,PUERTO MONTT,3,0,3,0,0
40298,COLEGIO BERNARDO O´HIGGINS,LA SERENA,3,0,1,1394,10
40299,COLEGIO ROBLES,VILLA ALEMANA,3,0,1,402,10
40300,ESCUELA ESPECIAL DE LENGUAJE ANTIYAL LAS COMP,LA SERENA,3,0,1,138,214
40301,LICEO POLITECNICO DE QUELLON,QUELLÓN,1,0,1,565,310
40302,ESCUELA ESPECIAL DE LENGUAJE EL ARBOL,COQUIMBO,3,0,1,52,214
40303,ESCUELA ESPECIAL DE LENGUAJE CHOCOLATITO,PUNITAQUI,3,1,1,62,214
40304,ESCUELA PARTICULAR RIO DE LA PLATA,PURRANQUE,3,1,2,0,0
40305,COLEGIO JUAN PABLO II,NOGALES,3,0,1,572,10
40307,ESCUELA ESPECIAL DE LENGUAJE PEQUEÑO ARCOIRIS,PUERTO MONTT,3,0,1,61,214
40308,COMUNIDAD DE ACCION EDUCATIVA VINCULOS,PUERTO MONTT,3,0,1,162,363
40309,ESCUELITA ESPECIAL DE LENGUAJE MAMIÑA,IQUIQUE,3,0,1,54,214
40310,COLEGIO PUCARA,GRANEROS,3,0,1,945,10
40311,COLEGIO CAUPOLICAN,PORVENIR,3,0,1,51,363
40312,COLEGIO ESPECIAL SAN LORENZO,DIEGO DE ALMAGRO,3,0,1,14,212
40314,ESC. ESPECIAL TECNOLOGICA LAS PALMAS,QUILPUÉ,3,0,3,0,0
40315,ESCUELA ESPECIAL DE LENGUAJE VALLE DE NANCAGU,NANCAGUA,3,0,1,90,214
40316,COLEGIO PULMAHUE,PUERTO MONTT,3,0,1,566,10
40317,ESCUELA ESPECIAL LENGUAJE AMAUTA,ALTO HOSPICIO,3,0,1,337,214
40318,ESCUELA ESPECIAL CORPADIS,COQUIMBO,3,0,1,55,212
40319,COLEGIO PART. SUB. CUMBRES DEL CHOAPA,SALAMANCA,3,0,1,919,10
40320,COLEGIO ACADEMIA TARAPACA ORELLA,IQUIQUE,3,0,1,1302,110
40321,COLEGIO DE ADULTOS BRILLA EL SOL DE LA SERENA,LA SERENA,3,0,1,154,363
40322,ESC. ESP. DE TRAST. DEL LENGUAJE CORDILLERA P,COQUIMBO,3,0,1,141,214
40323,SALA CUNA Y JARDIN INFANTIL RELMU,LA SERENA,3,0,3,0,0
40324,ESC. ESP. DE TRAST. ESPEC. DE LENGUAJE ALTUE,SALAMANCA,3,0,1,112,214
40325,COLEGIO MASTTAY,MONTE PATRIA,2,1,1,38,212
40326,ESCUELA ESPECIAL DE LENGUAJE HABLA PALABRA,COQUIMBO,3,0,3,0,0
40328,ESCUELA DIEGO RIVERA,COQUIMBO,3,0,1,118,10
40329,COLEGIO ROBERTO BRAVO,VALPARAÍSO,3,0,1,380,10
40331,COLEGIO SAN FRANCISCO DE VALLE HERMOSO,LA LIGUA,3,0,1,158,110
40332,ESC ESP DE LENGUAJE ENTRETENIÑOS,ARICA,3,0,3,0,0
40333,ESC. ESPEC. DE LENGUAJE LLANQUIRAY,OVALLE,3,0,1,28,214
40334,AULA HOSPITALARIA AYUUKELEN EPU,OVALLE,3,0,1,42,10
40335,AULA HOSPITALARIA AYUUKELEN,LA SERENA,3,0,1,91,10
40336,COLEGIO NIMARA,IQUIQUE,4,0,3,0,0
40337,JARDIN INFANTIL SAINT FRANCIS,RANCAGUA,4,0,1,0,0
40338,ACONCAGUA EDUCA,SANTA MARÍA,3,0,1,110,363
40340,LICEO BICENTENARIO DE ALTO DEL CARMEN,ALTO DEL CARMEN,6,1,1,246,310
40341,ESCUELA ESPECIAL DE LENGUAJE SEMILLITAS,RANCAGUA,3,0,1,94,214
40342,ESCUELA ESPEC. DE LENGUAJE REY CARLOS,VIÑA DEL MAR,3,0,1,90,214
40343,COLEGIO CREACION LA ARAUCANA PUERTO MONTT,PUERTO MONTT,3,0,1,1031,10
40348,CENTRO EDUCACIONAL VICTORIA ESPERANZA,COPIAPÓ,3,0,3,0,0
40350,JARDIN INFANTIL BARQUILLO,LA SERENA,4,0,1,0,0
40351,COLEGIO BOSQUEMAR,PUERTO MONTT,3,0,1,1065,10
40352,LICEO TEC.PROFESIONAL PEDRO AGUIRRE CERDA,CALLE LARGA,2,0,1,371,165
40353,ESCUELA ESPECIAL DE LENGUAJE SAN ENRIQUE,CHIMBARONGO,3,0,1,134,214
40354,MONTESSORI,LA SERENA,4,0,1,80,10
40359,ESCUELA ESPECIAL DE LENGUAJE SANTA CRUZ,FRUTILLAR,3,0,1,107,214
40360,ESCUELA ESPECIAL MI MUNDO,PUNTA ARENAS,3,0,1,47,212
40362,JARDIN INFANTIL REMOLINO,LOS ANDES,3,0,1,8,10
40363,COLEGIO ALCAZAR DE ARICA,ARICA,3,0,3,0,0
40364,ESC.ESP.DE LENGUAJE CUMBRES DE PETORCA,PETORCA,3,0,1,34,214
40365,ESCUELA ESPECIAL DE LENGUAJE ANTIHUAL,PUERTO MONTT,3,0,1,48,214
40366,ESCUELA ESPECIAL DE LENGUAJE PALABRITAS,PUERTO MONTT,3,0,1,137,214
40367,ESCUELA ESPECIAL DE LENGUAJE ARREBOL,LA LIGUA,3,0,1,61,214
40368,ESC ESP DE LENG SENDERO DEL SABER,ARICA,3,0,1,43,214
40369,ESCUELA AMANECER,CHONCHI,1,0,1,45,212
40370,COLEGIO PUKALAN DE ALGARROBO,ALGARROBO,3,0,1,472,10
40371,COLEGIO SAN CARLOS DE LAS CABRAS,LAS CABRAS,3,0,1,661,10
40372,ESCUELA ESPECIAL DE LENJUAJE BAMBOO,VILLA ALEMANA,3,0,1,57,214
40373,JARDIN INFANTIL MI MUNDO,QUILPUÉ,3,0,2,0,0
40374,COLEGIO ESPECIAL ESTRELLA DE LUZ,LIMACHE,3,0,1,39,212
40377,ESC ESP DE LENGUAJE GOTITAS DE ROCIO,ARICA,3,0,1,55,214
40378,ESC.ESPEC.DE LENGUAJE EDUCATEL PLACERES,VALPARAÍSO,3,0,1,74,214
40379,ESC.ESPEC.DE LENGUAJE PEQUEÑOS REYES,CALERA,3,0,1,60,214
40380,ESCUELA ESPECIAL DE LENGUAJE BETEL,OSORNO,3,0,1,63,214
40381,COLEGIO ACONCAGUA EDUCA,PUTAENDO,3,0,1,223,165
40382,ESCUELA ESPECIAL DE LENGUAJE ARTELIN,VILLA ALEMANA,3,0,1,72,214
40383,ESCUELA BASICA MIL PAISAJES-QUEMCHI,QUEMCHI,2,0,1,219,10
40384,ESCUELA ESPECIAL DE LENGUAJE MATEITO´S,ARICA,3,0,1,90,214
40385,ESCUELA ESPECIAL DE LENGUAJE SOL Y LUNA,NOGALES,3,0,1,67,214
40386,ESC.ESPEC.DE LENGUAJE EXPLORA AMANCAY,QUILPUÉ,3,0,1,40,214
40387,JARDIN INFANTIL Y SALACUNA MI PEQUEÑO GENIO,ARICA,4,0,1,13,10
40388,ESCUELA ESPECIAL DE LENGUAJE MATISSE,PUYEHUE,3,0,1,47,214
40390,ESCUELA HOSPITALARIA ALIANZA,OSORNO,3,0,1,38,10
40391,ESCUELA ESPECIAL DE LENGUAJE VICENTE HUIDOBRO,OVALLE,3,0,1,0,0
40393,SCUOLA ITALIANA ARTURO DELL´ ORO VIÑA DEL MAR,VIÑA DEL MAR,4,0,1,611,10
40394,ESC.ESP.TRAST.DE LA COMUNICACIÓN HIRONDELLE,VALPARAÍSO,3,0,1,34,217
40395,COLEGIO JOHN WALL HOLCOMB,ARICA,3,0,1,545,110
40396,ESC ESP DE LENG CAMPO VERDE,ARICA,3,0,3,0,0
40397,ESCUELA ESPECIAL DE LENGUAJE EDUCA INFANCIA,OVALLE,3,0,1,105,214
40398,ESCUELA ESPECIAL DE LENGUAJE MATICES,OVALLE,3,0,1,55,214
40399,COLEGIO NAZARET,ALTO HOSPICIO,3,0,1,880,10
40400,CENTRO DE EDUCACION INTEGRAL DE ADULTOS SANTA,COQUIMBO,3,0,1,153,363
40401,ESC ESP DE LENGUAJE EL DESPERTAR,ARICA,3,0,1,67,214
40402,AULA HOSPITALARIA SAN PABLO,COQUIMBO,3,0,3,0,0
40403,GREEN PARK SCHOOL,OSORNO,3,0,1,188,10
40404,ESCUELA DE PARVULOS SANTO TOMAS DE CASABLANCA,CASABLANCA,3,0,2,0,0
40405,ESCUELA DE LENGUAJE HAPPY DAY,LA SERENA,3,0,1,68,214
40406,COLEGIO MADRE ISABEL LARRAÑAGA,PUERTO MONTT,3,0,1,246,363
40407,CENTRO DE ESTUDIOS BORDEMAR,CALERA,3,0,1,323,363
40409,COLEGIO INTERCULTURAL LEONARDO DA VINCI,CASABLANCA,3,0,1,155,110
40410,ESCUELA ESPECIAL EL OLIVILLO,VALLENAR,3,0,1,64,212
40412,ESC. ESP. DE LENGUAJE PEQUEÑO PARLANCHIN,VILLA ALEMANA,3,0,1,72,214
40413,ESC.ESP.DE LENGUAJE Y J.INFANTIL CARITAS,VIÑA DEL MAR,3,0,1,151,10
40414,CENTRO EDUC.DE INTEGRAC.DE ADULTOS NEWEN,CARTAGENA,3,0,1,443,165
40415,ESCUELA ESPECIAL DE LENGUAJE DE COLORES,COPIAPÓ,3,0,1,81,214
40416,JARDIN INFANTIL MATIAS,IQUIQUE,3,0,1,26,10
40417,ESCUELA DE LENGUAJE ANGELUZ,IQUIQUE,3,0,1,73,214
40418,RICHMOND SCHOOL OSORNO,OSORNO,3,0,1,0,0
40419,ESCUELA ESPECIAL DE LENGUAJE ARCA DE NOÉ,PUERTO MONTT,3,0,1,50,214
40420,ESCUELA DE LENGUAJE NUBE Y SOL,IQUIQUE,3,0,1,64,214
40421,ESCUELA ESPECIAL DE LENGUAJE MIS DONES,LA LIGUA,3,0,1,34,214
40422,COLEGIO NIRVANA,ALTO HOSPICIO,3,0,1,1471,10
40423,COLEGIO SAN JUAN,ANCUD,3,0,1,178,10
40424,CENTRO EDUCACIONAL RAICES DE MI TIERRA,DALCAHUE,3,0,1,158,110
40426,JARDIN INFANTIL RAYITO DE LUNA,OSORNO,3,0,3,0,0
40427,CENTRO DE INTERVENCION DE NECESIDADES EDUCATIVAS ESPECIALES DE PURRANQUE,PURRANQUE,3,0,1,44,212
40428,ESCUELA ESPECIAL LENGUAJE ARBOLITO DEL SABER,FRESIA,3,0,1,64,214
40429,LICEO TECNICO PROFESIONAL DE ADULTOS,IQUIQUE,6,0,1,601,167
40430,JARDIN INFANTIL ALEXANDER FLEMING,VILLA ALEMANA,3,0,1,51,10
40431,ESCUELA ESPECIAL DE LENGUAJE TRENCITO,QUILPUÉ,3,0,3,0,0
40432,JARDÍN INFANTIL AKANKE,VILLA ALEMANA,3,0,1,14,10
40433,ESCUELA ESPECIAL ALMENAR,VILLA ALEMANA,3,0,1,45,217
40434,JARDIN INFANTIL AVANT GARDE,QUILPUÉ,4,0,1,0,0
40435,INSTITUTO DE ESTUDIOS IBERO CHILE,QUILPUÉ,4,0,1,28,165
40436,COLEGIO BETHEL,QUILPUÉ,3,0,1,135,110
40437,ESCUELA HOSPITALARIA RUKA CUMELEN,QUELLÓN,3,0,2,0,0
40438,JARDIN INFANTIL Y SALA CUNA REINO DE PAPEL,PUERTO MONTT,4,0,1,0,0
40444,ESCUELA ESPECIAL DE LENGUAJE SEMILLITAS DE ALERCE,PUERTO MONTT,3,0,1,103,214
40445,ESCUELA ESPECIAL DE LENGUAJE VAINILLA,PUERTO MONTT,3,0,1,85,214
40446,JARDIN INFANTIL AMIGOS POR SIEMPRE,QUELLÓN,3,0,3,0,0
40447,CENTRO DE EDUCACION INTEGRADA DE ADULTOS AEK,CALBUCO,3,0,1,150,363
40450,COLEGIO ARTISTICO SANTA CECILIA II,OSORNO,3,0,3,0,0
40451,ESCUELA ESPECIAL DE LENGUAJE CUNCUNITA,PUERTO MONTT,3,0,1,134,214
40452,ESCUELA ESPECIAL DE LENGUAJE PAIHUEN,OSORNO,3,0,1,56,214
40453,ESCUELA ESPECIAL DE LENGUAJE MANQUEHUE,CALBUCO,3,0,1,75,214
40454,ESCUELA ESPECIAL DE LENGUAJE MI GATITO MARTIN,PUERTO MONTT,3,0,3,0,0
40455,COLEGIO PATAGONIA INSULAR,CASTRO,3,0,3,0,0
40457,LICEO TECNICO PROFESIONAL PABLO NERUDA,CASTRO,3,0,1,84,310
40458,ESCUELA DE LENGUAJE MOMENTOS PRECIOSOS,IQUIQUE,3,0,1,89,214
40459,CENTRO EDUCACIONAL ALBORADA,ANCUD,3,0,1,171,110
41003,SALA CUNA WINNI THE POOH 2 SPA,TALCA,4,0,4,0,0
41004,SALA CUNA Y JARDIN INFANTIL SMILE GARDEN,PROVIDENCIA,4,0,1,0,0
41005,JARDIN INFANTIL Y SALA CUNA BIG HOUSE,PROVIDENCIA,4,0,1,0,0
41006,SALA CUNA Y JARDIN INFANTIL CAPULLITOS,INDEPENDENCIA,4,0,1,0,0
41009,COLEGIO COSTA CORDILLERA,ANTOFAGASTA,4,0,1,537,110
41015,SALA CUNA Y JARDÍN INFANTIL SÚPER KIDS,MELIPILLA,4,0,1,0,0
41016,SALA CUNA Y JARDIN INFANTIL CHILDREN`S WORLD,LA SERENA,4,0,1,0,0
41017,ESCUELA ESPECIAL DE LENGUAJE SANTINO,LA SERENA,3,0,1,95,214
41018,COLEGIO CONQUISTADORES COQUIMBO,COQUIMBO,4,0,1,200,110
41024,ESCUELA ESPECIAL DE LENGUAJE CUMBRES DE HUEPIL,TUCAPEL,3,0,1,92,214
41027,JARDIN INFANTIL PULMAHUE MONTESSORI,LOS ÁNGELES,4,0,4,0,0
41045,JARDIN INFANTIL Y SALA CUNA DUENDECITOS,LAS CONDES,4,0,1,0,0
41049,COLEGIO RUKA KIMUN,VALDIVIA,3,1,3,0,0
41053,SALA CUNA HOSPITAL PENCO LIRQUEN,PENCO,4,0,4,0,0
41057,SALA CUNA ENTREPEQUES,QUEMCHI,4,0,1,0,0
41058,SALA CUNA Y JARDÍN INFANTIL ALERCE,LA FLORIDA,4,0,1,0,0
41062,SALA CUNA Y JARDIN INFANTIL PACHAKUTI,IQUIQUE,4,0,1,0,0
41063,AULA HOSPITALARIA DE ARICA,ARICA,3,0,1,87,110
41069,SALA CUNA Y JARDÍN INFANTIL TARUCA,PROVIDENCIA,4,0,1,0,0
41077,JARDÍN INFANTIL Y SALA CUNA QUICO,QUINTA NORMAL,4,0,1,0,0
41079,SALA CUNA Y JARDÍN INFANTIL PEQUEÑO DUMBITO,PROVIDENCIA,4,0,1,0,0
41080,JARDÍN INFANTIL LOS EXPLORADORES,LAS CONDES,4,0,1,0,0
41081,CENTRO VITAMINA MUJICA,RANCAGUA,4,0,1,0,0
41092,JARDÍN INFANTIL TORTUGUITA MARINA,TALCAHUANO,4,0,4,0,0
41093,SALA CUNA BURBUJITAS DE MAR,TALCAHUANO,4,0,4,0,0
41099,COLEGIO DE JÓVENES Y ADULTOS OSSANDÓN,COQUIMBO,3,0,1,360,363
41109,ESCUELA INTERNACIONAL DE LIDERES CORONEL SANTIAGO BUERAS Y AVARIA,MAIPÚ,4,0,1,225,110
41113,SALA CUNA Y JARDÍN INFANTIL MIMO´S,COYHAIQUE,4,0,4,0,0
41117,LYCÉE FRÉDÉRIC MISTRAL,LA SERENA,4,0,1,320,10
41121,JARDÍN ALTO ORIENTE,CALAMA,4,0,3,0,0
41124,COLEGIO PARTICULAR SUBVENCIONADO EDUARDO GALEANO,TALCA,3,0,1,825,10
41127,ESCUELA DE LENGUAJE AMANCAY,TALCA,3,0,1,74,214
41129,COLEGIO TALHUEN,MAULE,3,1,1,38,10
41130,SALA CUNA Y JARDÍN INFANTIL CELESTE,LA CISTERNA,4,0,1,0,0
41131,SALA CUNA Y JARDÍN INFANTIL WINNI THE POOH,TALCA,4,0,4,0,0
41132,SALA CUNA Y JARDIN INFANTIL RAYÜN,COQUIMBO,3,0,1,9,10
41135,COLEGIO INSTITUTO DE CIENCIAS Y TECNOLOGÍA TALAGANTE,TALAGANTE,3,0,1,253,310
41142,JARDÍN INFANTIL MONTT,RECOLETA,4,0,1,0,0
41143,SALA CUNA Y JARDÍN INFANTIL LAS CAMPANITAS,QUILICURA,4,0,1,0,0
41149,SALA CUNA Y JARDIN INFANTIL AMANCAY,PUERTO MONTT,4,0,1,0,0
41152,CENTRO VITAMINA CONCHA Y TORO,PUENTE ALTO,4,0,1,0,0
41153,CENTRO VITAMINA AHUMADA,SANTIAGO,4,0,1,0,0
41155,CENTRO VITAMINA LA CONCEPCION,PROVIDENCIA,4,0,1,0,0
41156,CENTRO VITAMINA CIUDAD SATELITE,MAIPÚ,4,0,1,0,0
41157,CENTRO VITAMINA SANTA AMALIA,LA FLORIDA,4,0,1,0,0
41158,JARDÍN INFANTIL ANTILCO MONTESSORI,SAN MIGUEL,4,0,1,0,0
41160,JARDIN INFANTIL Y SALA CUNA MANZANA VERDE,TALCA,4,0,4,0,0
41161,SALA CUNA Y JARDÍN INFANTIL OLITAS DE MAR,QUINTA NORMAL,4,0,1,0,0
41162,CENTRO VITAMINA NUEVA COSTANERA,VITACURA,4,0,1,0,0
41163,CENTRO VITAMINA AMUNATEGUI,SANTIAGO,4,0,1,0,0
41164,VITAMINA JOHN JACKSON,LA REINA,4,0,1,0,0
41165,CENTRO VITAMINA SAZIE,SANTIAGO,4,0,1,0,0
41167,CENTRO VITAMINA FLOR DE AZUCENAS,LAS CONDES,4,0,1,0,0
41169,CENTRO VITAMINA PASEO BULNES,SANTIAGO,4,0,1,0,0
41170,CENTRO VITAMINA ALSACIA,LAS CONDES,4,0,1,0,0
41172,SALA CUNA Y JARDÍN INFANTIL TOMMY`S GARDEN,MAIPÚ,4,0,1,0,0
41173,CEIA LIBRE SER MISTRALIANO,PAIGUANO,3,0,1,40,363
41175,JARDÍN INFANTIL Y SALA CUNA COLIBRÍ,PROVIDENCIA,4,0,1,0,0
41176,CENTRO VITAMINA CONCEPCIÓN BARROS ARANA,CONCEPCIÓN,4,0,4,0,0
41177,CENTRO VITAMINA CONCEPCIÓN PLAZA DEL TRÉBOL,TALCAHUANO,4,0,4,0,0
41178,CENTRO VITAMINA CONCEPCIÓN COCHRANE,CONCEPCIÓN,4,0,4,0,0
41179,ESCUELA ESPECIAL DE LENGUAJE IWOKA,OVALLE,3,0,1,72,214
41180,JARDÍN INFANTIL Y SALA CUNA KIMEN MONTESSORI,CORONEL,4,0,4,0,0
41181,JARDÍN INFANTIL Y SALA CUNA FLOR DE PATAGONIA,COYHAIQUE,4,0,4,0,0
41183,JARDÍN INFANTIL Y SALA CUNA CLARILUZ,CONCEPCIÓN,4,0,4,0,0
41184,SALA CUNA Y JARDÍN INFANTIL MIS TRAVESURAS,TALCAHUANO,4,0,4,0,0
41194,JARDÍN INFANTIL Y SALA CUNA VALLE ENCANTADO,PEÑALOLÉN,4,0,1,0,0
41195,SALA CUNA Y JARDÍN INFANTIL AYLLÚ KIDS,PROVIDENCIA,4,0,1,0,0
41198,ESCUELA DE PARVULOS Nº2493 JARDÍN INFANTIL LEHIBOU,COLINA,4,0,1,0,0
41202,SALA CUNA Y JARDÍN INFANTIL MI CASTILLO,VALDIVIA,4,0,3,0,0
41206,JARDIN INFANTIL MY PLANET,PROVIDENCIA,4,0,4,0,0
41207,JARDIN INFANTIL LOS REMOLINOS,COLINA,4,0,4,0,0
41208,CORPORACION EDUCACIONAL JAYDIE LIMITADA,ANTOFAGASTA,4,0,1,0,0
41212,SALA CUNA Y JARDÍN INFANTIL FANTASIA,SANTIAGO,4,0,1,0,0
41228,SALA CUNA Y JARDÍN INFANTIL FANTASIA MUSICAL,PROVIDENCIA,4,0,1,0,0
41237,JARDIN INFANTIL PEQUEÑOS HEROES,IQUIQUE,4,0,4,0,0
41239,JARDIN INFANTIL PEQUEÑOS EXPLORADORES,RANCAGUA,3,0,1,30,10
41240,JARDÍN INFANTIL Y SALA CUNA MI INFANCIA,ÑUÑOA,4,0,1,0,0
41241,SALA CUNA Y JARDÍN INFANTIL GREEN GARDEN,PUDAHUEL,4,0,1,0,0
41245,SALA CUNA LARA PINTA EL SOL,LAMPA,4,0,1,0,0
41248,SALA CUNA Y JARDÍN INFANTIL MANZANITAS BABIES,LOS ÁNGELES,4,0,4,0,0
41251,SALA CUNA Y JARDIN INFANTIL HANSEL Y GRETEL,VALDIVIA,4,0,1,0,0
41254,JARDIN INFANTIL SUEÑO AZUL Y SUS PEQUEÑITOS,LA SERENA,4,0,1,0,0
41257,JARDÍN INFANTIL TOPOLINO,ÑUÑOA,4,0,1,0,0
41261,SALA CUNA Y JARDÍN INFANTIL LOS DUENDECITOS,LO BARNECHEA,4,0,1,0,0
41262,JARDÍN INFANTIL Y SALA CUNA ESPIGUITA,OSORNO,4,0,1,0,0
41264,COLEGIO EL ROBLE,ÑUÑOA,4,0,1,73,110
41272,SALA CUNA PASO A PASO,PAINE,4,0,1,0,0
41273,JARDIN INFANTIL PUMANQUE,LAS CONDES,4,0,1,0,0
41274,ESCUELA CARCEL CARLOS ALVEAL MUÑOZ,COLLIPULLI,2,0,1,12,165
41276,JARDIN INFANTIL Y SALA CUNA POLILLITA DEL DESIERTO,IQUIQUE,4,0,1,0,0
41278,SALA CUNA Y JARDÍN INFANTIL RAINBOW,CONCEPCIÓN,4,0,4,0,0
41280,ESCUELA ESPECIAL DIFERENCIAL E INSTITUTO DE ESTIMULACIÓN TEMPRANA SAN MARCELINO,LOS ÁNGELES,3,0,1,104,212
41281,JARDIN INFANTIL Y SALA CUNA MI MUNDO CREATIVO,CASABLANCA,4,0,1,0,0
41282,SALA CUNA Y JARDIN INFANTIL DIENTECITO DE LECHE,PUERTO MONTT,4,0,1,0,0
41284,SALA CUNA Y JARDÍN INFANTIL DIENTECITO DE LECHE,PUERTO VARAS,4,0,1,0,0
41285,JARDIN INFANTIL ARCOIRIS DEL HOSPITAL REGIONAL,RANCAGUA,4,0,1,0,0
41287,JARDIN INFANTIL PEQUEÑO COLIBRI,RANCAGUA,4,0,4,0,0
41288,SAL CUNA Y JARDIN INFANTIL GABRIELA MISTRAL,CURICÓ,4,0,4,0,0
41289,JARDÍN INFANTIL KIDS` HOME LTDA.,TALCA,4,0,4,0,0
41291,SALA CUNA Y JARDÍN INFANTIL ENTRENIÑOS,CERRILLOS,4,0,1,0,0
41292,SALA CUNA Y JARDIN INFANTIL TRICAHUE LAS RASTRAS,TALCA,4,0,4,0,0
41293,JARDIN INFANTIL PULGARCITO 2,LA GRANJA,4,0,1,0,0
41294,SALA CUNA Y JARDÍN INFANTIL ENTRENIÑOS,CERRILLOS,4,0,4,0,0
41295,ESCUELA DEL CARIÑO IX,SAN MIGUEL,3,0,1,215,165
41296,CENTRO VITAMINA QUILICURA,QUILICURA,4,0,1,0,0
41298,JARDIN INFANTIL PALOMITAS DE MAIZ,PUDAHUEL,4,0,1,0,0
41299,ESCUELA DE PARVULOS CALANDA,PUDAHUEL,3,0,3,0,0
41300,JARDIN INFANTIL CORDILLERA,PUENTE ALTO,4,0,3,0,0
41301,JARDIN INFANTIL BURBUJITAS,LO PRADO,4,0,1,0,0
41303,JARDIN INFANTIL Y SALA CUNA MY GARDEN,LO PRADO,4,0,1,0,0
41306,JARDÍN INFANTIL Y SALA CUNA ALEXANDRIA,OSORNO,4,0,1,0,0
41307,JARDIN INFANTIL SANTA MONICA,MELIPILLA,4,0,1,0,0
41308,JARDIN INFANTIL ARBOL DE LOS SUEÑOS,PADRE HURTADO,4,0,1,19,10
41311,SALA CUNA Y JARDIN INFANTIL HUELLAS,LAS CONDES,4,0,1,0,0
41312,JARDÍN INFANTIL Y SALA CUNA PIN Y PON,CURICÓ,3,0,1,62,10
41313,SALA CUNA Y JARDÍN INFANTIL MY LITTLE STAR,LAS CONDES,4,0,1,0,0
41315,SALA CUNA Y JARDIN INFANTIL TRICAHUE,TALCA,4,0,4,0,0
41317,JARDIN INFANTIL TREE HOUSE,TEMUCO,4,0,1,0,0
41319,CENTRO EDUCATIVO HOSPITAL DE LA FLORIDA,LA FLORIDA,4,0,4,0,0
41327,SALA CUNA Y JARDIN INFANTIL LOS RUILES,TALCA,4,0,4,0,0
41331,JARDÍN INFANTIL SÍMOLI,LAS CONDES,4,0,1,0,0
41335,SALA CUNA Y JARDÍN INFANTIL KID`S PLACE,SAN MIGUEL,4,0,1,0,0
41338,JARDIN INFANTIL Y SALA CUNA VITAMINA PLAZA DE VIÑA,VIÑA DEL MAR,4,0,1,0,0
41339,SALA CUNA Y JARDIN INFANTIL KINETIN,VALDIVIA,4,0,1,0,0
41341,SALA CUNA Y JARDÍN INFANTIL ENTRE PEQUES,SAN JAVIER,4,0,4,0,0
41342,SALA CUNA Y JARDÍN INFANTIL ECO HOUSE GARDEN,IQUIQUE,4,0,1,0,0
41344,JARDIN INFANTIL Y SALA CUNA LA CASA DE LOS NIÑOS,RECOLETA,4,0,1,0,0
41346,JARDIN INFANTIL Y SALA CUNA RAYITO DE LUZ,OSORNO,4,0,1,0,0
41348,JARDÍN INFANTIL SONRISAS DE PUERTO MONTT,PUERTO MONTT,4,0,1,0,0
41349,AULA HOSPITALARIA HOSPITAL RANCAGUA,RANCAGUA,3,0,1,56,10
41352,SALA CUNA NENITOS,SANTIAGO,4,0,1,0,0
41355,JARDIN INFANTIL Y SALA CUNA PINTA PAPELES,LAS CONDES,4,0,1,0,0
41356,JARDIN INFANTIL BALOO,VIÑA DEL MAR,4,0,1,0,0
41357,COLEGIO CAMPOS DEL RANCO,LA UNIÓN,4,1,1,81,10
41358,SALA CUNA Y JARDÍN INFANTIL HAPPY PLACE,PUNTA ARENAS,4,0,1,0,0
41359,JARDIN INFANTIL MIS PEQUEÑOS PENSANTES,LA SERENA,4,0,1,0,0
41360,SALA CUNA Y JARDÍN INFANTIL AILIN CREACIONES,MACUL,4,0,1,0,0
41366,JARDIN INFANTIL SUNNY KIDS,LAS CONDES,4,0,1,0,0
41367,SALA CUNA Y JARDÍN INFANTIL AMANCAY,ÑUÑOA,4,0,1,0,0
41374,COLEGIO DE ADULTOS RENACER,PICHIDEGUA,3,0,1,89,165
41375,"CENTRO DE EDUCACIÓN DE ADULTOS (C.E.I.A.),`INSTITUTO POPULAR AYSÉN`",COYHAIQUE,3,0,1,170,165
41376,JARDÍN INFANTIL MAR Y CIELO,PUNTA ARENAS,4,0,4,0,0
41377,JARDÍN INFANTIL PEQUEÑOS COLONOS,CABO DE HORNOS,4,0,1,0,0
41379,SALA CUNA Y JARDIN INFANTIL SOL Y LUNA,ARICA,4,0,1,0,0
41382,JARDIN INFANTIL Y SALA CUNA SAN FRANCISCO DE ASIS,IQUIQUE,4,0,1,0,0
41383,SALA CUNA Y JARDIN INFANTIL PASITOS,VALPARAÍSO,4,0,1,0,0
41384,SALA CUNA Y JARDIN INFANTIL ` EL ANGELITO`,RANCAGUA,4,0,4,0,0
41385,ESCUELA ESPECIAL DE LENGUAJE EL ARRAYÁN,CHILLÁN,3,0,1,0,0
41386,JARDÍN INFANTIL CREARE,TEMUCO,4,0,1,0,0
41396,SALA CUNA Y JARDIN INFANTIL HUMPTY DUMPTY,LAS CONDES,4,0,1,0,0
41401,CENTRO VITAMINA DOS ORIENTE,VIÑA DEL MAR,4,0,1,0,0
41404,JARDIN INFANTIL Y SALA CUNA MANUTARA,IQUIQUE,4,0,1,0,0
41407,JARDIN INFANTIL Y SALA CUNA PEÑABLANCA,VILLA ALEMANA,4,0,1,0,0
41416,SALA CUNA Y JARDÍN INFANTIL REPOLLITOS,ÑUÑOA,4,0,1,0,0
41417,ESCUELA HOSPITALARIA DE ANGOL,ANGOL,3,0,1,31,110
41418,ESCUELA HOSPITALARIA DE VICTORIA,VICTORIA,3,0,1,28,110
41421,INSTITUTO PREMILITAR DE CHILE,PADRE HURTADO,4,0,1,176,110
41422,SALA CUNA SEMILLITA,CURICÓ,4,0,4,0,0
41424,SALA CUNA Y JARDÍN INFANTIL MANITOS MÁGICAS,CONCEPCIÓN,4,0,1,0,0
41432,JARDIN  INFANTIL Y SALA CUNA EL LIMONERO,RINCONADA,4,0,1,0,0
41433,JARDIN INFANTIL Y SALA CUNA TERRA LUZ,ALGARROBO,4,0,1,0,0
41435,SALA CUNA Y JARDÍN INFANTIL NUESTROS NIÑOS,MACUL,4,0,1,0,0
41436,JARDIN INFANTIL Y SALA CUNA TORNASOL,QUILPUÉ,4,0,3,0,0
41439,COLEGIO PATAGONIA PUERTO VARAS,PUERTO VARAS,4,1,1,715,10
41442,SALA CUNA Y JARDIN INFANTIL CHARLIE BROWN ALVARES,VALPARAÍSO,4,0,1,0,0
41443,SALA CUNA Y JARDÍN INFANTIL PUENTE MAGICO,LAS CONDES,4,0,1,0,0
41444,ESCUELA ESPECIAL DE LENGUAJE NOTITAS MÁGICAS,OVALLE,3,0,1,75,214
41448,JARDIN INFANTIL CRECER,RANCAGUA,4,0,1,0,0
41451,SALA CUNA Y JARDÍN INFANTIL GIRASOL,PUNTA ARENAS,4,0,1,0,0
41452,SALA CUNA OVEJITAS PATAGÓNICAS,NATALES,4,0,1,0,0
41453,JARDÍN INFANTIL Y SALA CUNA TURRÓN,PUNTA ARENAS,4,0,1,0,0
41454,THE SHEPHERD BILINGUAL SCHOOL,PUNTA ARENAS,4,0,1,101,110
41456,SALA CUNA Y JARDIN INFANTIL LITTLE BEE COLLEGE,SAN MIGUEL,4,0,1,0,0
41458,CENTRO VITAMINA SUECIA,ÑUÑOA,4,0,1,0,0
41460,CENTRO VITAMINA PLAZA PUENTE ALTO,PUENTE ALTO,4,0,1,0,0
41461,SALA CUNA Y JARDÍN INFANTIL LA CASA DEL ÁRBOL,PUNTA ARENAS,4,0,1,0,0
41465,SALA CUNA Y JARDIN INFANTIL APAPACHO,LOS ANDES,4,0,1,0,0
41472,ESCUELA ESPECIAL DE LENGUAJE EL TRENCITO DE DORA,SAN PABLO,3,0,1,60,214
41473,JARDIN INFANTIL Y SALA CUNA FROEN,VILLA ALEMANA,4,0,1,0,0
41477,SALA CUNA Y JARDÍN INFANTIL GUANTES DE SEDA,VALLENAR,4,0,4,0,0
41479,JARDIN INFANTIL GIRASOL,VALPARAÍSO,4,0,1,0,0
41480,SALA CUNA LIMONADA,TALCA,4,0,1,0,0
41484,CENTRO VITAMINA PEÑALOLEN,PEÑALOLÉN,4,0,1,0,0
41485,CENTRO VITAMINA SANTA MARTA HUECHURABA,HUECHURABA,4,0,1,0,0
41486,CENTRO VITAMINA  PAJARITOS,MAIPÚ,4,0,1,0,0
41487,SALA CUNA Y JARDÍN INFANTIL DULCE AVENTURA,MAIPÚ,4,0,1,0,0
41488,ESCUELA ESPECIAL SEMILLITAS DEL VALLE,LAMPA,3,0,1,86,214
41495,JARDIN INFANTIL Y SALA CUNA NATGIO,QUILPUÉ,4,0,1,0,0
41496,JARDIN INFANTIL PARTICULAR PEQUEÑO PRINCIPE,LOS ANDES,4,0,3,0,0
41497,JARDIN INFANTIL Y SALA CUNA KIPU,PROVIDENCIA,4,0,1,0,0
41498,BARQUITO DE PAPEL SPA,OSORNO,4,0,1,0,0
41503,ESCUELA ESPECIAL DE LENGUAJE EL UNIVERSO EN LA NUEZ,COQUIMBO,3,0,1,52,214
41504,ESCUELA ESPECIAL DE LENGUAJE  ARCOÍRIS DE PALABRAS,COQUIMBO,3,0,1,29,214
41505,JARDIN INFANTIL RUCALEM,IQUIQUE,4,0,1,0,0
41506,SALA CUNA UMBRAL,LA GRANJA,4,0,1,0,0
41510,COLEGIO EVERGREEN DE LA LIGUA,LA LIGUA,4,0,1,189,110
41511,SALA CUNA Y JARDÍN INFANTIL ARROZ CON LECHE,ÑUÑOA,4,0,1,0,0
41513,SALA CUNA Y JARDÍN INFANTIL MANDARINO,HUECHURABA,4,0,1,0,0
41514,CREARE 2,TEMUCO,4,0,4,0,0
41517,SALA CUNA MY LITTLE GARDEN,ANTOFAGASTA,4,0,1,0,0
41518,JARDIN INFANTIL PILLANCITO,IQUIQUE,4,0,1,0,0
41521,ESCUELA ESPECIAL DE LENGUAJE PASAPALABRAS,CHILLÁN VIEJO,3,0,1,84,214
41525,SALA CUNA Y JARDIN CUCULI,IQUIQUE,4,0,4,0,0
41528,SALA CUNA Y JARDÍN INFANTIL EL RINCÓN DE MATÍAS,CONCÓN,4,0,1,0,0
41529,ESCUELA DE LENGUAJE ALIWEN,TALCA,3,0,1,330,214
41530,JARDIN INFANTIL Y SALA CUNA GOLDEN GARDEN,LA SERENA,4,0,1,0,0
41531,SALA CUNA Y JARDIN INFANTIL THE BABY SCHOOL,TALCAHUANO,4,0,1,0,0
41532,SALA CUNA Y JARDÍN INFANTIL ZONA DE NIÑOS,SANTIAGO,4,0,1,0,0
41533,CENTRO EDUCACIONAL INTEGRADO DE ADULTOS LATINOAMERICANO,LAGO RANCO,3,1,1,226,165
41534,SALA CUNA Y JARDÍN INFANTIL LOS NIDOS DE MANQUEHUE,LAS CONDES,4,0,1,0,0
41535,CENTRO VITAMINA LOS TRAPENSES,LO BARNECHEA,4,0,1,0,0
41536,SALA CUNA MI PEQUEÑO BEBE,ESTACIÓN CENTRAL,4,0,1,0,0
41537,ESCUELA ESPECIAL DE LENGUAJE  GRAN MOZART,LA SERENA,3,0,1,28,214
41538,ESCUELA ESPECIAL EL SOL,CONCHALÍ,3,0,1,38,214
41539,SALA CUNA Y JARDIN INFANTIL ACADEMY THE ROYAL GRANGE,CHILLÁN,4,0,4,0,0
41541,JARDIN INFANTIL KID ARTS,COQUIMBO,4,0,1,0,0
41544,ESCUELA ESPECIAL PORVENIR,COLINA,3,0,1,123,212
41547,JARDÍN INFANTIL Y SALA CUNA EUREKA MONTESSORI,VIÑA DEL MAR,4,0,1,77,10
41549,JARDIN INFANTIL Y SALA CUNA MACAMAGUS,CONCÓN,4,0,1,0,0
41550,JARDÍN INFANTIL Y SALA CUNA MUNDO IDEAL,PROVIDENCIA,4,0,1,0,0
41551,ESCUELA ESPECIAL DE LENGUAJE CLUSTER II TIRÚA,TIRÚA,3,0,1,60,214
41553,SALA CUNA Y JARDÍN INFANTIL LOS ANGELITOS,MAIPÚ,4,0,1,0,0
41554,SALA CUNA Y JARDÍN INFANTIL CARACOL,MAIPÚ,4,0,1,0,0
41556,COLEGIO RAYUN REÑACA,VIÑA DEL MAR,4,0,1,74,110
41558,SALA CUNA Y JARDÍN INFANTIL KOALA,RECOLETA,4,0,1,0,0
41559,JARDIN INFANTIL MUSICAL PALOMILLAS,VALDIVIA,4,0,4,0,0
41561,JARDIN INFANTIL BEGINNERS,LO BARNECHEA,4,0,1,0,0
41586,VITAMINA NUEVA APOQUINDO,LAS CONDES,4,0,1,0,0
41587,SALA CUNA Y JARDIN INFANTIL ANDALUÉ MONTESSORI-WALDORF,SAN PEDRO DE LA PAZ,4,0,1,0,0
41590,SALA CUNA MANITAS,TOMÉ,4,0,1,0,0
41595,JARDÍN INFANTIL PIUKEWEN,CASTRO,3,0,3,0,0
41596,ESCUELA ESPECIAL INTEGRAL DE CARABINEROS,LA REINA,4,0,1,36,212
41597,ESCUELA ESPECIAL DE LENGUAJE PUCALEN,LAMPA,3,0,1,99,214
41600,CENTRO VITAMINA CLINICA SANTA MARIA,PROVIDENCIA,4,0,1,0,0
41601,CENTRO VITAMINA PLAZA LAS LILAS,PROVIDENCIA,4,0,1,0,0
41604,MY LITTLE SCHOOL,GRANEROS,4,0,3,0,0
41605,SALA CUNA Y JARDÍN INFANTIL TOMPATO,TALAGANTE,4,0,1,0,0
41611,ESCUELA ESPECIAL DE LENGUAJE PALABRITAS SANTA MARÍA DE LOS ÁNGELES,LOS ÁNGELES,3,0,1,59,214
41612,ESCUELA ESPECIAL DE LENGUAJE PICHINTUN,SAN ANTONIO,3,0,1,29,214
41615,JARDIN INFANTIL Y SALA CUNA GRANDES PEQUEÑOS,VALPARAÍSO,4,0,1,0,0
41616,ESCUELA ESPECIAL DE LENGUAJE BOSQUE ENCANTADO,CORONEL,3,0,1,60,214
41617,COLEGIO SAN FRANCISCO TECNICO PROFESIONAL,LAS CONDES,1,0,1,1488,10
41618,SALA CUNA Y JARDIN INFANTIL MI PEQUEÑO MUNDO,LIMACHE,4,0,1,0,0
41619,ESCUELA DE LENGUAJE PALABRITAS,RETIRO,3,1,1,32,214
41620,CENTRO VITAMINA ESTORIL,LAS CONDES,4,0,1,0,0
41621,SALA CUNA Y JARDIN INFANTIL PEQUEÑO MUNDO FELIZ,SANTA CRUZ,4,0,1,46,10
41622,SALA CUNA Y JARDIN INFANTIL PEQUEÑO MUNDO FELIZ,SANTA CRUZ,4,0,4,0,0
41623,JARDÍN INFANTIL PIUKEWEN,QUINCHAO,3,0,1,21,10
41625,JARDIN INFANTIL IL GIARDINO,LA REINA,4,0,1,0,0
41631,SALA CUNA Y JARDÍN INFANTIL UBUNTU,TALCA,4,0,4,0,0
41633,SALA CUNA Y JARDIN INFANTIL THE LITTLE PRINCE,LA SERENA,4,0,1,0,0
41635,ESCUELA ESPECIAL DE LENGUAJE AGUA SOL LAS RASTRAS,TALCA,3,0,1,103,214
41639,JARDIN INFANTIL Y SALA CUNA OSO YOGUI,QUILLOTA,4,0,1,74,10
41642,JARDIN INFANTIL Y SALA CUNA  ABRACADABRA 2,QUILPUÉ,4,0,1,0,0
41647,ESCUELA DEL LENGUAJE RUKA AYELEN,PURÉN,3,0,1,75,214
41649,ESCUELA HOSPITALARIA DE GALVARINO,GALVARINO,3,0,1,48,10
41650,CENTRO  VITAMINA EL LLANO,SAN MIGUEL,4,0,1,0,0
41652,SALA CUNA Y JARDIN INFANTIL CHARLIE BROWN,VALPARAÍSO,4,0,1,0,0
41653,JARDIN INFANTIL Y SALA CUNA SNOOPY,SAN FERNANDO,4,0,1,29,10
41654,AULA HOSPITALARIA HOSPITAL CLÍNICO MAGALLANES,PUNTA ARENAS,3,0,1,27,10
41658,COLEGIO EINSTEIN,CORONEL,3,0,1,279,310
41659,SALA CUNA Y JARDIN INFANTIL MORITA,TALCA,4,0,4,0,0
41661,JARDÍN INFANTIL Y SALA CUNA PERSONITAS,VILLA ALEMANA,4,0,1,61,10
41662,SALA CUNA Y JARDIN INFANTIL MUNDO DE COLORES,LA CISTERNA,4,0,1,0,0
41663,JARDIN INFANTIL ANDALUE,LAS CONDES,4,0,1,0,0
41664,SALA CUNA Y JARDIN INFANTIL PELUSITAS PLAY AND LEARN HOUSE,COQUIMBO,4,0,1,0,0
41667,SALA CUNA Y JARDIN INFANTIL GIRASOL,MELIPILLA,4,0,1,0,0
41668,JARDIN INFANTIL Y SALA CUNA KIDS WAY,LO BARNECHEA,4,0,1,0,0
41670,SALA CUNA Y JARDIN INFANTIL EL VERGEL,PROVIDENCIA,4,0,1,0,0
41673,JARDIN INFANTIL  Y SALA CUNA MIS COLORES,QUILPUÉ,4,0,1,43,10
41674,SALA CUNA  Y JARDIN  INFANTIL APUMANQUITO,CALERA,4,0,1,0,0
41678,JARDIN INFANTIL LA MADRIGUERA,PROVIDENCIA,4,0,1,0,0
41680,JARDÍN INFANTIL KURUF-KURAF,QUILICURA,4,0,1,0,0
41687,SALA CUNA Y JARDIN INFANTIL BOSQUE COLORES,LO BARNECHEA,4,0,1,0,0
41688,CENTRO  VITAMINA LA FLORIDA,LA FLORIDA,4,0,1,0,0
41691,COLEGIO ALCÁZAR,VALDIVIA,4,0,3,0,0
41694,CENTRO  VITAMINA CIUDAD EMPRESARIAL,HUECHURABA,4,0,1,0,0
41695,ESCUELA HOSPITALARIA. JUNTOS FORJANDO EL MAÑANA,AYSÉN,6,0,1,6,110
41697,JARDÍN INFANTIL Y SALA CUNA SEMILLITAS DE ARAUCARIA,LA SERENA,4,0,1,0,0
41698,SALA CUNA Y JARDIN INFANTIL CANGURITO,LAS CONDES,4,0,1,0,0
41699,CENTRO EDUCATIVO REMOLINO SPA,QUILICURA,4,0,1,0,0
41701,COLEGIO PATAGONIA,COYHAIQUE,4,0,1,0,0
41702,COLEGIO PRESTON SCHOOL,HUALPÉN,4,0,1,867,10
41704,SALA CUNA Y JARDIN INFANTIL CHIRIMOYA ALEGRE,ÑUÑOA,4,0,1,0,0
41706,SALA CUNA  Y JARDIN INFANTIL CHICOS DEL FUTURO,VALPARAÍSO,4,0,1,69,10
41707,SALA CUNA ÀNGEL,VIÑA DEL MAR,4,0,1,0,0
41708,SALA CUNA Y JARDÍN INFANTIL FANTASÍAS DE COLORES,VALPARAÍSO,4,0,1,0,0
41710,SALA CUNA Y JARDIN INFANTIL ROCOANPI,CONCEPCIÓN,4,0,1,0,0
41711,SALA CUNA Y JARDIN INFANTIL LAJEP SPA,PUNTA ARENAS,4,0,1,0,0
41712,COLEGIO COMUNITARIO ENLACE,VALDIVIA,3,1,1,7,363
41714,JARDIN INFANTIL Y SALA CUNA PETITS MOUSQUETAIRES,LOS ANDES,4,0,1,0,0
41716,ESCUELA DE LENGUAJE TIERRA DE NIÑOS,MULCHÉN,3,0,1,63,214
41717,JARDIN INFANTIL Y SALA CUNA ECOKUNA,IQUIQUE,4,0,1,0,0
41724,CENTRO  VITAMINA SAN CARLOS DE APOQUINDO,LAS CONDES,4,0,1,0,0
41741,JARDIN INFANTIL Y SALA CUNA EL MUNDO DE WINNY,INDEPENDENCIA,4,0,1,0,0
41745,SALA CUNA Y JARDÍN INFANTIL MAKENKE AIKE,COYHAIQUE,4,0,1,0,0
41746,JARDIN INFANTIL MONTESSORI SAN ANDRÉS ACONCAGUA,SANTA CRUZ,4,0,1,19,10
41747,SIETE ENANITOS,CHIMBARONGO,4,0,1,0,0
41748,JARDÍN INFANTIL CUNA DE CÓNDORES,COYHAIQUE,4,0,1,0,0
41749,SALA CUNA KURUF-KURAF,QUILICURA,4,0,1,0,0
41750,SALA CUNA Y JARDIN INFANTIL AGUAMIEL,PROVIDENCIA,4,0,1,0,0
41751,JARDIN INFANTIL DEEP SEA,LAS CONDES,4,0,1,0,0
41752,SALA CUNA Y JARDIN INFANTIL PEQUEÑA MISION,MOSTAZAL,4,0,1,0,0
41755,JARDIN INFANTIL Y SALA CUNA DISNEY,PUNTA ARENAS,4,0,1,0,0
41756,JARDIN INFANTIL MILLAPI,VITACURA,4,0,1,0,0
41758,JARDIN INFANTIL Y SALA CUNA MUNDO ENCANTADO,PROVIDENCIA,4,0,1,0,0
41759,SALA CUNA Y JARDIN INFANTIL SMILE GARDEN,PROVIDENCIA,4,0,1,0,0
41762,MUNDO DE COLORES,LA FLORIDA,4,0,1,0,0
41764,AULA HOSPITALARIA DOMICILIARIA MEJILLONES,MEJILLONES,2,0,1,16,110
41768,JARDIN INFANTIL SAN JOSÉ,LA CRUZ,4,1,1,32,10
41769,SALA CUNA Y JARDIN INFANTIL GARDENKIDS JDCAÑAS,ÑUÑOA,4,0,1,0,0
41772,JARDIN INFANTIL ALFALFA,COLINA,4,0,1,0,0
41773,COLEGIO NOVA TERRA LINDEROS,BUIN,4,0,1,196,10
41774,SALA CUNA Y JARDIN INFANTIL JUM PRE SCHOOL,LAS CONDES,4,0,1,0,0
41775,SALA CUNA Y JARDIN INFANTIL CRUCERO,PROVIDENCIA,4,0,1,19,10
41778,JARDÍN INFANTIL BALÚ LIMITADA,CALAMA,4,0,1,0,0
41780,COLEGIO ALICANTO,COPIAPÓ,4,0,1,397,110
41781,JARDIN INFANTIL ECO-BAMBU,PADRE HURTADO,4,0,1,0,0
41786,SALA CUNA NIDO DE CÓNDORES,PUDAHUEL,4,0,1,0,0
41789,JARDÍN INFANTIL MANDARINA,PUCÓN,4,0,1,0,0
41790,INTERNATIONAL GARDEN PRE-SCHOOL,COQUIMBO,4,0,1,0,0
41791,COLEGIO THE ALMONDALE SCHOOL VALLE,CONCEPCIÓN,4,0,1,452,10
41792,JARDIN INFANTIL MANQUEHUE,RANCAGUA,4,0,4,0,0
41793,ESCUELA ESPECIAL DE LENGUAJE SEMILLAS DE PALABRAS,COQUIMBO,3,0,3,0,0
41794,ESCUELA PREMILITAR PEQUEÑOS HEROES DE LACONCEPCION,SAN MIGUEL,3,0,1,164,110
41795,BOQUI MONTESSORI,VILLARRICA,4,0,1,0,0
41797,JARDIN INFANTIL PULGARCITO,LA GRANJA,4,0,1,0,0
41799,JARDÍN INFANTIL INTERCULTURAL,COQUIMBO,6,0,3,0,0
41800,ESCUELA AULA HOSPITALARIA CURICO,CURICÓ,2,0,1,20,10
41807,INSTITUTO DE ENSEÑANZA PRIMARIA PROFESOR PAULO ALVAREZ,SAN MIGUEL,4,0,1,19,110
41809,JARDIN INFANTIL  Y SALA CUNA PIMBOLI,VIÑA DEL MAR,4,0,1,0,0
41812,ESCUELA ESPECIAL DE LENGUAJE MI MUNDO ECOLOGICO,LA SERENA,3,0,1,88,214
41813,ESCUELA BÁSICA SAN PEDRO,COLINA,3,0,1,189,10
41814,COLEGIO LAS RASTRAS,TALCA,4,0,1,897,10
41815,CENTRO  VITAMINA NAPOLEON 2,LAS CONDES,4,0,1,0,0
41816,ESCUELA DE LENGUAJE KIDSTROPOLIS,COQUIMBO,3,0,1,107,214
41818,CENTRO  VITAMINA SAN MIGUEL 3,SAN MIGUEL,4,0,1,0,0
41819,CENTRO  VITAMINA ALAMEDA,SANTIAGO,4,0,1,0,0
41821,ESCUELA ESPECIAL DE LENGUAJE EL RINCON DE LOS SUEÑOS,SAN MIGUEL,3,0,1,104,214
41822,ESCUELA ESPECIAL DE LENGUAJE LOS TIGRITOS,CERRO NAVIA,3,0,1,0,0
41823,ESCUELA ESPECIAL DE LENGUAJE EL GATO Y LA LUNA,QUILICURA,3,0,1,59,214
41824,JARDIN INFANTIL SONRISAS,BUIN,4,0,1,0,0
41825,SALA CUNA Y JARDIN INFANTIL LITLE BANY PRESCHOOL,PROVIDENCIA,4,0,1,33,10
41826,SALA CUNA DR TOÑITO,OVALLE,4,0,1,0,0
41827,SALA CUNA Y JARDIN INFANTIL CENTRO VITAMINA BAQUEDANO,PROVIDENCIA,4,0,1,0,0
41828,JARDIN INFANTIL CARACOLA,IQUIQUE,4,0,1,0,0
41829,SALA CUNA Y JARDIN INFANTIL MAGIA DEL SABER,LA SERENA,4,0,1,0,0
41831,SALA CUNA Y JARDIN INFANTIL GARDENKIDS DUBLE,ÑUÑOA,4,0,1,0,0
41833,ESCUELA DE LENGUAJE INFANTE,LA SERENA,3,0,1,49,214
41835,JARDIN INFANTIL  TIA MARCELA,VIÑA DEL MAR,4,0,1,0,0
41836,JARDIN INFANTIL  Y SALA CUNA  EDUKIDS,CONCÓN,4,0,1,0,0
41838,JARDIN INFANTIL VALLE DE LUZ,PUDAHUEL,4,0,1,0,0
41839,CENTRO  VITAMINA ÑUBLE,SANTIAGO,4,0,1,0,0
41840,SALA CUNA Y JARDÍN INFANTIL AGUAYMANTO,OVALLE,4,0,1,0,0
41841,SALA CUNA Y JARDIN INFANTIL FRANCISCO DE ASIS,LA SERENA,4,0,1,0,0
41842,JARDÍN INFANTIL Y SALA CUNA PEQUEÑO GIRASOL,MACHALÍ,4,0,1,0,0
41843,JARDIN INFANTIL LA HORMIGUITA,CALAMA,4,0,1,0,0
41844,JARDIN INFANTIL MICIFUZ,ÑUÑOA,4,0,1,0,0
41845,COLEGIO BOSTON COLLEGE LAGUNA DEL SOL,PADRE HURTADO,4,0,1,535,10
41846,CEIA INAPEWMA LA SERENA,LA SERENA,3,0,1,11,363
41847,JARDIN INFANTIL MIS POLLITOS,MAIPÚ,4,0,1,0,0
41849,JARDIN INFANTIL ECOEDRO,BUIN,4,0,1,0,0
41850,SALA CUNA Y JARDIN INFANTIL MI GRANJA,LA SERENA,4,0,1,0,0
41853,LUZ DE LUNA,TEMUCO,4,0,4,0,0
41854,JARDIN INFANTIL PEQUEÑOS ARTISTAS,PUNTA ARENAS,4,0,4,0,0
41855,JARDIN INFANTIL LITTLE STARS,LO BARNECHEA,4,0,4,0,0
41858,SALA CUNA SEMILLITA,PUNTA ARENAS,4,0,1,0,0
41859,ESCUELA BASICA COLEGIO TRIGALES DEL MAIPO,PUENTE ALTO,3,0,1,455,10
41860,JARDIN INFANTIL Y SALA CUNA HUELLITAS,ÑUÑOA,4,0,1,0,0
41862,ESCUELA ESPECIAL DE LENGUAJE CASTILLO DEL VALLE,PUERTO MONTT,3,0,3,0,0
41864,SALA CUNA Y JARDIN INFANTIL TAMBORCITO,CONCEPCIÓN,4,0,1,0,0
41868,JARDIN INFANTIL GROWING UP,PROVIDENCIA,4,0,1,0,0
41869,JARDIN INFANTIL Y SALA CUNA GREENAPPLE,PROVIDENCIA,4,0,1,0,0
41870,GREEN APPLE SERVICIOS EDUCATIVOS SPA,CALAMA,4,0,1,0,0
41872,COLEGIO SAN FRANCISCO DE ASIS DE SAN PABLO,SAN PABLO,3,0,1,153,165
41875,SALA CUNA PEQUEÑOS ARTISTAS,PUNTA ARENAS,4,0,4,0,0
41877,JARDIN INFANTIL GROWING TREE,LA REINA,4,0,1,0,0
41878,JARDIN INFANTIL POKI PLAY,LO BARNECHEA,4,0,1,0,0
41880,JARDÍN INFANTIL MI PEQUEÑO MUNDO,COPIAPÓ,4,0,1,0,0
41881,SALA CUNA GABRIELA MISTRAL,CALAMA,4,0,1,0,0
41883,SALA CUNA Y JARDIN INFANTIL  AMANECER,SANTIAGO,4,0,1,0,0
41884,JARDIN INFANTIL MAHAY MONTESSORI,LO BARNECHEA,4,0,1,0,0
41888,ESCUELA HOSPITALARIA CHILOE,CASTRO,3,1,1,47,10
41892,C.E.I.A. COLEGIO FORJANDO FUTURO,CAUQUENES,3,0,1,211,165
41895,SALA CUNA Y JARDIN INFANTIL HUELLAS,LAS CONDES,4,0,4,0,0
41899,COLEGIO SAN JORGE,LAJA,3,0,1,540,10
41900,SALA CUNA Y JARDÍN INFANTIL FANTASÍA,CHILLÁN,4,0,4,0,0
41904,CENTRO VITAMINA MALL PLAZA OESTE,CERRILLOS,4,0,1,0,0
41907,SALA CUNA Y JARDIN INFANTIL QUERUBINES,QUILICURA,4,0,1,0,0
41908,JARDIN INFANTIL Y SALA CUNA LITTLE FOREST,VALPARAÍSO,4,0,1,0,0
41909,SALA CUNA JARDIN INFANTIL PIOLIN,LOS ÁNGELES,4,0,1,0,0
41911,ESCUELA ESPECIAL DIFERENCIAL RUCAKUYÉN,HUALPÉN,3,0,1,61,212
41912,JARDIN INFANTIL MONTESSORI ALIWEN,VALPARAÍSO,4,0,1,0,0
41913,SALA CUNA MY LITTLE HOME,LO PRADO,4,0,1,0,0
41914,SALA CUNA Y JARDIN PASO A PASO,OSORNO,4,0,1,0,0
41916,ESCUELA HOSPITALARIA PROVINCIA SAN ANTONIO,SAN ANTONIO,3,0,1,54,10
41917,ESCUELA HOSPITALARIA SAN FRANCISCO,LLAILLAY,3,0,1,32,10
41918,SALA CUNA Y JARDIN INFANTIL PANGUI,LA FLORIDA,4,0,1,0,0
41919,COLEGIO HODGKINSON,GRANEROS,3,0,1,0,0
41921,JARDIN INFANTIL BAMBU,LAS CONDES,4,0,1,0,0
41923,SALA CUNA Y JARDIN INFANTIL LITTLE SMILES,LA SERENA,4,0,1,0,0
41924,ESCUELA DE LENGUAJE EL ROBLE,SAN PEDRO DE LA PAZ,3,0,1,100,214
41925,JARDIN INFANTIL WALDORF GABRIELA MISTRAL,LAS CONDES,4,0,1,0,0
41926,JARDIN INFANTIL Y SALA CUNA SUEÑOS MAGICOS,QUILPUÉ,4,0,1,0,0
41928,SALA CUNA HOSPITAL REGIONAL DE COPIAPÓ,COPIAPÓ,4,0,1,0,0
41930,JARDIN INFANTIL GREEN GARDEN,OVALLE,4,0,1,0,0
41931,ESCUELA DE LENGUAJE RENACE,PUCÓN,3,0,1,57,214
41933,JARDIN INFANTIL SAGRADA FAMILIA,RANCAGUA,4,0,4,0,0
41937,CREAR JARDINES INFANTILES SEDE ROSA OHIGGINS,LAS CONDES,4,0,1,0,0
41939,JARDIN HPM,PUERTO MONTT,4,0,1,0,0
41942,SALA CUNA Y JARDÍN INFANTIL MIS PRIMEROS PASOS,LA SERENA,4,0,1,0,0
41947,ESCUELA HOSPITALARIA SAN CAMILO,SAN FELIPE,3,0,1,98,10
41948,SALA CUNA Y JARDIN INFANTIL  AMAZING CENTER,VIÑA DEL MAR,4,0,1,0,0
41949,CENTRO VITAMINA HUECHURABA,HUECHURABA,4,0,1,0,0
41950,SALA CUNA Y JARDIN INFANTIL EL INGENIO,PROVIDENCIA,4,0,1,0,0
41951,ESCUELA DE LENGUAJE LOS ALMENDRALES,SAN PEDRO,3,0,1,59,214
41952,ESCUELA ESPECIAL DE LENGUAJE LIHUEN,LAMPA,3,0,1,57,214
41953,SALA CUNA Y JARDIN INFANTIL MI GIRASOL,LA REINA,4,0,1,0,0
41954,SALA CUNA Y JARDÍN INFANTIL ANGELITOS,LOLOL,2,0,1,0,0
41955,ESCUELA HOSPITALARIA LOS ÁNGELES,LOS ÁNGELES,3,0,1,43,10
41957,CENTRO VITAMINA EL BELLOTO,QUILPUÉ,4,0,1,0,0
41958,CENTRO VITAMINA PROVIDENCIA,PROVIDENCIA,4,0,1,0,0
41959,CENTRO VITAMINA SAN SEBASTIAN,LAS CONDES,4,0,1,0,0
41960,CENTRO VITAMINA PLAZA DE MAIPU,MAIPÚ,4,0,1,0,0
41961,SALA CUNA LOS PATITOS,ANGOL,4,0,1,0,0
41962,JARDÍN INFANTIL Y SALA CUNA CAYURRUCA,RÍO BUENO,2,0,1,0,0
41967,SALA CUNA Y JARDIN INFANTIL KIKIRIKIDS,LAS CONDES,4,0,1,0,0
41968,CENTRO VITAMINA QUILPUE,QUILPUÉ,4,0,1,0,0
41970,JARDIN INFANTIL ATAMARI,PROVIDENCIA,4,0,1,0,0
41976,JARDÍN INFANTIL RAYITO DE SOL TRAPI,RÍO BUENO,2,0,1,0,0
41978,ESCUELA Y JARDÍN INFANTIL AYEN,ILLAPEL,3,0,1,46,10
41979,SALA CUNA Y JARDIN INFANTIL SEMILLITAS,CHILLÁN,2,0,1,0,0
41981,SALA CUNA Y JARDIN INFANTIL MIS PRIMEROS SUEÑOS,CHILLÁN,2,0,1,0,0
41982,PEEWE PEWMA,VALDIVIA,2,0,1,0,0
41983,JARDÍN INFANTIL Y SALA CUNA PADRE HURTADO,RÍO BUENO,2,0,1,0,0
41989,SALA CUNA Y JARDÍN INFANTIL `CUNCUNA AMARILLA`,ARICA,4,0,1,0,0
41990,SALA CUNA Y JARDIN INFANTIL ABEJITA KIDS,LA SERENA,4,0,1,0,0
41999,SALA CUNA CALIDOSCOPIO DEL MINISTERIO DE HACIENDA,SANTIAGO,4,0,1,0,0
42001,SOCIEDAD EDUCACIONAL WORLD CHILDREN,ANTOFAGASTA,4,0,1,0,0
42002,SALA CUNA Y JARDIN INFANTIL TORTUGUITA,CHILLÁN,4,0,1,0,0
42007,ESCUELA ESPECIAL DE LENGUAJE SAN CARLOS,TALCAHUANO,3,0,1,143,214
42008,JARDÍN INFANTIL SAN RAFAEL,COQUIMBO,6,0,3,0,0
42010,JARDIN INFANTIL COLORES,LA FLORIDA,4,0,1,0,0
42011,SALA CUNA Y JARDIN INFANTIL RAYUN,ÑUÑOA,4,0,1,0,0
42015,ESCUELA ESPECIAL DE LENGUAJE UN MUNDO DE LETRAS,SAN MIGUEL,3,0,1,118,214
42016,SALA CUNA Y JARDIN INFANTIL PASITOS AL FUTURO,CHILLÁN,2,0,1,0,0
42018,ESCUELA HOSPITALARIA PROVINCIAL DE TALAGANTE,TALAGANTE,3,0,1,28,10
42019,ESCUELA HOSPITALARIA SAN JOSE DE MELIPILLA,MELIPILLA,3,0,1,45,10
42020,SALA CUNA Y JARDIN INFANTIL DESPERTARES,SAN BERNARDO,4,0,1,0,0
42024,ESCUELA ESPECIAL DE LENGUAJE MIS PALABRITAS,LA SERENA,3,0,1,54,214
42025,JARDIN INFANTIL OTOÑAL,LAS CONDES,4,0,1,0,0
42026,SALA CUNA Y ESCUELA DE PÁRVULOS PAPELUCHOS,ANTOFAGASTA,4,0,1,0,0
42029,COLEGIO CANEC HOSPITAL DE QUILLOTA,QUILLOTA,3,0,1,9,110
42030,JARDIN INFANTIL Y SALA CUNA EL MAITEN,MACHALÍ,2,0,1,0,0
42032,COLEGIO HUELLAS,CHILLÁN,4,1,1,106,10
42033,JARDIN INFANTIL Y SALA CUNA PEQUEÑOS TESOROS,REQUÍNOA,2,0,1,0,0
42034,SALA CUNA LAS POLILLITAS,REQUÍNOA,2,0,1,0,0
42035,COLEGIO CUMBRES DEL VALLE,OVALLE,4,0,1,13,165
42036,ESCUELA DE LENGUAJE MI MUNDO EN PALABRAS,COLBÚN,3,0,1,79,214
42037,JARDIN INFANTIL MIS COMIENZOS,PEÑALOLÉN,4,0,1,0,0
42038,JARDIN INFANTIL Y SALA CUNA DEL VALLE,PUENTE ALTO,4,0,1,0,0
42039,ESCUELA ESPECIAL DE LENGUAJE SEMILLAS DE ÑUBLE,CHILLÁN,3,0,1,0,0
42040,SALA CUNA ANEXA AL LUGAR DE TRABAJO ASOCIACION CHILENA DE SEGURIDAD,PROVIDENCIA,4,0,1,0,0
42041,ESCUELA DE LENGUAJE ANDALUÉ,SAN PEDRO DE LA PAZ,3,0,1,178,214
42042,ESCUELA HOSPITALARIA PUTAENDO,PUTAENDO,3,0,1,25,110
42043,SALA CUNA BAMBI,VICTORIA,4,0,1,0,0
42044,JARDÍN   INFANTIL Y SALA  CUNA  WELIWEN DE ANTILHUE,LANCO,2,0,1,0,0
42048,ESCUELA ESPECIAL DE LENGUAJE GRANJERITOS DE RIO CLARO,RÍO CLARO,3,0,1,113,214
42050,JARDIN INFANTIL CONCIENCIA,ÑUÑOA,4,0,1,0,0
42052,JARDÍN INFANTIL CASA ARCOÍRIS LIMITADA,LAS CONDES,4,0,1,0,0
42055,SALA CUNA GOSHÉN,PUERTO MONTT,4,0,1,0,0
42056,SALA CUNA Y JARDIN INFANTIL ALIWEN,COQUIMBO,4,0,1,0,0
42060,JARDÍN INFANTIL REMOLINO,COPIAPÓ,4,0,1,0,0
42061,ESCUELA HOSPITALARIA QUELLÓN,QUELLÓN,3,0,1,48,10
42063,SALA CUNA Y JARDIN INFANTIL GIRASOL,LAS CABRAS,2,0,1,0,0
42064,JARDIN INFANTIL ARCOIRIS  FLORENCIA,SAN ANTONIO,4,0,1,12,10
42065,JARDIN INFANTIL TIC TAC,SAN CARLOS,4,0,1,0,0
42066,SALA CUNA AYELEN LINARES,LINARES,4,0,4,0,0
42067,INDEPENDENCIA,VALDIVIA,2,0,1,0,0
42071,INSTITUTO DE EDUCACIÓN DE ADULTOS MONTAÑA NEVADA,OSORNO,3,1,1,13,165
42072,JARDIN INFANTIL ESTRELLITA NUESTRA,VALDIVIA,2,0,1,0,0
42075,JARDÍN INFANTIL Y SALA CUNA APAPACHO,ÑUÑOA,4,0,1,0,0
42077,JARDÍN INFANTIL PEHUEN,PEÑALOLÉN,4,0,1,0,0
42079,COLEGIO DE ADULTOS SU SANTIDAD JUAN PABLO II,COQUIMBO,4,0,1,0,0
42080,JARDIN INFANTIL Y SALA CUNA 15ALAS MONTESSORI,PUNTA ARENAS,4,0,4,0,0
42081,ESCUELA HOSPITALARIA SANTA CRUZ,SANTA CRUZ,3,0,1,53,10
42082,ESCUELA DE LENGUAJE PASO A PASO,TALCAHUANO,3,0,1,10,214
42083,JARDÍN INFANTIL Y SALA CUNA HERABUNTUR,CALAMA,4,0,1,0,0
42084,JARDIN INFANTIL GIRAMUNDOS,LA REINA,4,0,1,0,0
42085,SALA CUNA Y JARDIN INFANTIL POLYKAY,VALPARAÍSO,4,0,1,0,0
42086,JARDÍN INFANTIL Y SALA CUNA GABRIELA MISTRAL,CALAMA,4,0,1,0,0
42087,JARDIN INFANTIL Y SALA CUNA PEQUEÑOS TALENTOS,PROVIDENCIA,4,0,1,0,0
42088,JARDIN INFANTIL Y SALA CUNA MI PEQUEÑO ARCOIRIS,SAN ANTONIO,4,0,1,0,0
42089,SALA CUNA Y JARDIN INFANTIL COLORÍN COLORADO,PUERTO MONTT,4,0,4,0,0
42090,ESCUELA HOSPITALARIA CLUB DE LEONES,COYHAIQUE,3,0,1,13,110
42091,SALA CUNA RAYUN,PADRE LAS CASAS,4,0,1,40,10
42092,HEIDI,PITRUFQUÉN,4,0,1,9,10
42095,JARDÍN INFANTIL  ESTRELLITAS DEL PACIFICO,TOCOPILLA,2,0,1,0,0
42098,JARDIN INFANTIL PALIBU,LAS CONDES,4,0,1,0,0
42099,SALA CUNA Y JARDIN INFANTIL NUEVO MUNDO,MACUL,4,0,1,0,0
42103,JARDIN INFANTIL Y SALA CUNA ESTRELLITA DE MAR,PUENTE ALTO,4,0,1,0,0
42105,COLEGIO HOSPITALARIO ABRAZOSONRISAS-HOSPITAL DE CURACAVI,CURACAVÍ,3,0,1,24,10
42106,JARDIN INFANTIL KANGAROO SPORTS AND LEARNING HOUSE,VITACURA,4,0,1,0,0
42107,ESCUELA HOSPITALARIA UNIVERSIDAD DEL BIO-BIO,CHILLÁN,3,0,1,17,10
42113,JARDIN INFANTIL PEQUEÑOS GIGANTES,SANTIAGO,4,0,1,0,0
42114,ESCUELA DE LENGUAJE ACUARELA,MAULE,3,0,1,18,214
42116,JARDIN INFANTIL Y SALA CUNA DE HOSPITAL BIPROVINCIAL QUILLOTA PETORCA,QUILLOTA,4,0,1,40,10
42119,ESCUELA ESPECIAL DE LENGUAJE PEQUEÑO COLIBRI,CERRO NAVIA,3,0,1,83,214
42120,JARDIN INFANTIL MY LITTLE HOME,LO PRADO,4,0,1,0,0
42121,JARDIN INFANTIL DONDE TERMINA EL ARCOIRIS,PEÑALOLÉN,4,0,1,0,0
42130,ESCUELA HOSPITALARIA PROVINCIA CORDILLERA PUENTE ALTO,PUENTE ALTO,3,0,1,53,10
42131,SEMILLITAS DE COLORES,COLLIPULLI,4,0,4,0,0
42132,SALA CUNA CARIÑOSITOS,CHÉPICA,2,0,1,0,0
42133,SALA CUNA Y JARDIN INFANTIL TIA BEA,ÑUÑOA,4,0,1,0,0
42134,JARDÍN INFANTIL CONEJO TAMBOR,ANTOFAGASTA,4,0,1,0,0
42135,JARDÍN INFANTIL HAPPY HOUSE,ANTOFAGASTA,4,0,1,0,0
42137,JARDIN INFANTIL Y SALA CUNA DULCE AVENTURA,ESTACIÓN CENTRAL,4,0,1,0,0
42139,ESCUELA DE LENGUAJE MIS PATRONCITOS,PADRE HURTADO,3,0,1,53,214
42140,ESCUELA HOSPITALARIA AURORA,ILLAPEL,3,0,1,1,110
42141,SALA CUNA Y JARDIN INFANTIL CASA KUTUTU,LAS CONDES,4,0,1,0,0
42144,JARDIN INFANTIL Y SALA CUNA FRUTITOS DEL CAMPO,PICHIDEGUA,2,0,1,0,0
42152,ESCUELA ESPECIAL DE LENGUAJE MÁGICA MELODIA,LA SERENA,3,0,1,44,214
42153,ESCUELA ESPECIAL DE LENGUAJE IERUBA,VICUÑA,3,1,1,55,214
42154,ESCUELA HOSPITALARIA ENTRE VALLES,SALAMANCA,3,0,1,1,110
42156,JARDIN INFANTIL Y SALA CUNA CAIQUEN,LAS CONDES,4,0,1,0,0
42158,INSTITUTO APRENDER ALERCE,PUERTO MONTT,3,0,1,279,165
42159,JARDIN INFANTIL COYANCURA,LAS CONDES,4,0,1,46,10
42161,ESCUELA ESPECIAL PARA NIÑOS CON AUTISMO NUESTRO MUNDO DIVERSO,LOS ANDES,3,0,1,48,217
42162,ESCUELA BASICA COLEGIO SAN FERNANDO DE BUIN-ORIENTE,BUIN,4,0,1,329,10
42163,JARDIN INFANTIL ARBOLITO,CURICÓ,4,0,4,0,0
42164,SALA CUNA ENTRETENIDAMENTE KIDS,COQUIMBO,4,0,1,0,0
42165,JARDIN INFANTIL Y SALA CUNA MAPUÑUKE,ANTOFAGASTA,4,0,1,0,0
42166,CEIA INAPEWMA PUERTO LIMACHE,LIMACHE,3,0,1,50,165
42167,CENTRO DE APOYO PEDAGÓGICO E INTEGRAL SAN ALFONSO,PUENTE ALTO,4,0,1,0,0
42168,COLEGIO PAIHUEN LA SERENA,LA SERENA,3,0,1,187,165
42169,JARDÍN INFANTIL ACUARELA,COPIAPÓ,4,0,4,0,0
42170,ESCUELA ESPECIAL DE LENGUAJE QISPI KAY,LA SERENA,3,0,1,44,214
42171,JARDIN INFANTIL ANELEY MONTESSORI,SAN BERNARDO,4,0,1,0,0
42172,JARDIN INFANTIL SANTA FRANCISCA,LAS CONDES,4,0,1,5,10
42175,JARDIN INFANTIL KIDDY NEST PRESCHOOL,LAS CONDES,4,0,1,0,0
42177,PARVADITA DE COLORES,ANTOFAGASTA,4,0,1,0,0
42178,COLEGIO AGUSTIN DE HIPONA,SANTO DOMINGO,4,1,1,204,10
42179,SALA CUNA GARRITAS DE LEÓN,HUASCO,4,0,4,0,0
42180,SALA CUNA Y JARDÍN INFANTIL GREEN GARDEN ECOLOGY 2,CONCEPCIÓN,4,0,1,0,0
42182,SALA CUNA Y JARDIN INFANTIL COUNTRYSIDE PRESCHOOL,COLINA,4,0,1,0,0
42183,SALA CUNA Y JARDIN INFANTIL MUNAY MONTESSORI,LAS CONDES,4,0,1,0,0
42184,SALA CUNA Y JARDIN INFANTIL EL BOSQUE DE LOS ENANITOS,LAS CONDES,4,0,1,0,0
42186,SALA CUNA Y JARDIN INFANTIL CAJA MAGICA,VALPARAÍSO,4,0,1,0,0
42187,JARDIN INFANTIL MINI SPARKLES,SAN FELIPE,4,0,1,0,0
42190,COLEGIO GREENHOUSE ACADEMY,RINCONADA,4,0,1,44,110
42192,JARDIN INFANTIL Y SALA CUNA GARDEN KIDS,LA REINA,4,0,1,0,0
42193,JARDIN INFANTIL RONDA,VITACURA,2,0,1,0,0
42194,ESCUELA ESPECIAL DE LENGUAJE THE ALMOND SCHOOL IV,MAIPÚ,3,0,1,9,214
42195,SALA CUNA Y JARDIN INFANTIL ARBOLITO,SAN MIGUEL,4,0,1,0,0
42196,SALA CUNA QUITRAL MONTESSORI,LAMPA,4,0,1,0,0
42197,SALA CUNA NIDO ALEXANDER MONTESSORI,LAS CONDES,4,0,1,0,0
42198,COLEGIO DE ADULTOS AMANECER,PUDAHUEL,3,0,1,100,165
42200,PAPELUCHO,CARAHUE,4,0,1,0,0
42201,JARDIN INFANTIL NUEVO ARCO IRIS,CONCÓN,4,0,1,66,10
42202,ALTO GUACAMAYO,VALDIVIA,2,0,1,0,0
42205,SALA CUNA Y JARDIN INFANTIL THE HAPPY HOUSE,PROVIDENCIA,4,0,1,0,0
42209,SALA CUNA Y JARDIN INFANTIL QUEST EARLY LEARNING CENTER,VIÑA DEL MAR,4,0,1,0,0
42211,COLEGIO PUCAIQUEN,SANTO DOMINGO,4,1,1,275,10
42212,ESCUELA ESPECIAL DE LENGUAJE ALIHUEN,PADRE HURTADO,3,0,1,0,0
42215,ESPACIO EDUCATIVO CONECTARTE,PUNTA ARENAS,4,0,1,0,0
42218,JARDÍN INFANTIL Y SALA CUNA PEQUITAS,COYHAIQUE,4,0,4,0,0
42219,SALA CUNA Y JARDIN INFANTIL REFUGIO DE COLORES,LA REINA,4,0,1,0,0
42220,JARDIN INFANTIL EUREKA,PUERTO VARAS,4,0,1,0,0
42222,JARDÍN INFANTIL Y SALA CUNA RAYITO DE SOL,PICHIDEGUA,2,0,1,0,0
42230,SALA CUNA Y JARDIN INFANTIL TARUCA PORTAL,PROVIDENCIA,4,0,1,0,0
42232,COLEGIO LOS OLIVOS,PIRQUE,4,0,1,118,10
42234,ESCUELA ESPECIAL INCLUSIVA LIWEN,PUCÓN,2,0,1,20,212
42235,ESCUELA ESPECIAL DE LENGUAJE  OHANA,ISLA DE PASCUA,3,0,1,50,214
42236,SALA CUNA Y JARDIN INFANTIL PAYASITO,COLTAUCO,2,0,1,0,0
42237,JARDIN INFANTIL SAINT PATRICK,RANCAGUA,4,0,1,0,0
42239,SALA CUNA Y JARDIN INFANTIL AMUN,ÑUÑOA,4,0,1,0,0
42240,SALA CUNA Y JARDIN INFANTIL CASCANUECES,LA FLORIDA,4,0,1,0,0
42243,ESCUELA ESPECIAL DE LENGUAJE PLAYGARDEN,SAN IGNACIO,3,0,1,46,214
42244,SALA CUNA MI SOL,PUENTE ALTO,4,0,1,0,0
42248,SALA CUNA Y JARDIN INFANTIL MIS HUELLAS,VALDIVIA,3,0,4,0,0
42249,JARDIN INFANTIL PEQUEÑO TALLER,MAIPÚ,4,0,1,0,0
42250,CLUB DEL BOSQUE VALDIVIANO,VALDIVIA,4,0,4,0,0
42251,JARDÍN INFANTIL EL CASTILLO MÁGICO,CALAMA,4,0,1,0,0
42252,SALA CUNA Y JARDIN INFANTIL UPITA,ÑUÑOA,4,0,1,0,0
42254,ESCUELA HOSPITALARIA DE LONCOCHE,LONCOCHE,3,0,1,17,10
42256,ESCUELA HOSPITALARIA DE LONQUIMAY,LONQUIMAY,3,0,1,9,10
42257,LOS DUENDECITOS,VILLARRICA,4,0,1,0,0
42258,JARDÍN INFANTIL Y SALA CUNA MOSAICO MONTESSORI,VALLENAR,4,0,1,0,0
42259,ESCUELA ESPECIAL DE LEGUAJE RAÍCES DE PITRUFQUÉN,PITRUFQUÉN,4,0,4,0,0
42260,JARDIN INFANTIL PEQUEÑOS TOQUIS,CERRO NAVIA,4,0,1,0,0
42261,COLEGIO SAN PATRICIO ATACAMA,COPIAPÓ,4,0,1,33,110
42264,DAGIS TALITA CUMI,ANTOFAGASTA,4,0,1,0,0
42267,SALA CUNA Y JARDIN INFANTIL FUTALEUFÚ,PALENA,4,0,1,0,0
42268,SALA CUNA Y JARDIN INFANTIL UPITA,ÑUÑOA,4,0,1,0,0
42270,JARDÍN INFANTIL COCOLICHE,TEMUCO,4,0,1,0,0
42271,SALA CUNA Y JARDIN INFANTIL VOVO BEBA,ÑUÑOA,4,0,1,0,0
42274,SALA CUNA Y JARDIN INFANTIL LOS ENANITOS,SAN MIGUEL,4,0,1,0,0
42275,BAMBI,SAN FERNANDO,4,0,1,0,0
42276,SALA CUNA Y JARDIN INFANTIL EL MUNDO DE LOS NIÑOS,PUENTE ALTO,4,0,1,0,0
42277,JARDIN INFANTIL RAINBOW,LO BARNECHEA,4,0,1,0,0
42278,JARDIN INFANTIL BARUJ,OVALLE,4,0,1,0,0
42279,SALA CUNA BABY CARACOLA,SAN BERNARDO,4,0,1,0,0
42283,JARDIN INFANTIL JOURNEY PLAY & STUDY,CONCÓN,4,0,1,0,0
42284,SOR TERESA,PUENTE ALTO,2,0,1,0,0
42285,SALA CUNA Y JARDIN INFANTIL FRUTILLITAS,MARCHIHUE,2,0,1,0,0
42287,SALA CUNA Y JARDIN INFANTIL CRECER,ÑUÑOA,4,0,4,0,0
42288,JARDIN INFANTIL MY COLLEGE,CERRILLOS,4,0,4,0,0
