fila_excel,RBD,NOM_RBD,NOM_COM_RBD,COD_DEPE,DIMENSION,NOM_ACTIVIDAD,DESC_ACTIVIDAD,NIV_IMPLEM,ESTIM_SUBV_GRAL,ESTIM_SEP,ESTIM_PIE,ESTIM_MANTEN,ESTIM_PRO_RET,ESTIM_INTERNADO,ESTIM_REFORZ,ESTIM_FAEP,ESTIM_APORT_MUN,ESTIM_TOTAL,duplicado_exacto_adicional,diferencia_total_componentes,total_mayor_1000_millones
47198,6007,LICEO LOS ANDES,MELIPEUCO,2,Convivencia Escolar,Promoviendo espacios de reflexión,"Se desarrollaran jornadas de sensibilización preventivas y/o autocuidados a la comunidad educativa, tomando en cuenta la necesidad que tengan los diferentes integrantes del establecimiento en torno a salud mental, convivencia escolar, inclusión y bienestar.",Implementación completa: 100%,0,7000000.0,0,0,0,0,0,0,0,7000000,False,0.0,False
47199,6007,LICEO LOS ANDES,MELIPEUCO,2,Convivencia Escolar,Trabajando colaborativamente,"Establecer reuniones colaborativas con instituciones locales y regionales, organizados por medio de una mesa de trabajo que realice sensibilizaciones, detección de necesidades, análisis y toma de decisiones respecto a acciones para el establecimiento.",Implementación adecuada: 50% a 74%,0,1000000.0,0,0,0,0,0,0,0,1000000,False,0.0,False
47200,6007,LICEO LOS ANDES,MELIPEUCO,2,Gestión de Recursos,¿Cómo estamos?,"Se crearan a lo menos 3 instancias de evaluación de clima laboral  durante el año [inicial, intermedio y cierre] con el fin de diagnosticar, generar acciones y monitorear avances que favorezcan el buen funcionamiento en el quehacer administrativo y educativo.",Implementación adecuada: 50% a 74%,3000000,0.0,0,0,0,0,0,0,0,3000000,False,0.0,False
47201,6007,LICEO LOS ANDES,MELIPEUCO,2,Gestión de Recursos,Gestión material educativo,"El equipo directivo gestiona la provisión, renovación y monitoreo del uso de material educativo, insumos, equipamiento, mobiliario, recursos financieros para las distintas instancias educativas del establecimiento, tanto en el desarrollo de aprendizaje formal como en aquellas experiencias formativas de apoyo o extracurriculares entre otras.",Implementación completa: 100%,7000000,0.0,0,0,0,0,0,0,0,7000000,False,0.0,False
47202,6007,LICEO LOS ANDES,MELIPEUCO,2,Gestión Pedagógica,Mejorando resultados,"Se implementaran estrategias pedagógicas de nivelación y mejora, para fortalecer las habilidades descendidas en las diferentes asignaturas, con un montero de fases [inicial, intermedia, cierre]",Implementación completa: 100%,0,0.0,0,0,0,0,0,0,0,0,False,0.0,False
47203,6007,LICEO LOS ANDES,MELIPEUCO,2,Gestión Pedagógica,Enfrentemos el problema,"Se generaran escenarios educativos que promuevan en las y los estudiantes un aprendizaje significativo a través estrategias metodológicas activas, que estimulen el pensamiento crítico, la resolución de problemas, colaboración y la conciencia de su propio aprendizaje.",Implementación completa: 100%,0,0.0,0,0,0,0,0,0,0,0,False,0.0,False
47204,6007,LICEO LOS ANDES,MELIPEUCO,2,Liderazgo,Vinculación,"Se generaran instancias dentro o fuera de la comuna, que promuevan el crecimiento socio-cultural y personal de las y los estudiantes, por medio de  la ayuda social, la participación y colaboración de padres y apoderados, jornadas sociales y culturales que fomenten el involucramiento del establecimiento con la comuna.",Implementación completa: 100%,7000000,0.0,0,0,0,0,0,0,0,7000000,False,0.0,False
47205,6007,LICEO LOS ANDES,MELIPEUCO,2,Liderazgo,Apoyando la ejecución de planes,"Se creara un sistema de trabajo participativo y organizado por medio de un coordinador de planes (que se reunirá con los distintos encargados) generando instancias de consulta a diferentes integrantes de la comunidad, monitoreando el cumplimiento de acciones de cada plan de gestión.",Implementación adecuada: 50% a 74%,0,7000000.0,0,0,0,0,0,0,0,7000000,False,0.0,False
47206,6009,ESC. BASICA MOLULCO,MELIPEUCO,2,Convivencia Escolar,mi comunidad,"Organizar eventos comunitarios en colaboración con organizaciones locales, como ferias de salud, limpiezas de vecindario o actividades culturales, para fomentar la integración de la escuela con la comunidad circundante.",Implementación adecuada: 50% a 74%,0,150000.0,0,0,0,0,0,0,0,150000,False,0.0,False
47207,6009,ESC. BASICA MOLULCO,MELIPEUCO,2,Convivencia Escolar,descubriendo nuevos lugares,Organizar salidas pedagógicas para enriquecer el aprendizaje práctico y vivenciar experiencias fuera del aula.,Implementación avanzada: 75% a 99%,0,300000.0,0,0,0,0,0,0,0,300000,False,0.0,False
47208,6009,ESC. BASICA MOLULCO,MELIPEUCO,2,Gestión de Recursos,EQUIPAMIENTO TECNOLOGICO,"Proceder con la compra de los equipos tecnológicos conforme al presupuesto establecido, asegurándose de cumplir con los procedimientos de adquisición y los requisitos legales correspondientes.",Implementación adecuada: 50% a 74%,0,850000.0,0,0,0,0,0,0,0,850000,False,0.0,False
47209,6009,ESC. BASICA MOLULCO,MELIPEUCO,2,Gestión de Recursos,RESPALDO FINANCIERO,Priorizar la asignación de recursos a aquellas áreas y programas que se alineen con los objetivos institucionales y que contribuyan de manera significativa al desarrollo integral de los estudiantes.,Implementación avanzada: 75% a 99%,0,350000.0,0,0,0,0,0,0,0,350000,False,0.0,False
47210,6009,ESC. BASICA MOLULCO,MELIPEUCO,2,Gestión Pedagógica,aprendizaje activo,"Crear y estructurar actividades de aprendizaje colaborativas que incorporen el enfoque del Aprendizaje Basado en Proyectos (ABP), con el propósito de estimular la colaboración, el intercambio de ideas y la capacidad de resolver problemas entre los estudiantes.",Implementación avanzada: 75% a 99%,0,100000.0,0,0,0,0,0,0,0,100000,False,0.0,False
47211,6009,ESC. BASICA MOLULCO,MELIPEUCO,2,Gestión Pedagógica,evaluación flexible,• Permitir a los estudiantes presentar evidencia de su aprendizaje de diversas maneras respondiendo a las necesidades especificas de cada uno.,Implementación avanzada: 75% a 99%,0,0.0,0,0,0,0,0,0,0,0,False,0.0,False
47212,6009,ESC. BASICA MOLULCO,MELIPEUCO,2,Liderazgo,Microcentro Rurales,"Establecer equipos de liderazgo que incluyan a directivos, líderes intermedios, representantes del departamento de educación municipal, con el objetivo de trabajar juntos en la toma de decisiones, planificación estratégica, la implementación de iniciativas educativas y reflexión sobre prácticas de exitosas.",Implementación avanzada: 75% a 99%,0,0.0,0,0,0,0,0,0,0,0,False,0.0,False
47213,6009,ESC. BASICA MOLULCO,MELIPEUCO,2,Liderazgo,Feedback Constructivo,"Proporcionar capacitación en técnicas de retroalimentación efectiva y evaluación formativa, así como en métodos para fomentar la reflexión crítica sobre la práctica educativa.",Implementación avanzada: 75% a 99%,0,100000.0,0,0,0,0,0,0,0,100000,False,0.0,False
47214,6011,ESC. BASICA MOLULCO,MELIPEUCO,2,Convivencia Escolar,Feymew kisuay  (Todos nos cuidamos),"Crear comités de convivencia escolar integrados por representantes del cuerpo docente, estudiantes, personal administrativo y padres de familia. Para fomentar una cultura escolar basada en valores de respeto, tolerancia, inclusión y equidad. Además, se encargarán de identificar y abordar casos de discriminación, acoso escolar o cualquier situación que afecte la integridad física o psicológica de l",Implementación adecuada: 50% a 74%,0,0.0,0,0,0,0,0,0,0,0,False,0.0,False
47215,6011,ESC. BASICA MOLULCO,MELIPEUCO,2,Convivencia Escolar,Sensibilización,"Diseñar e implementar programas de sensibilización, capacitaciones  dirigidos a toda la comunidad educativa (docentes, personal administrativo, estudiantes y padres de familia) sobre la importancia de los valores de respeto, tolerancia, inclusión y equidad. Estos programas incluirán talleres, charlas, seminarios y actividades interactivas abordando discriminación, el acoso escolar y integridad fís",Implementación adecuada: 50% a 74%,0,400000.0,0,0,0,0,0,0,0,400000,False,0.0,False
47216,6011,ESC. BASICA MOLULCO,MELIPEUCO,2,Convivencia Escolar,Descubriendo el mundo,Organizar salidas pedagógicas para enriquecer el aprendizaje práctico y vivenciar experiencias fuera del aula.,Implementación avanzada: 75% a 99%,0,1500000.0,0,0,0,0,0,0,0,1500000,False,0.0,False
47217,6011,ESC. BASICA MOLULCO,MELIPEUCO,2,Gestión de Recursos,Plataforma gestión pedagógica,"Contratar plataforma de gestión pedagógica Master class para mejorar significativamente la eficacia y la eficiencia de la gestión educativa al centralizar la información, optimizar los procesos administrativos, mejorar la comunicación, personalizar el aprendizaje y facilitar la evaluación y el análisis.",Implementación completa: 100%,0,600000.0,0,0,0,0,0,0,0,600000,False,0.0,False
47218,6011,ESC. BASICA MOLULCO,MELIPEUCO,2,Gestión de Recursos,Pewma,"Asegurar que la institución educativa cuente con los materiales y RRHH necesarios para el desarrollo efectivo de las actividades educativas, promoviendo un ambiente de aprendizaje óptimo para los estudiantes y docentes.",Implementación avanzada: 75% a 99%,0,1600000.0,0,0,0,0,0,0,0,1600000,False,0.0,False
47219,6011,ESC. BASICA MOLULCO,MELIPEUCO,2,Gestión Pedagógica,Aprendizaje colaborativo,"Diseñar instancia que desarrollen y potencien habilidades, aprendizaje colaborativo a través  del Aprendizaje Basado en Proyectos (ABP) y actividades interescuelas  con el fin de fomentar y promover la colaboración, la discusión y la resolución de problemas entre los estudiantes.",Implementación avanzada: 75% a 99%,0,1000000.0,0,0,0,0,0,0,0,1000000,False,0.0,False
47220,6011,ESC. BASICA MOLULCO,MELIPEUCO,2,Gestión Pedagógica,Evaluación versátil,"Permitir a los estudiantes presentar evidencia de su aprendizaje de diversas maneras, incluyendo la utilización de plataforma master class y el apoyo proporcionado por un educador/a diferencial, relevando la importancia de la evaluación formativa en el proceso enseñanza aprendizaje.",Implementación avanzada: 75% a 99%,0,900000.0,0,0,0,0,0,0,0,900000,False,0.0,False
47221,6011,ESC. BASICA MOLULCO,MELIPEUCO,2,Liderazgo,Apoyos docentes,"Generar instancias de aprendizaje para el personal docente y directivo en la temática “Tecnologías activas” como, por ejemplo:  aprendizaje basado en proyectos, el aprendizaje cooperativo, el aprendizaje basado en problemas, aprendizaje invertido y observación y retroalimentación de las propias prácticas, entre otros.",Implementación avanzada: 75% a 99%,0,0.0,0,0,0,0,0,0,0,0,False,0.0,False
47222,6011,ESC. BASICA MOLULCO,MELIPEUCO,2,Liderazgo,Microcentro Rurales,"Establecer equipos de liderazgo que incluyan a directivos, líderes intermedios, representantes del departamento de educación municipal, con el objetivo de trabajar juntos en la toma de decisiones, planificación estratégica, la implementación de iniciativas educativas y reflexión sobre prácticas de exitosas.",Implementación avanzada: 75% a 99%,0,850000.0,0,0,0,0,0,0,0,850000,False,0.0,False
47223,6012,ESC. BASICA CUMCUMLLAQUE,MELIPEUCO,2,Convivencia Escolar,Fomento de la participación en las actividades planificadas por el Establecimiento,"Participar en actividades asociadas a la conmemoración de fechas significativas como: día de la familia, wetripantu y eventos establecidos en la Planificación Anual del Establecimiento, generando también un vínculo con la Comunidad.",Implementación completa: 100%,0,500000.0,500000,0,0,0,0,0,0,1000000,False,0.0,False
47224,6012,ESC. BASICA CUMCUMLLAQUE,MELIPEUCO,2,Convivencia Escolar,Jornada de reflexión y convivencia para padres y apoderados,"Se realizarán jornadas de reflexión y convivencia para padres y apoderados, en las cuales se abordarán temas que redunden en el resguardo de la salud y la convivencia.",Implementación avanzada: 75% a 99%,0,100000.0,100000,0,0,0,0,0,0,200000,False,0.0,False
47225,6012,ESC. BASICA CUMCUMLLAQUE,MELIPEUCO,2,Gestión de Recursos,Apoyo en material de aula,Adquisición y renovación de material de apoyo de acuerdo a las necesidades pedagógicas de cada asignatura.,Implementación adecuada: 50% a 74%,0,2000000.0,1000000,0,0,0,0,0,0,3000000,False,0.0,False
47226,6012,ESC. BASICA CUMCUMLLAQUE,MELIPEUCO,2,Gestión de Recursos,Contratación de personal,Contratación de apoyo académico y administrativo a la labor del Establecimiento.,Implementación completa: 100%,0,5000000.0,15000000,0,0,0,0,0,0,20000000,False,0.0,False
47227,6012,ESC. BASICA CUMCUMLLAQUE,MELIPEUCO,2,Gestión Pedagógica,Aulas en terreno,Programar giras o salidas de estudios con fines pedagógicos y culturales que favorezcan el desarrollo de los aprendizajes y habilidades sociales.,Implementación avanzada: 75% a 99%,0,1000000.0,0,0,0,0,0,1000000,0,2000000,False,0.0,False
47228,6012,ESC. BASICA CUMCUMLLAQUE,MELIPEUCO,2,Gestión Pedagógica,La reactivación educativa en el aula,Se realizará un trabajo de reforzamiento pedagógico considerando la nivelación de aprendizajes y trayectoria educativa enfocado en las asignaturas indicadas por el Mineduc en el Plan de Reactivación Educativa,Implementación avanzada: 75% a 99%,0,1000000.0,1000000,0,0,0,0,0,0,2000000,False,0.0,False
47229,6012,ESC. BASICA CUMCUMLLAQUE,MELIPEUCO,2,Liderazgo,Monitoreo del desarrollo del PME,"El Equipo Escolar se reunirá periódicamente para coordinar y evaluar cada etapa del desarrollo del PME, como insumo para la toma de decisiones.",Implementación completa: 100%,0,50000.0,0,0,0,0,0,0,0,50000,False,0.0,False
47230,6012,ESC. BASICA CUMCUMLLAQUE,MELIPEUCO,2,Liderazgo,Talleres de apoyo a los sellos de la Escuela,Realizar talleres en donde se evidencien los sellos del Establecimiento.,Implementación completa: 100%,0,1000000.0,0,0,0,0,0,1000000,0,2000000,False,0.0,False
47239,6017,ESCUELA MUNICIPAL CARÉN,MELIPEUCO,2,Convivencia Escolar,Aprendo del entorno y salidas a terreno,La acción está orientada a la complementación de los aprendizajes con vivencias y situaciones prácticas  como así mismo  el fortalecimiento de valores y actitudes  frente a un trabajo de equipo y de comunidad conteniendo  salidas pedagógicas.,Implementación parcial: 25% a 49%,0,800000.0,0,0,0,0,0,0,0,800000,False,0.0,False
47240,6017,ESCUELA MUNICIPAL CARÉN,MELIPEUCO,2,Convivencia Escolar,vida saludable y formación personal,"La acción está orientada a  fomentar  hábitos  saludables ; realizando actividad física , conociendo y aplicando recetas alimenticias, acciones socioemocionales.",Implementación adecuada: 50% a 74%,0,350000.0,0,0,0,0,0,0,0,350000,False,0.0,False
47241,6017,ESCUELA MUNICIPAL CARÉN,MELIPEUCO,2,Gestión de Recursos,Taller de manualidades con asesor mapuche y no mapuche,"Se realizará  un taller  en donde los estudiantes  aprendan a fabricar  o elaborar algún instrumento musical mapuche, un bastidor de telar y otras manualidades",Implementación parcial: 25% a 49%,0,150000.0,0,0,0,0,0,0,0,150000,False,0.0,False
47242,6017,ESCUELA MUNICIPAL CARÉN,MELIPEUCO,2,Gestión de Recursos,Comisión de encargados de recursos,"Esta acción esta orientada a  la gestión personal y a estudiantes relacionada con fomentar valores de responsabilidad en   el cuidado , mantención y utilidad  de recursos.",Implementación parcial: 25% a 49%,0,150000.0,0,0,0,0,0,0,0,150000,False,0.0,False
47243,6017,ESCUELA MUNICIPAL CARÉN,MELIPEUCO,2,Gestión Pedagógica,"Talleres artísticos , actividad física y salud.","Se realizarán diferentes actividades entre ellas: artes visuales, canto , música , actividad física y salud con integración  de  todas las asignaturas.",Implementación avanzada: 75% a 99%,0,500000.0,0,0,0,0,0,0,0,500000,False,0.0,False
47244,6017,ESCUELA MUNICIPAL CARÉN,MELIPEUCO,2,Gestión Pedagógica,Taller de lenguaje y matemática,"Para fortalecer los aprendizajes; se complementaran con actividades lúdicas que apunten a mejorar la comprensión de lectura , resolución de problemas.",Implementación adecuada: 50% a 74%,0,350000.0,0,0,0,0,0,0,0,350000,False,0.0,False
47245,6017,ESCUELA MUNICIPAL CARÉN,MELIPEUCO,2,Liderazgo,Nuestro compromiso ambientalista.,"Los estudiantes , personal de la escuela padres y apoderados toman el compromiso de aporte al cuidado del Medio  Ambiente en diferentes aspectos como : reciclaje, invernadero, vivero, trafkinto lo que estará potenciado con redes de apoyo como empresa locales, conaf, unidad del medio ambiente comunal, Punto limpio municipal.",Implementación avanzada: 75% a 99%,0,250000.0,0,0,0,0,0,0,0,250000,False,0.0,False
47246,6017,ESCUELA MUNICIPAL CARÉN,MELIPEUCO,2,Liderazgo,conociendo más de la cultura mapuche,"Esta acción estará orientada al conocimiento de la cultura mapuche ; su relación con la naturaleza ,sus costumbres, tradiciones, ceremonias , artesanía ,juegos y su comunicación a través del mapuzungun , participando con redes de apoyo como  visitas a museo local, comunidades indígenas, charlas con representantes mapuches.",Implementación adecuada: 50% a 74%,0,500000.0,0,0,0,0,0,0,0,500000,False,0.0,False
47247,6018,ESCUELA PARTICULAR SAN GABRIEL,MELIPEUCO,3,Convivencia Escolar,Apoyo Psicológico y emocional,"Posterior a la pesquisa y derivación la psicóloga del establecimiento genera planes de apoyo psicosociales a los niños y niñas que lo requieran en colaboración de sus familias y docentes para evitar deserción escolar y potenciar trayectorias educativas positivas resguardando los aspectos psicológicos ,emocionales y sociales de los niños y niñas",Implementación avanzada: 75% a 99%,0,0.0,300000,0,0,0,0,0,0,300000,False,0.0,False
47248,6018,ESCUELA PARTICULAR SAN GABRIEL,MELIPEUCO,3,Convivencia Escolar,Aprendiendo a convivir con nuestro entorno,"El equipo  de Convivencia escolar y pastoral en conjunto con la monitora encargada del Taller de medio ambiente generan acciones plasmada en la metodología de aprendizaje activo ABP  orientándose bajo el prisma del Pacto Educativo Global para que los estudiantes aprendan a convivir y cuidar su entorno ecológico ,cultural y social conviviendo armónicamente desarrollando habilidades y destrezas",Implementación avanzada: 75% a 99%,0,0.0,0,0,0,0,0,0,1000000,1000000,False,0.0,False
47249,6018,ESCUELA PARTICULAR SAN GABRIEL,MELIPEUCO,3,Convivencia Escolar,Aprendamos a Convivir en nuestra Escuela,"El equipo de Convivencia y Pastoral de la escuela genera acciones para el manejo de diversas problemáticas que interfieren en la convivencia escolar y en el manejo conductual poniendo énfasis en la resolución pacifica de conflictos ,mejora en la salud socioemocional de todos los miembros de la comunidad educativa enmarcándose en los valores cristianos de nuestra institución",Implementación avanzada: 75% a 99%,0,100000.0,300000,0,0,0,0,0,0,400000,False,0.0,False
47250,6018,ESCUELA PARTICULAR SAN GABRIEL,MELIPEUCO,3,Gestión de Recursos,Adquisicion y sustentabilidad efectiva de insumos,"El Director lleva a cabo la adquisición de todos los insumos necesarios para la ejecución de la planificación pedagógica y técnico administrativa en pro de la mejora del proceso de enseñanza aprendizaje propiciando un ambiente grato, motivador y seguro para llevar a cabo estos procesos ejerciendo una administración monetaria eficaz",Implementación parcial: 25% a 49%,0,13000000.0,6000000,0,0,0,0,0,0,19000000,False,0.0,False
47251,6018,ESCUELA PARTICULAR SAN GABRIEL,MELIPEUCO,3,Gestión de Recursos,Recursos humanos para el fortlcimiento de aprendizajes enmarcados en la Reactivación Educativa,Contrataciones e incrementos de horas que se vinculan al cumplimiento de acciones y metas del PME para generar mejores resultados de aprendizaje de todos los estudiantes prioritarios,Implementación avanzada: 75% a 99%,0,65000000.0,0,0,0,0,0,0,0,65000000,False,0.0,False
47252,6018,ESCUELA PARTICULAR SAN GABRIEL,MELIPEUCO,3,Gestión de Recursos,Incentivo al cumplimiento de metas,"El Director genera un sistema de reconocimiento a la labor docente que tiene estrecha relacion con el cumplimiento de metas, prácticas que posibilitan la reactivación educativa y trayectorias de aprendizaje positivas en vinculación con los estándares  de logro previamente definidos .",Implementación no efectuada: 0%,0,3000000.0,0,0,0,0,0,0,0,3000000,False,0.0,False
47253,6018,ESCUELA PARTICULAR SAN GABRIEL,MELIPEUCO,3,Gestión de Recursos,Gastos de operacion necesarios para generar un ambiente propicio para el aprendizaje de calidad,Para facilitar la asistencia de los estudiantes a través del acercamiento de estos al establecimiento educacional que cuenta con un ambiente propicio para el aprendizaje,Implementación avanzada: 75% a 99%,0,20000000.0,0,0,0,0,0,0,0,20000000,False,0.0,False
47254,6018,ESCUELA PARTICULAR SAN GABRIEL,MELIPEUCO,3,Gestión Pedagógica,Priorizacion  Curricular interdisplinaria,"Mediante la evaluación continua se realiza la planificación y ejecución de un Plan Curricular Priorizado dirigido a los estudiantes que obtienen bajos resultados y en nivel de desempeño insuficiente  poniendo énfasis en la recuperación de aprendizajes basales en diferentes asignaturas permitiendo la adquisición de dichos objetivos, realizando una retroalimentación continua del proceso educativo",Implementación avanzada: 75% a 99%,0,300000.0,700000,0,0,0,0,0,0,1000000,False,0.0,False
47255,6018,ESCUELA PARTICULAR SAN GABRIEL,MELIPEUCO,3,Gestión Pedagógica,Favorezcamos La Transición Educativa,"Para favorecer la transición educativa se realizaran acciones que permitan la articulación y desarrollo de  rutinas comunes entre el nivel NT1 y Primer Año Básico esto permitirá apoyar los aspectos sociales, emocionales y desarrollo de habilidades necesarias que deben potenciar los pequeños necesarios para la lectura y pensamiento matemático",Implementación avanzada: 75% a 99%,0,0.0,300000,0,0,0,0,0,0,300000,False,0.0,False
47256,6018,ESCUELA PARTICULAR SAN GABRIEL,MELIPEUCO,3,Gestión Pedagógica,El Equipo de Gestion realiza un sistema de acompañamiento Docente,"Como una forma de favorecer la reflexión y retroalimentación de las practicas pedagógicas y las estrategias didácticas utilizadas por los docentes el Equipo De Gestión realiza al menos dos veces por semestres acompañamiento a todos los docentes del establecimiento, entregando lineamientos y sugerencias de mejora con foco en la reflexión docente enmarcándose en los criterios del l MBE",Implementación adecuada: 50% a 74%,0,200000.0,0,0,0,0,0,0,0,200000,False,0.0,False
47257,6018,ESCUELA PARTICULAR SAN GABRIEL,MELIPEUCO,3,Gestión Pedagógica,Trabajando Colaborativamente en apoyo a las NEE,"El equipo de Aula desarrolla estrategias de refuerzo pedagógico pertinente e inclusivo mediante un Plan gestionado por el Equipo PIE , que permite a los estudiantes con rezago educativo avanzar en el proceso educativo para la mejora sustancial de sus aprendizajes evitando la deserción y facilitando una trayectoria educativa positiva",Implementación avanzada: 75% a 99%,0,0.0,3000000,0,0,0,0,0,0,3000000,False,0.0,False
47258,6018,ESCUELA PARTICULAR SAN GABRIEL,MELIPEUCO,3,Liderazgo,Mejora de Gestión Técnico Pedagógica y Administrativa,"El Director fortalece la capacidad de los equipos docentes ,Técnicos y administrativos generando un sistema de capacitación interna o externa que permita la mejora en la Labor del personal en su totalidad según el cargo que ejerce.",Implementación adecuada: 50% a 74%,0,0.0,1000000,0,0,0,0,0,0,1000000,False,0.0,False
47259,6018,ESCUELA PARTICULAR SAN GABRIEL,MELIPEUCO,3,Liderazgo,Coordinación por ciclo y estamentos educativos,"El Director asigna el rol de Coordinador de Ciclo quien en Consejos técnicos genera mecanismos de comunicación para compartir orientaciones ,prioridades ,lineamientos comunes para dar cumplimiento a lo declarado en el PEI y en los diferentes Planes de Funcionamiento retroalimentando y apuntando a los ejes de Reactivación Educativa y mejora transversal en la Gestión del E.E.",Implementación avanzada: 75% a 99%,0,0.0,0,0,0,0,0,0,0,0,False,0.0,False
47260,6019,ESCUELA PARTICULAR LLAIMA,MELIPEUCO,3,Convivencia Escolar,Promoción del bienestar y desarrollo socioemocional,"Para contribuir a un clima positivo de convivencia escolar se planifican diversas acciones socioeducativas y formativas plasmada en el PGCE y de Pastoral para gestionar de manera articulada esta dimensión, esto a objeto a abordar diversos aspectos formativos y valóricos para contribuir al desarrollo integral de los estudiantes y comunidad educativa.",Implementación avanzada: 75% a 99%,0,200000.0,0,0,0,0,0,0,0,200000,False,0.0,False
47261,6019,ESCUELA PARTICULAR LLAIMA,MELIPEUCO,3,Convivencia Escolar,Ambientes propicios para bienestar de los estudiantes para favorecer trayectoria educativa,"A objeto de favorecer condiciones y ambientes propicios para los aprendizajes, revinculación y el bienestar de los estudiantes en el establecimiento educacional y en el aula de clases, se destinan recursos financieros necesarios para el logro de este objetivo (calefacción, higiene, entre  otros).",Implementación avanzada: 75% a 99%,0,2000000.0,0,0,0,0,0,0,0,2000000,False,0.0,False
47262,6019,ESCUELA PARTICULAR LLAIMA,MELIPEUCO,3,Convivencia Escolar,Formación ciudadana,"Se planifica y ejecuta plan de formación ciudadana de acuerdo a las orientaciones emanadas desde el ministerio de educación y sostenedor, el cual será articulado con la asignatura de historia, en concordancia con lo valores y sellos formativos declarados en el PEI del establecimiento.",Implementación avanzada: 75% a 99%,0,100000.0,0,0,0,0,0,0,0,100000,False,0.0,False
47263,6019,ESCUELA PARTICULAR LLAIMA,MELIPEUCO,3,Convivencia Escolar,Implementación de estrategias para el resguardo de las trayectorias educativas y revinculacion,"Con el objetivo de resguardar el bienestar físico, emocional, entre otros de los estudiantes y favorecer la asistencia de los mismos, y en consideración del contexto rural en el cual se encuentra la Escuela, se considera aporte de recursos financieros para pago de servicio de transporte escolar, para el traslado diario de los estudiantes.",Implementación avanzada: 75% a 99%,0,3000000.0,0,0,0,0,0,0,0,3000000,False,0.0,False
47264,6019,ESCUELA PARTICULAR LLAIMA,MELIPEUCO,3,Convivencia Escolar,Me identifico con mi colegio,"Para promover sentido de pertenencia y participación de comunidad educativa se realizan diversas actividades: talleres extra-programáticos (Robotica,entre otros) actividades de autocuidado, artísticas, culturales, deportivas, difusión establecimiento (SAE) entre otros; así mismo se considerará vestuario, premios, estímulos, etc. A objeto de fortalecer habilidades socioemocionales e interpersonales",Implementación avanzada: 75% a 99%,0,3500000.0,0,0,0,0,0,0,0,3500000,False,0.0,False
47265,6019,ESCUELA PARTICULAR LLAIMA,MELIPEUCO,3,Convivencia Escolar,"Viajando participo, compartiendo aprendo","Se organizan diversas actividades con la comunidad educativa para compartir,desarrollar aprendizajes, fortalecer lazos afectivos y actitudes positivas.Estas actividades dicen relación con giras de estudios,salidas pedagógicas, viajes a centro de interés cultural, recreativo,deportivo,entre otras.Se consideran recursos financieros para transporte, alimentación, pasajes, combustible, alojamiento,etc",Implementación avanzada: 75% a 99%,0,2000000.0,0,0,0,0,0,0,0,2000000,False,0.0,False
47266,6019,ESCUELA PARTICULAR LLAIMA,MELIPEUCO,3,Convivencia Escolar,Pastoral escolar,"Se realizan diversas actividades a través de la pastoral escolar, promoviendo una formación valorica basado en los principios cristianos para los estudiantes y comunidad escolar del establecimiento.",Implementación avanzada: 75% a 99%,0,200000.0,0,0,0,0,0,0,0,200000,False,0.0,False
47267,6019,ESCUELA PARTICULAR LLAIMA,MELIPEUCO,3,Gestión de Recursos,Material de apoyo educativo para favorecer trayectorias educativa,"A objeto de favorecer la trayectoria educativa y aprendizajes de todos los estudiantes, se consideran recursos financieros necesarios para adquisición de diverso tipo de material educativo para propender aprendizajes de calidad, ya sea útiles escolares, material didáctico, de biblioteca, entre otros",Implementación avanzada: 75% a 99%,0,1500000.0,3000000,0,0,0,0,0,0,4500000,False,0.0,False
47268,6019,ESCUELA PARTICULAR LLAIMA,MELIPEUCO,3,Gestión de Recursos,Tecnologia al servicio de los aprendizajes de los estudiantes,"Con el objetivo de potenciar habilidades y aprendizajes de todos los estudiantes, como también en el procesos de gestión escolar y con esto contribuir al proceso de mejora educativa, se dotara al  establecimiento de diversos recursos Tics e insumos necesarios, tal como servicio de  internet, notebook, impresoras entre otros.",Implementación avanzada: 75% a 99%,0,2500000.0,3000000,0,0,0,0,0,0,5500000,False,0.0,False
47269,6019,ESCUELA PARTICULAR LLAIMA,MELIPEUCO,3,Gestión de Recursos,Recursos humanos para el fortalecimiento de aprendizajes en contexto de reactivación educativa SEP,"Contrataciones, incrementos y aumentos de horas vinculadas al cumplimientos de acciones y metas del PME.",Implementación avanzada: 75% a 99%,0,11000000.0,0,0,0,0,0,0,0,11000000,False,0.0,False
47270,6019,ESCUELA PARTICULAR LLAIMA,MELIPEUCO,3,Gestión de Recursos,Capacitación del recurso humano,"Con el objetivo de contribuir al proceso de mejora de los aprendizajes de los estudiantes y gestión educativa, se llevaran cabo instancias de capacitación del recurso humano, con énfasis en metodologías innovadoras, y otros atingentes de acuerdo a lo planificado en el plan de capacitaciones",Implementación avanzada: 75% a 99%,0,1000000.0,2000000,0,0,0,0,0,0,3000000,False,0.0,False
47271,6019,ESCUELA PARTICULAR LLAIMA,MELIPEUCO,3,Gestión de Recursos,Incentivo al recurso humano establecimiento,"A objeto de reconocer la labor del personal del establecimiento se entregara un incentivo económico, puesto que se ha observado una mejora de los resultados educativos de los estudiantes, considerando la progresión de resultados de las evaluaciones DIA.",Implementación avanzada: 75% a 99%,0,1800000.0,0,0,0,0,0,0,0,1800000,False,0.0,False
47272,6019,ESCUELA PARTICULAR LLAIMA,MELIPEUCO,3,Gestión Pedagógica,Favoreciendo la trayectoria Educativa de los Estudiantes.,"Se Implementara un plan de acompañamiento pedagógico que contemple diversas actividades de apoyo para todos los estudiantes del establecimiento que presentan dificultades sociales, afectivas y/o conductuales, a objeto de apoyar a estos y a sus familias, para así favorecer su adecuada continuidad de sus trayectorias educativas, esto generado por los docentes y equipo de convivencia escolar",Implementación avanzada: 75% a 99%,0,100000.0,0,0,0,0,0,0,0,100000,False,0.0,False
47273,6019,ESCUELA PARTICULAR LLAIMA,MELIPEUCO,3,Gestión Pedagógica,Apoyo a estudiantes con NEE,"Con el objetivo de que los estudiantes que presentan NEE reciban apoyo y asimismo potenciar sus aprendizajes se articula un trabajo colaborativo entre docentes y equipo PIE, con el fin de que los estudiantes progresen en el curriculum, proveyendo de recursos educativos necesarios según las necesidades detectadas",Implementación avanzada: 75% a 99%,0,0.0,2000000,0,0,0,0,0,0,2000000,False,0.0,False
47274,6019,ESCUELA PARTICULAR LLAIMA,MELIPEUCO,3,Gestión Pedagógica,Mejora de los aprendizaje matemáticos con Taller de robótica Educativa.,"Incorporar un taller de Robótica Educativa como estrategia innovadora para favorecer el logro de los objetivos de aprendizaje en los niveles de 4° a 8° año en matemáticas, mediante el desarrollo de competencias como; autonomía, creatividad, trabajo en equipo y habilidades tecnológicas.",Implementación avanzada: 75% a 99%,0,500000.0,0,0,0,0,0,0,0,500000,False,0.0,False
47275,6019,ESCUELA PARTICULAR LLAIMA,MELIPEUCO,3,Gestión Pedagógica,ABP en educación ambiental,"Se llevan a cabo actividades de metodología activa, basada en ABP de manera interdisciplinaria con varias asignaturas en el currículo, con foco medioambiental abordando diversas temáticas relativas al cuidado del entorno natural, se considera salidas a terreno de carácter pedagógica, trabajo en aula, materiales de trabajo, entre otros.",Implementación avanzada: 75% a 99%,0,300000.0,0,0,0,0,0,0,0,300000,False,0.0,False
47276,6019,ESCUELA PARTICULAR LLAIMA,MELIPEUCO,3,Gestión Pedagógica,Acción Estrategias Innovadoras en el aula,"Incorporar en las asignaturas de Lenguaje y Matemáticas  estrategias innovadoras de metodologías activas, enmarcadas en los sellos del establecimiento y gestionadas por los docentes y equipo de gestión para el logro de los aprendizajes de los estudiantes.",Implementación avanzada: 75% a 99%,0,300000.0,0,0,0,0,0,0,0,300000,False,0.0,False
47277,6019,ESCUELA PARTICULAR LLAIMA,MELIPEUCO,3,Liderazgo,Instancias de reflexión técnico pedagógicas,"El director promueve instancias de reflexión técnico pedagógicas entre pares docentes y asistentes de la educación profesionales para compartir desafíos, conocimientos y prácticas que permitan fortalecer los resultados educativos del establecimiento que propendan hacia una cultura de la mejora educativa, para lo cual asume como meta el logro de los objetivos formativo y académicos.",Implementación avanzada: 75% a 99%,0,400000.0,0,0,0,0,0,0,0,400000,False,0.0,False
47278,6019,ESCUELA PARTICULAR LLAIMA,MELIPEUCO,3,Liderazgo,"Participacion en instancias de coordinación,reflexión e intercambio de experiencias con sostenedor","El equipo directivo participan en diversas instancias organizadas por el sostenedor para la coordinación, reflexión e intercambio de experiencias entre los equipos directivos de los diferentes establecimientos educacionales, fomentando activamente un clima de colaboración a objeto de una adecuada implementación del PEI, PME y ejecución del presupuesto anual.",Implementación avanzada: 75% a 99%,0,300000.0,0,0,0,0,0,0,0,300000,False,0.0,False
47279,6021,ESCUELA PARTICULAR CAREN,MELIPEUCO,3,Convivencia Escolar,Redes de apoyo,"Se gestionan redes de apoyo para fortalecer la formación socioemocional en alumnos, reforzando la autoafirmación personal,  como así también las relaciones interpersonales entre pares en red de microcentro.",Implementación avanzada: 75% a 99%,0,400000.0,0,0,0,0,0,0,0,400000,False,0.0,False
47280,6021,ESCUELA PARTICULAR CAREN,MELIPEUCO,3,Convivencia Escolar,Generar ambientes propicios para el aprendizaje,"Se generan instancias para mantener un ambiente propicio para el aprendizaje , considerando espacios limpios, calefaccionados y en buen estado, para que los alumnos se sientan cómodos y acogidos  durante su permanencia en la escuela.",Implementación completa: 100%,0,200000.0,0,0,0,0,0,0,0,200000,False,0.0,False
47281,6021,ESCUELA PARTICULAR CAREN,MELIPEUCO,3,Convivencia Escolar,Potenciar los sellos de la escuela,"Se generan instancias para potenciar los sellos del establecimiento, dentro y fuera del aula, como una forma que la comunidad educativa se sienta identificada con su escuela, formando parte del desarrollo y aprendizaje de los estudiantes.",Implementación completa: 100%,0,400000.0,0,0,0,0,0,0,0,400000,False,0.0,False
47282,6021,ESCUELA PARTICULAR CAREN,MELIPEUCO,3,Gestión de Recursos,Fortalecer los aprendizajes priorizados,"Se gestionan recursos didácticos, recreativos, humanos, tecnológicos, materiales, operacionales y de implementación para el fortalecimiento y apoyo propicio al desarrollo de los aprendizajes y el bienestar de los y las estudiantes.",Implementación avanzada: 75% a 99%,0,150000.0,0,0,0,0,0,0,0,150000,False,0.0,False
47283,6021,ESCUELA PARTICULAR CAREN,MELIPEUCO,3,Gestión de Recursos,Generar ambiente propicio para el aprendizaje integral.,"Mejorar los espacios educativos del establecimiento, para facilitar la implementación de actividades de enseñanza aprendizaje, asegurando que estos sean espacios  educativos.",Implementación completa: 100%,0,200000.0,0,0,0,0,0,0,0,200000,False,0.0,False
47284,6021,ESCUELA PARTICULAR CAREN,MELIPEUCO,3,Gestión de Recursos,Incentivo al buen desempeño.,"Reconocimiento económico que se pagará por el cumplimiento de las metas y resultados, establecidos en un instrumento de evaluación institucional objetivo.",Implementación completa: 100%,0,400000.0,0,0,0,0,0,0,0,400000,False,0.0,False
47285,6021,ESCUELA PARTICULAR CAREN,MELIPEUCO,3,Gestión Pedagógica,Monitorear los aprendizajes,"Se monitorean los aprendizajes de los estudiantes según pruebas establecidas por el ministerio, como así también, evaluaciones de proceso y/o evaluaciones, guías, material tecnológico, como una forma de dar apoyo oportuno a quienes presentan dificultades.",Implementación avanzada: 75% a 99%,0,200000.0,0,0,0,0,0,0,0,200000,False,0.0,False
47286,6021,ESCUELA PARTICULAR CAREN,MELIPEUCO,3,Gestión Pedagógica,Motivar el gusto por la música,"Se buscan estrategias de apoyo en diversas actividades que potencien las habilidades de expresión oral, artístico musical, tanto dentro como fuera del aula.",Implementación avanzada: 75% a 99%,0,350000.0,0,0,0,0,0,0,0,350000,False,0.0,False
47287,6021,ESCUELA PARTICULAR CAREN,MELIPEUCO,3,Liderazgo,Compromiso de padres y apoderados en el aprendizaje de los estudiantes.,"Se generan instancias para comprometer a padres y apoderados en el trabajo con los estudiantes, participando activamente en reuniones y apoyo en los talleres establecidos en la escuela, como una forma de mejorar el aprendizaje de los estudiantes.",Implementación completa: 100%,0,200000.0,0,0,0,0,0,0,0,200000,False,0.0,False
47288,6021,ESCUELA PARTICULAR CAREN,MELIPEUCO,3,Liderazgo,Apoyo en los aprendizajes de los estudiantes.,"Se apoya de manera constante a los estudiantes, buscando nuevas estrategias y redes de apoyo a través de Microcentro de manera de reflexionar y mejorar el desarrollo profesional.",Implementación completa: 100%,0,200000.0,0,0,0,0,0,0,0,200000,False,0.0,False
47289,6023,ESCUELA PARTICULAR PALIHUEPILLAN,MELIPEUCO,3,Convivencia Escolar,Habilidades Comunicativas,"Desarrollar  transversalmente las habilidades comunicativas como: Autenticidad, mente abierta, asertividad, empatía y escuchar; en todas las asignaturas y demostrar mediante obras de teatros, presentaciones, ciudadanía responsable, participación en reuniones OLN, actos entre otras.",Implementación completa: 100%,0,2000000.0,0,0,0,0,0,0,0,2000000,False,0.0,False
47290,6023,ESCUELA PARTICULAR PALIHUEPILLAN,MELIPEUCO,3,Convivencia Escolar,Participación y formación,"Fomentar la participación y la formación de toda la comunidad educativa tanto  en talleres de crecimiento personal para padres y estudiantes solicitando redes de apoyo, como en actividades del establecimiento como, reuniones de apoderados, wetripantu, aniversario, giras pedagógicas entre otras.",Implementación completa: 100%,0,1000000.0,0,0,0,0,0,0,0,1000000,False,0.0,False
47291,6023,ESCUELA PARTICULAR PALIHUEPILLAN,MELIPEUCO,3,Gestión de Recursos,CLIMA ESCOLAR,"Fomentar un ambiente seguro, que sea inclusivo e innovador y que propicie el aprendizaje y desarrollo de los estudiantes: con  salas acogedoras , patio ornamentado, así como toda la infraestructura del establecimiento.",Implementación completa: 100%,0,3000000.0,0,0,0,0,0,0,0,3000000,False,0.0,False
47292,6023,ESCUELA PARTICULAR PALIHUEPILLAN,MELIPEUCO,3,Gestión de Recursos,SELLOS EDUCATIVOS,"Fortalecer los sellos educativos con los recursos materiales y humanos necesarios para su implementación: como salidas pedagógicas, instrumentos musicales mapuches, vestimentas, uniformes, entre otros.",Implementación completa: 100%,0,3000000.0,0,0,0,0,0,0,0,3000000,False,0.0,False
47293,6023,ESCUELA PARTICULAR PALIHUEPILLAN,MELIPEUCO,3,Gestión Pedagógica,APOYO A LA REACTIVACION DEL APRENDIZAJE,"Implementar plan estratégico de lenguaje y matemáticas, para apoyar a los estudiantes con mayores necesidades educativas, solicitando apoyo de especialistas  como fonoaudiólogo para dificultades de lecto - escritura.",Implementación completa: 100%,0,1000000.0,0,0,0,0,0,0,0,1000000,False,0.0,False
47294,6023,ESCUELA PARTICULAR PALIHUEPILLAN,MELIPEUCO,3,Gestión Pedagógica,PRIORIZACION CURRICULAR,"Se fortalecerá el uso correcto de los aspectos del curricular, para favorecer el aprendizaje de los estudiantes, tales como: Planificación curricular; evaluación formativa,  el uso de la tecnología para favorecer el proceso de enseñanza aprendizaje.",Implementación completa: 100%,0,1000000.0,0,0,0,0,0,0,0,1000000,False,0.0,False
47295,6023,ESCUELA PARTICULAR PALIHUEPILLAN,MELIPEUCO,3,Liderazgo,AMBIENTE CULTURAL Y ACADÉMICAMENTE ESTIMULANTE,"Promover el amor por el conocimiento, las artes y el deporte generando un entorno estimulante en toda la comunidad educativa, mediante  actividades como:  - Publicación de un diario escolar:   - Actualización de los diarios murales.  - Promoción del uso habitual de la biblioteca.  - Exposiciones de los trabajos de los estudiantes.  - Talleres o campeonatos deportivos.",Implementación completa: 100%,0,2000000.0,0,0,0,0,0,0,0,2000000,False,0.0,False
47296,6023,ESCUELA PARTICULAR PALIHUEPILLAN,MELIPEUCO,3,Liderazgo,Análisis y reflexión de resultados,"A partir de los resultados de los estudiantes en las pruebas DIA, generar espacios de reflexión  y análisis con el equipo pedagógico, con el propósito de mejorar los resultados y lograr que los estudiantes lleguen en su totalidad al nivel III. Dando a conocer a la comunidad educativa de los logros.",Implementación completa: 100%,0,1000000.0,0,0,0,0,0,0,0,1000000,False,0.0,False
47297,6024,ESCUELA PARTICULAR EL RETIRO,MELIPEUCO,3,Convivencia Escolar,Potenciando el rescate de nuestras tradiciones ancestrales,"El establecimiento potencia la identidad y fortalece la cultura de los pueblos originarios ancestrales, a través de actividades culturales de participación y formación valórica familiar, como We Tripantu, trafkintu, palin, alimentación etc., con el apoyo del educador tradicional y la comunidad educativa.",Implementación avanzada: 75% a 99%,0,200000.0,0,0,0,0,0,0,0,200000,False,0.0,False
47298,6024,ESCUELA PARTICULAR EL RETIRO,MELIPEUCO,3,Convivencia Escolar,Habilidades formativas entre pares.,"Se incorporan actividades de colaboración y trabajo en equipo en el aula, que fomenten el respeto mutuo, la comunicación efectiva, la resolución pacífica de conflictos y otras habilidades socioemocionales",Implementación avanzada: 75% a 99%,0,150000.0,0,0,0,0,0,0,0,150000,False,0.0,False
47299,6024,ESCUELA PARTICULAR EL RETIRO,MELIPEUCO,3,Gestión de Recursos,Potenciar el aprendizaje de los estudiantes e incentivo a la labor docente.,"El establecimiento cuenta con los recursos didácticos, tecnológicos y educativos, e insumos suficientes para potenciar el aprendizaje de todos los estudiantes y promueve su uso. También se otorga un bono de reconocimiento al docente por su interés al desarrollo profesional y su gestión pedagógica desarrollada en función de metas y resultados.",Implementación avanzada: 75% a 99%,0,150000.0,0,0,0,0,0,0,0,150000,False,0.0,False
47300,6024,ESCUELA PARTICULAR EL RETIRO,MELIPEUCO,3,Gestión de Recursos,Cobertura curricular y asistencia.,"Facilitar la asistencia de los estudiantes a través del acercamiento de estos a su establecimiento educacional que asegure la cobertura curricular, y otros, garantizando así los procesos en un ambiente seguro y propicio en función del desarrollo integral de los estudiantes  para su aprendizaje de calidad.",Implementación avanzada: 75% a 99%,0,800000.0,0,0,0,0,0,0,0,800000,False,0.0,False
47301,6024,ESCUELA PARTICULAR EL RETIRO,MELIPEUCO,3,Gestión Pedagógica,Metodología variadas en el aprendizaje.,"Diseñar actividades que permitan a los estudiantes desarrollar y demostrar competencias específicas, como el pensamiento crítico, la resolución de problemas, la comunicación efectiva y la creatividad. Estas actividades deben ser desafiantes y adaptadas a las necesidades individuales de los estudiantes.",Implementación avanzada: 75% a 99%,0,800000.0,0,0,0,0,0,0,0,800000,False,0.0,False
47302,6024,ESCUELA PARTICULAR EL RETIRO,MELIPEUCO,3,Gestión Pedagógica,Estrategias interactivas y diversificadas.,"Implementar estrategias que fomente la participación activa de los estudiantes en su propio proceso de aprendizaje, como debates, juegos de roles, simulaciones, experimentos prácticos, entre otros. Esto les permite construir su conocimiento de manera significativa y reflexionar sobre sus propios aprendizajes.",Implementación avanzada: 75% a 99%,0,250000.0,0,0,0,0,0,0,0,250000,False,0.0,False
47303,6024,ESCUELA PARTICULAR EL RETIRO,MELIPEUCO,3,Liderazgo,Intercambio de experiencias educativas en el Microcentro,"La docente fortalece su desarrollo profesional participando en reuniones de microcentro orientadas al intercambio de experiencias, a la reflexión de las prácticas pedagógica y a la participación colaborativa, con el fin de mejorar sus habilidades para organizar estrategias de enseñanza y aprendizaje asegurando así las trayectorias educativas de los estudiantes y el buen funcionamiento.",Implementación avanzada: 75% a 99%,0,0.0,0,0,0,0,0,0,0,0,False,0.0,False
47304,6024,ESCUELA PARTICULAR EL RETIRO,MELIPEUCO,3,Liderazgo,Oportunidad para crecer y mejorar,"La docente fomenta una cultura en la que los estudiantes vean la retroalimentación como una oportunidad para crecer y mejorar,  mediante el reconocimiento del esfuerzo y el progreso de los estudiantes, así como la celebración de los logros alcanzados.",Implementación avanzada: 75% a 99%,0,150000.0,0,0,0,0,0,0,0,150000,False,0.0,False
70552,9499,ESCUELA HOGAR DE CIEGOS SANTA LUCIA,LA CISTERNA,3,Convivencia Escolar,Premiación y reconocimiento escolarr.,"Equipo directivo, docentes generan Instancias de reconocimiento de avances y de participación en actividades diversa a través de la entrega de diplomas, medallas y otros según corresponda.",Implementación completa: 100%,0,0.0,0,0,0,0,0,0,0,0,False,0.0,False
70553,9499,ESCUELA HOGAR DE CIEGOS SANTA LUCIA,LA CISTERNA,3,Convivencia Escolar,Formando ciudadanos,"Equipo de docentes organizan instancias que promuevan la democracia, participación ciudadana y derechos humanos de estudiantes para su adecuada vida en comunidad.",Implementación adecuada: 50% a 74%,0,0.0,0,0,0,0,0,0,0,0,False,0.0,False
70554,9499,ESCUELA HOGAR DE CIEGOS SANTA LUCIA,LA CISTERNA,3,Convivencia Escolar,Plan de gestión de convivencia,Encargada de la convivencia planifica diversas actividades que promuevan la buena convivencia escolar  entre los diversos actores de la comunidad.,Implementación avanzada: 75% a 99%,0,0.0,0,0,0,0,0,0,0,0,False,0.0,False
70555,9499,ESCUELA HOGAR DE CIEGOS SANTA LUCIA,LA CISTERNA,3,Convivencia Escolar,Cápsulas de viaje,Creación y/o búsqueda de herramientas para apoyar a las familias en temáticas relativas a crianza.,Implementación adecuada: 50% a 74%,0,0.0,0,0,0,0,0,0,0,0,False,0.0,False
70556,9499,ESCUELA HOGAR DE CIEGOS SANTA LUCIA,LA CISTERNA,3,Convivencia Escolar,Plan integral de seguridad escolar,Equipo de gestión realiza una serie de actualizaciones al plan de seguridad escolar incorporando nuevos actores y estrategias que favorezcan su correcta ejecución.,Implementación completa: 100%,0,0.0,0,0,0,0,0,0,0,0,False,0.0,False
70557,9499,ESCUELA HOGAR DE CIEGOS SANTA LUCIA,LA CISTERNA,3,Gestión de Recursos,Perfeccionamiento y capacitación del equipo profesional,"Equipo directivo, genera acciones de fortalecimiento profesional a partir del levantamiento de necesidades que requiere el equipo de docentes fortaleciendo el plan de formación profesional como normativa.",Implementación completa: 100%,0,0.0,0,0,0,0,0,0,0,0,False,0.0,False
70558,9499,ESCUELA HOGAR DE CIEGOS SANTA LUCIA,LA CISTERNA,3,Gestión de Recursos,Gestión de matrícula y asistencia,Equipo directivo ejecuta acciones para identificar a aquellos estudiantes con baja asistencia y las remediales a ejecutar.,Implementación completa: 100%,0,0.0,0,0,0,0,0,0,0,0,False,0.0,False
70559,9499,ESCUELA HOGAR DE CIEGOS SANTA LUCIA,LA CISTERNA,3,Gestión de Recursos,Contratación de personal,"Equipo directivo realiza la contratación del personal, ya sean docentes, especialistas y técnicos de acuerdo a los requerimientos de la matrícula.",Implementación completa: 100%,0,0.0,0,0,0,0,0,0,0,0,False,0.0,False
70560,9499,ESCUELA HOGAR DE CIEGOS SANTA LUCIA,LA CISTERNA,3,Gestión Pedagógica,Monitoreo de la progresión de objetivos,"Unidad técnico pedagógica elabora un sistema de monitoreo de los resultados académicos planteados por los objetivos diversificados de los estudiantes, estableciendo un registro de los avances a partir de la cobertura curricular y los planes de adecuaciones curriculares, además de los logros de proceso para poder implementar acciones remediales cuando se requiera.",Implementación completa: 100%,0,0.0,0,0,0,0,0,0,0,0,False,0.0,False
70561,9499,ESCUELA HOGAR DE CIEGOS SANTA LUCIA,LA CISTERNA,3,Gestión Pedagógica,Potenciar trabajo colaborativo,"Los docentes se reúnen organizando sus tiempos no lectivos con la finalidad de tener espacios colaborativos en función de la diversificación de la enseñanza por áreas, teniendo en cuenta las necesidades educativas especiales.",Implementación completa: 100%,0,0.0,0,0,0,0,0,0,0,0,False,0.0,False
70562,9499,ESCUELA HOGAR DE CIEGOS SANTA LUCIA,LA CISTERNA,3,Gestión Pedagógica,Plan de escritura en braille y fomento lector,"Docentes y asistentes desarrollan plan lector en forma personalizada y grupal, tanto en letoescritura en braille como en tinta, propuesto por las docentes especialistas para atender las necesidades de nuestros estudiantes, mejorando las habilidades de lectura.",Implementación completa: 100%,0,0.0,0,0,0,0,0,0,0,0,False,0.0,False
70563,9499,ESCUELA HOGAR DE CIEGOS SANTA LUCIA,LA CISTERNA,3,Gestión Pedagógica,Salidas pedagógicas,"Equipo de docentes Realizar diversas salidas pedagógicas que promuevan el aprendizaje en diversos contextos donde los estudiantes disfruten experiencias de cultura, ciencia, literatura, deporte y esparcimiento.",Implementación completa: 100%,0,0.0,0,0,0,0,0,0,0,0,False,0.0,False
70564,9499,ESCUELA HOGAR DE CIEGOS SANTA LUCIA,LA CISTERNA,3,Gestión Pedagógica,Taller de habilidades de la vida diaria,"El equipo de especialistas ejecuta acciones de acuerdo a las necesidades de los estudiantes en rutina de aseo, vestuario, alimentación, entre otras.",Implementación completa: 100%,0,0.0,0,0,0,0,0,0,0,0,False,0.0,False
70565,9499,ESCUELA HOGAR DE CIEGOS SANTA LUCIA,LA CISTERNA,3,Gestión Pedagógica,Taller de Orientación y movilidad,"Equipo de especialistas implementan en taller dentro de la carga horaria de los estudiantes, dado que necesitan utilizar técnicas de O y M. para desplazarse en diversos contextos.",Implementación completa: 100%,0,0.0,0,0,0,0,0,0,0,0,False,0.0,False
70566,9499,ESCUELA HOGAR DE CIEGOS SANTA LUCIA,LA CISTERNA,3,Gestión Pedagógica,Acompañamiento en el aula,"El equipo de gestión acompaña al docente en las prácticas efectivas, a través de pautas de observación con descriptores, reflexión y retroalimentación.",Implementación completa: 100%,0,0.0,0,0,0,0,0,0,0,0,False,0.0,False
70567,9499,ESCUELA HOGAR DE CIEGOS SANTA LUCIA,LA CISTERNA,3,Gestión Pedagógica,Nivelación de las matemáticas,"Unidad técnico-pedagógica en conjunto con docentes realizan plan matemático en cálculo mental, operatoria básica y resolución en problema en las clases de matemática.",Implementación adecuada: 50% a 74%,0,0.0,0,0,0,0,0,0,0,0,False,0.0,False
70568,9499,ESCUELA HOGAR DE CIEGOS SANTA LUCIA,LA CISTERNA,3,Liderazgo,Difusión y monitoreo PME,"Equipo directivo realiza cuatro reuniones donde especifica las acciones que se implementan en el   PME, fases estratégicas, objetivos estratégicos, avance plan anual,  implementación, evidencias, mejoras, propuestas de trabajo y otros aspectos relevantes",Implementación avanzada: 75% a 99%,0,0.0,0,0,0,0,0,0,0,0,False,0.0,False
70569,9499,ESCUELA HOGAR DE CIEGOS SANTA LUCIA,LA CISTERNA,3,Liderazgo,Liderazgo distributivo,"Orientaciones de trabajo sistemático definiendo las prioridades y metas educativas en reuniones formativas, reflexivas, pedagógicas, administrativas y de análisis y de manera de atender a nuestra comunidad y a la organización de todos.",Implementación completa: 100%,0,0.0,0,0,0,0,0,0,0,0,False,0.0,False
72388,9693,LICEO POLITECNICO CIENCIA Y TECNOLOGIA,LA CISTERNA,2,Convivencia Escolar,FORMACIÓN PARA LA PREVENCION,"Formar a funcionarios, estudiantes, apoderados en temas de Convivencia como; Formación Ciudadana, Violencia Escolar, Ciberbulling, Prevención de Drogas, y alcohol; capacitación en liderazgo estudiantil.",Implementación completa: 100%,0,4000000.0,0,0,0,0,0,0,0,4000000,False,0.0,False
72389,9693,LICEO POLITECNICO CIENCIA Y TECNOLOGIA,LA CISTERNA,2,Convivencia Escolar,ACTIVIDADES EXTRA ESCOLARES,"Realizar actividades masivas apropiación PE; aniversarios, bienvenida primeros medios, presentaciones artísticas, musicales, culturales, deportivas, ecológicas, y talleres; artísticos, deportivos, culturales, intercultural, danza, orquesta big band que promueven nuestro PEI dentro y fuera del liceo, fortaleciendo la convivencia escolar, en entornos preventivos, saludables, acogedores y seguros",Implementación completa: 100%,0,30000000.0,0,0,0,0,0,0,0,30000000,False,0.0,False
72390,9693,LICEO POLITECNICO CIENCIA Y TECNOLOGIA,LA CISTERNA,2,Convivencia Escolar,ORQUESTA BIGBAND,"Realizar talleres artísticos, musicales como forma de promover PEI, fortaleciendo la convivencia escolar con entornos, preventivos, saludables, y seguros, junto al mantenimiento de medios y equipos musicales",Implementación completa: 100%,0,15000000.0,0,0,5000000,0,0,0,0,20000000,False,0.0,False
72391,9693,LICEO POLITECNICO CIENCIA Y TECNOLOGIA,LA CISTERNA,2,Gestión de Recursos,"MANTENCION, IMPLEMENTACION Y EQUIPOS","Incorporar herramientas medios tecnológicos, digitales, simuladores, virtuales y de las ciencias, que beneficien el desarrollo de actividades académicas, técnicas y experimentación científica, en ambiente seguro para comunidad educativa; junto con optimizar equipamiento de espacios educativos del liceo, contando con RRHH específicos para apoyo de las actividades, mantención de medios y equipos",Implementación completa: 100%,0,144000000.0,0,0,0,0,0,0,0,144000000,False,0.0,False
72392,9693,LICEO POLITECNICO CIENCIA Y TECNOLOGIA,LA CISTERNA,2,Gestión de Recursos,APOYO ESCOLAR,"Realizar acciones que beneficien el desarrollo de las actividades académicas en un ambiente seguro para comunidad educativa; junto con optimizar equipamiento de los espacios educativos, contando con el RRHH especifico, tanto para el apoyo de las actividades académicas y técnicas, apoyo escolar, CRA, apoyo informático, apoyo salud.",Implementación completa: 100%,0,90000000.0,0,0,0,0,0,0,0,90000000,False,0.0,False
72393,9693,LICEO POLITECNICO CIENCIA Y TECNOLOGIA,LA CISTERNA,2,Gestión Pedagógica,FORTALECIENDO COMPETENCIAS TÉCNICAS EN EL AULA,"Estudiantes de 1° a 4° medio son apoyados por docentes del área técnica, en cada una de las especialidades Técnico Profesional, a fin de fortalecer competencias técnicas a desarrollar en Talleres y laboratorios, junto al uso de equipos y medios para la prevención de riesgos y el auto-cuidado personal.",Implementación completa: 100%,0,97000000.0,0,0,0,0,0,0,0,97000000,False,0.0,False
72394,9693,LICEO POLITECNICO CIENCIA Y TECNOLOGIA,LA CISTERNA,2,Gestión Pedagógica,Proyecto ADECO,"Implementación del programa ADECO, a través de su proyecto de acompañamiento al aula para el desarrollo de mejoras metodológicas en el ámbito de la retroalimentación oportuna y diversificada.",Implementación inicial: 1% a 24%,0,1000000.0,0,0,0,0,0,0,0,1000000,False,0.0,False
72395,9693,LICEO POLITECNICO CIENCIA Y TECNOLOGIA,LA CISTERNA,2,Gestión Pedagógica,APOYO y ACOMPAÑAMIENTO PEDAGÓGICO,"Brindar apoyo a través de docentes y profesionales, a aquellos estudiantes que presentan bajos niveles de logro en sus aprendizajes en; lenguaje, matemáticas, ciencia e Ingles; como también apoyo de otros profesionales a estudiantes con NEE.",Implementación completa: 100%,0,25500000.0,0,0,0,0,0,0,0,25500000,False,0.0,False
72396,9693,LICEO POLITECNICO CIENCIA Y TECNOLOGIA,LA CISTERNA,2,Gestión Pedagógica,FORTALECIENDO COMPETENCIAS PROFESIONALES,"Gestionar perfeccionamiento, capacitación y/o actualización docente pedagógica-técnica, en concordancia a necesidades de docentes y asistentes educación, identificadas a través de instrumentos recolección información.",Implementación completa: 100%,0,12400000.0,0,0,0,0,0,0,0,12400000,False,0.0,False
72397,9693,LICEO POLITECNICO CIENCIA Y TECNOLOGIA,LA CISTERNA,2,Gestión Pedagógica,SALIDAS PEDAGÓGICAS,"Concretar al menos una salida Técnico pedagógica presencial durante primer y segundo semestre, para todos los estudiantes, complementando y fortaleciendo sus áreas de conocimiento y propendiendo el desarrollo integral de sus aprendizajes, intencionando la articulación con otras asignaturas y/o módulos de especialidad",Implementación completa: 100%,0,16000000.0,0,0,0,0,0,0,0,16000000,False,0.0,False
72398,9693,LICEO POLITECNICO CIENCIA Y TECNOLOGIA,LA CISTERNA,2,Liderazgo,PROYECTANDO LAS PRACTICAS PROFESIONALES,"En base a misión, visión, sellos PEI, U.Producción, Jefes Especialidad, Dupla psicosocial y redes apoyo publico-privadas; establecen estrategias de apoyo a la formación profesional de estudiantes a través; capacitación, charlas, Jornadas laborales y salidas técnico pedagógicas, a fin de crear identidad con PEI, y acompañamiento al proceso práctica profesional.",Implementación completa: 100%,0,2000000.0,0,0,0,0,0,0,0,2000000,False,0.0,False
72399,9693,LICEO POLITECNICO CIENCIA Y TECNOLOGIA,LA CISTERNA,2,Liderazgo,APOYO PSICOSOCIAL A LOS ESTUDIANTES,"Apoyo socioemocional y de contención a todos los estudiantes del Liceo derivados de orientación, a través de atención, charlas, vínculo con redes de apoyo para estudiantes que presentan dificultades socioemocionales, de adaptación y conductas disruptivas, que afectan su proceso enseñanza aprendizaje.",Implementación completa: 100%,0,40500000.0,0,0,0,0,0,0,0,40500000,False,0.0,False
72400,9693,LICEO POLITECNICO CIENCIA Y TECNOLOGIA,LA CISTERNA,2,Liderazgo,JORNADA PUERTAS ABIERTAS-DIFUSIÓN PEI,"Unidad Producción, Jefes Dpto y Especialidad, organizan, planifican y realizan jornada de difusión del PEI a la comunidad denominada Puertas Abiertas. Preparan y presentan muestra practica de asignaturas F.G y módulos T.P, donde estudiantes demuestran sus habilidades blandas y transmiten sus conocimientos y apropiación de PEI tanto dentro como fuera del liceo (muestra itinerante)",Implementación completa: 100%,0,4000000.0,0,0,0,0,0,0,0,4000000,False,0.0,False
72401,9693,LICEO POLITECNICO CIENCIA Y TECNOLOGIA,LA CISTERNA,2,Liderazgo,PREVENCIÓN Y SEGUIMIENTO,"Equipo directivo lidera consejos de seguimiento de todos los cursos de 1° a 4° medio, con objetivo de recolectar datos y tomar decisiones de mejoramiento en relación a rendimiento académico, ámbito socio emocional, clima de aula, asistencia y revinculación.",Implementación completa: 100%,0,1000000.0,0,0,0,0,0,0,0,1000000,False,0.0,False
72445,9699,COLEGIO NACIONES UNIDAS,LA CISTERNA,2,Convivencia Escolar,Actividades recreativas N° 12,Implementación de actividades lúdicas y recreativas que fomenten la participación de las y los estudiantes con el fin de prevenir y evitar situaciones agresivas o violentas permitiendo mejorar la convivencia escolar y la salud mental,Implementación completa: 100%,0,0.0,0,0,0,0,0,0,0,0,False,0.0,False
72446,9699,COLEGIO NACIONES UNIDAS,LA CISTERNA,2,Convivencia Escolar,Acompañamiento y monitoreo de asistencia y deserción escolar N° 14,"Desarrollo de un plan de trabajo psicosocial que permita monitorear y hacer seguimiento de estudiantes inasistentes y con riesgos de deserción, generar acciones para la retención y mejora de asistencia, desarrollar informes que den cuenta de los avances en la ejecución de los planes.",Implementación completa: 100%,0,25000000.0,0,0,0,0,0,0,0,25000000,False,0.0,False
72447,9699,COLEGIO NACIONES UNIDAS,LA CISTERNA,2,Convivencia Escolar,Mediación N°15,"Formar de 1° a 8° básico ,un estudiante mediador por nivel quien mediara en conflictos de menor intensidad, que se produzcan al interior de su curso, utilizando procedimientos como el arbitraje, y conciliación, a través de la contratación de servicios especializados que desarrollen conocimientos y habilidades en algunos miembros de la comunidad.",Implementación avanzada: 75% a 99%,0,3000000.0,0,0,0,0,0,0,0,3000000,False,0.0,False
72448,9699,COLEGIO NACIONES UNIDAS,LA CISTERNA,2,Convivencia Escolar,Realización de talleres extraescolares N° 16,"Desarrollo de talleres extraescolares: huertos comunitarios, música, folclor, deportes, idiomas, artes, teatro, tenis de mesa, gimnasia rítmica, basquetbol u otros, procurando crear un ambiente adecuado para su realización, desarrollo y cierre, manteniendo la organización, información, sentido de pertenencia  e identidad en las actividades del establecimiento. Premiación de estudiantes en talleres",Implementación completa: 100%,0,10000000.0,0,0,0,0,0,0,0,10000000,False,0.0,False
72449,9699,COLEGIO NACIONES UNIDAS,LA CISTERNA,2,Convivencia Escolar,Contención socioemocional N°13,"Planificación y realización de al menos 1 taller de contención socioemocional para los distintos cursos por semestre. 1 taller para los distintos estamentos de la comunidad educativa del establecimiento educacional en el año. Elaboración de un plan de acción para poder enfrentar necesidades de contención socioemocional para los distintos estamentos con protocolos, actividades, instrumentos.",Implementación completa: 100%,0,2000000.0,0,0,0,0,0,0,0,2000000,False,0.0,False
72450,9699,COLEGIO NACIONES UNIDAS,LA CISTERNA,2,Gestión de Recursos,Facilitador Aprendizaje: Encargado de plataformas N° 18,"Responsable de la administración de los canales comunicacionales y digitales que permiten el acceso al aprendizaje de los estudiantes y enlace entre los actores de la comunidad educativa,",Implementación completa: 100%,0,9500000.0,0,0,0,0,0,0,0,9500000,False,0.0,False
72451,9699,COLEGIO NACIONES UNIDAS,LA CISTERNA,2,Gestión de Recursos,"Provisión de recursos administrativos, educativos y de enseñanza N° 17","El establecimiento, a través de apoyo administrativo, provisiona adecuadamente recursos educativos, recursos tecnológicos, mochilas para notebooks, material didáctico y materiales de enseñanza durante el año 2024",Implementación completa: 100%,0,117000000.0,0,0,0,0,0,0,0,117000000,False,0.0,False
72452,9699,COLEGIO NACIONES UNIDAS,LA CISTERNA,2,Gestión Pedagógica,Intercambio y reflexión de Prácticas Pedagógicas N° 2,"Fortalecimiento de las prácticas docentes y actividades pedagógicas comunes entre los profesores del mismo nivel y/o área, inclinándose a asegurar la cobertura curricular, mejorar el nivel de logro de los aprendizajes a través de lineamientos pedagógicos que permitan organizar los aprendizajes de los y las estudiantes.",Implementación completa: 100%,0,3000000.0,0,0,0,0,0,0,0,3000000,False,0.0,False
72453,9699,COLEGIO NACIONES UNIDAS,LA CISTERNA,2,Gestión Pedagógica,Acompañamiento al aula.   N°1,"Implementación de un Plan de acompañamiento pedagógico mediante la revisión curricular evaluativa y observación del aula, que permita evidenciar las necesidades pedagógicas de los y las docentes para el desarrollo de los procesos de enseñanza y aprendizaje que promuevan la mejora de las prácticas pedagógicas, para la reactivación educativa y fortalecimiento de los aprendizajes.",Implementación avanzada: 75% a 99%,0,2000000.0,0,0,0,0,0,0,0,2000000,False,0.0,False
72454,9699,COLEGIO NACIONES UNIDAS,LA CISTERNA,2,Gestión Pedagógica,Plan Lector    N°4,"Implementación de práctica continua de lectura de los niños y niñas de 1° a 8° año básico, fomentando el interés por la lectura e incremento del vocabulario y procesos cognitivos superiores. A  través de un plan lector y seguimiento de procesos de velocidad y calidad lectora implementado por la encargada CRA.",Implementación completa: 100%,0,1500000.0,0,0,0,0,0,0,0,1500000,False,0.0,False
72455,9699,COLEGIO NACIONES UNIDAS,LA CISTERNA,2,Gestión Pedagógica,Salidas pedagógicas N°6,"Realización de una salida pedagógica semestral por curso, que permitan reforzar y fortalecer los aprendizajes y  potenciar el bienestar emocional,  para desarrollar la formación integral de los y las estudiantes.",Implementación completa: 100%,0,6000000.0,0,0,0,0,0,0,0,6000000,False,0.0,False
72456,9699,COLEGIO NACIONES UNIDAS,LA CISTERNA,2,Gestión Pedagógica,Trabajo Colaborativo PIE N°5,"Desarrollo de reuniones reflexivas entre los y las docentes de asignaturas y educadores diferencial, para coordinar estrategias de co-docencia y el trabajo colaborativo que den respuesta a las necesidades de los y las estudiantes del PIE y de todos los estudiantes, para la movilidad y fortalecimiento de los aprendizajes de los y las estudiantes.",Implementación completa: 100%,0,5000000.0,0,0,0,0,0,0,0,5000000,False,0.0,False
72457,9699,COLEGIO NACIONES UNIDAS,LA CISTERNA,2,Gestión Pedagógica,Atendiendo a la diversidad    N°7,"Implementación de acompañamiento y apoyo a estudiantes con NEE, que exceden a los niños y niñas pertenecientes al programa de integración escolar y/o que ante diagnóstico y condición requiere de mayor tiempo de trabajo y apoyo por parte de un o una terapeuta ocupacional, permitiendo fortalecer los aprendizajes integrales de los estudiantes.",Implementación completa: 100%,0,10000000.0,0,0,0,0,0,0,0,10000000,False,0.0,False
72458,9699,COLEGIO NACIONES UNIDAS,LA CISTERNA,2,Gestión Pedagógica,Apoyo académico a estudiantes N°3,"Contratación de apoyo y asistencia en el aula de personal técnico de 1ero a 4to básico y  apoyo técnico a UTP de profesional docente con 44 horas, a fin de fortalecer los aprendizajes de los y las estudiantes del establecimiento.",Implementación completa: 100%,0,25000000.0,0,0,0,0,0,0,0,25000000,False,0.0,False
72459,9699,COLEGIO NACIONES UNIDAS,LA CISTERNA,2,Liderazgo,Instalación del uso de datos para la toma de decisiones educativas N°9,"Utilización, por parte del Director,  de información entregada en reuniones de trabajo del Equipo directivo, de gestión, profesional o técnico, para recopilar y analizar datos, que sirvan como herramienta clave para la toma de decisiones educativas, que permitan el logro de los objetivos institucionales.",Implementación completa: 100%,0,5000000.0,0,0,0,0,0,0,0,5000000,False,0.0,False
72460,9699,COLEGIO NACIONES UNIDAS,LA CISTERNA,2,Liderazgo,Comunicación efectiva N°8,"El Director y el Equipo Directivo instalan un sistema para que el flujo de información sea efectivo, ,congregando a los miembros de la comunidad educativa para que compartan las orientaciones, prioridades y metas declaradas en el PEI, PME y normativas fortaleciendo el desarrollo de una mirada compartida en todos los miembros de la comunidad.",Implementación completa: 100%,0,0.0,0,0,0,0,0,0,0,0,False,0.0,False
72461,9699,COLEGIO NACIONES UNIDAS,LA CISTERNA,2,Liderazgo,Monitoreo y seguimiento N° 11,"Realización de al menos un monitoreo y un seguimiento semestral por parte de la coordinación Ley Sep. comunal, a los planes de gastos, compras y pagos de los 8 establecimientos con el objeto de asegurar la correcta ejecución de dichos procesos.",Implementación completa: 100%,0,0.0,0,0,0,0,0,0,0,0,False,0.0,False
72462,9699,COLEGIO NACIONES UNIDAS,LA CISTERNA,2,Liderazgo,Reuniones técnicas con directores.   N°10,"El Sostenedor mantiene una comunicación constante y sistemática con los directores de los establecimientos educacionales, mediante reuniones técnicas semanales, con la finalidad de analizar el funcionamiento interno de Escuelas y Liceo, tomar decisiones e introducir mejoras.",Implementación completa: 100%,0,0.0,0,0,0,0,0,0,0,0,False,0.0,False
72463,9700,COLEGIO PALESTINO,LA CISTERNA,2,Convivencia Escolar,10.- Fortalecimiento de los objetivos transversales y la formación emocional social.,"Fortalecer el desarrollo emocional-social de todos/as las estudiantes, mediante la ejecución del Programa THADES (Programa de Talleres de habilidades de destrezas emocionales y sociales), incorporado 2 horas de trabajo de taller en aula, a través de horas JEC, desde 3° a 8°, a cargo del profesor jefe y profesional de convivencia, con trabajo en equipos de aula, de análisis de casos y entrevistas.",Implementación completa: 100%,0,3500000.0,0,0,0,0,0,0,0,3500000,False,0.0,False
72464,9700,COLEGIO PALESTINO,LA CISTERNA,2,Convivencia Escolar,8.- Formando actitudes pro-sociales para cuidar la vida democrática.,"Determinar participativamente la existencia de protocolos socializados que permitan intervenir formativamente en las faltas a nuestro RICE y faciliten mediante su respeto una actitud prosocial que disminuya las actitudes y comportamientos que atenten contra la sana convivencia, dentro del establecimiento, respondiendo a nuestro sello, cívico, comunitario y multicultural.",Implementación avanzada: 75% a 99%,0,0.0,0,0,0,0,0,0,0,0,False,0.0,False
72465,9700,COLEGIO PALESTINO,LA CISTERNA,2,Convivencia Escolar,9.- Comunicación efectiva con la comunidad educativa.,"Garantizar el conocimiento, socialización y cumplimiento de los protocolos de convivencia escolar 2024, a partir de una comunicación efectiva con la comunidad educativa, mediante diferentes canales, reuniones presenciales, redes sociales, página web del colegio, etc., promoviendo e incentivando la participación de al menos un 50% de apoderados, en al actividades masivas del colegio.",Implementación avanzada: 75% a 99%,0,3000000.0,0,0,0,0,0,0,0,3000000,False,0.0,False
72466,9700,COLEGIO PALESTINO,LA CISTERNA,2,Convivencia Escolar,7.- Comunidad educativa participativa y comprometida.,"Promover e incentivar la participación y compromiso de los apoderados, invitándoles a asistir actividades comunitarias, planificadas y ejecutadas durante el año, tales como: elección de CCPP y de CCAA, aniversario, día de la multiculturalidad, actividades masivas, premiaciones, actos cívicos y licenciaturas, entre otras, fortaleciendo un trabajo colaborativo, clima de compañerismo, entre todos.",Implementación avanzada: 75% a 99%,0,6500000.0,0,0,0,0,0,0,0,6500000,False,0.0,False
72467,9700,COLEGIO PALESTINO,LA CISTERNA,2,Gestión de Recursos,"12.- Seguridad escolar, vida sana y saludable.","Mejorar el aprendizaje de todos y todas las estudiantes y resultados de los IDPS, resguardando su salud física, mental y social, mediante la adquisición de implementos y equipos necesarios para atender las necesidades emergentes de la comunidad educativa; además de favorecer la capacitación del personal que pueda atender dichas emergencias y situaciones de riesgo, durante el año escolar.",Implementación adecuada: 50% a 74%,0,4000000.0,0,0,0,0,0,0,0,4000000,False,0.0,False
72468,9700,COLEGIO PALESTINO,LA CISTERNA,2,Gestión de Recursos,11.-Optimizando la Gestión de Recursos.,"Reforzar los aprendizajes de manera efectiva, optimizando la gestión de los recursos humanos y materiales necesarios para la implementación de las acciones del PME 2024, supervisando el cumplimento de las metas anuales y, a través de esto, fortalecer el desarrollo de nuestro PEI y sello institucional, mediante la contratación de administrativo SEP, dupla psicosocial y encargado de computación.",Implementación completa: 100%,0,56343885.0,0,0,0,0,0,0,0,56343885,False,0.0,False
72469,9700,COLEGIO PALESTINO,LA CISTERNA,2,Gestión Pedagógica,"1.- Acompañamiento, Autoevaluación y retroalimentación de la práctica pedagógica.","Implementar un procedimiento ordenado, sistemático y calendarizado de apoyo, orientación y acompañamiento desde la UTP al trabajo de todos/as docentes, con reuniones permanentes en las que se entreguen orientaciones técnicas que permitan mejorar la práctica pedagógica y el aprendizaje de los/as estudiantes, a través de planificaciones que incorporen habilidades (DAS), Talleres JEC con ABP e IA.",Implementación avanzada: 75% a 99%,0,24430000.0,0,0,0,0,0,0,0,24430000,False,0.0,False
72470,9700,COLEGIO PALESTINO,LA CISTERNA,2,Gestión Pedagógica,2.- Evaluación y monitoreo del nivel de Aprendizaje de los estudiantes.,"Monitorear por medio de la aplicación de Instrumentos de conocimiento y comprensión del aprendizaje (ICCA), con tabla de especificaciones,  rubricas y/o escalas cualitativas el aprendizaje en lenguaje, matemática  y velocidad lectora, según lineamientos de la UTP, a través de la prueba DIA y de calidad lectora, al menos 2 veces al año para  mejorar los resultados de todos los estudiantes.",Implementación adecuada: 50% a 74%,0,4500000.0,0,0,0,0,0,0,0,4500000,False,0.0,False
72471,9700,COLEGIO PALESTINO,LA CISTERNA,2,Gestión Pedagógica,3.- Aprendizaje Inclusivo.,"Instalar procedimientos unificados de coordinación y lineamientos técnicos, entre la UTP, profesionales PIE y profesores de aula regular, mediante trabajo colaborativo e interdisciplinario que permita atender a todos los estudiantes con NEET y NEEP y avanzar en su aprendizaje conforme a su ritmo y diagnóstico, incorporando DUA , estrategias diversificadas y eliminar o disminuir barreras de acceso.",Implementación avanzada: 75% a 99%,0,3000000.0,0,0,0,0,0,0,0,3000000,False,0.0,False
72472,9700,COLEGIO PALESTINO,LA CISTERNA,2,Gestión Pedagógica,4.- Trabajo colaborativo e interdisciplinario.,"Implementar un trabajo colaborativo e interdisciplinario entre profesores, convivencia, inspectoría, PIE y Educadoras  que apoye el aprendizaje en el área cognitiva y emocional-social de todos/as estudiantes ( TALLERES THADES en JEC) y jornadas en equipos de aula, con 1 hora adicional de contrato para cada profesor jefe, que permita analizar casos, entrevistar y comprometer a los apoderados.",Implementación avanzada: 75% a 99%,0,4500000.0,0,0,0,0,0,0,0,4500000,False,0.0,False
72473,9700,COLEGIO PALESTINO,LA CISTERNA,2,Liderazgo,6.- Liderazgo e Innovación Pedagógica.,"Liderar la ejecución de un PLFDPD de innovación pedagógica desde PK a 8° básico, con aportes de la neurociencia (Circuito neurofisiológico de la motivación para el aprendizaje, DAS, ABP, THADES, EPA Y TECNOLOGIA), participando en el PROYECTO ADECO y  coordinar el proceso de transición educativa, que mejore las practicas de enseñanza permita el desarrollo de habilidades de todos los estudiantes.",Implementación completa: 100%,0,15500000.0,0,1650000,0,0,0,0,0,17150000,False,0.0,False
72474,9700,COLEGIO PALESTINO,LA CISTERNA,2,Liderazgo,5.- Monitoreo y Seguimiento DEM.,"Implementación de procedimientos de coordinación entre DEPROV, DEM, Equipo Directivo y de Gestión, que permitan asesorar, supervisar y acompañar en el proceso de implementación del PEI, PME, y Planes Normativos, al igual que el plan de ingresos y gastos del Establecimiento, con objeto de mejorar los procesos y asegurar el aprendizaje, a partir de la planificación estratégica.",Implementación avanzada: 75% a 99%,0,9512111.0,0,0,0,0,0,0,0,9512111,False,0.0,False
72475,9701,LICEO POLIVALENTE OLOF PALME,LA CISTERNA,2,Convivencia Escolar,PLAN INTEGRAL DE SEGURIDAD ESCOLAR,"Mejoramiento con liderazgo del Inspector General, de prácticas de prevención de riesgos y protocolos de autocuidado, ejecutando instancias de sensibilización, difusión y jornadas de capacitación, monitoreando bimestralmente los avances y dificultades a fin de optimizar la seguridad de la comunidad, incluyendo instalación,  mantención de la red eléctrica y mantenimiento del establecimiento.",Implementación completa: 100%,0,3000000.0,0,0,0,0,0,0,0,3000000,False,0.0,False
72476,9701,LICEO POLIVALENTE OLOF PALME,LA CISTERNA,2,Convivencia Escolar,PLAN DE CONVIVENCIA Y CLIMA ESCOLAR,"Fortalecimiento de la gestión de convivencia a través del monitoreo bimestral , de prácticas relacionadas al mejoramiento de los IDPS, asegurando un ambiente adecuado para el desarrollo biopsicosocioemocional, de los y las estudiantes, articulando el PGCE con otros planes.",Implementación completa: 100%,0,3000000.0,0,0,0,0,0,0,0,3000000,False,0.0,False
72477,9701,LICEO POLIVALENTE OLOF PALME,LA CISTERNA,2,Convivencia Escolar,"PLAN DE SEXUALIDAD, AFECTIVIDAD Y GÉNERO","Fortalecimiento con el liderazgo de la Encargada del Plan de Sexualidad, afectividad y género de las instancias formativas, promoviendo habilidades y actitudes que les permitan incorporar progresivamente criterios para conducir su proyecto de vida, cuidar su salud integral con responsabilidad, enfoque de género, respeto hacia la diversidad e inclusión.",Implementación completa: 100%,0,2000000.0,0,0,0,0,0,0,0,2000000,False,0.0,False
72478,9701,LICEO POLIVALENTE OLOF PALME,LA CISTERNA,2,Convivencia Escolar,PLAN ECOLÓGICO MEDIO AMBIENTAL,"Fortalecimiento, con el liderazgo de Encargada de Plan Ecológico, de valores, habilidades y competencias ecologistas mediante la participación activa y comprometida de estudiantes y sus familias en instancias para el desarrollo de una sociedad crecientemente sustentable y de ciudadanos conscientes con su entorno, monitoreando, acompañando y evaluando su impacto.",Implementación completa: 100%,0,2000000.0,0,0,0,0,0,0,0,2000000,False,0.0,False
72479,9701,LICEO POLIVALENTE OLOF PALME,LA CISTERNA,2,Convivencia Escolar,CULTURA DEMOCRÁTICA,"Mejoramiento, con el liderazgo del Encargado de Plan de Formación Ciudadana, de los procesos de formación democrática y participación activa de los distintos estamentos de la comunidad en iniciativas constructivas que aporten al establecimiento, el entorno y/o la sociedad, monitoreando, acompañando y evaluando su impacto.",Implementación completa: 100%,0,3000000.0,0,0,0,0,0,0,0,3000000,False,0.0,False
72480,9701,LICEO POLIVALENTE OLOF PALME,LA CISTERNA,2,Gestión de Recursos,"IMPACTO PEDAGÓGICO DE LOS RECURSOS DIDÁCTICOS, EDUCATIVOS Y TECNOLÓGICOS.","Mejoramiento con el liderazgo del director del uso de los recursos educativos, tecnológicos y didácticos mediante el monitoreo bimestral en aula con pauta a fin de impactar los aprendizajes.",Implementación completa: 100%,0,0.0,0,0,0,0,0,0,0,0,False,0.0,False
72481,9701,LICEO POLIVALENTE OLOF PALME,LA CISTERNA,2,Gestión de Recursos,"ADQUISICIÓN DE RECURSOS DIDÁCTICOS, EDUCATIVOS Y TECNOLÓGICOS.","Optimización con el liderazgo del Director, de la efectividad en la adquisición de recursos pedagógicos, educativos, didácticos tecnológicos, asegurando la cobertura de los requerimientos realizados.",Implementación completa: 100%,0,44000000.0,0,0,0,0,0,0,0,44000000,False,0.0,False
72482,9701,LICEO POLIVALENTE OLOF PALME,LA CISTERNA,2,Gestión de Recursos,DESARROLLO PROFESIONAL DOCENTE,"Fortalecimiento de las competencias profesionales de los/las docentes, con el liderazgo del Director, implementado capacitación con foco en el desarrollo de instrumentos de evaluación que promuevan procesos metacognitivos en los y las estudiantes.",Implementación completa: 100%,0,2000000.0,0,0,0,0,0,0,0,2000000,False,0.0,False
72483,9701,LICEO POLIVALENTE OLOF PALME,LA CISTERNA,2,Gestión de Recursos,CALIDAD DEL EQUIPO PROFESIONAL Y ADMINISTRTIVO SEP,"Mejoramiento de los procesos de incorporación, monitoreo, acompañamiento, retroalimentación y evaluación realizada por el Director al personal de apoyo SEP, aplicando evaluación semestral de desempeño.",Implementación completa: 100%,0,122000000.0,0,0,0,0,0,0,0,122000000,False,0.0,False
72484,9701,LICEO POLIVALENTE OLOF PALME,LA CISTERNA,2,Gestión Pedagógica,FORTALECIENDO PROYECTOS VOCACIONALES Y DE VIDA,"Mejoramiento de prácticas de monitoreo, acompañamiento, retroalimentación y evaluación a jóvenes de 3º y 4º medio, liderado por equipo PACE/UMCE-OLOF, desarrollando competencias cognitivas, habilidades socioemocionales e información actualizada que promueva procesos de reflexión vocacional que propicien la formulación de su proyecto de vida y continuidad de trayectorias educativas postsecundarias.",Implementación completa: 100%,0,0.0,0,0,0,0,0,0,0,0,False,0.0,False
72485,9701,LICEO POLIVALENTE OLOF PALME,LA CISTERNA,2,Gestión Pedagógica,ACOMPAÑANDO ESTUDIANTES CON TRAYECTORIAS EDUCATIVAS EN RIESGO,"Fortalecimiento del monitoreo, acompañamiento, retroalimentación y evaluación bimestral a los/as estudiantes en riesgo académico y biopsicosocioemocional de pre-escolar a 4° medio, liderado por equipo técnico, en coordinación con PIE, profesores, Dupla, Orientación y encargado de Convivencia para atenderlos asegurando su permanencia en el sistema y continuidad de trayectorias educativas integrales",Implementación completa: 100%,0,3000000.0,0,0,0,0,0,0,0,3000000,False,0.0,False
72486,9701,LICEO POLIVALENTE OLOF PALME,LA CISTERNA,2,Gestión Pedagógica,ACOMPAÑAMIENTO A DOCENTES,"Mejoramiento, de prácticas de monitoreo, acompañamiento, retroalimentación y evaluación del equipo técnico a profesores/as, a fin de asegurar en aula la implementación de estrategias pedagógicas que promuevan la participación de los estudiantes y el desarrollo de habilidades de orden superior, impactando los resultados, reduciendo brechas de aprendizaje y fortaleciendo la reflexión docente.",Implementación completa: 100%,0,0.0,0,0,0,0,0,0,0,0,False,0.0,False
72487,9701,LICEO POLIVALENTE OLOF PALME,LA CISTERNA,2,Gestión Pedagógica,MONITOREANDO EL PROGRESO EN EL APRENDIZAJE DE LOS ESTUDIANTES,"Mejoramiento, con el liderazgo del equipo técnico, de las prácticas de monitoreo, retroalimentación y evaluación a los logros de los estudiantes en lenguaje y matemática, estableciendo hitos de control aplicando instrumentos de plataforma DIA y/o LIRMI e identificando brechas de aprendizaje, para implementar estrategias de reforzamiento de habilidades a fin de mejorar resultados.",Implementación completa: 100%,0,2594000.0,0,0,0,0,0,0,0,2594000,False,0.0,False
72488,9701,LICEO POLIVALENTE OLOF PALME,LA CISTERNA,2,Liderazgo,MONITOREO Y SEGUIMIENTO CONTABLE,"Realización de a lo menos un monitoreo y seguimiento semestral por parte de la coordinación SEP comunal al PME, Plan de Gastos, compras y pagos, con el objeto de asegurar la correcta ejecución de dichos procesos.",Implementación completa: 100%,0,16200000.0,0,0,0,0,0,0,0,16200000,False,0.0,False
72489,9701,LICEO POLIVALENTE OLOF PALME,LA CISTERNA,2,Liderazgo,REUNIONES DE COORDINACIÓN EQUIPO SEP/ DIRECTOR,"Realización por parte del DEM de a lo menos una reunión semestral con el Director, jefe técnico e Inspector General, a fin de mejorar la entrega de lineamientos para hacer más eficientes y eficaces los procedimientos administrativos, financieros y técnico pedagógicos.",Implementación completa: 100%,0,0.0,0,0,0,0,0,0,0,0,False,0.0,False
72490,9701,LICEO POLIVALENTE OLOF PALME,LA CISTERNA,2,Liderazgo,EXPERIENCIAS DESAFIANTES,"Promover una cultura de altas expectativas liderada por el Director, asegurando la participación de todos los estudiantes de pre-escolar a 4° Medio en salidas pedagógicas que les permitan enfrentar a entornos nuevos y desafiantes a fin de robustecer, impactar y/o replantear sus motivaciones y proyectos de vida a través de arriendo o contratación de planetario móvil, obras de teatro entre otras.",Implementación completa: 100%,0,11000000.0,0,0,0,0,0,0,0,11000000,False,0.0,False
72491,9701,LICEO POLIVALENTE OLOF PALME,LA CISTERNA,2,Liderazgo,MONITOREO INTERNO DEL PLAN DE MEJORAMIENTO EDUCATIVO,"Mejoramiento de los procesos bimestrales de monitoreo, acompañamiento, retroalimentación y evaluación de las prácticas institucionales y pedagógicas, con foco en la reactivación de aprendizajes y el resguardo de las trayectorias educativas positivas de los y las estudiantes, liderado por el Director y su Equipo, a fin de tomar decisiones oportunas de corrección y ajuste, logrando las metas estable",Implementación completa: 100%,0,0.0,0,0,0,0,0,0,0,0,False,0.0,False
72505,9703,ESCUELA ESPERANZA JOVEN,LA CISTERNA,2,Convivencia Escolar,15. Centro de Estudiantes.,"Se planificará, ejecutará y monitoreará la formación del Centro de Estudiantes, como espacio de participación y expresión de opiniones de los estudiantes del colegio, con reuniones mensuales de la directiva del Centro de Estudiantes y directivas de cada curso.",Implementación completa: 100%,0,0.0,0,0,0,0,0,0,0,0,False,0.0,False
72506,9703,ESCUELA ESPERANZA JOVEN,LA CISTERNA,2,Convivencia Escolar,14. Expresando lo que pienso.,"Implementación de diversas actividades para potenciar la expresión de ideas, debate y deliberación por parte de los estudiantes, a través de jornadas para toda la comunidad, jornadas por ciclo y espacios específicos dentro de algunas asignaturas.",Implementación parcial: 25% a 49%,0,1500000.0,0,0,0,0,0,0,0,1500000,False,0.0,False
72507,9703,ESCUELA ESPERANZA JOVEN,LA CISTERNA,2,Convivencia Escolar,16. Más allá de la escuela.,"Fortalecimiento de la participación de estudiantes en salidas pedagógicas y actividades extraescolares como: consejos escolares, consejo consultivo comunal, competencias comunales, talleres extracurriculares, eventos culturales dentro y fuera del colegio, celebraciones comunales y regionales, jornadas de formación, deportivas y artísticas, entre otras.",Implementación completa: 100%,0,13000000.0,0,0,0,0,0,0,0,13000000,False,0.0,False
72508,9703,ESCUELA ESPERANZA JOVEN,LA CISTERNA,2,Convivencia Escolar,"13. Desarrollo Personal, Social y Bienestar Emocional.","Se potenciará el del desarrollo personal, social de los estudiantes, así como el bienestar emocional de toda la comunidad educativa, a través del monitoreo y seguimiento de la asistencia y atrasos, entrevistas personales con estudiantes, entrevistas con apoderados, talleres de acompañamiento en aula, talleres con docentes, espacios de bienestar, aplicación de test y evaluaciones externas.",Implementación completa: 100%,0,24000000.0,0,0,0,0,0,0,0,24000000,False,0.0,False
72509,9703,ESCUELA ESPERANZA JOVEN,LA CISTERNA,2,Convivencia Escolar,12. Sello institucional.,"Fortalecer el sello educativo  Aprender a convivir en la cultura del buen trato , a través de la ejecución del PGCE, liderado por Encargada de Convivencia Escolar, con foco en la prevención de los conflictos, promoción de la sana convivencia escolar dentro y fuera del aula, sistema de reconocimiento, celebración de efemérides y creación de espacios efectivos para la convivencia.",Implementación completa: 100%,0,14000000.0,0,0,0,0,0,0,0,14000000,False,0.0,False
72510,9703,ESCUELA ESPERANZA JOVEN,LA CISTERNA,2,Gestión de Recursos,17. Plan de gastos y monitoreo financiero.,"Se implementará un plan de gastos y su correspondiente monitoreo, con el fin de dar cumplimiento a las necesidades de recursos humanos, materiales pedagógicos y tecnológicos, asegurando la ejecución del proyecto educativo del establecimiento.",Implementación completa: 100%,0,18000000.0,0,0,0,0,0,0,0,18000000,False,0.0,False
72511,9703,ESCUELA ESPERANZA JOVEN,LA CISTERNA,2,Gestión de Recursos,18. Administración del personal.,"Establecimiento claro de las funciones del recurso humano contratado, monitoreando sus funciones a través de bitácoras, informes, libro de asistencia, pautas de observación, registro de actividades u otras según su rol y función.",Implementación completa: 100%,0,30000000.0,0,0,0,0,0,0,0,30000000,False,0.0,False
72512,9703,ESCUELA ESPERANZA JOVEN,LA CISTERNA,2,Gestión de Recursos,19. Recursos materiales y tecnológicos.,"Gestión para la adquisición de todos los materiales pedagógicos, didácticos y de equipamiento tecnológicos necesarios para la implementación del PME, así como para la continuidad del proceso de enseñanza aprendizaje de los y las estudiantes.",Implementación completa: 100%,0,13229000.0,0,0,0,0,0,0,0,13229000,False,0.0,False
72513,9703,ESCUELA ESPERANZA JOVEN,LA CISTERNA,2,Gestión Pedagógica,4. Comunidades Profesionales de Aprendizaje.,"Participación de los docentes y equipos de aula en comunidades profesionales de aprendizajes, para la reflexión de la preparación de la enseñanza, monitoreo de estudiantes, capacitaciones, trabajo colaborativo, acompañamiento al aula y fortalecimiento de las prácticas pedagógicas.",Implementación completa: 100%,0,0.0,0,0,0,0,0,0,0,0,False,0.0,False
72514,9703,ESCUELA ESPERANZA JOVEN,LA CISTERNA,2,Gestión Pedagógica,5. Transición Educativa,"Implementar un plan de transición educativa que promueva y resguarde la coherencia en el proceso educativo de estudiantes de NT1, NT2, 1° y 2° básico.",Implementación completa: 100%,0,1000000.0,0,0,0,0,0,0,0,1000000,False,0.0,False
72515,9703,ESCUELA ESPERANZA JOVEN,LA CISTERNA,2,Gestión Pedagógica,6. Apoyo al proceso de enseñanza para una educación integral.,"Contratación de Apoyo a la sala de computación, Encargada de Biblioteca, Apoyos al Aula de 1° a 4° básico, profesores de Apoyo Pedagógico para Primer y segundo ciclo básico, talleristas de medio ambiente, teatro, danza, con el fin de complementar la educación integral de los estudiantes.",Implementación completa: 100%,0,45000000.0,0,0,0,0,0,0,0,45000000,False,0.0,False
72516,9703,ESCUELA ESPERANZA JOVEN,LA CISTERNA,2,Gestión Pedagógica,7. Monitoreo de la Trayectoria Educativa de los estudiantes.,"Se realizará monitoreo multidisciplinario de los estudiantes del colegio, en ciclos bimensuales y semestrales, con la utilización de información recabada por docentes, Equipo de Convivencia Escolar, Proyecto de Integración Escolar y Equipo Directivo. Levantando actas de compromiso para la realización de remediales necesarias.",Implementación completa: 100%,0,1000000.0,0,0,0,0,0,0,0,1000000,False,0.0,False
72517,9703,ESCUELA ESPERANZA JOVEN,LA CISTERNA,2,Gestión Pedagógica,3. Capacitaciones,"Realización de auto capacitaciones y capacitaciones a docentes y equipos de aula, con foco en preparación de la enseñanza, ambiente para el aprendizaje, estrategias efectivas de enseñanza para el logro de aprendizajes profundos y actualización y profundización de los saberes profesionales.",Implementación completa: 100%,0,8000000.0,0,0,0,0,0,0,0,8000000,False,0.0,False
72518,9703,ESCUELA ESPERANZA JOVEN,LA CISTERNA,2,Gestión Pedagógica,1. Gestión Curricular,"Coordinación y monitoreo de la implementación curricular, planificación de la enseñanza y evaluación de los aprendizajes, mediante lineamientos técnico pedagógicos comunes, reuniones de trabajo curricular y uso de datos, con todos los docentes y profesionales de la educación.",Implementación completa: 100%,0,0.0,0,0,0,0,0,0,0,0,False,0.0,False
72519,9703,ESCUELA ESPERANZA JOVEN,LA CISTERNA,2,Gestión Pedagógica,2. Acompañamiento a Equipos de Aula,"Apoyo a docentes y equipos de aula mediante la observación de clases con una pauta consensuada y socializada entre los equipos, con foco en los aspectos más relevantes que surjan de la reflexión pedagógica o informes de agentes externos que supervisan la labor educativa del colegio, para la mejora educativa.",Implementación completa: 100%,0,0.0,0,0,0,0,0,0,0,0,False,0.0,False
72520,9703,ESCUELA ESPERANZA JOVEN,LA CISTERNA,2,Liderazgo,9. Resultados Educativos.,"Se realizará monitoreo y seguimiento de los resultados educativos, académicos como formativos, del establecimiento, a través de jornada de análisis de datos con equipos multidisciplinarios, para la toma de decisiones en cuanto a la mejora contínua de los procesos educativos de la escuela.",Implementación completa: 100%,0,0.0,0,0,0,0,0,0,0,0,False,0.0,False
72521,9703,ESCUELA ESPERANZA JOVEN,LA CISTERNA,2,Liderazgo,8. Planes de Gestión,"Actualización, implementación y evaluación de los planes de gestión y que por ley debe mantener el colegio para su funcionamiento, a través de planillas de monitoreo, encuestas de impacto y jornadas de reflexión sobre ellos.",Implementación completa: 100%,0,0.0,0,0,0,0,0,0,0,0,False,0.0,False
72522,9703,ESCUELA ESPERANZA JOVEN,LA CISTERNA,2,Liderazgo,11. Monitoreo de planes de gestión del establecimiento.,"Se realizará monitoreo y seguimiento del Plan de Mejoramiento Educativo del establecimiento, por parte del Departamento de Educación, a través de pautas y/o planillas consensuadas.",Implementación adecuada: 50% a 74%,0,0.0,0,0,0,0,0,0,0,0,False,0.0,False
72523,9703,ESCUELA ESPERANZA JOVEN,LA CISTERNA,2,Liderazgo,10. Lineamientos comunales.,"Entrega de lineamientos comunales, por parte del del Departamento de Educación Municipal en cuanto a prácticas para fortalecer el liderazgo pedagógico de directores y equipos pedagógicos, apoyando la mejora educativa.",Implementación completa: 100%,0,0.0,0,0,0,0,0,0,0,0,False,0.0,False
72548,9706,ESCUELA BAS. OSCAR ENCALADA YOVANOVICH,LA CISTERNA,2,Convivencia Escolar,ACTUALIZACIÓN DE PROTOCOLOS,"Actualizar plan de acción en torno a la adecuación de los protocolos y/o procedimientos relacionados con la Convivencia Escolar, integrando a todos los estamentos de la Comunidad Educativa",Implementación avanzada: 75% a 99%,0,0.0,0,0,0,0,0,0,0,0,False,0.0,False
72549,9706,ESCUELA BAS. OSCAR ENCALADA YOVANOVICH,LA CISTERNA,2,Convivencia Escolar,MONITOREO PSICOEMOCIONAL,"Detección, monitoreo, seguimiento y resolución de casos de vulneración de derechos que afecten a los estudiantes de nuestra Escuela, según derivación, detección o develación, e inquietud espontánea de los diferentes actores educativos, profesores y/o apoderado",Implementación avanzada: 75% a 99%,0,0.0,0,0,0,0,0,0,0,0,False,0.0,False
72550,9706,ESCUELA BAS. OSCAR ENCALADA YOVANOVICH,LA CISTERNA,2,Gestión de Recursos,GESTIÓN DEL PERSONAL,"Optimizar el recurso humano del establecimiento, gestionando personal necesario para cumplir los objetivos del Proyecto Educativo Institucional y atender a los nuestros estudiantes, monitoreando sus logros y avances, tramitando y disponiendo de los recursos necesarios para brindar apoyo oportuno.",Implementación avanzada: 75% a 99%,0,65000000.0,0,0,0,0,0,0,0,65000000,False,0.0,False
72551,9706,ESCUELA BAS. OSCAR ENCALADA YOVANOVICH,LA CISTERNA,2,Gestión de Recursos,CONTRATO SERVICIO INTERNET,"Mejorar el servicio de Internet institucional con el objetivo de asegurar el desarrollo de la labor educativa y pedagógica tanto en modalidad remota como presencial en todas las asignaturas que contiene el Plan de estudio, de 1° a 8° Básico y los procesos técnico administrativos de la comunidad escolar.",Implementación avanzada: 75% a 99%,0,0.0,0,0,0,0,0,0,0,0,False,0.0,False
72552,9706,ESCUELA BAS. OSCAR ENCALADA YOVANOVICH,LA CISTERNA,2,Gestión Pedagógica,ACOMPAÑAMIENTO Y REFLEXIÓN DOCENTE,"El Equipo Directivo y Técnico Pedagógico lidera, consolida y contribuye al fortalecimiento de las prácticas pedagógicas y el trabajo colaborativo, a través de la implementación de un sistema de acompañamiento docente, por medio de pautas de observación de clases, consensuadas que se aplicarán en forma semestral, para una posterior reflexión, re  retroalimentación y compromiso de mejora educativa.",Implementación avanzada: 75% a 99%,0,0.0,0,0,0,0,0,0,0,0,False,0.0,False
72553,9706,ESCUELA BAS. OSCAR ENCALADA YOVANOVICH,LA CISTERNA,2,Gestión Pedagógica,AULAS TEMÁTICAS,"El proyecto “Aulas temáticas” se inserta dentro de la propuesta de actualización metodológica e innovación educativa. En la utilización y experiencias educativas en espacios motivadores que pretenden un cambio en la estructura tradicional de las aulas en la educación regular, en la que el profesor sea un mediador en el aprendizaje significativo de sus estudiantes.",Implementación avanzada: 75% a 99%,0,0.0,0,0,0,0,0,0,0,0,False,0.0,False
72554,9706,ESCUELA BAS. OSCAR ENCALADA YOVANOVICH,LA CISTERNA,2,Gestión Pedagógica,PLAN LECTOR,"Considerando que la lectura es un eje básico y transversal para todos los aprendizajes que se realizarán en la escuela, se instaura esta acción por medio de un Plan Lector, que pretende desarrollar intencionadamente, acciones que mejoren la calidad y compresión lectora de todos nuestros estudiantes, desde pre kínder a octavo año básico.",Implementación avanzada: 75% a 99%,0,0.0,0,0,0,0,0,0,0,0,False,0.0,False
72555,9706,ESCUELA BAS. OSCAR ENCALADA YOVANOVICH,LA CISTERNA,2,Gestión Pedagógica,ACOMPAÑAMIENTO PIE- Programa de Integración Escolar.,"Mejoramiento de las prácticas de apoyo a los estudiantes con aprendizajes diversos liderado por equipo técnico, coordinadora PIE y docentes, brindándoles apoyo en aulas presenciales de manera individual y grupal, para asegurar el impacto en el avance de los procesos de aprendizajes de manera inclusiva a través de la diversificación de la enseñanza.",Implementación avanzada: 75% a 99%,0,0.0,0,0,0,0,0,0,0,0,False,0.0,False
72556,9706,ESCUELA BAS. OSCAR ENCALADA YOVANOVICH,LA CISTERNA,2,Gestión Pedagógica,SEGUIMIENTO A LA COBERTURA CURRICULAR,"Monitoreo y reformulación de la implementación del currículum priorizado, para la recuperación y desarrollo de los aprendizajes, resguardando el cumplimiento de protocolos institucionales y planes educativos en atención a las necesidades pedagógicas, de convivencia y salud mental de los estudiante",Implementación avanzada: 75% a 99%,0,0.0,0,0,0,0,0,0,0,0,False,0.0,False
72557,9706,ESCUELA BAS. OSCAR ENCALADA YOVANOVICH,LA CISTERNA,2,Liderazgo,LINEAMIENTOS TÉCNICOS PEDAGÓGICO Y ADMINISTRATIVOS,Entrega de lineamientos y directrices en el desarrollo e implementación técnico pedagógica y técnico administrativa desde el DEM comuna,Implementación avanzada: 75% a 99%,0,0.0,0,0,0,0,0,0,0,0,False,0.0,False
72558,9706,ESCUELA BAS. OSCAR ENCALADA YOVANOVICH,LA CISTERNA,2,Liderazgo,Planes de Gestión Institucional.,El sostenedor entrega lineamientos institucionales y administrativos.,Implementación avanzada: 75% a 99%,0,0.0,0,0,0,0,0,0,0,0,False,0.0,False
72559,9706,ESCUELA BAS. OSCAR ENCALADA YOVANOVICH,LA CISTERNA,2,Liderazgo,ANALISIS Y DE RESULTADOS INSTITUCIONALES,"El Director junto con al equipo de directivo analizarán y evaluarán de forma semestral los resultados institucionales, con el fin de establecer remediales por medio de metas asociadas a los distintos actores o procesos involucrados y así impactar positivamente los resultados de los estudiantes.",Implementación avanzada: 75% a 99%,0,0.0,0,0,0,0,0,0,0,0,False,0.0,False
72560,9706,ESCUELA BAS. OSCAR ENCALADA YOVANOVICH,LA CISTERNA,2,Liderazgo,DISEÑO E IMPLEMENTACIÓN DEL PME.,"Mejoramiento de las prácticas institucionales y pedagógicas, a cargo del equipo directivo y técnico, monitoreando en reuniones bimestrales el avance del plan, evaluando constantemente sus acciones y resultados, a fin de tomar decisiones oportunas de corrección y ajuste, logrando las metas establecidas.",Implementación avanzada: 75% a 99%,0,0.0,0,0,0,0,0,0,0,0,False,0.0,False
72723,9722,LICEO PORTAL DE LA CISTERNA,LA CISTERNA,2,Convivencia Escolar,Visualización y concientización de las consecuencias que genera el bullying y ciberbullying,"Realizar talleres referidos a la temática de la Sana Convivencia Escolar, enfocados en la prevención del Bullying, Ciberbullying y Acoso, en todos los niveles y para los diferentes estamentos de la comunidad educativa",Implementación adecuada: 50% a 74%,0,0.0,0,0,0,0,0,0,0,0,False,0.0,False
72724,9722,LICEO PORTAL DE LA CISTERNA,LA CISTERNA,2,Convivencia Escolar,Efemérides y Licenciaturas,"Organizar, programar y realizar celebraciones, actos, efemérides y actividades curriculares propias del calendario acdémico, a través de la centralización de la información, de acuerdo a la normativa vigente, respondiendo a las necesidades del sello con el fin de promover la sana convivencia.",Implementación avanzada: 75% a 99%,0,0.0,0,0,0,0,0,0,0,0,False,0.0,False
72725,9722,LICEO PORTAL DE LA CISTERNA,LA CISTERNA,2,Convivencia Escolar,Conociendo la sana convivencia escolar,"Los y las docentes, asistentes de la educación, padres y apoderados y NNA reciben capacitaciones relacionadas con la sana convivencia dentro y fuera del aula, regulando sus propias emociones y comprendiendo en el entorno que se encuentran. Dichas charlas serán acompañadas por la red comunal en donde expertos nos permitirán abordar temáticas importantes para los estudiantes y el resto de la comunid",Implementación parcial: 25% a 49%,0,0.0,0,0,0,0,0,0,0,0,False,0.0,False
72726,9722,LICEO PORTAL DE LA CISTERNA,LA CISTERNA,2,Convivencia Escolar,Jornadas de autocuidado,"Se realizan jornadas de autocuidado para fomentar la sana convivencia al interior de la comunidad educativa,  dirigidas a los estamentos de nuestra  comunidad, a través de instancias como el Consejo de Profesores, reuniones de apoderados.",Implementación parcial: 25% a 49%,0,800000.0,0,0,0,0,0,0,0,800000,False,0.0,False
72727,9722,LICEO PORTAL DE LA CISTERNA,LA CISTERNA,2,Gestión de Recursos,Materiales de enseñanza,Adquirir materiales didácticos con la finalidad de apoyar la labor académica de las y los docentes al interior del aullaren función de las necesidades detectadas por ellos a través de diagnostico previo con la finalidad de incorporar a los docentes en el proceso y por consecuencia favorecer el aprendizaje de las y los estudiantes en las asignaturas curriculares,Implementación avanzada: 75% a 99%,0,5000000.0,0,0,0,0,0,0,0,5000000,False,0.0,False
72728,9722,LICEO PORTAL DE LA CISTERNA,LA CISTERNA,2,Gestión de Recursos,"Plataforma Lirmi,equipamientos  computacionales y periféricos","Plataforma educacional para el 100% de los cursos ,con conexión a Internet ,nos entregara información académica y eficiencia interna para tomar decisiones en el apoyo a los estudiantes. Adquirir equipamientos computacionales y periféricos ,equipos de amplificación y otros relacionados para el cumplimiento de esta y otras acciones del PME.  Adquirir mochilas y otros elementos para los alumno",Implementación completa: 100%,0,21000000.0,0,0,0,0,0,0,0,21000000,False,0.0,False
72729,9722,LICEO PORTAL DE LA CISTERNA,LA CISTERNA,2,Gestión de Recursos,Material educativo para el aprendizaje de las y los estudiantes,"Adquirir recursos y material didáctico con la finalidad de apoyar la labor académica de las y los docentes al interior del aula, en función de las necesidades detectadas por ellos a través de levantamiento previo, con la finalidad de incorporar a los docentes en el proceso y por consiguiente favorecer el aprendizaje de las y los estudiantes en todas las asignaturas curriculares.",Implementación avanzada: 75% a 99%,0,8000000.0,0,0,0,0,0,0,0,8000000,False,0.0,False
72730,9722,LICEO PORTAL DE LA CISTERNA,LA CISTERNA,2,Gestión de Recursos,Contratación servicio de internet,"Contratación de servicio de internet, con la finalidad de asegurar una  labor educativa más eficaz, la implementación de Programas educativos por internet y el desarrollo de evaluaciones on line, como, por ejemplo, la prueba DIA.",Implementación no efectuada: 0%,0,0.0,0,0,0,0,0,0,0,0,False,0.0,False
72731,9722,LICEO PORTAL DE LA CISTERNA,LA CISTERNA,2,Gestión de Recursos,Contratos,Contratación de personal profesional y de apoyo a la gestión institucional que colaboran a los aprendizajes de los y las estudiantes y en convivencia institucional.,Implementación avanzada: 75% a 99%,0,70000000.0,0,0,0,0,0,0,0,70000000,False,0.0,False
72732,9722,LICEO PORTAL DE LA CISTERNA,LA CISTERNA,2,Gestión de Recursos,Equipamiento Computacional,"Adquirir equipos computacionales, periféricos e insumos para proceso de implementación del trabajo docente potenciando el uso de las tics en el aula, las comunicaciones al interior de la comunidad educativa y de esta forma contribuir al mejoramiento de las prácticas pedagógicas y aprendizajes de todos los estudiantes.",Implementación completa: 100%,0,2500000.0,0,0,0,0,0,0,0,2500000,False,0.0,False
72733,9722,LICEO PORTAL DE LA CISTERNA,LA CISTERNA,2,Gestión Pedagógica,Comunidad de Aprendizaje Profesional (CAP),"Conformación de CAP a partir de la estrategia LEC para consolidar estrategias de adquisición de conocimiento a través de la lectura, escritura y la comunicación en las diversas asignaturas para fortaleces las capacidades de aprendizaje en el  estudiantado de primer ciclo básico.",Implementación inicial: 1% a 24%,0,5000000.0,0,0,0,0,0,0,0,5000000,False,0.0,False
72734,9722,LICEO PORTAL DE LA CISTERNA,LA CISTERNA,2,Gestión Pedagógica,Taller de desarrollo de la lectura y escritura.,"consolidación del taller de lectoescritura, dirigido a niños de segundo a cuarto año de Educación Básico que aún no han desarrollado la habilidad de la lectura y escritura, a través de un diagnóstico, selección de estudiantes, proceso de intervención dirigido, proceso de seguimiento, con etapas inicial, intermedia y de egreso.",Implementación adecuada: 50% a 74%,0,1000000.0,0,0,0,0,0,0,0,1000000,False,0.0,False
72735,9722,LICEO PORTAL DE LA CISTERNA,LA CISTERNA,2,Gestión Pedagógica,Registro de actividades realizadas en horas colaborativas PIE.,En horas colaborativas profesores diferenciales y profesores de asignatura evalúan lo desarrollado en clases y definen las estrategias para abordar los aprendizajes.,Implementación adecuada: 50% a 74%,0,0.0,0,0,0,0,0,0,0,0,False,0.0,False
72736,9722,LICEO PORTAL DE LA CISTERNA,LA CISTERNA,2,Gestión Pedagógica,Realizar salidas pedagógicas.,"Promover salidas pedagógicas en todos los cursos, con el objetivo de brindar a las y los estudiantes experiencias pedagógicas significativas que consoliden el vínculo con la escuela  permitiendo el   desarrollo integral de las y los estudiantes.",Implementación inicial: 1% a 24%,0,8000000.0,0,0,0,0,0,0,0,8000000,False,0.0,False
72737,9722,LICEO PORTAL DE LA CISTERNA,LA CISTERNA,2,Gestión Pedagógica,Reforzar la necesidad de realizar seguimiento y apoyo a la trayectoria escolar.,"En sesiones de Consejo de Profesores se reforzará la necesidad del seguimiento permanente a desarrollo de las  trayectorias de las y los estudiantes, a partir de ello se  implementará un dispositivo de seguimiento digital con la función de monitorear mensualmente  la trayectoria educativa de los estudiantes para   detectar y atender oportunamente situaciones de riesgo académico o riesgo de deserci",Implementación inicial: 1% a 24%,0,2500000.0,0,0,0,0,0,0,0,2500000,False,0.0,False
72738,9722,LICEO PORTAL DE LA CISTERNA,LA CISTERNA,2,Liderazgo,Jornadas de Reflexión,"Cada semana se realiza reunión de trabajo con los miembros de la comunidad educativa para recibir y entregar información de las acciones realizadas, acordando las estrategias y gestiones que se realizan para la mejora educativa continua en los indicadores de eficiencia interna y convivencia escolar.",Implementación avanzada: 75% a 99%,0,0.0,0,0,0,0,0,0,0,0,False,0.0,False
72739,9722,LICEO PORTAL DE LA CISTERNA,LA CISTERNA,2,Liderazgo,Base de Datos,Generar junto al sostenedor base de datos para suplir las licencias u otras ausencias de los docentes y/o asistentes de educación para dar continuidad al proceso educativo,Implementación avanzada: 75% a 99%,0,0.0,0,0,0,0,0,0,0,0,False,0.0,False
72740,9722,LICEO PORTAL DE LA CISTERNA,LA CISTERNA,2,Liderazgo,Reuniones técnicas con directores.,"El Sostenedor mantiene una comunicación constante y sistemática con  los directores de los establecimientos educacionales, mediante reuniones técnicas semanales, con  la finalidad de analizar el funcionamiento interno de Escuelas y Liceo, tomar decisiones e introducir mejoras",Implementación avanzada: 75% a 99%,0,0.0,0,0,0,0,0,0,0,0,False,0.0,False
72741,9722,LICEO PORTAL DE LA CISTERNA,LA CISTERNA,2,Liderazgo,Jornadas Institucionales,"Realizar actualización del PEI a través de reuniones  de trabajo, junto a la actualización del PME, para mejorar la coherencia teórica del establecimiento, a través de una metodología participativa y vinculante, en la cual se vea reflejada la visión de la  comunidad educativa en su conjunto, con un proceso de socialización para la apropiación de este marco teórico que represente y responda a las n",Implementación adecuada: 50% a 74%,0,0.0,0,0,0,0,0,0,0,0,False,0.0,False
72742,9722,LICEO PORTAL DE LA CISTERNA,LA CISTERNA,2,Liderazgo,Monitoreo de Proyecto Mejoramiento Educativo Institucional,"Se desarrolla un proceso de incorporación de acciones propuestas por el profesorado para democratizar la toma de decisiones pedagógicas con  la participación en las acciones del PME, se elabora una pauta de monitoreo y seguimiento de las acciones propuestas en este, con el fin de hacer parte a los docentes de los procesos de mejora del establecimiento junto a los equipos directivos y sostenedor.",Implementación avanzada: 75% a 99%,0,0.0,0,0,0,0,0,0,0,0,False,0.0,False
72803,9730,COLEGIO ANTU,LA CISTERNA,2,Convivencia Escolar,Actividades formativas,"Realizar actividades formativas a propósito de efemérides importantes, celebraciones internas de establecimiento (como el aniversario), fomentando el trabajo en equipo entre todos los estamentos.",Implementación avanzada: 75% a 99%,0,0.0,0,0,0,0,0,0,0,0,False,0.0,False
72804,9730,COLEGIO ANTU,LA CISTERNA,2,Convivencia Escolar,Redes de apoyo externa,"Fortalecer la comunicación con las redes de apoyo externas (OPD, SENDA, Mejora Niñez, Oficina de la Mujer, Clínica el Llano, Alter Joven) y generar lazos con otras instituciones que nos permitan mejorar nuestra labor con las familias y proteger la integridad de nuestros estudiantes.",Implementación completa: 100%,0,0.0,0,0,0,0,0,0,0,0,False,0.0,False
72805,9730,COLEGIO ANTU,LA CISTERNA,2,Convivencia Escolar,"Mente sana, cuerpo sano","Desarrollo de actividades que favorezcan el autocuidado y factores protectores de la salud mental y física, a través de la implementación de talleres de autocuidado, terapias alternativas como el minfulness y la presentación de actividades artísticas.",Implementación avanzada: 75% a 99%,0,3000000.0,0,0,0,0,0,0,0,3000000,False,0.0,False
72806,9730,COLEGIO ANTU,LA CISTERNA,2,Convivencia Escolar,Campaña de sensibilización,"Realizar, desde NT1 a 8 básico, campañas de sensibilización, dentro y fuera de aula, sobre la sana convivencia escolar a través de talleres que desarrollen habilidades socioemocionales de niños, niñas y adolescentes, para crear una cultura del buen trato.",Implementación avanzada: 75% a 99%,0,0.0,0,0,0,0,0,0,0,0,False,0.0,False
72807,9730,COLEGIO ANTU,LA CISTERNA,2,Convivencia Escolar,Talleres para padres,"Realizar Talleres para padres sobre el buen trato y la resolución de conflicto, desde NT1 a 8vo Básico, con foco en aquellos cursos que presentan dificultades en su convivencia dentro del aula.",Implementación avanzada: 75% a 99%,0,0.0,0,0,0,0,0,0,0,0,False,0.0,False
72808,9730,COLEGIO ANTU,LA CISTERNA,2,Gestión de Recursos,Sumando personas,"Gestionar la contratación del recurso humano en función del desarrollo del Plan de Mejoramiento Educativo, tales como: encargado de informática, encargada de biblioteca, dupla psicosocial, terapeuta ocupacional, talleristas,",Implementación adecuada: 50% a 74%,0,100000000.0,0,0,0,0,0,0,0,100000000,False,0.0,False
72809,9730,COLEGIO ANTU,LA CISTERNA,2,Gestión de Recursos,Uso de la informática,"Apoyar los aprendizajes de NT1 a 8vo básico, a través de la utilización de recursos informáticos desarrollando experiencias educativas significativas.",Implementación completa: 100%,0,16200000.0,0,0,0,0,0,0,0,16200000,False,0.0,False
72810,9730,COLEGIO ANTU,LA CISTERNA,2,Gestión de Recursos,Capacitación y autoaprendizaje docente,"Promover el perfeccionamiento profesional y el autoaprendizaje docente de acuerdo a las necesidades sentidas por los docentes, de manera de potenciar su rol dentro del aula y, en consecuencia, mejorar los procesos de enseñanza y aprendizaje.",Implementación inicial: 1% a 24%,0,0.0,0,0,0,0,0,0,0,0,False,0.0,False
72811,9730,COLEGIO ANTU,LA CISTERNA,2,Gestión de Recursos,Contratar servicio de internet,"Contratación de servicio de internet, con la finalidad de asegurar una labor educativa más eficaz, la implementación de Programas educativos por internet y el desarrollo de evaluaciones on line, como, por ejemplo, la prueba DIA.",Implementación adecuada: 50% a 74%,0,16300000.0,0,0,0,0,0,0,0,16300000,False,0.0,False
72812,9730,COLEGIO ANTU,LA CISTERNA,2,Gestión de Recursos,Fortaleciendo el CRA,"Fortalecer el Centro de Recursos para el Aprendizaje (CRA), mediante la adquisición de recursos didácticos que contribuyan a desarrollar y potenciar los aprendizajes de las y los estudiantes de NT1 a 8° Básico.",Implementación inicial: 1% a 24%,0,12324000.0,0,0,0,0,0,0,0,12324000,False,0.0,False
72813,9730,COLEGIO ANTU,LA CISTERNA,2,Gestión de Recursos,Gestión del capital humano,"Mejorar los procesos de gestión del recurso humano institucional, mediante la definición de los perfiles de cargo y el fomento de una cultura del buen desempeño basada en la evaluación y retroalimentación formativa y sistemática.",Implementación adecuada: 50% a 74%,0,0.0,0,0,0,0,0,0,0,0,False,0.0,False
72814,9730,COLEGIO ANTU,LA CISTERNA,2,Gestión Pedagógica,Tutorías para favorecer el proceso de lectura,"Desarrollar tutorías en el área de Lenguaje con foco en el desarrollo de la habilidad de Lectoescritura, desde 2do Básico a 6to Básico, de manera de cerrar la brecha que existe entre los estudiantes lectores y no lectores, y aquellos estudiantes que leen comprensivamente y aquellos que no comprenden lo que leen.",Implementación avanzada: 75% a 99%,0,0.0,0,0,0,0,0,0,0,0,False,0.0,False
72815,9730,COLEGIO ANTU,LA CISTERNA,2,Gestión Pedagógica,Seguimiento a estudiantes por parte de profesionales del Programa de Integración Escolar (PIE),"Consolidar los procedimientos de monitoreo semestral, realizados por los profesionales del Programa de Integración Escolar (PIE), que permitan verificar la atención que reciben los estudiantes con NEE desde NT1 a 8vo Básico, y, asimismo, constatar sus avances.",Implementación completa: 100%,0,0.0,0,0,0,0,0,0,0,0,False,0.0,False
72816,9730,COLEGIO ANTU,LA CISTERNA,2,Gestión Pedagógica,Salidas educativas,"Como parte de la formación integral de nuestros alumnos, se fomenta la presentación de proyectos que promuevan las salidas educativas como una forma de mejorar los aprendizajes a través de experiencias prácticas que acerquen el conocimientos a elementos de la vida cotidiana.",Implementación completa: 100%,0,9000000.0,0,0,0,0,0,0,0,9000000,False,0.0,False
72817,9730,COLEGIO ANTU,LA CISTERNA,2,Gestión Pedagógica,Retroalimentación práctica docente,"El equipo directivo, el docente técnico y entre los propios docentes realizan a lo menos dos veces al año acompañamiento al aula para retroalimentar las  prácticas pedagógicas de las y los profesores, con foco en la incorporación de estrategias que promuevan en las y los estudiantes habilidades de pensamiento de orden superior.",Implementación completa: 100%,0,0.0,0,0,0,0,0,0,0,0,False,0.0,False
72818,9730,COLEGIO ANTU,LA CISTERNA,2,Gestión Pedagógica,Retroalimentación formativa,"Desarrollar taller dirigido a las y los docente sobre Retroalimentación educativa efectiva, para mejorar los procesos de evaluación formativa y retroalimentación en el aula, en todas las asignaturas.",Implementación parcial: 25% a 49%,0,0.0,0,0,0,0,0,0,0,0,False,0.0,False
72819,9730,COLEGIO ANTU,LA CISTERNA,2,Gestión Pedagógica,Tabla de especificaciones,"Mejorar los instrumentos de evaluación construidos por los docentes incorporando a las pruebas escritas una tabla de especificaciones con los indicadores de aprendizajes evaluados en cada ítems. Se espera que mediante esta herramienta, el docente pueda identificar de manera precisa cuáles son los aprendizajes (habilidades) descendidos para la toma de decisiones oportuna,",Implementación inicial: 1% a 24%,0,0.0,0,0,0,0,0,0,0,0,False,0.0,False
72820,9730,COLEGIO ANTU,LA CISTERNA,2,Liderazgo,Difusión y seguimiento PME,"Realizar reuniones semestrales del Consejo Escolar y comunidad educativa, para informar sobre la implementación, desarrollo e impacto de las acciones del PME.",Implementación completa: 100%,0,0.0,0,0,0,0,0,0,0,0,False,0.0,False
72821,9730,COLEGIO ANTU,LA CISTERNA,2,Liderazgo,Reuniones técnica con directores,"El Sostenedor mantiene una comunicación constante y sistemática con los directores de los establecimientos educacionales, mediante reuniones técnicas semanales, con la finalidad de analizar el funcionamiento interno de Escuelas y Liceo, tomar decisiones e introducir mejoras.",Implementación avanzada: 75% a 99%,0,0.0,0,0,0,0,0,0,0,0,False,0.0,False
72822,9730,COLEGIO ANTU,LA CISTERNA,2,Liderazgo,Fortaleciendo el compromiso con la institución,"La Directora y su equipo, busca fortalecer el compromiso de todas y todos los miembros de la comunidad con el Proyecto educativo, convocando en un Acto cívico, una vez a la semana, a estudiantes, docentes y asistentes de la educación, con el fin de desarrollar y profundizar sobre un valor asociado a nuestro PEI.",Implementación adecuada: 50% a 74%,0,0.0,0,0,0,0,0,0,0,0,False,0.0,False
72823,9730,COLEGIO ANTU,LA CISTERNA,2,Liderazgo,Autoevaluación profesional,"Fortalecer el desarrollo profesional de los docentes y directivos de la Unidad Educativa, estableciendo  debilidades y fortalezas para el   mejoramiento de sus tareas en beneficio de mejorar la calidad de los procesos educativos.",Implementación avanzada: 75% a 99%,0,0.0,0,0,0,0,0,0,0,0,False,0.0,False
72971,9754,INSTITUTO COMERCIAL PARTICULAR LA CISTERNA,LA CISTERNA,3,Convivencia Escolar,Atención con el grupo curso para el fortalecimiento de factores protectores con temáticas propias de,"Implementación de actividades con estudiantes o cursos, que favorezcan los factores protectores, el sentido de pertenencia, la participación y la sana convivencia. Se consideran salidas pedagógicas, actividades extracurriculares y recreativas, incentivos grupales e individuales que fomenten la asistencia",Implementación avanzada: 75% a 99%,0,5000000.0,0,0,0,0,0,0,0,5000000,False,0.0,False
72972,9754,INSTITUTO COMERCIAL PARTICULAR LA CISTERNA,LA CISTERNA,3,Convivencia Escolar,"Atención individual de casos de docentes con afectación socioemocional, debido a situaciones laboral","Atención individual:   1. Evaluación y entrevista: Recopilación de información y entrevista con el funcionario para comprender la situación y las emociones asociadas.  2. Intervención psicológica: Brindar apoyo emocional y herramientas para afrontar la situación de manera saludable.  3. Seguimiento y cierre: Coordinación con el director y cierre del proceso con el funcionario, entregan",Implementación completa: 100%,0,200000.0,0,0,0,0,0,0,0,200000,False,0.0,False
72973,9754,INSTITUTO COMERCIAL PARTICULAR LA CISTERNA,LA CISTERNA,3,Convivencia Escolar,Atención individual de estudiantes con un estado emocional que afecta negativamente su proceso de en,"Atención por comportamiento disruptivo:  • Derivación: El profesor jefe o inspector deriva al alumno(a) para atención profesional.  • Intervención: Se realiza orientación y/o consejería individual con el alumno(a) y su familia. Se atiende a eventuales afectados.  • Acuerdos y compromisos: Se establecen acuerdos y compromisos con el alumno(a), incluyendo medidas disciplinarias si corresponde.  •",Implementación avanzada: 75% a 99%,0,200000.0,0,0,0,0,0,0,0,200000,False,0.0,False
72974,9754,INSTITUTO COMERCIAL PARTICULAR LA CISTERNA,LA CISTERNA,3,Convivencia Escolar,TALLER “Gestionando Mis Emociones”.,Talleres con estudiantes cuyo profesor/a jefe establezca la necesidad de fortalecer un aprendizaje socio emocional que favorezca su salud mental y propicie una sana convivencia escolar.,Implementación parcial: 25% a 49%,0,200000.0,0,0,0,0,0,0,0,200000,False,0.0,False
72975,9754,INSTITUTO COMERCIAL PARTICULAR LA CISTERNA,LA CISTERNA,3,Convivencia Escolar,Talleres y Charlas de Orientación,"Se fortalece el diseño e implementación de actividades diferenciadas por nivel, para promover la salud mental y el bienestar socioemocional de los/as estudiantes, apoyar la construcción del proyecto de vida y prevenir situaciones de riesgo psicosocial.",Implementación completa: 100%,0,600000.0,0,0,0,0,0,0,0,600000,False,0.0,False
72976,9754,INSTITUTO COMERCIAL PARTICULAR LA CISTERNA,LA CISTERNA,3,Convivencia Escolar,Fortalecimiento de la asignatura de Orientación,"Se diseñan e implementan acciones de acompañamiento a profesores/as jefes para el fortalecimiento de la asignatura de Orientación, en 1° y 2° medios. Se mantienen reuniones individuales y por nivel de forma semestral y se realizarán observaciones y retroalimentación mediante acompañamiento al aula.",Implementación avanzada: 75% a 99%,0,500000.0,0,0,0,0,0,0,0,500000,False,0.0,False
72977,9754,INSTITUTO COMERCIAL PARTICULAR LA CISTERNA,LA CISTERNA,3,Gestión de Recursos,Optimización de espacios y recursos educativos,Se realizan gestiones para la habilitación de espacios educativos que favorezcan el proceso de enseñanza-aprendizaje:   - Habilitación del laboratorio de Ciencias antes de terminar el año 2024.  - Diagnóstico y diseño de proyecto para remodelar CRA para el 2025.,Implementación avanzada: 75% a 99%,0,56000000.0,0,0,0,0,0,0,0,56000000,False,0.0,False
72978,9754,INSTITUTO COMERCIAL PARTICULAR LA CISTERNA,LA CISTERNA,3,Gestión de Recursos,Evaluación y seguimiento de recursos educativos,"Se realiza una evaluación de los recursos, plataformas educativas, espacios y contratación de personal docente idóneo para favorecer el proceso de enseñanza-aprendizaje.",Implementación completa: 100%,0,27000000.0,0,0,0,0,0,0,0,27000000,False,0.0,False
72979,9754,INSTITUTO COMERCIAL PARTICULAR LA CISTERNA,LA CISTERNA,3,Gestión Pedagógica,Acompañamiento con foco en ambiente organizado,Se brindará acompañamiento docente a dos grupos de 6 docentes:   - Grupo de formación diferenciada: enfocado en estrategias de enseñanza para el logro de aprendizajes profundos.   - Grupo de formación general: enfocado en el aprendizaje inclusivo y efectivo.   Se utilizará una pauta consensuada para la observación en el aula y la retroalimentación a los docentes.,Implementación avanzada: 75% a 99%,0,600000.0,0,0,0,0,0,0,0,600000,False,0.0,False
72980,9754,INSTITUTO COMERCIAL PARTICULAR LA CISTERNA,LA CISTERNA,3,Gestión Pedagógica,Diseño de planificaciones diversificadas,"Diseño de planificaciones de clases diversificadas por los equipos de aula para desarrollo de trabajo colaborativo en apoyo a los y las estudiantes de forma inclusiva. Se constituirán equipos de aula conformados por profesores jefes, de asignatura, profesionales PIE y UTP. Se reunirán mensualmente para diseñar, implementar y evaluar las planificaciones diversificadas.",Implementación completa: 100%,0,500000.0,500000,0,0,0,0,0,0,1000000,False,0.0,False
72981,9754,INSTITUTO COMERCIAL PARTICULAR LA CISTERNA,LA CISTERNA,3,Gestión Pedagógica,Instancias de capacitación,"Calendarización de las instancias de capacitación incorporadas al Plan de Desarrollo Profesional Docente. Capacitaciones externas e internas, con foco en metodologías colaborativas e inclusivas (adecuaciones curriculares). Se busca apoyar el trabajo docente en aula y la mejora de los resultados de aprendizaje de los y las estudiantes y promover el trabajo colaborativo.",Implementación completa: 100%,0,600000.0,0,0,0,0,0,0,0,600000,False,0.0,False
72982,9754,INSTITUTO COMERCIAL PARTICULAR LA CISTERNA,LA CISTERNA,3,Gestión Pedagógica,Disposición y uso efectivo de espacios y recursos educativos,"Se realizará evaluación exhaustiva de los/as espacios y recursos educativos disponibles. Se identificarán necesidades de mejora en cuanto a equipamiento y materiales. Se elaborará plan de acción integral para la mejora de los espacios y recursos educativos, considerando el presupuesto, las prioridades y las características de la comunidad educativa.",Implementación avanzada: 75% a 99%,0,1000000.0,0,0,0,0,0,0,0,1000000,False,0.0,False
72983,9754,INSTITUTO COMERCIAL PARTICULAR LA CISTERNA,LA CISTERNA,3,Liderazgo,Retroalimentación pedagógica mediante acompañamiento al aula,"Se implementará Proyecto ADECO de retroalimentación pedagógica mediante el acompañamiento al aula, enfocado en docentes TP. El proyecto contempla cuatro etapas: diagnóstico, planificación, implementación y evaluación.",Implementación completa: 100%,0,200000.0,0,0,0,0,0,0,0,200000,False,0.0,False
72984,9754,INSTITUTO COMERCIAL PARTICULAR LA CISTERNA,LA CISTERNA,3,Liderazgo,Incentivo al desempeño docente,"Se diseñará e implementará un sistema de evaluación interno para docentes y profesionales de la educación, considerando el desempeño en el área administrativa, pedagógica e interpersonal. Se elaborará pauta consensuada para realizar una evaluación semestral. A final de año se entregarán resultados, los que podrán determinar incentivos a los/as docentes y profesionales destacados.",Implementación avanzada: 75% a 99%,0,22000000.0,0,0,0,0,0,0,0,22000000,False,0.0,False
72985,9757,CENTRO EDUCACIONAL SANTA CLARA,LA CISTERNA,3,Convivencia Escolar,Atención y apoyo psicológico,"La psicóloga realiza diagnósticos y observaciones a las estudiantes con dificultades sociales, afectivas y conductuales de Pre-Kinder a 4°Medio; realiza derivaciones usando redes de apoyo externo.   Fortalece los espacios relacionales positivos de toda la comunidad educativa cuidando  la salud psicoemocional de sus integrantes.",Implementación completa: 100%,0,13500000.0,0,0,0,0,0,0,0,13500000,False,0.0,False
72986,9757,CENTRO EDUCACIONAL SANTA CLARA,LA CISTERNA,3,Convivencia Escolar,Hábitos de vida saludable,"Los docentes implementan estrategias sistemáticas para  educar a las estudiantes de PK a 4° Medio sobre la importancia de la alimentación balanceada, la actividad física regular y el cuidado de la salud mental. En las clases de Orientación  se brindan herramientas y recursos para el manejo del estrés y la promoción del bienestar emocional creando un ambiente de apoyo y motivación.",Implementación completa: 100%,0,6000000.0,0,0,0,0,0,0,0,6000000,False,0.0,False
72987,9757,CENTRO EDUCACIONAL SANTA CLARA,LA CISTERNA,3,Convivencia Escolar,Participación y pertenencia,"El establecimiento promueve el sentido de pertenencia y comunidad fortaleciendo prácticas que refuercen la identidad positiva desarrollando vínculos afectivos entre las estudiantes que cambian de ciclo  para crear una conexión fluida y progresiva. Se desarrollan concursos,  festivales, ferias y se fomenta  la participación en torneos dentro y fuera del país velando por transporte y estadía.",Implementación completa: 100%,0,17500000.0,0,0,0,0,0,0,0,17500000,False,0.0,False
72988,9757,CENTRO EDUCACIONAL SANTA CLARA,LA CISTERNA,3,Convivencia Escolar,Compromiso medio-ambiental,El establecimiento fortalece su sello de Formación Ambiental promoviendo  que las estudiantes lideren y se involucren en iniciativas constructivas que propician la responsabilidad con la sociedad y el medioambiente  instaurando en la comunidad el respeto  por el entorno natural y Nuestra Casa común con actividades enmarcadas en un proyecto con  certificación SNCAE.,Implementación completa: 100%,0,9000000.0,0,0,0,0,0,0,0,9000000,False,0.0,False
72989,9757,CENTRO EDUCACIONAL SANTA CLARA,LA CISTERNA,3,Convivencia Escolar,Convivencia Escolar,"El equipo directivo  promueve que todos los miembros de la comunidad educativa sigan normas básicas de educación y que demuestren consideración y respeto por los demás.  Trabajan, de manera transversal y cotidiana, habilidades y actitudes necesarias para abordar las diferencias y resolver adecuadamente los conflictos. Se actualiza el plan anual promoviendo la asistencia y permanencia escolar.",Implementación completa: 100%,0,31500000.0,0,0,0,0,0,0,0,31500000,False,0.0,False
72990,9757,CENTRO EDUCACIONAL SANTA CLARA,LA CISTERNA,3,Convivencia Escolar,Formación integral,"El equipo directivo, considerando el desarrollo integral de las estudiantes, define objetivos formativos en función del PEI, objetivos  transversales  y su Plan Pastoral entregando lineamientos a todo el personal para coordinar las acciones formativas cotidianas.  Se instauran  símbolos, himnos, ritos , celebraciones y apoyo solidario para promover principios y valores institucionales.",Implementación completa: 100%,0,4500000.0,0,0,0,0,0,0,0,4500000,False,0.0,False
72991,9757,CENTRO EDUCACIONAL SANTA CLARA,LA CISTERNA,3,Gestión de Recursos,Recursos educativos,"El equipo técnico-pedagógico promueve entre los docentes y las estudiantes el uso efectivo de los recursos didácticos, recreativos y equipamiento deportivo para su utilización en  actividades curriculares y extra programáticas de las estudiantes de Pre-Kínder a Cuarto Medio.  Para esto, definen lineamientos pedagógicos para su uso seguro y responsable,",Implementación completa: 100%,0,70000000.0,0,0,0,0,0,0,0,70000000,False,0.0,False
72992,9757,CENTRO EDUCACIONAL SANTA CLARA,LA CISTERNA,3,Gestión de Recursos,Reconocimiento de desempeño,"Se fortalece el clima laboral  valorando las cualidades y logros del personal mediante reconocimientos verbales, premiaciones y  celebraciones. Se incentiva a directivos, docentes y asistentes de educación  premiando su quehacer  para la mejora de los procesos  académicos y formativos.  Se entregan de reconocimientos de acuerdo a las metas institucionales y logros en evaluaciones externas.",Implementación completa: 100%,0,10000000.0,0,0,0,0,0,0,0,10000000,False,0.0,False
72993,9757,CENTRO EDUCACIONAL SANTA CLARA,LA CISTERNA,3,Gestión de Recursos,Laboratorios y recursos tecnológicos,"Se implementa laboratorios de Ciencias y Robótica para mejorar aprendizajes con actividades experimentales que potencien el razonamiento matemático y científico animándolas a participar en torneos nacionales e internacionales cubriendo gastos de transporte, estadía y alimentación. Se cuenta con los insumos fungibles y Tic s.  Un docente y dos asistentes velan por el funcionamiento de esta área.",Implementación completa: 100%,0,63000000.0,0,0,0,0,0,0,0,63000000,False,0.0,False
72994,9757,CENTRO EDUCACIONAL SANTA CLARA,LA CISTERNA,3,Gestión de Recursos,Inducción del personal nuevo,"La entidad sostenedora y  el equipo directivo implementan de manera sistemática procesos de inducción del personal. Por ejemplo, entrega y explica el sentido del Proyecto Educativo Institucional y de los reglamentos internos, enseña las rutinas y procedimientos propias del establecimiento, realiza un acompañamiento inicial, entre otros.",Implementación completa: 100%,0,2500000.0,0,0,0,0,0,0,0,2500000,False,0.0,False
72995,9757,CENTRO EDUCACIONAL SANTA CLARA,LA CISTERNA,3,Gestión de Recursos,Capacitaciones,"El establecimiento gestiona y financia  la participación en capacitaciones,  perfeccionamientos, seminarios,  congresos nacionales e internacionales que fortalezcan los lineamientos del PEI con el objetivo de mejorar prácticas  motivando  a asumir nuevos desafíos en el quehacer profesional",Implementación completa: 100%,0,15000000.0,0,0,0,0,0,0,0,15000000,False,0.0,False
72996,9757,CENTRO EDUCACIONAL SANTA CLARA,LA CISTERNA,3,Gestión de Recursos,Centro de Recursos de Aprendizaje,"El equipo directivo se asegura de contar con personal suficiente para administrar la biblioteca CRA  con las calificaciones necesarias para apoyar la lectura, con una asignación horaria que le permita la atención adecuada a toda la comunidad educativa. Se fortalece la función del CRA con la mantención de espacios lúdicos, desarrollo del plan lector para las estudiantes desde PK a 4°Medio.",Implementación completa: 100%,0,15500000.0,0,0,0,0,0,0,0,15500000,False,0.0,False
72997,9757,CENTRO EDUCACIONAL SANTA CLARA,LA CISTERNA,3,Gestión Pedagógica,Evaluación y monitoreo del aprendizaje,El proceso de evaluación se monitorea en forma continua con el objetivo de mejorar los aprendizajes identificando  logros y determinando remediales.  Los instrumentos evaluativos son revisados por un equipo encargado quien retroalimenta a los docentes. La evaluadora se encarga de dirigir jornadas de análisis sobre el reglamento de evaluación y organizar las evaluaciones internas y externas.,Implementación completa: 100%,0,25000000.0,0,0,0,0,0,0,0,25000000,False,0.0,False
72998,9757,CENTRO EDUCACIONAL SANTA CLARA,LA CISTERNA,3,Gestión Pedagógica,Trayectorias educativas,"Los docentes planifican digitalmente unidades de  aprendizaje implementando prácticas interdisciplinarias por ciclos que potencien  la motivación permitiendo que aprendan de forma innovadora e inclusiva incorporando los  sellos institucionales en sus actividades. Demuestran dominio de habilidades, acuerdan metodologías  específicas de asignaturas para avances en las trayectorias educativas.",Implementación completa: 100%,0,2000000.0,0,0,0,0,0,0,0,2000000,False,0.0,False
72999,9757,CENTRO EDUCACIONAL SANTA CLARA,LA CISTERNA,3,Gestión Pedagógica,Proyecto de acompañamiento docente,"El equipo directivo y técnico desarrolla   un proyecto de acompañamiento para fortalecer  las prácticas  docentes. Realizan observaciones de clases enfocadas en  la  instalación de  prácticas acordadas retroalimentando oportunamente con el fin de determinar en conjunto formas de apoyo para activar aprendizajes, reflexionar sobre sus logros y determinar acciones  para la mejora.",Implementación avanzada: 75% a 99%,0,2000000.0,0,0,0,0,0,0,0,2000000,False,0.0,False
73000,9757,CENTRO EDUCACIONAL SANTA CLARA,LA CISTERNA,3,Gestión Pedagógica,Articulación de Apoyo Pedagógico,"A través del trabajo colaborativo entre docentes, asistentes de aula, equipo PIE y coordinadoras de ciclo  se entrega apoyo sistemático y oportuno a las estudiantes que presentan vacíos de aprendizaje y requieren reforzamiento adicional y acompañamiento en su proceso de aprendizaje.   La coordinadora de talleres  monitorea  los correspondientes a JEC velando por su adecuado funcionamiento.",Implementación completa: 100%,0,38000000.0,0,0,0,0,0,0,0,38000000,False,0.0,False
73001,9757,CENTRO EDUCACIONAL SANTA CLARA,LA CISTERNA,3,Liderazgo,Planes y metas institucionales,"El establecimiento determina metas institucionales e  implementa  planes exigidos por normativa ministerial y un PME que incluye: objetivos y metas concretas y medibles,  acciones,  medios de verificación, responsables, plazos, presupuesto.  Fortalece los sellos del PEI y cuenta con coordinadoras en el área pedagógica, administrativa y contable, las cuales  monitorean su implementación.",Implementación completa: 100%,0,29500000.0,0,0,0,0,0,0,0,29500000,False,0.0,False
73002,9757,CENTRO EDUCACIONAL SANTA CLARA,LA CISTERNA,3,Liderazgo,Fortaleciendo nuestros sellos institucionales,"Se fortalece la internalización y empoderamiento de los sellos  definidos en el PEI  incorporando en el quehacer cotidiano signos y rutinas que identifican sus valores y desarrollan una cultura de altas expectativas,  conciencia sobre la protección del medio ambiente y competencias socioemocionales que fortalecen vínculos  fraternos en toda la comunidad educativa.",Implementación completa: 100%,0,10000000.0,0,0,0,0,0,0,0,10000000,False,0.0,False
73003,9757,CENTRO EDUCACIONAL SANTA CLARA,LA CISTERNA,3,Liderazgo,Provisión de indemnización,"La entidad sostenedora y el director define y comunica las funciones de apoyo que asumirá en: Gestión de personal, pedagógica, de Convivencia, Financiera, Apoyo al desarrollo de los estudiantes, Adquisición de recursos educativos, Mantención de infraestructura.  Se realiza provisión de fondos de indemnización para los casos de término de contrato y finiquito de personal contratado con fondos SEP.",Implementación completa: 100%,0,10000000.0,0,0,0,0,0,0,0,10000000,False,0.0,False
73004,9757,CENTRO EDUCACIONAL SANTA CLARA,LA CISTERNA,3,Liderazgo,Clima colaborativo,"El director  promueve el trabajo colaborativo y fortalece el funcionamiento de Deptos. como instancias entre pares para compartir desafíos pedagógicos, conocimientos y prácticas.  Organiza encuentros quincenales con profesores jefes de Pre-Básica a IV° Medio para fortalecer la función de guía y orientador dentro de su curso liderando rutinas formativas que permitan un desarrollo integral.",Implementación completa: 100%,0,12700000.0,0,0,0,0,0,0,0,12700000,False,0.0,False
73005,9757,CENTRO EDUCACIONAL SANTA CLARA,LA CISTERNA,3,Liderazgo,Cultura de altas expectativas,"El director promueve el sello cultura de altas expectativas: aumenta progresivamente las exigencias en todos los ámbitos, valora el esfuerzo, promueve el amor por el conocimiento, las artes y el deporte generando un entorno estimulante.  Se organizan salidas pedagógicas y actividades extracurriculares.  Se destacan en actos de premiación a quienes cumplen con los lineamientos del PEI.",Implementación completa: 100%,0,43000000.0,0,0,0,0,0,0,0,43000000,False,0.0,False
73006,9758,COLEGIO SANTA ISABEL DE HUNGRIA,LA CISTERNA,3,Convivencia Escolar,ACLES,"El colegio ofrecerá a todos los estudiantes Actividades Complementarias de Libre Elección en deportes, artes, cultura, recreación, ecología, etc. y dispondrá del personal y los recursos necesarios para su implementación.",Implementación completa: 100%,0,15000000.0,0,0,0,0,0,0,0,15000000,False,0.0,False
73007,9758,COLEGIO SANTA ISABEL DE HUNGRIA,LA CISTERNA,3,Convivencia Escolar,Programa de Acción Pastoral,"La coordinadora de pastoral en conjunto con el equipo pastoral diseñará y desarrollará un plan de acción pastoral acorde con el PEI, dirigido a los alumnos, sus familias y al personal del colegio. El colegio contratará al personal necesario y proveerá los recursos necesarios para la implementación del programa.",Implementación avanzada: 75% a 99%,0,25000000.0,0,0,0,0,0,0,0,25000000,False,0.0,False
73008,9758,COLEGIO SANTA ISABEL DE HUNGRIA,LA CISTERNA,3,Convivencia Escolar,Trabün,"El colegio continuará con el contrato del Programa Trabün con el fin de trabajar de manera sistémica con los estudiantes el aprendizaje socioemocional, así como la formación valórica y espiritual a través de textos de religión.",Implementación completa: 100%,0,15000000.0,0,0,0,0,0,0,0,15000000,False,0.0,False
73009,9758,COLEGIO SANTA ISABEL DE HUNGRIA,LA CISTERNA,3,Convivencia Escolar,Espacios Recreativos y de Educación Socioemocianal,"Se implementarán y mejorarán espacios educativos y recreativos para favorecer la atención en aula y el sano esparcimiento, la educación socioemocional y la recreación de los alumnos y alumnas en espacios abiertos.",Implementación completa: 100%,0,50000000.0,0,0,0,0,0,0,0,50000000,False,0.0,False
73010,9758,COLEGIO SANTA ISABEL DE HUNGRIA,LA CISTERNA,3,Convivencia Escolar,Clima Laboral,"La Director favorecerá un adecuado clima laboral a través de encuentros de reflexión, camaradería y recreación, por lo menos 4 veces al año con el fin de favorecer el cuidado y autocuidado del personal.",Implementación avanzada: 75% a 99%,0,15000000.0,0,0,0,0,0,0,0,15000000,False,0.0,False
73011,9758,COLEGIO SANTA ISABEL DE HUNGRIA,LA CISTERNA,3,Gestión de Recursos,Vínculo Colegio/Familia,"El Colegio potenciará el uso de plataformas tecnológicas (página web, aplicaciones, etc.) con el fin de fortalecer el vinculo Colegio/Familia.",Implementación completa: 100%,0,5000000.0,0,0,0,0,0,0,0,5000000,False,0.0,False
73012,9758,COLEGIO SANTA ISABEL DE HUNGRIA,LA CISTERNA,3,Gestión de Recursos,Personal de Apoyo,"El Colegio contratará el personal de apoyo necesario para Convivencia Escolar, ACLE, Apoyo al aula común, Apoyo a Educación Diferencial, Coordinación SEP, Departamento de Pastoral, Programa Lector, entre otros.",Implementación completa: 100%,0,70000000.0,0,0,0,0,0,0,0,70000000,False,0.0,False
73013,9758,COLEGIO SANTA ISABEL DE HUNGRIA,LA CISTERNA,3,Gestión de Recursos,Reconocimiento por Desempeño,"El colegio entregará un incentivo económico al personal que sea mejor evaluado en su desempeño profesional (docentes y asistentes de la educación), según una pauta establecida.",Implementación avanzada: 75% a 99%,0,25000000.0,0,0,0,0,0,0,0,25000000,False,0.0,False
73014,9758,COLEGIO SANTA ISABEL DE HUNGRIA,LA CISTERNA,3,Gestión de Recursos,Recursos Tecnológicos,"Permanentemente se realizará la mantención de la implementación tecnológica que se ha adquirido con recursos SEP y se procederá a comprar y cambiar los dispositivos, equipos e implementos que sean necesarios para el óptimo funcionamiento. Se mantendrán el contrato  de las plataforma WebClass y el contrato de servicio dedicado de internet.",Implementación completa: 100%,0,15000000.0,0,0,0,0,0,0,0,15000000,False,0.0,False
73015,9758,COLEGIO SANTA ISABEL DE HUNGRIA,LA CISTERNA,3,Gestión de Recursos,Red Internet y Sistema de Monitoreo,"El Colegio renovará la red de internet buscando potenciar el uso de las tecnologías e implementará un sistema de monitoreo de los estudiantes a través de cámaras, favoreciendo un espacio seguro y de contención.",Implementación completa: 100%,0,50000000.0,0,0,0,0,0,0,0,50000000,False,0.0,False
73016,9758,COLEGIO SANTA ISABEL DE HUNGRIA,LA CISTERNA,3,Gestión Pedagógica,Alumnos Destacados,"El colegio entregará premios, estímulos y reconocimientos a alumnos que se destaquen en las distintas áreas de la formación integral que propone el PEI (académica, deportiva, cultural, valórica, etc.) y en las diferentes actividades que se desarrollen que ameriten premios (concursos, campañas, competencias, olimpiadas, etc.)",Implementación completa: 100%,0,15000000.0,0,0,0,0,0,0,0,15000000,False,0.0,False
73017,9758,COLEGIO SANTA ISABEL DE HUNGRIA,LA CISTERNA,3,Gestión Pedagógica,Planes Anuales Operativos,"Se potenciarán los planes anuales operativos de los distintos departamentos, favoreciendo el desarrollo de actividades prácticas y experienciales como salidas, talleres, utilización de material didáctico, prácticas de laboratorio, proyectos, etc. El colegio dispondrá los recursos  necesarios para la realización de las actividades.",Implementación completa: 100%,0,0.0,35000000,0,0,0,0,0,0,35000000,False,0.0,False
73018,9758,COLEGIO SANTA ISABEL DE HUNGRIA,LA CISTERNA,3,Gestión Pedagógica,Observación de clases y acompañamiento docente.,"La Jefa de UTP, Coordinadora Académica y la Coordinadora PIE observarán por lo menos una vez al semestre a cada docente en aula, velando por la cobertura curricular, la eficiencia de las prácticas pedagógicas y la codocencia.",Implementación completa: 100%,0,1000000.0,0,0,0,0,0,0,0,1000000,False,0.0,False
73019,9758,COLEGIO SANTA ISABEL DE HUNGRIA,LA CISTERNA,3,Gestión Pedagógica,Material Pedagógico,"Se entregará a los alumnos material pedagógico impreso que contenga el trabajo en el aula y las actividades que se estén desarrollando, así como las evaluaciones que se apliquen.",Implementación completa: 100%,0,20000000.0,0,0,0,0,0,0,0,20000000,False,0.0,False
73020,9758,COLEGIO SANTA ISABEL DE HUNGRIA,LA CISTERNA,3,Gestión Pedagógica,Talleres de apoyo pedagógico,"Educadoras diferenciales realizarán talleres pedagógicos para los estudiantes que evidencien bajo nivel de logro en los resultados de aprendizaje, especialmente en las asignaturas trocales.",Implementación completa: 100%,0,25000000.0,0,0,0,0,0,0,0,25000000,False,0.0,False
73021,9758,COLEGIO SANTA ISABEL DE HUNGRIA,LA CISTERNA,3,Gestión Pedagógica,Textos Complementarios,"Con el fin de potenciar la lectoescritura, profundizar habilidades de comprensión lectora y resolución de problemas se entregarán Textos Complementarios a los estudiantes para ser trabajados en el aula. De la misma manera se adquirirán textos para incrementar la colección  del CRA.",Implementación completa: 100%,0,35000000.0,0,0,0,0,0,0,0,35000000,False,0.0,False
73022,9758,COLEGIO SANTA ISABEL DE HUNGRIA,LA CISTERNA,3,Gestión Pedagógica,Salidas Pedagógicas,"Se implementará un programa de salidas pedagógicas (museos, teatros, zoológicos, empresas, cines, lugares turísticos y patrimoniales, reservas naturales y ecológicas, etc.) con estudiantes de todos los niveles con el fin de potenciar y ampliar los aprendizajes.",Implementación completa: 100%,0,25000000.0,0,0,0,0,0,0,0,25000000,False,0.0,False
73023,9758,COLEGIO SANTA ISABEL DE HUNGRIA,LA CISTERNA,3,Liderazgo,Reuniones Estamentales,"La Directora se reunirá por lo menos al semestre reuniones estamentales con los representantes de los diferentes actores de la comunidad educativa, con el fin de potenciar la convivencia y metas comunes.",Implementación completa: 100%,0,500000.0,0,0,0,0,0,0,0,500000,False,0.0,False
73024,9758,COLEGIO SANTA ISABEL DE HUNGRIA,LA CISTERNA,3,Liderazgo,Revisión y Actualización del RICE,Se contratará una asesoría para la revisión y actualización del Rice de manera de responder adecuadamente a los nuevos requerimientos de la Superintendencia de Educación y a las contingencias actuales en materia de convivencia escolar.,Implementación completa: 100%,0,7000000.0,0,0,0,0,0,0,0,7000000,False,0.0,False
73025,9758,COLEGIO SANTA ISABEL DE HUNGRIA,LA CISTERNA,3,Liderazgo,Perfeccionamiento Docente,Se realizarán perfeccionamientos tendientes a lograr mayores competencias para la convivencia escolar con foco en el manejo de herramientas para el desarrollo de habilidades socioemocionales.,Implementación avanzada: 75% a 99%,0,20000000.0,0,0,0,0,0,0,0,20000000,False,0.0,False
73026,9759,LICEO LAURA VICUNA,LA CISTERNA,3,Convivencia Escolar,"Formando ciudadanos, líderes activos y responsables","Potenciar estrategias educativas diversificadas, enfocadas en  el fortalecimiento y ejercicio del liderazgo y ciudadanía responsable en la comunidad educativa.",Implementación completa: 100%,0,3000000.0,0,0,0,0,0,0,0,3000000,False,0.0,False
73027,9759,LICEO LAURA VICUNA,LA CISTERNA,3,Convivencia Escolar,Laura Reconoce tu esfuerzo y superación,"Estimular por medio del reconocimiento y premiación conductas esperadas en torno a nuestro proyecto educativo institucional ( valores como la responsabilidad, la participación, el bienestar psicosocioemocional, entre otros).",Implementación completa: 100%,0,12000000.0,0,0,0,0,0,0,0,12000000,False,0.0,False
73028,9759,LICEO LAURA VICUNA,LA CISTERNA,3,Convivencia Escolar,Ecología y vida saludable… Proyectos locales,"El Liceo promueve  estrategias educativas que favorecen el cuidado del medio ambiente y vida saludable, para desarrollar el ámbito de formación ciudadana, inclusión social y estilos de vida saludable.",Implementación completa: 100%,0,3000000.0,0,0,0,0,0,0,0,3000000,False,0.0,False
73029,9759,LICEO LAURA VICUNA,LA CISTERNA,3,Convivencia Escolar,Nuestro colegio un espacio de crecimiento integral,"Potenciar en la comunidad educativa instancias formativas y de acompañamiento, enfocadas en el desarrollo de sentido de pertenencia, habilidades para la vida y  adecuada resolución de conflictos sustentado en planes institucionales.",Implementación completa: 100%,0,25000000.0,0,0,0,0,0,0,0,25000000,False,0.0,False
73030,9759,LICEO LAURA VICUNA,LA CISTERNA,3,Gestión de Recursos,Mejoramiento de espacios y recursos educativos,"Con esta acción se pretende adaptar, modificar o implementar los espacios educativos para brindar mejores condiciones de aprendizaje a las estudiantes y los recursos para que los docentes puedan realizar sus clases.",Implementación completa: 100%,0,20000000.0,0,0,0,0,0,0,0,20000000,False,0.0,False
73031,9759,LICEO LAURA VICUNA,LA CISTERNA,3,Gestión de Recursos,"Para una escuela eficiente, eficaz y sostenible",Asegurar una administración efectiva de todos los recursos  económicos de la Institución para aportar a la formación  de las estudiantes y garantizar la sustentabilidad  del Proyecto  Educativo.,Implementación completa: 100%,0,79000000.0,0,0,0,0,0,0,0,79000000,False,0.0,False
73032,9759,LICEO LAURA VICUNA,LA CISTERNA,3,Gestión Pedagógica,Incluir y diversificar para el logro de las metas académicas.,"Con esta acción se pretende, a través del trabajo colaborativo entre docentes de aula y especialistas , asegurar la implementación de un aula inclusiva con énfasis en la codocencia, diversificación y articulación, para lograr la mejora en los aprendizajes de todas y todos los estudiantes.",Implementación completa: 100%,0,10000000.0,0,0,0,0,0,0,0,10000000,False,0.0,False
73033,9759,LICEO LAURA VICUNA,LA CISTERNA,3,Gestión Pedagógica,El acompañamiento docente  como garante de buenos aprendizajes,"Con la implementación de esta acción se busca ofrecer  acompañamiento y retroalimentación a todos los docentes en relación a la mejora de  sus prácticas pedagógicas , favoreciendo los  climas de aprendizajes que apunten a la mejora de resultados académicos de los estudiantes, asignando mentoras a aquellos docentes que así lo requieran.",Implementación completa: 100%,0,6000000.0,0,0,0,0,0,0,0,6000000,False,0.0,False
73034,9759,LICEO LAURA VICUNA,LA CISTERNA,3,Gestión Pedagógica,Fomentar la construcción del proyecto de vida a la luz del evangelio,"Con esta acción se pretende incorporar sistemáticamente la dimensión salesiana a la clase de religión mediante el trabajo en texto y guías de aprendizaje que incluyen contenidos, habilidades espirituales y actitudes que permitan a nuestras estudiantes vivenciar una ciudadanía activa y constructiva para su proyecto de vida.",Implementación completa: 100%,0,2500000.0,0,0,0,0,0,0,0,2500000,False,0.0,False
73035,9759,LICEO LAURA VICUNA,LA CISTERNA,3,Gestión Pedagógica,Generar experiencias de aprendizaje significativo vinculados con el entorno social y cultural.,"Con esta acción se pretende lograr en nuestros estudiantes aprendizajes auténticos, significativos y contextualizados  implementando rutas pedagógicas, convenios con instituciones externas y/o asistencia a actividades interescolares junto con la puesta en marcha de talleres académicos orientados a fortalecer aprendizajes de estudiantes con desafíos.",Implementación completa: 100%,0,10000000.0,0,0,0,0,0,0,0,10000000,False,0.0,False
73036,9759,LICEO LAURA VICUNA,LA CISTERNA,3,Gestión Pedagógica,Los datos al servicio de la mejora educativa,"Con esta acción se pretende que la recolección e interpretación de datos académicos favorezca la toma de decisiones, a favor de potenciar la movilidad de estudiantes hacia los niveles de aprendizajes superiores, traducido en la implementación de planes de apoyo específicos y estrategias diversificadas  para la mejora de resultados.",Implementación completa: 100%,0,1000000.0,0,0,0,0,0,0,0,1000000,False,0.0,False
73037,9759,LICEO LAURA VICUNA,LA CISTERNA,3,Liderazgo,Formarnos juntos para un mejor trabajo en red,"Con esta acción se pretende favorecer espacios de formación continua, potenciando el liderazgo de los diversos miembros de la Comunidad educativa y elevando las competencias profesionales para asegurar la concreción de PEI",Implementación completa: 100%,0,10000000.0,0,0,0,0,0,0,0,10000000,False,0.0,False
73038,9759,LICEO LAURA VICUNA,LA CISTERNA,3,Liderazgo,Capacitar para el desarrollo profesional docente,"Con esta acción se pretende otorgar perfeccionamiento continuo para el Liderazgo Pedagógico, especialmente de los directores, directoras, docentes que realizan evaluación por carrera docente, que permitan obtener mejores aprendizajes en los estudiantes, y un trabajo efectivo y colaborativo con sus equipos de trabajo.",Implementación completa: 100%,0,10000000.0,0,0,0,0,0,0,0,10000000,False,0.0,False
73039,9759,LICEO LAURA VICUNA,LA CISTERNA,3,Liderazgo,"Reactivación, una oportunidad de mejora en las prácticas docentes.","Acción que refleja el proceso de análisis de los resultados de eficiencia interna, incentivando a los docentes en su desarrollo profesional para mejorar y movilizar a las alumnas descendidas y con rezago académico; de esta forma premia, destaca y reconoce en su planta docente aquellas prácticas exitosas y de excelencia.",Implementación completa: 100%,0,3000000.0,0,0,0,0,0,0,0,3000000,False,0.0,False
73040,9759,LICEO LAURA VICUNA,LA CISTERNA,3,Liderazgo,Metas por liderazgo de jefatura,"Acción que busca altos logros en las metas establecidas por jefaturas de curso,teniendo presente avances progresivos en cuanto mejora integral de sus componentes(alumnas y familias) con énfasis en la adhesión PEI,sana convivencia escolar, factores asociados a la asistencia,resultados y retención escolar; con ello se proporciona incentivo anual al trabajo de liderazgo destacado del profesor jefe.",Implementación completa: 100%,0,1500000.0,0,0,0,0,0,0,0,1500000,False,0.0,False
73041,9759,LICEO LAURA VICUNA,LA CISTERNA,3,Liderazgo,Fortalecimiento de un clima laboral positivo,"Con esta acción se busca promover el sentido de pertenencia , fortaleciendo la adhesión al carisma, valores , sellos propios y adquisición de herramientas de autocuidado a fin de que  cada integrante se sienta partícipe y corresponsable en la construcción de la comunidad educativa del liceo Laura Vicuña, entregando lo mejor de sí a los estudiantes.",Implementación completa: 100%,0,4000000.0,0,0,0,0,0,0,0,4000000,False,0.0,False
73042,9771,CHILEAN EAGLES COLLEGE - LA CISTERNA,LA CISTERNA,3,Convivencia Escolar,Difusión del Sello SEG,"Difundir el sello SEG (altas expectativas, buen trato y 4 valores institucionales), a través de distintas actividades que potencien en sentido de pertenencia y vínculo de los estudiantes con el colegio. Tales como: aniversario, celebración de efemérides del calendario escolar, actividades deportivas/artísticas de red, entre otros.",Implementación adecuada: 50% a 74%,0,6839067.0,0,0,0,0,0,0,0,6839067,False,0.0,False
73043,9771,CHILEAN EAGLES COLLEGE - LA CISTERNA,LA CISTERNA,3,Convivencia Escolar,Brindar apoyo socioemocional a los estudiantes,"Brindar apoyo socioemocional a nuestros estudiantes a través de una buena implementación de las clases de orientación, realizar la acogida diaria a nuestros estudiantes, generar redes de contención internas, y redes de intervención externa, y un seguimiento oportuno de parte del equipo de inspectores tutores hacia los estudiantes.",Implementación adecuada: 50% a 74%,0,4103440.0,0,0,0,0,0,0,0,4103440,False,0.0,False
73044,9771,CHILEAN EAGLES COLLEGE - LA CISTERNA,LA CISTERNA,3,Convivencia Escolar,Implementar rutinas y procedimientos de cultura escolar,"La acción  tiene como objetivo instaurar una cultura de altas expectativas que promueva la motivación y el compromiso de la comunidad educativa. Esta iniciativa está dirigida a todos los estudiantes, docentes y familias del establecimiento, con el fin de crear un entorno que favorezca el aprendizaje y el desarrollo integral.",Implementación adecuada: 50% a 74%,0,1823751.0,0,0,0,0,0,0,0,1823751,False,0.0,False
73045,9771,CHILEAN EAGLES COLLEGE - LA CISTERNA,LA CISTERNA,3,Convivencia Escolar,Fortalecimiento del liderazgo del perfil del Profesor Guía (Profesor Jefe) y Equipo de Convivencia E,"Fortalecimiento del liderazgo del Profesor Guía y del equipo de Convivencia Escolar a través de talleres de formación y capacitación, acompañamiento y definición de un perfil con tareas y metas específicas.",Implementación adecuada: 50% a 74%,0,5927191.0,0,0,0,0,0,0,0,5927191,False,0.0,False
73046,9771,CHILEAN EAGLES COLLEGE - LA CISTERNA,LA CISTERNA,3,Convivencia Escolar,Retención y Asistencia Escolar,"Detección, seguimiento y generación de planes de acción para estudiantes que presentan bajo nivel de asistencia y/o riesgo de deserción. Incluye seguimiento en detalle al ausentismo crónico a través del comité de asistencia del colegio.",Implementación adecuada: 50% a 74%,0,5000000.0,0,0,0,0,0,0,0,5000000,False,0.0,False
73047,9771,CHILEAN EAGLES COLLEGE - LA CISTERNA,LA CISTERNA,3,Convivencia Escolar,incorporación de proyecto de vida,Se incorpora la unidad de proyecto de vida en las clases de orientación de todo el colegio.,Implementación completa: 100%,0,0.0,0,0,0,0,0,0,0,0,False,0.0,False
73048,9771,CHILEAN EAGLES COLLEGE - LA CISTERNA,LA CISTERNA,3,Convivencia Escolar,Plan de Exploración Vocacional,Implementar el plan de exploración vocacional que fomente rendición de la Prueba de Ingreso a la Universidad y la Continuidad de estudios. Incluye realización de Feria de Exploración Vocacional en el colegio.,Implementación adecuada: 50% a 74%,0,2735627.0,0,0,0,0,0,0,0,2735627,False,0.0,False
73049,9771,CHILEAN EAGLES COLLEGE - LA CISTERNA,LA CISTERNA,3,Convivencia Escolar,Participación y Protagonismo de los estudiantes y apoderados en la vida escolar,"Implementar instancias de participación estudiantil, curriculares (Consejo de Curso) y complementarias (actividades complementarias). Velar por el desarrollo correcto de un proceso democrático en la elección de directivas y centros de estudiantes y apoderados.",Implementación adecuada: 50% a 74%,0,5471253.0,0,0,0,0,0,0,0,5471253,False,0.0,False
73050,9771,CHILEAN EAGLES COLLEGE - LA CISTERNA,LA CISTERNA,3,Convivencia Escolar,Plan formación y educación en temas de Género y Prevención de Abusos Sexuales,"Implementar el plan de de formación y educación en temas de Género y Prevención de Abusos Sexuales enfocados en estudiantes y vinculando a docentes, asistentes de la educación y familias en el procesos.",Implementación adecuada: 50% a 74%,0,2735626.0,0,0,0,0,0,0,0,2735626,False,0.0,False
73051,9771,CHILEAN EAGLES COLLEGE - LA CISTERNA,LA CISTERNA,3,Gestión de Recursos,Adquisición de recursos educativos,"Compra de material e insumos (didácticos, tecnológicos, deportivos, artísticos administrativos, de librería, etc.)necesarios para mejorar la implementación de los planes académico  para alumnos, entre otros, con el fin de aumentar los niveles de logro de nuestros estudiantes.",Implementación adecuada: 50% a 74%,0,13678134.0,0,0,0,0,0,0,0,13678134,False,0.0,False
73052,9771,CHILEAN EAGLES COLLEGE - LA CISTERNA,LA CISTERNA,3,Gestión de Recursos,Mejoramiento y mantención espacios físicos en salas de clases y espacios comunes,"Mejoramiento de los espacios del colegio en pos de generar un ambiente propicio para el aprendizaje, y de resguardar que los alumnos se encuentren en un espacio seguro y que incentive la creatividad.",Implementación adecuada: 50% a 74%,0,9200000.0,0,0,0,0,0,0,0,9200000,False,0.0,False
73053,9771,CHILEAN EAGLES COLLEGE - LA CISTERNA,LA CISTERNA,3,Gestión de Recursos,Plan de Bienestar Laboral,"Se implementará un plan de bienestar laboral que incluye seguimiento al clima laboral, reuniones periódicas con sindicatos, levantamiento de necesidades y gestión de prevención de riesgos, desarrollo organizacional.",Implementación avanzada: 75% a 99%,0,5471254.0,0,0,0,0,0,0,0,5471254,False,0.0,False
73054,9771,CHILEAN EAGLES COLLEGE - LA CISTERNA,LA CISTERNA,3,Gestión de Recursos,Actividades de autocuidado,Se realizan actividades de autocuidado que van desde celebraciones de cumpleaños como de incentivo docente por metas de aprendizaje.,Implementación avanzada: 75% a 99%,0,0.0,0,0,0,0,0,0,0,0,False,0.0,False
73055,9771,CHILEAN EAGLES COLLEGE - LA CISTERNA,LA CISTERNA,3,Gestión de Recursos,Promoción del proyecto educativo,"Fortalecer el compromiso con el desarrollo de la misión, la visión y el sello educativo de la fundación promoviendo instancia de encuentros con toda la comunidad.",Implementación adecuada: 50% a 74%,0,10000000.0,0,0,0,0,0,0,0,10000000,False,0.0,False
73056,9771,CHILEAN EAGLES COLLEGE - LA CISTERNA,LA CISTERNA,3,Gestión de Recursos,Plan de bienestar laboral,"Se implementará un plan de bienestar laboral que incluye seguimiento al clima laboral, reuniones periódicas con sindicatos, levantamiento de necesidades y gestión de prevención de riesgos, desarrollo organizacional.",Implementación adecuada: 50% a 74%,0,5471254.0,0,0,0,0,0,0,0,5471254,False,0.0,False
73057,9771,CHILEAN EAGLES COLLEGE - LA CISTERNA,LA CISTERNA,3,Gestión de Recursos,Plan de Desarrollo Profesional Docente y Administrativo,"El plan tiene como objetivo asegurar que el 90% del personal docente y administrativo sea idóneo y competente, a través de un enfoque sistemático en la gestión del desarrollo profesional que responda a las necesidades pedagógicas y administrativas del establecimiento. Esta acción está dirigida a todos los docentes y personal administrativo del colegio.",Implementación adecuada: 50% a 74%,0,5000000.0,0,0,0,0,0,0,0,5000000,False,0.0,False
73058,9771,CHILEAN EAGLES COLLEGE - LA CISTERNA,LA CISTERNA,3,Gestión Pedagógica,Tomar decisiones pedagógicas en base a datos.,"Implementar ciclo de enseñanza basada en datos, a nivel de red y colegios, que implica las siguientes acciones: reuniones de análisis de datos, ajuste del proceso de Enseñanza-Aprendizaje en base a los resultados de las evaluaciones formativas y sumativas, y monitoreo de las evaluaciones fundacionales para revisar/ajustar estrategias pedagógicas.",Implementación adecuada: 50% a 74%,0,6839067.0,0,0,0,0,0,0,0,6839067,False,0.0,False
73059,9771,CHILEAN EAGLES COLLEGE - LA CISTERNA,LA CISTERNA,3,Gestión Pedagógica,Formación Continua Docentes,"Generar diversas modalidades de formación continua para instalar y potenciar competencias que permitan mejorar el proceso de Enseñanza-Aprendizaje, tales como observación y retroalimentación de clases, talleres de capacitación y reuniones técnicas, consejo de profesores, reuniones periódicas entre líder y docente, entre otros.",Implementación adecuada: 50% a 74%,0,5471254.0,0,0,0,0,0,0,0,5471254,False,0.0,False
73060,9771,CHILEAN EAGLES COLLEGE - LA CISTERNA,LA CISTERNA,3,Gestión Pedagógica,"Instalar rutinas, procedimientos y técnicas de aula","Para promover la calidad del aprendizaje de nuestros estudiantes, optimizando el proceso de enseñanza en un ambiente desafiante y participativo.",Implementación adecuada: 50% a 74%,0,2279689.0,0,0,0,0,0,0,0,2279689,False,0.0,False
73061,9771,CHILEAN EAGLES COLLEGE - LA CISTERNA,LA CISTERNA,3,Gestión Pedagógica,"Fortalecimiento del desarrollo académico de todos los estudiantes, considerando sus necesidades e in",Contratar Institución experta en temas Preuniversitario con el fin de tener acceso a material y capacitaciones enfocadas en pruebas de ingreso Universitario,Implementación adecuada: 50% a 74%,0,3191565.0,0,0,0,0,0,0,0,3191565,False,0.0,False
73062,9771,CHILEAN EAGLES COLLEGE - LA CISTERNA,LA CISTERNA,3,Gestión Pedagógica,Lineamientos pedagógicos de red para la implementación efectiva del currículum,"Diseñar e implementar planificaciones de clase en cinco pasos según plan anual, y generar un sistema efectivo de evaluaciones de aprendizaje: evaluaciones estandarizadas, alineadas al rigor académico del currículum (priorizado).",Implementación adecuada: 50% a 74%,0,7295005.0,0,0,0,0,0,0,0,7295005,False,0.0,False
73063,9771,CHILEAN EAGLES COLLEGE - LA CISTERNA,LA CISTERNA,3,Gestión Pedagógica,Fomento lector,"Implementar actividades para potenciar el goce por la lectura y comprensión lectora dentro de la comunidad escolar. Incluye Proyecto  Amo Leer  con cuenta cuentos, junto con otras actividades que fomenten una cultura de lectura en el colegio. Incluye medición periódica del dominio lector e Hito de primera lectura.",Implementación adecuada: 50% a 74%,0,1823751.0,0,0,0,0,0,0,0,1823751,False,0.0,False
73064,9771,CHILEAN EAGLES COLLEGE - LA CISTERNA,LA CISTERNA,3,Gestión Pedagógica,Programa Integral de Prevención de Deserción Escolar,El  Programa Integral de Prevención de Deserción Escolar  tiene como objetivo implementar estrategias efectivas que reduzcan la deserción escolar y fomenten la permanencia de los estudiantes en la institución.,Implementación adecuada: 50% a 74%,0,5500000.0,0,0,0,0,0,0,0,5500000,False,0.0,False
73065,9771,CHILEAN EAGLES COLLEGE - LA CISTERNA,LA CISTERNA,3,Gestión Pedagógica,Adquisición de bibliografía y mobiliario para biblioteca,"Compra de libros, revistas y mobiliario para mantener la biblioteca física y digital al día, enriqueciendo la lectura y goce lector de los estudiantes.",Implementación adecuada: 50% a 74%,0,4559378.0,0,0,0,0,0,0,0,4559378,False,0.0,False
73066,9771,CHILEAN EAGLES COLLEGE - LA CISTERNA,LA CISTERNA,3,Gestión Pedagógica,Análisis de datos de los ensayos,Se analizan los resultados académicos que vamos a obtener de la institución cepech,Implementación avanzada: 75% a 99%,0,0.0,0,0,0,0,0,0,0,0,False,0.0,False
73067,9771,CHILEAN EAGLES COLLEGE - LA CISTERNA,LA CISTERNA,3,Liderazgo,Definición estrategia anual y seguimiento a indicadores clave de cada área,"Se trabaja en la creación de la estrategia anual, junto con hacer un seguimiento periódico a los indicadores clave de cada área. Incluye presentación de informes de gestión semestrales.",Implementación adecuada: 50% a 74%,0,2735627.0,0,0,0,0,0,0,0,2735627,False,0.0,False
73068,9771,CHILEAN EAGLES COLLEGE - LA CISTERNA,LA CISTERNA,3,Liderazgo,Gestión del desarrollo profesional – Equipos Directivos,"Acompañamiento y formación a directores y equipos directivos de los colegios en liderazgo escolar con el objetivo de instalar capacidades y acompañar los distintos procesos académicos y formativos de los estudiantes. Incluye reuniones periódicas, capacitaciones en liderazgo, material bibliográfico, entre otros.",Implementación adecuada: 50% a 74%,0,10000000.0,0,0,0,0,0,0,0,10000000,False,0.0,False
73069,9771,CHILEAN EAGLES COLLEGE - LA CISTERNA,LA CISTERNA,3,Liderazgo,Adquisición de bibliografía y mobiliario para biblioteca,"Compra de libros, revistas y mobiliario para mantener la biblioteca física y digital al día, enriqueciendo la lectura y goce lector de los estudiantes.",Implementación adecuada: 50% a 74%,0,4559378.0,0,0,0,0,0,0,0,4559378,False,0.0,False
73070,9771,CHILEAN EAGLES COLLEGE - LA CISTERNA,LA CISTERNA,3,Liderazgo,Mejoramiento contInuo en herramientas y procesos de gestión efectivos,"Acompañamiento en el uso de herramientas de gestión tales como reuniones efectivas, uso de agenda, establecimiento de metas, seguimiento a indicadores, seguimiento al uso del presupuesto y uso constante de datos para la toma de decisiones.",Implementación adecuada: 50% a 74%,0,911876.0,0,0,0,0,0,0,0,911876,False,0.0,False
73071,9771,CHILEAN EAGLES COLLEGE - LA CISTERNA,LA CISTERNA,3,Liderazgo,Plan de Comunicación institucional,"Creación y gestión de distintos canales de comunicación internos (entre y dentro los colegios y con la comunidad educativa) y externos, junto con herramientas y actividades que generen identidad potenciando el sentido de pertenencia a la red.",Implementación adecuada: 50% a 74%,0,9118756.0,0,0,0,0,0,0,0,9118756,False,0.0,False
73072,9771,CHILEAN EAGLES COLLEGE - LA CISTERNA,LA CISTERNA,3,Liderazgo,Instaurar equipos de alto desempeño,"Trabajo colaborativo entre los miembros del equipo directivo, apoyándose con el material ministerial que permita reflexionar las prácticas.",Implementación avanzada: 75% a 99%,0,0.0,0,0,0,0,0,0,0,0,False,0.0,False
73073,9771,CHILEAN EAGLES COLLEGE - LA CISTERNA,LA CISTERNA,3,Liderazgo,Optimización del Tiempo de Clase para el Aprendizaje Activo,"La acción busca asegurar que el 90% de los docentes implementen estrategias efectivas de enseñanza-aprendizaje, maximizando el uso del tiempo en clase y garantizando el cumplimiento de los Objetivos de Aprendizaje establecidos en las Bases Curriculares. Esta iniciativa está dirigida a todos los docentes y estudiantes de los niveles de educación básica y media del establecimiento",Implementación avanzada: 75% a 99%,0,97423.0,0,0,0,0,0,0,0,97423,False,0.0,False
73132,9779,CENTRO EDUCACIONAL SANTA ROSA,LA CISTERNA,3,Convivencia Escolar,17) Seguimiento formativo y académico de los estudiantes,"Profesores tutores a cargo de acompañar el proceso académico y formativo de los estudiantes, considerando todas las características individuales, implementando estrategias de seguimiento para optimizar sus resultados escolares, además de detectar posibles deserciones, derivando cuando corresponda.",Implementación completa: 100%,0,11535420.0,0,0,0,0,0,0,0,11535420,False,0.0,False
73133,9779,CENTRO EDUCACIONAL SANTA ROSA,LA CISTERNA,3,Convivencia Escolar,21) Sistema de apoyo para la Convivencia Escolar,(Mejoramiento de la convivencia y gestión del clima escolar).   Disposición de recursos materiales para fomentar la sana convivencia entre los integrantes de la comunidad y el buen uso del tiempo libre.,Implementación completa: 100%,0,7500000.0,0,0,0,0,0,0,0,7500000,False,0.0,False
73134,9779,CENTRO EDUCACIONAL SANTA ROSA,LA CISTERNA,3,Convivencia Escolar,19) Equipo de apoyo a la Convivencia Escolar,"Disposición de un equipo de apoyo a la convivencia escolar, que, en coordinación con los docentes, prevenga y resuelva conflictos, monitoree la asistencia, ofrezca espacios que propicien el aprendizaje y la sana convivencia, detectando eventuales deserciones y derivando cuando corresponda.",Implementación completa: 100%,0,38370852.0,0,0,0,0,0,0,0,38370852,False,0.0,False
73135,9779,CENTRO EDUCACIONAL SANTA ROSA,LA CISTERNA,3,Convivencia Escolar,18) Encuentros de participación en torno a hitos relevantes para la Comunidad Escolar,Instancias de participación de la comunidad en torno a hitos que representan los sellos y valores que promueve nuestro proyecto educativo.,Implementación completa: 100%,0,8000000.0,0,0,0,0,0,0,0,8000000,False,0.0,False
73136,9779,CENTRO EDUCACIONAL SANTA ROSA,LA CISTERNA,3,Convivencia Escolar,20) Jornada de inducción para estudiantes de primero medio,"Jornada de preparación para enfrentar el periodo escolar a través de la socialización de valores y sellos del colegio, herramientas y metodología para el trabajo académico.",Implementación completa: 100%,0,500000.0,0,0,0,0,0,0,0,500000,False,0.0,False
73137,9779,CENTRO EDUCACIONAL SANTA ROSA,LA CISTERNA,3,Gestión de Recursos,23) Potenciar talleres de especialidad y laboratorios,"Potenciar el desarrollo de los talleres de especialidades a través de la entrega de insumos necesarios a los estudiantes, con el fin de fortalecer el desarrollo de competencias y habilidades técnico profesionales.",Implementación completa: 100%,0,30183613.0,0,0,0,0,0,0,0,30183613,False,0.0,False
73138,9779,CENTRO EDUCACIONAL SANTA ROSA,LA CISTERNA,3,Gestión de Recursos,24) Fortalecimiento de los espacios educativos,"Fortalecimiento de los espacios educativos a través de la adquisición de materiales para la Mejora de los procesos pedagógicos, de convivencia escolar y de los hábitos de vida saludable. Libros contexto, foco, formación ciudadana, orientación.",Implementación completa: 100%,0,32000000.0,0,0,0,0,0,0,0,32000000,False,0.0,False
73139,9779,CENTRO EDUCACIONAL SANTA ROSA,LA CISTERNA,3,Gestión de Recursos,25) Reproducción de material gráfico,Reproducción de material gráfico para apoyar los procesos pedagógicos del establecimiento.,Implementación completa: 100%,0,12282221.0,0,0,0,0,0,0,0,12282221,False,0.0,False
73140,9779,CENTRO EDUCACIONAL SANTA ROSA,LA CISTERNA,3,Gestión de Recursos,22) Fortalecimiento de las prácticas docentes,"Fortalecer prácticas docentes a través de capacitaciones, con foco en la preparación del proceso de Evaluación Docente 2024-",Implementación completa: 100%,0,6060000.0,0,0,0,0,0,0,0,6060000,False,0.0,False
73141,9779,CENTRO EDUCACIONAL SANTA ROSA,LA CISTERNA,3,Gestión Pedagógica,26. Fortalecimiento de habilidades técnico profesionales a través de capacitaciones.,"Talleres y/o capacitaciones externas que responden a las necesidades de las distintas especialidades, y que tiene por objetivo incrementar el conocimiento y habilidades técnico  profesionales, previo a la inserción al mundo laboral.",Implementación completa: 100%,0,8500000.0,0,0,0,0,0,0,0,8500000,False,0.0,False
73142,9779,CENTRO EDUCACIONAL SANTA ROSA,LA CISTERNA,3,Gestión Pedagógica,1) Coordinación Académica Departamental,"Vinculación de los lineamientos pedagógicos emanados desde Dirección académica con la naturaleza propia de las disciplinas, a través de docentes que lideran los equipos de trabajo, con foco en el trabajo colaborativo a través de en la innovación (ADECO).",Implementación completa: 100%,0,6748620.0,0,0,0,0,0,0,0,6748620,False,0.0,False
73143,9779,CENTRO EDUCACIONAL SANTA ROSA,LA CISTERNA,3,Gestión Pedagógica,10) Salidas Pedagógicas,"Fortalecimiento del proceso académico a través de experiencias de observación y participación en actividades con fines pedagógicos fuera del establecimiento, que favorezcan la vinculación y consolidación de los aprendizajes.",Implementación completa: 100%,0,12584000.0,0,0,0,0,0,0,0,12584000,False,0.0,False
73144,9779,CENTRO EDUCACIONAL SANTA ROSA,LA CISTERNA,3,Gestión Pedagógica,11) Co-docencia y Trabajo Colaborativo,"Profesores con asignación de horas para planificar, coordinar y llevar a cabo co-docencia en asignaturas, tanto del plan general como de la formación técnico profesional, con el fin de intencionar mayor diversificación de estrategias de enseñanza.",Implementación completa: 100%,0,9837900.0,0,0,0,0,0,0,0,9837900,False,0.0,False
73145,9779,CENTRO EDUCACIONAL SANTA ROSA,LA CISTERNA,3,Gestión Pedagógica,2) Acompañamiento Docente,"Proceso de acompañamiento que busca fortalecer prácticas docentes, por medio de la observación de clases  en relación al perfil docente, entregando propuestas de estrategias didácticas y retroalimentando las prácticas para la mejora.",Implementación completa: 100%,0,3050000.0,0,0,0,0,0,0,0,3050000,False,0.0,False
73146,9779,CENTRO EDUCACIONAL SANTA ROSA,LA CISTERNA,3,Gestión Pedagógica,3) Encargada Seguimiento Plan General,Docente a cargo de coordinar los procesos académicos y asegurar la cobertura curricular de las asignaturas del plan general. Entregando reportes y análisis de resultados bajo criterios emanados de la Dirección Académica.,Implementación completa: 100%,0,7000000.0,0,0,0,0,0,0,0,7000000,False,0.0,False
73147,9779,CENTRO EDUCACIONAL SANTA ROSA,LA CISTERNA,3,Gestión Pedagógica,4) Programa de Integración Escolar,"Equipo de profesionales que apoya de manera integral a los estudiantes con necesidades educativas especiales, con el objetivo de fortalecer su proceso académico.",Implementación completa: 100%,0,0.0,235000000,0,0,0,0,0,0,235000000,False,0.0,False
73148,9779,CENTRO EDUCACIONAL SANTA ROSA,LA CISTERNA,3,Gestión Pedagógica,5) Coordinación y ejecución de Actividades Curriculares de Libre Elección (ACLE)y extracurriculares,"Coordinación y monitoreo de la ejecución de los talleres curriculares de libre elección y extracurriculares, fomentando el buen uso del tiempo libre y los sellos propuestos en nuestro proyecto educativo.",Implementación completa: 100%,0,12000000.0,0,0,0,0,0,0,0,12000000,False,0.0,False
73149,9779,CENTRO EDUCACIONAL SANTA ROSA,LA CISTERNA,3,Gestión Pedagógica,6) Coordinación y seguimiento Plan Diferenciado Técnico Profesional (TP),"Docente encargada de coordinar los procesos académicos técnicos profesionales para asegurar la cobertura curricular y el desarrollo de competencias. Apoyada por un equipo de profesionales que acompañan a los estudiantes en su proceso de formación TP. Entregando reportes y análisis de resultados académicos y de seguimiento de egresados, bajo criterios manados de la Dirección Académica.",Implementación completa: 100%,0,5731260.0,0,0,0,0,0,0,0,5731260,False,0.0,False
73150,9779,CENTRO EDUCACIONAL SANTA ROSA,LA CISTERNA,3,Gestión Pedagógica,7) Incentivo a la Excelencia Académica,"Reconocimiento a la excelencia académica para aquellos estudiantes y profesores que cumplen con los parámetros acordados con la comunidad en cuanto a: resultados, participación y compromiso con su proceso educativo.",Implementación completa: 100%,0,3000000.0,0,0,0,0,0,0,0,3000000,False,0.0,False
73151,9779,CENTRO EDUCACIONAL SANTA ROSA,LA CISTERNA,3,Gestión Pedagógica,8) Taller de habilidades para el acceso a la Educación Superior,"Fortalecimiento de  habilidades con el objetivo de ofrecer oportunidades de ingreso a la educación superior, a través de plataforma digital Puntaje Nacional.",Implementación completa: 100%,0,1380000.0,0,0,0,0,0,0,0,1380000,False,0.0,False
73152,9779,CENTRO EDUCACIONAL SANTA ROSA,LA CISTERNA,3,Gestión Pedagógica,9) Alternancia y vinculación con el medio,"Docente encargado de la implementación de la estrategia de alternancia en el establecimiento, de acuerdo a lineamientos emanados de Dirección Académica.",Implementación completa: 100%,0,4820960.0,0,0,0,0,0,0,0,4820960,False,0.0,False
73153,9779,CENTRO EDUCACIONAL SANTA ROSA,LA CISTERNA,3,Liderazgo,16) Fortalecimiento de la gestión pedagógica para la mejora continua,"Apoyo para fortalecer prácticas esenciales en los equipos pedagógicos, que abarcan la gestión de resultados, la implementación curricular, la promoción de metodologías comunes, el acompañamiento docente, la evaluación y el mejoramiento de los aprendizajes de los estudiantes.",Implementación completa: 100%,0,31000000.0,0,0,0,0,0,0,0,31000000,False,0.0,False
73154,9779,CENTRO EDUCACIONAL SANTA ROSA,LA CISTERNA,3,Liderazgo,15) Canales de Comunicación entre los miembros de la Comunidad,"Encargados del fortalecimiento  de los canales de comunicación entre miembros de la comunidad, entregando la información de manera oportuna, monitoreando la efectividad de esta, para el apoyo de los distintos procesos de la gestión.",Implementación completa: 100%,0,24976920.0,0,0,0,0,0,0,0,24976920,False,0.0,False
73155,9779,CENTRO EDUCACIONAL SANTA ROSA,LA CISTERNA,3,Liderazgo,13) Jornadas de reflexión en torno a temas pedagógicos,"Desarrollo de jornadas de reflexión en torno al Proyecto Educativo Institucional y el Proyecto Pedagógico, con el propósito de mejorar los indicadores de resultados. Inicio de año, cierre de semestre, consejos, día del profe, cierre de año",Implementación completa: 100%,0,5000000.0,0,0,0,0,0,0,0,5000000,False,0.0,False
73156,9779,CENTRO EDUCACIONAL SANTA ROSA,LA CISTERNA,3,Liderazgo,14) Monitoreo sistemático del PME y su ejecución,"Diseñar e implementar el proyecto de mejoramiento educativo de una manera coordinada con los diferentes estamentos de la gestión institucional, supervisando las acciones y gestionando las evidencias.",Implementación completa: 100%,0,5349600.0,0,0,0,0,0,0,0,5349600,False,0.0,False
73157,9779,CENTRO EDUCACIONAL SANTA ROSA,LA CISTERNA,3,Liderazgo,12) Retención de estudiantes en el Sistema Escolar,"Profesional encargada de propiciar, desarrollar y concretar un plan de apoyo psico socioemocional a los estudiantes en riesgo de desertar.",Implementación completa: 100%,0,4205376.0,0,0,0,0,0,0,0,4205376,False,0.0,False
73180,9781,CENTRO POLITECNICO PARTICULAR SAN RAMON,LA CISTERNA,3,Convivencia Escolar,Internalización de la importancia del reglamento interno para la buena convivencia.,"Actualizar el Reglamento Interno y difundirlo a través de las redes sociales del colegio, así como mediante el trabajo de orientación y consejo de curso. Se seguirán los lineamientos establecidos por la normativa vigente para regular la buena y sana convivencia  con el propósito de mejorar el ambiente escolar. El reglamento estará disponible para los apoderados en la página web del establecimiento",Implementación completa: 100%,0,20000000.0,0,0,0,0,0,0,0,20000000,False,0.0,False
73181,9781,CENTRO POLITECNICO PARTICULAR SAN RAMON,LA CISTERNA,3,Convivencia Escolar,Buscando Estrategias Efectivas,"Potenciar el apoyo a los estudiantes en situación de riesgo académico y deserción, mediante la atención personalizada brindada por los profesores jefes, respaldados por el equipo de Convivencia Escolar. Este enfoque tiene como objetivo mejorar la tasa de eficiencia interna y garantizar el seguimiento integral de los estudiantes y sus familias.",Implementación completa: 100%,0,5000000.0,0,0,0,0,0,0,0,5000000,False,0.0,False
73182,9781,CENTRO POLITECNICO PARTICULAR SAN RAMON,LA CISTERNA,3,Convivencia Escolar,Celebraciones Importantes,"Organizar eventos y ceremonias para promover la participación de toda la comunidad educativa, fortaleciendo su sentido de pertenencia con la institución y su proyecto educativo. Este enfoque busca contribuir al mejoramiento de los resultados académicos y la calidad de vida de los estudiantes.",Implementación completa: 100%,0,5000000.0,0,0,0,0,0,0,0,5000000,False,0.0,False
73183,9781,CENTRO POLITECNICO PARTICULAR SAN RAMON,LA CISTERNA,3,Convivencia Escolar,Recreo Entretenido,"El equipo de convivencia planifica actividades recreativas, deportivas y culturales en los estudiantes, promoviendo el desarrollo de habilidades sociales y autocuidado, durante los recreos y espacios libres, disminuyendo la ansiedad y estrés de la vida cotidiana, mejorando así la convivencia escolar.",Implementación avanzada: 75% a 99%,0,10000000.0,0,0,0,0,0,0,0,10000000,False,0.0,False
73184,9781,CENTRO POLITECNICO PARTICULAR SAN RAMON,LA CISTERNA,3,Convivencia Escolar,Vida Saludable Física y Emocional,"Fomentar hábitos de vida saludable física y emocional para desarrollar conciencia en los estudiantes acerca de la importancia de la actividad física, la sana alimentación, manejo correcto de emociones y la importancia de la salud mental, como una de las claves para mejorar el aprendizaje, mediante afiches, capsulas, talleres y videos en redes sociales del establecimiento.",Implementación completa: 100%,0,10000000.0,0,0,0,0,0,0,0,10000000,False,0.0,False
73185,9781,CENTRO POLITECNICO PARTICULAR SAN RAMON,LA CISTERNA,3,Convivencia Escolar,Relacionándonos con nuestro entorno,"Ejecutar las prácticas que permitan la vinculación de los y las estudiantes con el entorno, mediante salidas a terreno, participación en talleres y/o actividades extraprogramáticas en las diferentes áreas, con la finalidad de potenciar sus habilidades acordes a sus intereses, para aumentar sus conocimientos y así ampliar su visión de mundo.",Implementación completa: 100%,0,40000000.0,0,0,0,0,0,0,0,40000000,False,0.0,False
73186,9781,CENTRO POLITECNICO PARTICULAR SAN RAMON,LA CISTERNA,3,Gestión de Recursos,Fortalecimiento del Plan de desarrollo Profesional Docente.,"Mediante el acompañamiento al aula y el trabajo colaborativo, se identifican las necesidades de fortalecimiento de las competencias de los y las docentes en diversas áreas para fortalecer la integralidad de los procesos de aprendizaje.",Implementación completa: 100%,0,20000000.0,0,0,0,0,0,0,0,20000000,False,0.0,False
73187,9781,CENTRO POLITECNICO PARTICULAR SAN RAMON,LA CISTERNA,3,Gestión de Recursos,Actualización y Perfeccionamiento.,"Promover y asegurar la participación de los y las docentes en actividades de actualización y perfeccionamiento profesional, en distintas áreas para enriquecer las prácticas docentes con el propósito de generar mejoras en los resultados académicos y otros indicadores de desempeño.",Implementación completa: 100%,0,32000000.0,0,0,0,0,0,0,0,32000000,False,0.0,False
73188,9781,CENTRO POLITECNICO PARTICULAR SAN RAMON,LA CISTERNA,3,Gestión de Recursos,Dupla Psicosocial,"Contratar una dupla psicosocial (Psicólogo(a) y Trabajador(a) Social) con la finalidad de apoyar al Equipo Directivo, docentes, Equipo de Convivencia y asistentes de la educación en la detección y solución de problemas de los estudiantes que afectan el normal desarrollo del proceso educativo como desmotivación y participación en clases, inasistencias, atrasos y problemas psicosociales",Implementación completa: 100%,0,6000000.0,0,0,0,0,0,0,0,6000000,False,0.0,False
73189,9781,CENTRO POLITECNICO PARTICULAR SAN RAMON,LA CISTERNA,3,Gestión de Recursos,Las TIC’s en el Colegio,"Gestionar la adquisición, mantenimiento y actualización de las TIC, priorizando la conexión a internet, para fortalecer tanto la labor pedagógica como la administrativa. Asimismo, se busca potenciar las habilidades comunicativas mediante el uso de las TIC y promover la integración educativa de la inteligencia artificial.",Implementación completa: 100%,0,20000000.0,0,0,0,0,0,0,0,20000000,False,0.0,False
73190,9781,CENTRO POLITECNICO PARTICULAR SAN RAMON,LA CISTERNA,3,Gestión de Recursos,Mi Laboratorio o Taller de Especialidad,"Incrementar los insumos y reparar los equipamientos de Laboratorios o talleres de las diferentes especialidades de nuestro colegio, para optimizar el trabajo de los y las estudiantes acorde a las exigencias del campo laboral.",Implementación completa: 100%,0,20000000.0,0,0,0,0,0,0,0,20000000,False,0.0,False
73191,9781,CENTRO POLITECNICO PARTICULAR SAN RAMON,LA CISTERNA,3,Gestión de Recursos,Apoyo Educativo,"Apoyar la labor educativa de los docentes, con docentes de apoyo en sala de clases, docentes de apoyo escolar (reforzamientos), encargada curricualr y PME, coordinadores, monitores de actividades extraprogramáticas, asistentes educación y supervisores prácticas  profesionales con el fin de mejorar resultados formativos de aprendizaje de los estudiantes y la eficiencia interna de establecimiento",Implementación completa: 100%,0,30000000.0,0,0,0,0,0,0,0,30000000,False,0.0,False
73192,9781,CENTRO POLITECNICO PARTICULAR SAN RAMON,LA CISTERNA,3,Gestión de Recursos,Gestión efectiva de la administración del personal,"Garantizar la infraestructura, la gestión y las necesidades técnico pedagógica con el objeto de cumplir con las exigencias requeridas para obtener y mantener el reconocimiento oficial del establecimiento y cumplir con las normativas vigentes, velando por las competencias e idoneidad del personal requerido.",Implementación completa: 100%,0,23000000.0,0,0,0,0,0,0,0,23000000,False,0.0,False
73193,9781,CENTRO POLITECNICO PARTICULAR SAN RAMON,LA CISTERNA,3,Gestión Pedagógica,Acompañamiento a Estudiantes,"Implementar prácticas sistemáticas de apoyo y acompañamiento escolar para elevar los niveles de aprendizaje, garantizando resultados y continuidad educativa. Se ofrecerá apoyo personalizado a estudiantes con bajo rendimiento, utilizando diversas estrategias y conduciendo entrevistas con los apoderados para fortalecer el proceso.",Implementación completa: 100%,0,20000000.0,0,0,0,0,0,0,0,20000000,False,0.0,False
73194,9781,CENTRO POLITECNICO PARTICULAR SAN RAMON,LA CISTERNA,3,Gestión Pedagógica,Desarrollando habilidades de comprensión lectora,"Implementar un plan institucional de comprensión lectora, creado a través del diálogo pedagógico entre docentes y directivos. Este plan incluirá lineamientos generales y protocolos para el uso de Plataformas Digitales, con el objetivo de mejorar la comprensión lectora de todos los estudiantes del establecimiento.",Implementación completa: 100%,0,23000000.0,0,0,0,0,0,0,0,23000000,False,0.0,False
73195,9781,CENTRO POLITECNICO PARTICULAR SAN RAMON,LA CISTERNA,3,Gestión Pedagógica,Avanzando en aprendizajes con estudiante con N.E:E,"El equipo de la U.T.P monitorea el trabajo colaborativo interdisciplinario entre el personal PIE y los profesores de aula (Matemáticas y Lenguaje) para mejorar el aprendizaje de los y las estudiantes, con énfasis en aquellos con NEE.",Implementación completa: 100%,0,20000000.0,0,0,0,0,0,0,0,20000000,False,0.0,False
73196,9781,CENTRO POLITECNICO PARTICULAR SAN RAMON,LA CISTERNA,3,Gestión Pedagógica,Trabajo Colaborativo,"El equipo directivo monitorea la ejecución del plan de trabajo colaborativo docente  institucional, fortaleciendo las capacidades del personal educativo para promover y potenciar el aprendizaje socioemocional y académico en los estudiantes.",Implementación avanzada: 75% a 99%,0,22000000.0,0,0,0,0,0,0,0,22000000,False,0.0,False
73197,9781,CENTRO POLITECNICO PARTICULAR SAN RAMON,LA CISTERNA,3,Liderazgo,Afianzando Altas Expectativas,"La directora promueve constantemente una cultura de altas expectativas mediante la valoración del trabajo de docentes y asistentes, el reconocimiento del esfuerzo, los logros y avances, el estímulo de la perseverancia frente al fracaso a través de la lectura de mensajes con historias de superación y charlas de ex-estudiantes que entregan sus testimonios de superación, entre otros.",Implementación completa: 100%,0,20000000.0,0,0,0,0,0,0,0,20000000,False,0.0,False
73198,9781,CENTRO POLITECNICO PARTICULAR SAN RAMON,LA CISTERNA,3,Liderazgo,Acompañamiento al Aula,"Realizar acompañamiento docente en el aula en todas las asignaturas y Módulos a través de la observación de clases y caminata pedagógica por parte del equipo Directivo, Coordinador/a de Gestión Curricular y Equipo de Gestión Pedagógica, completando las respectivas pautas, a lo menos una vez en el semestre por profesor/a y Educadora.",Implementación avanzada: 75% a 99%,0,5000000.0,0,0,0,0,0,0,0,5000000,False,0.0,False
73199,9781,CENTRO POLITECNICO PARTICULAR SAN RAMON,LA CISTERNA,3,Liderazgo,Articulación con el mundo empresarial y académico,"Gestionar y supervisar las Prácticas Profesionales de los egresados  para lograr la obtención de su título profesional y mantener una comunicación fluida con empresas asociadas que retroalimentan y permiten actualizar nuestro quehacer pedagógico. Además, estableceremos estrategias de articulación con instituciones de educación superior para facilitar la continuidad de estudios.",Implementación completa: 100%,0,17000000.0,0,0,0,0,0,0,0,17000000,False,0.0,False
73200,9781,CENTRO POLITECNICO PARTICULAR SAN RAMON,LA CISTERNA,3,Liderazgo,Mejorando Nuestra Gestión,"El equipo directivo evalúa el desempeño y ambiente organizacional del establecimiento mediante encuestas semestrales a estudiantes, profesores y apoderados. Utiliza los datos para mejorar la gestión educativa, enfocándose en asistencia, salud mental y reactivación del aprendizaje, mediante el trabajo colaborativo  y asistencia técnica en las distintas dimensiones.",Implementación completa: 100%,0,50000000.0,0,0,0,0,0,0,0,50000000,False,0.0,False
73201,9784,LICEO TÉCNICO INDUSTRIAL LA CISTERNA,LA CISTERNA,3,Convivencia Escolar,PROYECTANDO EL FUTURO DE LOS ESTUDIANTES,"CONTRATAR CON 5 HORAS A UN FUNCIONARIO QUE COORDINE CHARLAS DE FORMACIÓN CIUDADANA E INCLUSIÓN PARA LOS ESTUDIANTES EN TODOS SUS NIVELES, CHARLAS  DE UNIVERSIDADES E INSTITUTOS DE EDUCACIÓN SUPERIOR PARA LOS ESTUDIANTES  Y ADEMÁS QUE SUPERVISE LAS PRÁCTICAS PROFESIONALES Y SE ENCARGUE QUE LOS ESTUDIANTES TERMINEN SU PROCESO DE TITULACIÓN",Implementación completa: 100%,0,1880000.0,0,0,0,0,0,0,0,1880000,False,0.0,False
73202,9784,LICEO TÉCNICO INDUSTRIAL LA CISTERNA,LA CISTERNA,3,Convivencia Escolar,"RESGUARDANDO EL BIENESTAR, SALUD Y AUTOCUIDADO DE LA COMUNIDAD",NOMINAR A UNA PERSONA ENCARGADA DEL ÁREA PSICOSOCIAL CON 6 HORAS  Y UNA PERSONA ENCARGADA DE SEGURIDAD ESCOLAR CON 3 HORAS DESTINADAS A LA IMPLEMENTACIÓN DEL PLAN INTEGRAL DE SEGURIDAD ESCOLAR ASÍ COMO DEL PROCOLO DE DESREGULACIÓN EMOCIONAL Y LA IMPLEMENTACIÓN DE UNA SALA  DE PRIMEROS AUXILIOS Y PARA LA CONTENCIÓN DE ESTUDIANTES,Implementación completa: 100%,0,5260000.0,0,0,0,0,0,0,0,5260000,False,0.0,False
73203,9784,LICEO TÉCNICO INDUSTRIAL LA CISTERNA,LA CISTERNA,3,Convivencia Escolar,RESGUARDANDO UNA BUENA CONVIVENCIA ESCOLAR,NOMINAR A UN PROFESOR ENCARGADO DE CONVIVENCIA ESCOLAR CON 44 HORAS DESTINADAS AL DISEÑO E IMPLEMENTACIÓN DE UN PLAN DE GESTIÓN DE LA CONVIVENCIA QUE CONSIDERE ACTIVIDADES CON LOS ESTUDIANTES Y LA CONUNIDAD EDUCATIVA,Implementación completa: 100%,0,13500000.0,0,0,0,0,0,0,0,13500000,False,0.0,False
73204,9784,LICEO TÉCNICO INDUSTRIAL LA CISTERNA,LA CISTERNA,3,Gestión de Recursos,"ADQUISICIÓN, REPOSICIÓN Y MANTENCIÓN DE RECURSOS EDUCATIVOS","ADQUIRIR, REPARAR  Y MANTENER  RECURSOS EDUCATIVOS  PARA LAS ESPECIALIDADES, MATERIAL FUNGIBLE, HERRAMIENTAS, INSTRUMENTOS, PARTES Y PIEZAS DE VEHICULOS, MOTORES, CONSTRUCCIÓN DE MAQUETAS, ENTRE OTROS",Implementación avanzada: 75% a 99%,0,12300000.0,0,0,0,0,0,0,0,12300000,False,0.0,False
73205,9784,LICEO TÉCNICO INDUSTRIAL LA CISTERNA,LA CISTERNA,3,Gestión de Recursos,ADQUISICIÓN DE RECURSOS TECNOLÓGICOS Y SOPORTE TÉCNICO PARA EL BUEN DESARROLLO DEL PME,"COMPRAR, REPARAR Y MANTENER LOS EQUIPOS TECNOLÓGICOS Y PAGINA WEB DEL ESTABLECIMIENTO, ADQUISICIÓN DE PIZARRAS INTERACTIVAS PARA TODAS LAS SALAS  JUNTO AL  SISTEMA DE SOFTWARE MASTERCLASS Y TODO LO NECESARIO PARA EL BUEN DESARROLLO DEL PME",Implementación avanzada: 75% a 99%,0,145000000.0,0,0,0,0,0,0,0,145000000,False,0.0,False
73206,9784,LICEO TÉCNICO INDUSTRIAL LA CISTERNA,LA CISTERNA,3,Gestión de Recursos,CONTRATACIÓN DE PROFESIONALES DE APOYO,"CONTRATACIÓN DE PROFESIONALES DE APOYO QUE FORTALEZCAN LA GESTIÓN EDUCATIVA EN LAS DIFERENTES DIMENSIONES DEL PME (COORDINADOR SEP, ABOGADO, PSICOLOGO, ENTRE OTROS)",Implementación completa: 100%,0,8700000.0,0,0,0,0,0,0,0,8700000,False,0.0,False
73207,9784,LICEO TÉCNICO INDUSTRIAL LA CISTERNA,LA CISTERNA,3,Gestión Pedagógica,TALLERES DE REFORZAMIENTO Y NIVELACIÓN,"SE REALIZARAN 8 HORAS DE TALLER DE REFORZAMIENTO DE LENGUAJE Y 8 HORAS DE TALLER DE REFORZAMIENTO DE MATEMÁTICA, ADEMAS DE 12 HORAS DE NIVELACIÓN  EN 1ERO Y 2DO MEDIO PARA AQUELLOS ESTUDIANTES QUE PRESENTAN MAYOR DIFICULTAD DE APRENDIZAJE.",Implementación avanzada: 75% a 99%,0,4650000.0,0,0,0,0,0,0,0,4650000,False,0.0,False
73208,9784,LICEO TÉCNICO INDUSTRIAL LA CISTERNA,LA CISTERNA,3,Gestión Pedagógica,ACOMPAÑAMIENTO DOCENTE,"REALIZAR ACOMPAÑAMIENTO DE AULA PERMANENTE A LAS SALAS DE CLASES PARA MONITOREAR EL TRABAJO DE PROFESORES Y ALUMNOS, ADEMÁS DE VERIFICAR EL CUMPLIMIENTO DE LA COBERTURA CURRICULAR",Implementación adecuada: 50% a 74%,0,350000.0,0,0,0,0,0,0,0,350000,False,0.0,False
73209,9784,LICEO TÉCNICO INDUSTRIAL LA CISTERNA,LA CISTERNA,3,Gestión Pedagógica,"CULTIVEMOS EL ARTE, EL DEPORTE Y ACONDICIONAMIENTO FÍSICO","REALIZAR TALLERES DE ARTE(6 HORAS) , DEPORTE (10 HORAS) Y ACONDICIONAMIENTO FÍSICO( 3HORAS), PARA LOS ESTUDIANTES DE TODOS LOS NIVELES DE ENSEÑANZA MEJORANDO CON ELLO SU RENDIMIENTO Y DESARROLLO PERSONAL",Implementación completa: 100%,0,12000000.0,0,0,0,0,0,0,0,12000000,False,0.0,False
73210,9784,LICEO TÉCNICO INDUSTRIAL LA CISTERNA,LA CISTERNA,3,Gestión Pedagógica,SALIDAS PEDAGÓGICAS,"REALZAR SALIDAS CULTURALES, DEPORTIVAS, PEDAGÓGICAS, DE CONOCIMIENTO PERSONAL, PROFESIONAL Y DE ESTUDIOS SUPERIORES",Implementación adecuada: 50% a 74%,0,2500000.0,0,0,0,0,0,0,0,2500000,False,0.0,False
73211,9784,LICEO TÉCNICO INDUSTRIAL LA CISTERNA,LA CISTERNA,3,Liderazgo,ANÁLISIS DE RESULTADOS INSTITUCIONALES,EL DIRECTOR Y REPRESENTANTE LEGAL REFLEXIONAN EN CONJUNTO CON LOS PROFESORES ANALIZAN LOS RESULTADOS INSTITUCIONALES PARA GENERAR REMEDIALES Y ACCIONES PARA MEJORARLOS,Implementación avanzada: 75% a 99%,0,500000.0,0,0,0,0,0,0,0,500000,False,0.0,False
73212,9784,LICEO TÉCNICO INDUSTRIAL LA CISTERNA,LA CISTERNA,3,Liderazgo,PLAN DE CO -CAPACITACIÓN,DIRECTOR Y JEFE TÉCNICO GESTIONAN UN PLAN DE CO-CAPACITACIÓN  Y CAPACITACIÓN PARA EL EQUIPO DOCENTE Y ASÍ PROMOVER LA  ADQUISIÓN DE CONOCIMIENTO  Y   EL INTERCAMBIO DE EXPERIENCIAS PEDAGÓGICAS,Implementación adecuada: 50% a 74%,0,3200000.0,0,0,0,0,0,0,0,3200000,False,0.0,False
73213,9786,ROSA MARCKMANN DE GONZALEZ,LA CISTERNA,3,Convivencia Escolar,Premiación de asistencia,"Se entregan premios, reconocimientos y o estímulos a los alumnos en forma individual y por curso o cursos a quienes alcancen una mejora significativa en la asistencia o a quien o quienes alcanzan metas de asistencia.",Implementación adecuada: 50% a 74%,0,8000000.0,0,0,0,0,0,0,0,8000000,False,0.0,False
73214,9786,ROSA MARCKMANN DE GONZALEZ,LA CISTERNA,3,Convivencia Escolar,Plan de seguimiento de asistencia al proceso educativo,Convivencia Escolar desarrolla e implementa un plan de monitoreo diario de asistencia y comunicación efectiva con los apoderados para lograr que los estudiantes asistan a clases y puedan desarrollar el proceso educativo en forma óptima.,Implementación adecuada: 50% a 74%,0,1000000.0,0,0,0,0,0,0,0,1000000,False,0.0,False
73215,9786,ROSA MARCKMANN DE GONZALEZ,LA CISTERNA,3,Convivencia Escolar,Centro de alumnos,Se asignan horas a un docente para que ejerza como guía del Centro de Estudiantes con la finalidad de promover la participación democrática y activa de los estudiantes en el Centro de Alumnos y directivas de curso.,Implementación completa: 100%,0,0.0,0,0,0,0,0,0,0,0,False,0.0,False
73216,9786,ROSA MARCKMANN DE GONZALEZ,LA CISTERNA,3,Convivencia Escolar,Orientación en el desarrollo de habilidades emocionales,"Los docentes acompañan a los estudiantes en el proceso de Revinculación con la comunidad educativa, en el desarrollo de estrategias de resiliencia y en el seguimiento a su vinculación por medio de la asistencia. Además ayudan a fortalecer el vínculo de los apoderados por medio de  entrevistas personalizadas",Implementación completa: 100%,0,4000000.0,0,0,0,0,0,0,0,4000000,False,0.0,False
73217,9786,ROSA MARCKMANN DE GONZALEZ,LA CISTERNA,3,Convivencia Escolar,Mejoramiento de espacios para la convivencia y la seguridad,"Contratación de un Técnico de enfermería y mejoramiento de los espacios educativos y comunes para una convivencia sana y segura, para el  crecimiento en la identidad, sentido de pertenencia y confianza, que fortalezca el desarrollo de la labor educativa.",Implementación completa: 100%,0,11000000.0,0,0,0,0,0,0,0,11000000,False,0.0,False
73218,9786,ROSA MARCKMANN DE GONZALEZ,LA CISTERNA,3,Convivencia Escolar,Encuentros de integración y autocuidado,Se realizan actividades para el autocuidado e integración de los funcionarios a través de una metodología lúdica y participativa para promover la cultura institucional y un clima laboral positivo,Implementación completa: 100%,0,8000000.0,0,0,0,0,0,0,0,8000000,False,0.0,False
73219,9786,ROSA MARCKMANN DE GONZALEZ,LA CISTERNA,3,Convivencia Escolar,Acciones de prevención.,"Desarrollar acciones con foco en la prevención, la promoción de un buen clima de convivencia, la contención emocional y el desarrollo de habilidades socioemocionales por medio del seguimiento de la cobertura de Orientación, Sesiones de Prevención de Violencia Escolar, Bullying, Ciberbullying, Prevención de Suicidio, Consumo de Drogas y Prevención Abuso Sexual.",Implementación completa: 100%,0,0.0,0,0,0,0,0,0,0,0,False,0.0,False
73220,9786,ROSA MARCKMANN DE GONZALEZ,LA CISTERNA,3,Convivencia Escolar,"Actividades culturales, pedagógicas y recreativas institucionales","Realización de actividades culturales, pedagógicas y recreativas orientadas a fortalecer en estudiantes y apoderados su vinculación al colegio y adhesión a los sellos institucionales con foco en el sello de Convivencia Escolar y en la promoción de la participación ciudadana y fortalecimiento de los aprendizajes de los estudiantes.",Implementación completa: 100%,0,10000000.0,0,0,0,0,0,0,0,10000000,False,0.0,False
73221,9786,ROSA MARCKMANN DE GONZALEZ,LA CISTERNA,3,Convivencia Escolar,Contratación de Equipo de Convivencia Escolar,"Contratación de personal idóneo para que desarrollen acciones de prevención de la violencia escolar, prevención en salud mental y acciones de mejoramiento de las relaciones entre los  miembros de la comunidad educativa, asegurando un ambiente de amabilidad y respeto.",Implementación completa: 100%,0,0.0,0,0,0,0,0,0,0,0,False,0.0,False
73222,9786,ROSA MARCKMANN DE GONZALEZ,LA CISTERNA,3,Gestión de Recursos,Talleres de capacitación interna y externa.,"Realización de talleres con foco en los Estándares Indicativos de Desempeño, en herramientas para el manejo emocional de los estudiantes y el desarrollo de habilidades que permitan a los funcionarios instalar prácticas que agreguen valor en el desempeño de sus funciones.",Implementación adecuada: 50% a 74%,0,0.0,0,0,0,0,0,0,0,0,False,0.0,False
73223,9786,ROSA MARCKMANN DE GONZALEZ,LA CISTERNA,3,Gestión de Recursos,"Insumos computacionales, de internet y audiovisuales","El establecimiento adquiere diversas plataformas, insumos tecnológicos de internet y elementos audiovisuales, que permiten establecer espacios virtuales vinculantes para el fortalecimiento del aprendizaje de nuestros estudiantes.",Implementación completa: 100%,0,43000000.0,0,0,0,0,0,0,0,43000000,False,0.0,False
73224,9786,ROSA MARCKMANN DE GONZALEZ,LA CISTERNA,3,Gestión de Recursos,Atención a alumnos TEA y con DEC,"Los funcionarios del colegio son capacitados por el equipo PIE  para que adquieran los conocimientos mínimos y las estrategias para la adecuada atención a alumnos TEA y para el abordaje de las desregulaciones emocionales y conductuales, con la finalidad de resguardar la integridad física y psicológica de todos los estudiantes durante la jornada escolar.",Implementación completa: 100%,0,0.0,0,0,0,0,0,0,0,0,False,0.0,False
73225,9786,ROSA MARCKMANN DE GONZALEZ,LA CISTERNA,3,Gestión de Recursos,Adquisición de material educativo y pedagógico,"La institución adquiere recursos educativos, pedagógicos y reproducción de documentos que permiten a la comunidad educativa contar con los medios necesarios para implementar metodologías activo-participativas para para potenciar el aprendizaje de los estudiantes.",Implementación completa: 100%,0,23000000.0,0,0,0,0,0,0,0,23000000,False,0.0,False
73226,9786,ROSA MARCKMANN DE GONZALEZ,LA CISTERNA,3,Gestión de Recursos,Adquisición de Insumos Varios para el desarrollo de prácticas docentes,El establecimiento adquiere materiales varios para facilitar los procesos de aprendizaje de los estudiantes.,Implementación avanzada: 75% a 99%,0,12000000.0,0,0,0,0,0,0,0,12000000,False,0.0,False
73227,9786,ROSA MARCKMANN DE GONZALEZ,LA CISTERNA,3,Gestión Pedagógica,Implementación de pauta de revisión de construcción de instrumentos evaluativos,Equipo Técnico Pedagógico aplica la pauta de revisión de la calidad de los instrumentos de evaluación en todas las asignaturas con la finalidad de asegurar que las        habilidades sean concordantes con el OA de aprendizaje.,Implementación completa: 100%,0,0.0,0,0,0,0,0,0,0,0,False,0.0,False
73228,9786,ROSA MARCKMANN DE GONZALEZ,LA CISTERNA,3,Gestión Pedagógica,Fomento del trabajo colaborativo docente a partir del análisis de resultados,"Se establecen reuniones de trabajo colaborativo entre docentes, que realizan el análisis de resultados de evaluaciones para detectar dificultades en el desempeño académico del estudiante y puedan tomar decisiones en la elaboración de planes remediales individuales y/o grupales, y mejorar las prácticas docentes.",Implementación parcial: 25% a 49%,0,0.0,0,0,0,0,0,0,0,0,False,0.0,False
73229,9786,ROSA MARCKMANN DE GONZALEZ,LA CISTERNA,3,Gestión Pedagógica,Apoyo fonológico para estudiantes de prekínder a 2° básico,"El equipo PIE desarrolla talleres en las salas de clase con el objetivo de identificar tempranamente a estudiantes que presenten dificultades de lenguaje y comunicación, y potenciar su desarrollo lingüístico y su participación en diferentes contextos sociales y educativos.",Implementación completa: 100%,0,0.0,0,0,0,0,0,0,0,0,False,0.0,False
73230,9786,ROSA MARCKMANN DE GONZALEZ,LA CISTERNA,3,Gestión Pedagógica,Realizar talleres de reforzamiento,"Se contratan horas de docentes para que, a partir de un diagnóstico que detecta a los estudiantes de 1° a 7° con OA y/o habilidades matemáticas y de lenguaje descendidas, realicen talleres personalizados de reforzamiento., haciendo un seguimiento del progreso de estos durante la  trayectoria del taller.",Implementación avanzada: 75% a 99%,0,0.0,0,0,0,0,0,0,0,0,False,0.0,False
73231,9786,ROSA MARCKMANN DE GONZALEZ,LA CISTERNA,3,Gestión Pedagógica,Contratar horas docente de apoyo a la Unidad Técnica Pedagógica,"Contratar horas docentes para coordinar el trabajo pedagógico y realizar un acompañamiento oportuno a los docentes, asegurando que se elaboren o adapten planificaciones que especifiquen los Objetivos de Aprendizaje, las actividades de enseñanza y las estrategias de evaluación formativas y sumativas, considerando el enfoque educativo del colegio.",Implementación completa: 100%,0,0.0,0,0,0,0,0,0,0,0,False,0.0,False
73232,9786,ROSA MARCKMANN DE GONZALEZ,LA CISTERNA,3,Gestión Pedagógica,Contratar asistentes de la educación,"Se contratan asistentes de aula para los niveles de primero y segundo básico para permitir al  docente enfocarse en su quehacer pedagógico, que requieren preparación, distribución y recolección de material, participar y dar apoyo en actividades curriculares, apoyando en las labores para promover el trabajo autónomo e independiente de los estudiantes.",Implementación completa: 100%,0,0.0,0,0,0,0,0,0,0,0,False,0.0,False
73233,9786,ROSA MARCKMANN DE GONZALEZ,LA CISTERNA,3,Gestión Pedagógica,Acompañamiento a docentes para fortalecimiento de prácticas pedagógicas.,"Fortalecer la capacidad profesional docente para analizar, reflexionar y  evaluar sus prácticas profesionales que permitan la mejora de aprendizaje  de estudiantes.",Implementación completa: 100%,0,7500000.0,0,0,0,0,0,0,0,7500000,False,0.0,False
73234,9786,ROSA MARCKMANN DE GONZALEZ,LA CISTERNA,3,Gestión Pedagógica,Implementar y dar seguimiento del plan de Transición y Trayectoria,Implementación del Plan de Articulación social y curricular para favorecer la transición de los niños a la enseñanza básica asegurando los aprendizajes mínimos para estos.,Implementación completa: 100%,0,0.0,0,0,0,0,0,0,0,0,False,0.0,False
73235,9786,ROSA MARCKMANN DE GONZALEZ,LA CISTERNA,3,Liderazgo,Promover los sellos institucionales,"Se realiza un plan de promoción de una cultura de altas expectativas, con foco en la mejora continua, a través de la instalación de los sellos institucionales en toda la comunidad escolar.",Implementación parcial: 25% a 49%,0,0.0,0,0,0,0,0,0,0,0,False,0.0,False
73236,9786,ROSA MARCKMANN DE GONZALEZ,LA CISTERNA,3,Liderazgo,Pauta de evaluación de desempeño,Se elabora cooperativamente una pauta de evaluación de desempeño asociada a los sellos institucionales con una aplicación piloto de la pauta de evaluación de desempeño durante el 2024,Implementación parcial: 25% a 49%,0,0.0,0,0,0,0,0,0,0,0,False,0.0,False
73237,9786,ROSA MARCKMANN DE GONZALEZ,LA CISTERNA,3,Liderazgo,Coordinación SEP,"Contratación de un asistente de la educación con el propósito de mantener la plataforma   PME al día, colaborar con el seguimiento y monitoreo de las acciones el PME.",Implementación completa: 100%,0,0.0,0,0,0,0,0,0,0,0,False,0.0,False
73238,9786,ROSA MARCKMANN DE GONZALEZ,LA CISTERNA,3,Liderazgo,Fortalecimiento de la gestión pedagógica para la mejora continua,"Fortalecer gestión educativa a través de asignación eficiente de recursos financieros asegurando distribución equitativa y seguimiento continuo. Incluye la coordinaciónentre sostenedores y equipos directivos, gestión del presupuesto, monitoreo de fondos, evaluación y ajustes. Promoción de cambios estructurales administrativos, optimizando metodologías, recursos pedagógicos e infraestructura.",Implementación completa: 100%,0,32000000.0,0,0,0,0,0,0,0,32000000,False,0.0,False
73239,9786,ROSA MARCKMANN DE GONZALEZ,LA CISTERNA,3,Liderazgo,Gestión de administración de Personal,El director elabora un presupuesto anual de remuneraciones del personal asociado a la      implementación del PME con la finalidad de asegurar los recursos humanos para el cumplimiento del Plan de Mejoramiento.,Implementación completa: 100%,0,140000000.0,0,0,0,0,0,0,0,140000000,False,0.0,False
73240,9788,ESCUELA PARTICULAR GRACIELA L.DE IBANEZ,LA CISTERNA,3,Convivencia Escolar,Actividades de Participación de la Comunidad Escola,Planificación y organización de actividades que fomenten la sana convivencia en las cuales se articulará la participación de todos los miembros de la Comunidad Escolar.,Implementación completa: 100%,0,3465000.0,0,0,0,0,0,0,0,3465000,False,0.0,False
73241,9788,ESCUELA PARTICULAR GRACIELA L.DE IBANEZ,LA CISTERNA,3,Convivencia Escolar,Seguimiento y monitoreo al Plan de Convivencia Escolar,- Encargada de Convivencia Escolar monitorea y realiza seguimiento del Plan Anual de Convivencia Escolar y de cada uno de los planes de la Política Educativa vigente para conducir a la toma de decisiones oportunas en virtud de asegurar el cumplimiento del plan de Reactivación de la Enseñanza en sus ejes de Convivencia y Salud Mental y Asistencia y  Revinculación.,Implementación completa: 100%,0,27720000.0,0,0,0,0,0,0,0,27720000,False,0.0,False
73242,9788,ESCUELA PARTICULAR GRACIELA L.DE IBANEZ,LA CISTERNA,3,Convivencia Escolar,Plan de Formación Ciudadana,"El establecimiento consolida plan de acción anual de Formación Ciudadana para dar cumplimiento al requerimiento de la ley 20911, asignando un coordinador.",Implementación completa: 100%,0,11550000.0,0,0,0,0,0,0,0,11550000,False,0.0,False
73243,9788,ESCUELA PARTICULAR GRACIELA L.DE IBANEZ,LA CISTERNA,3,Convivencia Escolar,Fortalecimiento del Eje de Convivencia y Salud Mental,Consolidación del eje de convivencia y salud mental con el objetivo de garantizar la protección y bienestar socioemocional de la comunidad Educativa.,Implementación completa: 100%,0,0.0,0,0,0,0,0,0,0,0,False,0.0,False
73244,9788,ESCUELA PARTICULAR GRACIELA L.DE IBANEZ,LA CISTERNA,3,Gestión de Recursos,PERFECCIONAMIENTO DOCENTE,Contratación  de plataformas de gestión curricular y métodos de trabajo pedagógicamente innovadores que requieren capacitación y formación continua para su cabal implementación.,Implementación completa: 100%,0,11550000.0,0,0,0,0,0,0,0,11550000,False,0.0,False
73245,9788,ESCUELA PARTICULAR GRACIELA L.DE IBANEZ,LA CISTERNA,3,Gestión de Recursos,Personal profesional de apoyo al desarrollo de los estudiantes,"Contratación de personal de apoyo a la labor administrativa, docente y desarrollo de los estudiantes, tales como: Psicóloga, docentes y terapeuta ocupacional.",Implementación completa: 100%,0,42126000.0,0,0,0,0,0,0,0,42126000,False,0.0,False
73246,9788,ESCUELA PARTICULAR GRACIELA L.DE IBANEZ,LA CISTERNA,3,Gestión de Recursos,Movilización comunidad escolar,Contratación de transporte para salidas pedagógicas apoyando la formación integral de los estudiantes.,Implementación completa: 100%,0,16830000.0,0,0,0,0,0,0,0,16830000,False,0.0,False
73247,9788,ESCUELA PARTICULAR GRACIELA L.DE IBANEZ,LA CISTERNA,3,Gestión de Recursos,"Asesoría , acompañamiento y monitoreo de recursos.",- Acompañamiento y asesoría financiera para monitoreo y rendición de cuentas de recursos  SEP.,Implementación completa: 100%,0,19110000.0,0,0,0,0,0,0,0,19110000,False,0.0,False
73248,9788,ESCUELA PARTICULAR GRACIELA L.DE IBANEZ,LA CISTERNA,3,Gestión de Recursos,"Protección, sanitización e higiene de E.E.","- Disposición del equipamiento necesario en la prevención, limpieza, sanitización y desinfección , en el actual contexto de la salud pública, para favorecer la buena convivencia, asistencia y permanencia de los estudiantes y demás miembros de la comunidad educativa,  garantizando condiciones de seguridad sanitaria y protección de la comunidad escolar.",Implementación completa: 100%,0,17325000.0,0,0,0,0,0,0,0,17325000,False,0.0,False
73249,9788,ESCUELA PARTICULAR GRACIELA L.DE IBANEZ,LA CISTERNA,3,Gestión de Recursos,Renovación y reparación de materiales y recursos didácticos.,- Compra y/o reparación de recursos materiales (mobiliario y otros) y de recursos didácticos en apoyo de los aprendizajes de todos los estudiantes y de la labor docente.,Implementación completa: 100%,0,4042500.0,0,0,0,0,0,0,0,4042500,False,0.0,False
73250,9788,ESCUELA PARTICULAR GRACIELA L.DE IBANEZ,LA CISTERNA,3,Gestión Pedagógica,Plan de acompañamiento  y retroalimentación docente.,"UTP genera e implementa plan integral de acompañamiento docente que incluye diversas instancias, tales como:   - acompañamiento al aula y retroalimentación  -Reuniones de nivel.  - capacitaciones y autoperfeccionamiento.",Implementación completa: 100%,0,13335000.0,0,0,0,0,0,0,0,13335000,False,0.0,False
73251,9788,ESCUELA PARTICULAR GRACIELA L.DE IBANEZ,LA CISTERNA,3,Gestión Pedagógica,Trabajo colaborativo y de co enseñanza.,"Se fortalecerá el trabajo colaborativo y de codocencia, ya instalado, propiciando la articulación, planificación e implementación de estrategias de atención a la diversidad de los estudiantes.",Implementación completa: 100%,0,0.0,0,0,0,0,0,0,0,0,False,0.0,False
73252,9788,ESCUELA PARTICULAR GRACIELA L.DE IBANEZ,LA CISTERNA,3,Gestión Pedagógica,Monitoreo de resultados institucionales.,Se evalúan  los procesos pedagógicos desarrollados al interior del  establecimiento por parte de UTP. Para ello se considerarán los resultados de las evaluaciones estandarizadas DIA.  En función de los insumos antes mencionados el equipo de Gestión analiza los datos obtenidos y toma de decisiones oportunas que impacten directamente en la calidad de los aprendizajes.,Implementación completa: 100%,0,20790000.0,0,0,0,0,0,0,0,20790000,False,0.0,False
73253,9788,ESCUELA PARTICULAR GRACIELA L.DE IBANEZ,LA CISTERNA,3,Gestión Pedagógica,Jornada de Reflexión y/o consejo de profesores,"EGE, docentes y asistentes de la educación se reúnen para participar en talleres de jornadas de reflexión que permitan potenciar su desarrollo personal y socioemocional y compartir prácticas y estrategias diversificadas de enseñanza en el aula que potencien su desarrollo  profesional que conduzca a la mejora continua de los aprendizajes.",Implementación completa: 100%,0,0.0,0,0,0,0,0,0,0,0,False,0.0,False
73254,9788,ESCUELA PARTICULAR GRACIELA L.DE IBANEZ,LA CISTERNA,3,Gestión Pedagógica,Nivelación Pedagógica.,"Implementación de nivelación académica para estudiantes de bajo rendimiento escolar del primer ciclo básico (lenguaje y matemáticas) y el desarrollo de habilidades comprensiva de todo el segundo ciclo básico, con la finalidad de asegurar que alcancen el logro de los objetivos de aprendizajes señalados como basales en el Plan de Reactivación de la enseñanza.",Implementación completa: 100%,0,34650000.0,0,0,0,0,0,0,0,34650000,False,0.0,False
73255,9788,ESCUELA PARTICULAR GRACIELA L.DE IBANEZ,LA CISTERNA,3,Liderazgo,Reuniones EGE,"Director y EGE realizan reuniones semanales con la finalidad de sistematizar, monitorear, analizar y evaluar todo el quehacer educativo, que permita la toma de decisiones oportuna para alcanzar las metas institucionales propuestas y asegurar el logro de los OA Basales,  según indica el Plan de Reactivación de la Enseñanza.",Implementación completa: 100%,0,0.0,0,0,0,0,0,0,0,0,False,0.0,False
73256,9788,ESCUELA PARTICULAR GRACIELA L.DE IBANEZ,LA CISTERNA,3,Liderazgo,Monitoreo de PME,El EGE monitorea permanentemente la ejecución de las acciones dispuestas en el PME.,Implementación completa: 100%,0,10972500.0,0,0,0,0,0,0,0,10972500,False,0.0,False
73257,9789,ESCUELA PARTICULAR PABLO GOYENECHE IVER,LA CISTERNA,3,Convivencia Escolar,Taller de ajedrez,"Como una forma de desarrollar el pensamiento lógico, la tolerancia a la frustración, la concentración, la memoria y las capacidades volitivas de los estudiantes, así como su interacción con compañeros de distintos cursos, se organizará un taller de ajedrez semanal donde se aprenderá desde el movimiento de las piezas hasta el dominio de los principios básicos de la estrategia y tácticas en ajedrez.",Implementación completa: 100%,0,2000000.0,0,0,0,0,0,0,0,2000000,False,0.0,False
73258,9789,ESCUELA PARTICULAR PABLO GOYENECHE IVER,LA CISTERNA,3,Convivencia Escolar,Plan de convivencia,"Se desarrollará un plan de convivencia que contempla un diagnóstico de la convivencia escolar, modificaciones y difusión del reglamento de convivencia, consejos de curso con temáticas relacionadas con las necesidades de los estudiantes, clases de Religión y Orientación con foco en la convivencia escolar, campeonatos, recreos entretenidos y  días locos .",Implementación avanzada: 75% a 99%,0,8000000.0,0,0,0,0,0,0,0,8000000,False,0.0,False
73259,9789,ESCUELA PARTICULAR PABLO GOYENECHE IVER,LA CISTERNA,3,Gestión de Recursos,Implementación de recursos.,Para optimizar el quehacer educativo se implementarán recursos para las actividades escolares y extraescolares y mejoras de mobiliario e infraestructura relacionadas con procesos SEP  de acuerdo a las necesidades de distintos estamentos y equipos de la escuela.,Implementación avanzada: 75% a 99%,0,10000000.0,0,0,0,0,0,0,0,10000000,False,0.0,False
73260,9789,ESCUELA PARTICULAR PABLO GOYENECHE IVER,LA CISTERNA,3,Gestión de Recursos,"Talleres, conversatorios pedagógicos, trabajo colaborativo y capacitaciones.","Con el propósito de mejorar las prácticas, el quehacer pedagógico y el desarrollo profesional docente, se desarrollarán talleres, capacitaciones, perfeccionamientos y conversatorios pedagógicos, en conjunto con el trabajo colaborativo (o en redes de apoyo) entre equipo PIE (o practicantes) y docentes.",Implementación avanzada: 75% a 99%,0,5000000.0,0,0,0,0,0,0,0,5000000,False,0.0,False
73261,9789,ESCUELA PARTICULAR PABLO GOYENECHE IVER,LA CISTERNA,3,Gestión Pedagógica,DIA aprendizaje,"Con el propósito de fortalecer el desarrollo de las asignaturas de Lenguaje y Matemática a través de las mediciones externas se aplicará la evaluación DIA en sus tres etapas: diagnóstico, monitoreo y cierre. Insumos con los cuales se realizarán los siguientes procesos: Tabulación y análisis de datos, propuestas y compromisos para la mejora.",Implementación avanzada: 75% a 99%,2000000,0.0,0,0,0,0,0,0,0,2000000,False,0.0,False
73262,9789,ESCUELA PARTICULAR PABLO GOYENECHE IVER,LA CISTERNA,3,Gestión Pedagógica,Acompañamiento al docente,"Con el propósito de fortalecer las estrategias diversificadas y las habilidades de orden superior se realizarán procesos de acompañamiento bimestral en el aula, por parte del Equipo de Gestión, Equipo PIE y profesores de Lenguaje y Matemática, que contemplan los siguientes procesos: observación de clases, retroalimentación, tabulación y análisis de datos, propuestas y compromisos para la mejora.",Implementación avanzada: 75% a 99%,0,17000000.0,0,0,0,0,0,0,0,17000000,False,0.0,False
73263,9789,ESCUELA PARTICULAR PABLO GOYENECHE IVER,LA CISTERNA,3,Gestión Pedagógica,Planes Lector y Matemático,"Con el propósito de potenciar la comprensión lectora y matemática, los departamentos de ambas asignaturas desarrollarán planes que contemplen el dominio lector y el cálculo mental hasta alcanzar la comprensión lectora y la resolución de problemas, siendo evaluados bimestralmente para desarrollar los siguientes procesos: Tabulación y análisis de datos, propuestas y compromisos para la mejora.",Implementación avanzada: 75% a 99%,0,3000000.0,0,0,0,0,0,0,0,3000000,False,0.0,False
73264,9789,ESCUELA PARTICULAR PABLO GOYENECHE IVER,LA CISTERNA,3,Liderazgo,Hoja de ruta,"El Director lidera y/u orienta el trabajo de los distintos equipos aunando orientaciones y prioridades de la escuela con nuestras metas educativas consignadas en la cuenta pública 2024 en cuanto a aprendizaje, convivencia y participación democrática.",Implementación avanzada: 75% a 99%,0,2000000.0,0,0,0,0,0,0,0,2000000,False,0.0,False
73265,9789,ESCUELA PARTICULAR PABLO GOYENECHE IVER,LA CISTERNA,3,Liderazgo,Trabajo en equipo.,El Director promoverá el desarrollo de equipos educativos y el trabajo colaborativo optimizando los recursos humanos en pro de la mejora continua de los aprendizajes.,Implementación avanzada: 75% a 99%,0,7000000.0,0,0,0,0,0,0,0,7000000,False,0.0,False
73296,9797,COLEGIO ADVENTISTA LA CISTERNA,LA CISTERNA,3,Convivencia Escolar,"Actividades socioemocionales, espirituales, cultura de autocuidado y prevención de riesgos.","Fortalecer la sana convivencia incentivando el cuidado de la salud mental y emocional en tiempo de reactivación educativa, fomentando la obediencia, el respeto, la responsabilidad ,la solidaridad, la laboriosidad y la empatía entre los miembros de la comunidad educativa.  Promoviendo el modelo educativo del sistema Adventista MEI-SEA.",Implementación completa: 100%,0,12000000.0,0,0,0,0,0,0,0,12000000,False,0.0,False
73297,9797,COLEGIO ADVENTISTA LA CISTERNA,LA CISTERNA,3,Convivencia Escolar,Programa de sexualidad y afectividad,"Implementar plan de sexualidad, afectividad y género, asociado al PEI de la institución y a los valores bíblico cristiano adventista contenidos en el MEI SEA",Implementación completa: 100%,0,10000000.0,0,0,0,0,0,0,0,10000000,False,0.0,False
73298,9797,COLEGIO ADVENTISTA LA CISTERNA,LA CISTERNA,3,Convivencia Escolar,"Charlas, exposiciones y ferias.","Implementar una serie de actividades que potencien las relaciones socioafectivas y de convivencia escolar positivas entre los actores de la comunidad escolar, fomentando las sanas relaciones interpersonales , la salud mental y autoestima en el contexto de la reactivación educativa.",Implementación completa: 100%,0,15000000.0,0,0,0,0,0,0,0,15000000,False,0.0,False
73299,9797,COLEGIO ADVENTISTA LA CISTERNA,LA CISTERNA,3,Gestión de Recursos,Planificación presupuestartia,Elaborar anualmente un presupuesto financiero que planifique y controle los gastos del establecimiento. Gestionar la compra de los recursos necesarios.,Implementación completa: 100%,1000000,0.0,0,0,0,0,0,0,0,1000000,False,0.0,False
73300,9797,COLEGIO ADVENTISTA LA CISTERNA,LA CISTERNA,3,Gestión de Recursos,Perfeccionamiento a comunidad educativa,"Perfeccionamiento a la comunidad educativa a través de asesorías, capacitaciones, talleres, charlas, y asistencia técnico pedagógica, tanto internas como externas. Encuentro de líderes estudiantiles, triple A, centro de alumnos, FEGCR, Mission Trip, Congresos Juveniles entre otros.",Implementación completa: 100%,0,0.0,5000000,0,0,0,0,0,0,5000000,False,0.0,False
73301,9797,COLEGIO ADVENTISTA LA CISTERNA,LA CISTERNA,3,Gestión de Recursos,"Adquisición y mejoras en recursos tics, audiovisuales y computación","Adquisición y mejoras de recursos audiovisuales y de computación para llevar a cabo clases y actividades de evaluación, internet y soporte.",Implementación completa: 100%,0,17000000.0,0,0,0,0,0,0,0,17000000,False,0.0,False
73302,9797,COLEGIO ADVENTISTA LA CISTERNA,LA CISTERNA,3,Gestión de Recursos,Sistema de incentivos para la motivación escolar,"Reconocimientos mensuales que orienten a la participación y la motivación de las actividades pedagógicas, formativas, sociales y espirituales de los estudiantes, sus familias y el personal de la comunidad, en el contexto de la mejora del aprendizaje.",Implementación completa: 100%,0,8000000.0,0,0,0,0,0,0,0,8000000,False,0.0,False
73303,9797,COLEGIO ADVENTISTA LA CISTERNA,LA CISTERNA,3,Gestión de Recursos,"Contratación de personal, especialistas y conformación de equipos de aula","Contratar personal multidisciplinario para mejorar la gestión educativa, y los aprendizajes de los estudiantes de manera integral, incremento de vulnerabilidad al 74%",Implementación completa: 100%,20000000,14000000.0,50000000,0,0,0,0,0,0,84000000,False,0.0,False
73304,9797,COLEGIO ADVENTISTA LA CISTERNA,LA CISTERNA,3,Gestión de Recursos,Recursos educativos e indicadores de calidad educativa,"Adquirir recurso educativo y financiar proyectos de mejora del autoestima, convivencia escolar, plan lector editorial Aces, vida saludable, libros sexualidad y género, libro asignatura religión. plataforma pleno y compartir, textos método Matte de lectoescritura santillana, agendas doc. y estudiantes. Plataformas, Edugestor , streaming zoom, classroom, Eclass, entre otros",Implementación completa: 100%,0,25000000.0,0,0,0,0,0,0,0,25000000,False,0.0,False
73305,9797,COLEGIO ADVENTISTA LA CISTERNA,LA CISTERNA,3,Gestión Pedagógica,Apoyo a estudiantes con NEE en el contexto de la reactivación educativa.,"Apoyo a los estudiantes que presentan NEE o rezago en los aprendizajes, y que no pertenecen al Programa de Integración Escolar; con otros profesionales de la educación, tales como: psicopedagogas, técnicos diferenciales, psicólogos, co-docentes, asistentes de  aula, entre otros.",Implementación completa: 100%,0,0.0,70000000,0,0,0,0,0,0,70000000,False,0.0,False
73306,9797,COLEGIO ADVENTISTA LA CISTERNA,LA CISTERNA,3,Gestión Pedagógica,"Talleres, academias y reforzamiento de aprendizajes para los estudiantes.","Destinar horas de contratación para reforzar las asignaturas troncales según el requerimiento. Crear talleres que permitan la participación de la comunidad en actividades extraescolares con sentido de pertenencia, esparcimiento y desarrollo social y afectivo.",Implementación completa: 100%,0,20000000.0,0,0,0,0,0,0,0,20000000,False,0.0,False
73307,9797,COLEGIO ADVENTISTA LA CISTERNA,LA CISTERNA,3,Gestión Pedagógica,Acompañamiento y retroalimentación pedagógica en el aula (ADECO 2024),Liderar y gestionar el fortalecimiento del acompañamiento como una acción permanente a los docentes de aula mediante la observación de clases y la retroalimentación de las prácticas pedagógicas con el  fin de desarrollar mejoras en las prácticas educativas.,Implementación completa: 100%,0,3200000.0,0,0,0,0,0,0,0,3200000,False,0.0,False
73308,9797,COLEGIO ADVENTISTA LA CISTERNA,LA CISTERNA,3,Gestión Pedagógica,"Implementar plan de articulación y transición, decreto 373 educación parvularia","Se implementa un plan de articulación y transición en los niveles de NT1 a 1° EGB, que permite la transferencia de forma gradual y armoniosa de los estudiantes y sus procesos de aprendizajes.",Implementación completa: 100%,0,1000000.0,0,0,0,0,0,0,0,1000000,False,0.0,False
73309,9797,COLEGIO ADVENTISTA LA CISTERNA,LA CISTERNA,3,Liderazgo,Monitoreo de Evaluación de los aprendizajes de los estudiantes por medio de plataformas de apoyo.,"Consolidar sistema de recopilación de la información de los avances de los estudiantes, a través de la aplicación de evaluaciones online. Contratación de evaluaciones de nivel  Santillana, Aplicación de evaluaciones DIA. Programa Richmond, Método Matte, Compartir con letópolis y matemáticamente entre otros",Implementación completa: 100%,0,32000000.0,0,0,0,0,0,0,0,32000000,False,0.0,False
73310,9797,COLEGIO ADVENTISTA LA CISTERNA,LA CISTERNA,3,Liderazgo,Reuniones con el sostenedor para fortalecer el liderazgo y la gestión educativa.,"Reuniones mensuales con el  sostenedor  de análisis de resultados y prácticas de mejoramiento dentro de la comunidad escolar, para luego  motivar y comprometer a los docentes , apoderados (consejo escolar) y estudiantes en la participación activa dentro del proceso de  resultados educativos para mejora del aprendizaje en el contexto de la reactivación educativa.",Implementación completa: 100%,0,6000000.0,0,0,0,0,0,0,0,6000000,False,0.0,False
73311,9797,COLEGIO ADVENTISTA LA CISTERNA,LA CISTERNA,3,Liderazgo,lineamientos definidos y organización interna,"Consolidar lineamientos definidos y claros, a través de un plan semanal entre el director, el equipo directivo y técnico pedagógico, para trabajar el el cumplimiento de metas de eficiencia interna y optimización de los tiempos.   Consolidar Plan semanal de acciones y actividades pedagógicas socializada con los colaboradores  de la comunidad educativa.",Implementación completa: 100%,0,3200000.0,0,0,0,0,0,0,0,3200000,False,0.0,False
73312,9797,COLEGIO ADVENTISTA LA CISTERNA,LA CISTERNA,3,Liderazgo,Fortalecimiento del equipo técnico pedagógico,"Contratación de horas destinadas a la colaboración a la unidad técnica   pedagógica, para el acompañamiento de los procesos y programas implementados por la utp  y los avances en los aprendizajes de los estudiantes y favorecer el desarrollo profesional de los docentes.",Implementación completa: 100%,0,12000000.0,0,0,0,0,0,0,0,12000000,False,0.0,False
73410,9801,COLEGIO POLIV. SAINT ORLAND,LA CISTERNA,3,Convivencia Escolar,Fortalece Plan de Formación Ciudadana,Fortalecer a las directivas de los cursos para que cumplan un rol de liderazgo positivo activo en sus cursos.  Fortalecer el centro de estudiantes del establecimiento con el objetivo de que sean líderes representativos de sus compañeros haciendo valer sus derecho pero también cumpliendo con sus deberes. (9.4),Implementación completa: 100%,0,500000.0,0,0,0,0,0,0,0,500000,False,0.0,False
73411,9801,COLEGIO POLIV. SAINT ORLAND,LA CISTERNA,3,Convivencia Escolar,Motivación escolar,"Fortalecer las estrategias que permitan la vinculación de los/as estudiantes con la comunidad educativa de manera permanente mediante la participación en: festival de la voz , cuecazo, ferias departamentos, reconocimientos,  espacios de dispersión entre clases, (bingo, zumbatón, yoga, manualidades entre otros). (9.1)",Implementación completa: 100%,0,15000000.0,0,0,0,0,0,0,0,15000000,False,0.0,False
73412,9801,COLEGIO POLIV. SAINT ORLAND,LA CISTERNA,3,Convivencia Escolar,"Fortalecer una cultura sana , de seguridad , de autocuidado, Sexualidad y vida saludable","Promover el desarrollo de una cultura preventiva y de autocuidado de forma sistemática en la comunidad educativa, mediante la   aplicación de los planes institucionales e instituciones externas(Matrona-prevencionista-carabineros-investigaciones- testimonios-SENDA) (7.4)",Implementación completa: 100%,0,3500000.0,0,0,0,0,0,0,0,3500000,False,0.0,False
73413,9801,COLEGIO POLIV. SAINT ORLAND,LA CISTERNA,3,Convivencia Escolar,Comunidad Activa,"Contar con plataforma para difundir PEI, actividades, talleres, resultados de aprendizajes, entre otros. (7.5)",Implementación completa: 100%,0,8140000.0,0,0,0,0,0,0,0,8140000,False,0.0,False
73414,9801,COLEGIO POLIV. SAINT ORLAND,LA CISTERNA,3,Gestión de Recursos,Adquirir y/u optimizar los recursos en las distintas áreas.,"Gestionar la adquisición y reemplazo de los recursos recreativos, tecnológicos, formativos, pedagógicos, programáticos y extraprogramáticos del establecimiento, considerando colación, transporte  y vestuario exclusivo que represente la actividad, con el fin de favorecer un clima que propicie el aprendizaje de los estudiantes y la identidad del colegio. (12.2)",Implementación completa: 100%,0,22360000.0,0,0,0,0,0,0,0,22360000,False,0.0,False
73415,9801,COLEGIO POLIV. SAINT ORLAND,LA CISTERNA,3,Gestión de Recursos,Planificar el uso de recursos,"Adquirir Materiales, insumos y reproducción de documentos con el objetivo de potenciar el desarrollo óptimo de los aprendizajes de los estudiantes y el buen funcionamiento de las actividades educativas. (12.2)",Implementación completa: 100%,0,35000000.0,0,0,0,0,0,0,0,35000000,False,0.0,False
73416,9801,COLEGIO POLIV. SAINT ORLAND,LA CISTERNA,3,Gestión de Recursos,Fortalecer lazos,Participación de todos los estamentos en los diferentes espacios de encuentro para fortalecer los lazos del personal del establecimiento. (10.5),Implementación completa: 100%,0,0.0,0,0,0,0,0,0,0,0,False,0.0,False
73417,9801,COLEGIO POLIV. SAINT ORLAND,LA CISTERNA,3,Gestión de Recursos,Conformación de equipos de trabajo,"Fortalecer los  distintos estamentos del establecimiento, mediante la contratación de coordinadores, monitores , departamento DIE, asistentes de aula. (10.2)",Implementación completa: 100%,0,249000000.0,0,0,0,0,0,0,0,249000000,False,0.0,False
73418,9801,COLEGIO POLIV. SAINT ORLAND,LA CISTERNA,3,Gestión Pedagógica,Recuperación de aprendizaje,"Analizar datos recopilados a través del monitoreo de los estudiantes que presentan brechas de aprendizajes, mediante evaluaciones externas/internas  donde se apoyarán  mediante co-docencias y departamento DIE  a los estudiantes más descendidos. ( 6.1)",Implementación completa: 100%,0,500000.0,0,0,0,0,0,0,0,500000,False,0.0,False
73419,9801,COLEGIO POLIV. SAINT ORLAND,LA CISTERNA,3,Gestión Pedagógica,Potenciar habilidades,"Trabajar las  habilidades propuestas por el Ministerio de Educación en los planes y programas en las  asignaturas de Historia y Ciencias durante el año lectivo, en todos niveles, para fortalecer el proceso de enseñanza aprendizaje en los estudiantes. ( 5.1)",Implementación completa: 100%,0,0.0,0,0,0,0,0,0,0,0,False,0.0,False
73420,9801,COLEGIO POLIV. SAINT ORLAND,LA CISTERNA,3,Gestión Pedagógica,"Orientar a los estudiantes en su Continuidad de estudios, desarrollo profesional y vocacional.","Apoyar y motivar a los estudiantes en su desarrollo escolar y prevenir el riesgo de deserción, en continua orientación escolar, mediante la atención de los/las estudiantes y sus familias por parte de un equipo multidisciplinario, con la finalidad de asegurar la continuidad escolar y su proyección a la enseñanza superior. (6.4)",Implementación completa: 100%,0,2000000.0,0,0,0,0,0,0,0,2000000,False,0.0,False
73421,9801,COLEGIO POLIV. SAINT ORLAND,LA CISTERNA,3,Gestión Pedagógica,Estrategias Metodológicas,"Generar espacios para compartir, enseñar y fortalecer estrategias metodológicas de enseñanza aprendizaje y trabajo interdisciplinario entre las reuniones de departamento, GPT, Coordinación, codocentes,  Equipo DIE y asistentes de Aula, (departamento de arte trabajará una vez al mes), logrando fortalecer los aprendizajes de los estudiantes. (5.2)",Implementación completa: 100%,0,0.0,0,0,0,0,0,0,0,0,False,0.0,False
73422,9801,COLEGIO POLIV. SAINT ORLAND,LA CISTERNA,3,Liderazgo,Fortalecimiento de la gestión para la mejora continua,"Fortalecer gestión educativa a través de asignación eficiente de recursos financieros asegurando distribución equitativa y seguimiento continuo. Incluye la coordinación entre sostenedores y equipos directivos, gestión del presupuesto, monitoreo de fondos, evaluación y ajustes. Promoción de cambios estructurales administrativos ,optimizando metodologías, recursos pedagógicos e infraestructura.1.6",Implementación completa: 100%,0,56000000.0,0,0,0,0,0,0,0,56000000,False,0.0,False
73423,9801,COLEGIO POLIV. SAINT ORLAND,LA CISTERNA,3,Liderazgo,Liderar una conducción efectiva con los diferentes estamentos,"Generar canales fluidos  que permitan un trabajo colaborativo con la comunidad educativa en la entrega de información oportuna mediante reuniones de consejo de nivel, equipo directivo, coordinadoras, equipo convivencia escolar, equipo DIE , Inspectoría y consejo de profesores (2.2)",Implementación completa: 100%,0,0.0,0,0,0,0,0,0,0,0,False,0.0,False
73439,9804,ESCUELA PABLO DE TARSO,LA CISTERNA,3,Convivencia Escolar,Aplicación de encuestas de satisfacción,"En el mes de diciembre se aplicará una encuesta de satisfacción a todos los apoderados del colegio, en materia de Convivencia y clima escolar.",Implementación avanzada: 75% a 99%,0,500000.0,0,0,0,0,0,0,0,500000,False,0.0,False
73440,9804,ESCUELA PABLO DE TARSO,LA CISTERNA,3,Convivencia Escolar,Capacitación de convivencia escolar,Capacitación del equipo de convivencia y docentes con el fin de actualizar conocimientos relacionados con la convivencia escolar,Implementación avanzada: 75% a 99%,0,4000000.0,0,0,0,0,0,0,0,4000000,False,0.0,False
73441,9804,ESCUELA PABLO DE TARSO,LA CISTERNA,3,Convivencia Escolar,Promoción de sellos y celebración de hitos,"Se desarrollan actividades donde se da a conocer y fomenta el ´proyecto educativo, Reglamentos Institucionales y Protocolos.",Implementación avanzada: 75% a 99%,0,10000000.0,0,0,0,0,0,0,0,10000000,False,0.0,False
73442,9804,ESCUELA PABLO DE TARSO,LA CISTERNA,3,Convivencia Escolar,Incorporando Planes Obligatorios,"Con el objetivo de promocionar la participación, el buen trato, el bienestar, la salud mental, el colegio organiza diferentes actividades conmemorativas y los vincula con los planes obligatorios",Implementación avanzada: 75% a 99%,0,10000000.0,0,0,0,0,0,0,0,10000000,False,0.0,False
73443,9804,ESCUELA PABLO DE TARSO,LA CISTERNA,3,Gestión de Recursos,Mejorando la administración y Gestión,"A través de la contratación de servicios de administración y finanzas externos se mejorarán los procesos de adquisiciones rendiciones de cuentas, planificación de compras administración de personas o RR.HH. de con el fi de optimizar los recursos del plan.",Implementación avanzada: 75% a 99%,0,20000000.0,0,0,0,0,0,0,0,20000000,False,0.0,False
73444,9804,ESCUELA PABLO DE TARSO,LA CISTERNA,3,Gestión de Recursos,Adquisición y mejora de espacios educativos.,"se adquieren recursos tecnológicos, materiales y de didácticos y elementos para mejorar espacios lúdicos, sensoriales  y educativos",Implementación avanzada: 75% a 99%,0,25000000.0,0,0,0,0,0,0,0,25000000,False,0.0,False
73445,9804,ESCUELA PABLO DE TARSO,LA CISTERNA,3,Gestión Pedagógica,Acompañamiento Docente,"Desde coordinación académica, se generan espacios para acompañar y retroalimentar a los docentes en la incorporación de las indicaciones en  gestión curricular y enseñanza y aprendizaje en el aula.",Implementación avanzada: 75% a 99%,0,500000.0,0,0,0,0,0,0,0,500000,False,0.0,False
73446,9804,ESCUELA PABLO DE TARSO,LA CISTERNA,3,Gestión Pedagógica,Articulación para la Inclusión,Se realiza trabajo articulado entre profesionales del equipo PIE y docentes para fortalecer la entrega del curriculum centrado en el decreto 67,Implementación avanzada: 75% a 99%,0,500000.0,0,0,0,0,0,0,0,500000,False,0.0,False
73447,9804,ESCUELA PABLO DE TARSO,LA CISTERNA,3,Gestión Pedagógica,Plan Lector,Desarrollo de un programa de fomento lector para incentivar la lecto-escritura a través de herramientas tecnológicas.,Implementación avanzada: 75% a 99%,0,1000000.0,0,0,0,0,0,0,0,1000000,False,0.0,False
73448,9804,ESCUELA PABLO DE TARSO,LA CISTERNA,3,Gestión Pedagógica,Fortaleciendo el Aprendizaje,Capacitación en instrumentos de evaluación,Implementación avanzada: 75% a 99%,0,10000000.0,0,0,0,0,0,0,0,10000000,False,0.0,False
73449,9804,ESCUELA PABLO DE TARSO,LA CISTERNA,3,Liderazgo,Socialización de valores Institucionales,"Difusión del PEI, Reglamentos y protocolos institucionales.",Implementación completa: 100%,0,2500000.0,0,0,0,0,0,0,0,2500000,False,0.0,False
73450,9804,ESCUELA PABLO DE TARSO,LA CISTERNA,3,Liderazgo,Escuela de Verano,"Fidelizar y comprometer a las familias en el cuidado del colegio, conformación de comunidad.",Implementación completa: 100%,0,5000000.0,0,0,0,0,0,0,0,5000000,False,0.0,False
73451,9804,ESCUELA PABLO DE TARSO,LA CISTERNA,3,Liderazgo,Evaluación Permanente,Monitoreo y seguimiento el plan de mejoramientos educativo,Implementación completa: 100%,0,500000.0,0,0,0,0,0,0,0,500000,False,0.0,False
73463,9807,ESCUELA PARTICULAR LOCARNO,LA CISTERNA,3,Convivencia Escolar,Actividades de formación ciudadana,"Implementar instancias formativas transversales a través de actividades de formación ciudadana propuestas en el calendario escolar, que se evaluarán trimestralmente",Implementación avanzada: 75% a 99%,0,7000000.0,0,0,0,0,0,0,0,7000000,False,0.0,False
73464,9807,ESCUELA PARTICULAR LOCARNO,LA CISTERNA,3,Convivencia Escolar,Comité de Convivencia Escolar,Prevenir situaciones de riesgo que puedan afectar la convivencia escolar  Investigar y resolver situaciones de convivencia escolar  Apoyar a los estudiantes involucrados en situaciones de convivencia escolar  Monitorear la convivencia escolar y evaluar la efectividad de las medidas implementadas,Implementación adecuada: 50% a 74%,0,7000000.0,0,0,0,0,0,0,0,7000000,False,0.0,False
73465,9807,ESCUELA PARTICULAR LOCARNO,LA CISTERNA,3,Gestión de Recursos,Desarrollo de Estrategias de Optimización de Recursos,Aprovechar al máximo los recursos disponibles en la unidad educativa para:        Reducir costos operativos.      Mejorar la calidad educativa.      Garantizar la sostenibilidad financiera.,Implementación adecuada: 50% a 74%,0,7000000.0,0,0,0,0,0,0,0,7000000,False,0.0,False
73466,9807,ESCUELA PARTICULAR LOCARNO,LA CISTERNA,3,Gestión de Recursos,Creación de un Banco de Recursos Educativos Comunitario,Recepción de recursos educativos  Clasificación y organización  Catalogación y registro  Difusión y promoción  Préstamo y uso de recursos  Mantenimiento y actualización,Implementación adecuada: 50% a 74%,0,5000000.0,0,0,0,0,0,0,0,5000000,False,0.0,False
73467,9807,ESCUELA PARTICULAR LOCARNO,LA CISTERNA,3,Gestión Pedagógica,Reflexión de la acción pedagógica con retroalimentación,"Reflexión Pedagógica que promueva el trabajo colaborativo para establecer nuevas estrategias educativas que fomenten prácticas efectivas y diversificadas dentro del aula; basado en un acompañamiento semestral, focalizado en la interacción pedagógica entre el estudiante y el docente como en la retroalimentación, para la mejora en los aprendizajes y el  fortalecimiento del desarrollo integral docent",Implementación avanzada: 75% a 99%,0,48000000.0,0,0,0,0,0,0,0,48000000,False,0.0,False
73468,9807,ESCUELA PARTICULAR LOCARNO,LA CISTERNA,3,Gestión Pedagógica,Apoyo a la inclusión,"Apoyo sistemático a los estudiantes que presentan mayor brecha en sus aprendizajes así como en el manejo de las emociones, con foco en lectura, matemática y en la resolución de conflictos para el aprendizaje",Implementación adecuada: 50% a 74%,0,7000000.0,0,0,0,0,0,0,0,7000000,False,0.0,False
73469,9807,ESCUELA PARTICULAR LOCARNO,LA CISTERNA,3,Liderazgo,"Vinculación PEI-PME de estudiantes, padres y apoderados","Implementar mecanismos de participación de estudiantes, padres y apoderados en el proceso de ejecución del PEI y PME",Implementación adecuada: 50% a 74%,0,7000000.0,0,0,0,0,0,0,0,7000000,False,0.0,False
73470,9807,ESCUELA PARTICULAR LOCARNO,LA CISTERNA,3,Liderazgo,Fomento académico y cultural,"Promoción de las artes a través del fomento lector enmarcada en actividades culturales e instancias de difusión y exposición que promuevan el conocimiento, la lectura y el desarrollo cultural de los estudiantes.",Implementación avanzada: 75% a 99%,0,7000000.0,0,0,0,0,0,0,0,7000000,False,0.0,False
73471,9808,ESCUELA PARTICULAR GUIA ESTUDIANTIL,LA CISTERNA,3,Convivencia Escolar,SENTIDO DE PERTENENCIA Y COMUNIDAD POR MEDIO DE LA PARTICIPACIÓN CONSTRUCTIVA Y DEMOCRÁTICA.,"El Equipo directivo junto a Convivencia Escolar y a las y los docentes, motivan a las y los estudiantes a participar activamente en las diversas instancias deporivas  del establecimiento, fortaleciendo el pensamiento crítico, el desarrollo de un liderazgo positivo e inclusivo, el compromiso con el cuidado del medio ambiente y la formación ciudadana.",Implementación avanzada: 75% a 99%,0,10000000.0,0,0,0,0,0,0,0,10000000,False,0.0,False
73472,9808,ESCUELA PARTICULAR GUIA ESTUDIANTIL,LA CISTERNA,3,Convivencia Escolar,fortalecerel sentido de pertenencia y compromiso institucional.,"Potenciaractividades,procedimientos yprácticasquepermitanlaformación integraldelasylosestudiantes,enun ambientedesanaconvivencia, organizado,participativoyseguro",Implementación avanzada: 75% a 99%,0,25000000.0,0,0,0,0,0,0,0,25000000,False,0.0,False
73473,9808,ESCUELA PARTICULAR GUIA ESTUDIANTIL,LA CISTERNA,3,Convivencia Escolar,Difusión de faltas y normas básicas.,Socialización reglamento interno  y de convivencia escolar con  la comunidad educativa.,Implementación avanzada: 75% a 99%,0,3000000.0,0,0,0,0,0,0,0,3000000,False,0.0,False
73474,9808,ESCUELA PARTICULAR GUIA ESTUDIANTIL,LA CISTERNA,3,Convivencia Escolar,-Actualizar el manual de convivencia,implementar estrategias de trabajo colaborativo.,Implementación avanzada: 75% a 99%,0,5000000.0,0,0,0,0,0,0,0,5000000,False,0.0,False
73475,9808,ESCUELA PARTICULAR GUIA ESTUDIANTIL,LA CISTERNA,3,Gestión de Recursos,FORTALECIMIENTO AL PROCESO DE ENSEÑANZA DE OBJ. DE APRENDIZAJES DEPORTIVOS,"Acción destinada a fortalecer los procesos de aprendizaje vinculados a habilidades y destrezas motrices, contenidas en las Bases Curriculares vigentes, y que son propias de una formación integral, inclusiva y preventiva",Implementación avanzada: 75% a 99%,0,10000000.0,0,0,0,0,0,0,0,10000000,False,0.0,False
73476,9808,ESCUELA PARTICULAR GUIA ESTUDIANTIL,LA CISTERNA,3,Gestión de Recursos,Monitoreo y seguimiento de las acciones del Plan del Mejoramiento Educativo,Definir un plan de gastos anual de acuerdo con las acciones comprometidas en el PME,Implementación avanzada: 75% a 99%,5000000,10000000.0,5000000,0,0,0,0,0,0,20000000,False,0.0,False
73477,9808,ESCUELA PARTICULAR GUIA ESTUDIANTIL,LA CISTERNA,3,Gestión Pedagógica,TRABAJO COLABORATIVO E INNOVACIÓN,"UTP y los docentes fgeneran estrategias innovadoras para la reactivación de aprendizajes, enfocando el trabajo en proyectos colaborativos o interdisciplinarios, reconociendo y aprendiendo de prácticas pedagógicas exitosas, potenciando la lectura comprensiva, habilidades matemáticas y desarrollo del pensamiento crítico, para que todos los estudiantes mejoren resultados de aprendizaje.",Implementación avanzada: 75% a 99%,0,10000000.0,0,0,0,0,0,0,0,10000000,False,0.0,False
73478,9808,ESCUELA PARTICULAR GUIA ESTUDIANTIL,LA CISTERNA,3,Gestión Pedagógica,EQUIPOS DE AULA PARA LA CO-DOCENCIA,"PIE, lidera la organización de jornadas o reuniones de intercambio de experiencias de buenas prácticas de co-enseñanza para que los equipos de aula sistematicen sus experiencias, identificando fortalezas, debilidades y evaluando el grado de articulación, enfoque de trabajo, y resultados de aprendizaje logrados por los estudiantes que atienden.",Implementación avanzada: 75% a 99%,0,0.0,10000000,0,0,0,0,0,0,10000000,False,0.0,False
73479,9808,ESCUELA PARTICULAR GUIA ESTUDIANTIL,LA CISTERNA,3,Gestión Pedagógica,El equipo técnico-pedagógico y los docentes identifican tempranamente a los estudiantes que presenta,"El equipo de Gestión junto a los docentes, definen estrategias para velar por el adecuado desarrollo académico, afectivo y social de todas y todos los estudiantes, tomando en cuenta sus diversas necesidades, habilidades características e intereses, poniendo atención a los que necesiten espacios diferenciados para valorar, potenciar y expresar su individualidad",Implementación avanzada: 75% a 99%,0,16000000.0,0,0,0,0,0,0,0,16000000,False,0.0,False
73480,9808,ESCUELA PARTICULAR GUIA ESTUDIANTIL,LA CISTERNA,3,Gestión Pedagógica,"El equipo directivo, en conjunto con los docentes, implementan estrategias efectivas para potenciar","El equipo de Gestión junto a los docentes, definen estrategias para velar por el adecuado desarrollo académico, afectivo y social de todas y todos los estudiantes, tomando en cuenta sus diversas necesidades, habilidades características e intereses, poniendo atención a los que necesiten espacios diferenciados para valorar, potenciar y expresar su individualidad.",Implementación avanzada: 75% a 99%,0,20000000.0,0,0,0,0,0,0,0,20000000,False,0.0,False
73481,9808,ESCUELA PARTICULAR GUIA ESTUDIANTIL,LA CISTERNA,3,Gestión Pedagógica,El director y el equipo técnico-pedagógico coordinan la implementación efectiva de las Bases Curricu,"El director junto a la Unidades Técnico Pedagógicas, monitorean la planificación, implementación y evaluación del proceso de enseñanza-aprendizaje por medio del acompañamiento docente, desarrollando comunidades de aprendizaje docente en las que se incorpora el acompañamiento entre pares.",Implementación avanzada: 75% a 99%,25000000,10000000.0,0,0,0,0,0,0,0,35000000,False,0.0,False
73482,9808,ESCUELA PARTICULAR GUIA ESTUDIANTIL,LA CISTERNA,3,Liderazgo,Funciones y gestión,"Afianzar cumplimiento de roles y funciones del personal docente y no docente, implementando de manera efectiva, el reglamento de roles y funciones.",Implementación completa: 100%,0,5000000.0,0,0,0,0,0,0,0,5000000,False,0.0,False
73483,9808,ESCUELA PARTICULAR GUIA ESTUDIANTIL,LA CISTERNA,3,Liderazgo,Identificar los avances y dificultades de la práctica pedagógica,Llevar a cabo al menos una vez al mes una sesión de consejo de profesores para reflexionar sobre el desarrollo de las prácticas y los resultados formativos de aprendizaje de sus estudiantes,Implementación completa: 100%,5000000,25000000.0,0,0,0,0,0,0,0,30000000,False,0.0,False
73484,9809,ESCUELA PARTICULAR SAINT PHILLIP OF NERY,LA CISTERNA,3,Convivencia Escolar,Actividades académicas y premiación a estudiantes,"Durante el año se realizan variadas actividades académicas y premiaciones a los estudiantes que participan de ellas y/o destacan en su rendimiento, asistencia, constancia y perseverancia semestralmente, con el fin de motivar en su quehacer educativo.",Implementación avanzada: 75% a 99%,0,6000000.0,0,0,0,0,0,0,0,6000000,False,0.0,False
73485,9809,ESCUELA PARTICULAR SAINT PHILLIP OF NERY,LA CISTERNA,3,Convivencia Escolar,Implementar sala de contención,"Se implementa sala de contención para utilizar con toda la comunidad educativa que presente desregulación emocional, con el fin de regresar la calma a cada uno de ellos y poder continuar con su proceso pedagógico y/o continuidad en jornada escolar.",Implementación completa: 100%,0,2000000.0,0,0,0,0,0,0,0,2000000,False,0.0,False
73486,9809,ESCUELA PARTICULAR SAINT PHILLIP OF NERY,LA CISTERNA,3,Convivencia Escolar,Charlas de especialistas,"Con el fin de capacitar a la comunidad en temáticas atingentes a nuestra realidad, se realizan charlas relacionadas con: CONTENCIÓN EMOCIONAL, DIVERSIDAD, PREVENCIÓN, AUTOESTIMA,INCLUSIÓN, SEXUALIDAD, AUTISMO, entre otras.",Implementación avanzada: 75% a 99%,0,1000000.0,0,0,0,0,0,0,0,1000000,False,0.0,False
73487,9809,ESCUELA PARTICULAR SAINT PHILLIP OF NERY,LA CISTERNA,3,Convivencia Escolar,Actividades curriculares,"Con el fin de fortalecer la convivencia escolar, la integración, inclusión, formación valórica y académica de los estudiantes, se realizan actividades curriculares tales como: exposiciones temáticas, salidas pedagógicas, participación de eventos culturales, entre otras.",Implementación parcial: 25% a 49%,0,10000000.0,0,0,0,0,0,0,0,10000000,False,0.0,False
73488,9809,ESCUELA PARTICULAR SAINT PHILLIP OF NERY,LA CISTERNA,3,Convivencia Escolar,Apoyo emocional,"Convivencia escolar programa reuniones y/o entrevistas a Docentes de la comunidad educativa, asistentes de la educación, Padres y/o Apoderados, estudiantes con el fin de fortalecer emocionalmente a la comunidad, realizando derivaciones en caso de ser necesario.",Implementación avanzada: 75% a 99%,0,10700000.0,0,0,0,0,0,0,0,10700000,False,0.0,False
73489,9809,ESCUELA PARTICULAR SAINT PHILLIP OF NERY,LA CISTERNA,3,Convivencia Escolar,Celebraciones de actividades tradicionales,"Con el fin de fortalecer la convivencia escolar y la identidad con el colegio generando sentido de pertenencia y motivación para la participación de toda la comunidad educativa, la encargada de convivencia realiza celebraciones tradicionales tales como: FESTIVAL DE LA VOZ, FIESTAS PATRIAS, FIESTA DE ANIVERSARIO, FIESTA DE LA PRIMAVERA, CIERRE AÑO ACADÉMICO, ENTRE OTRAS.",Implementación avanzada: 75% a 99%,0,6000000.0,0,0,0,0,0,0,0,6000000,False,0.0,False
73490,9809,ESCUELA PARTICULAR SAINT PHILLIP OF NERY,LA CISTERNA,3,Gestión de Recursos,Fomento del uso de la Biblioteca CRA,"La encargada de CRA, realiza actividades periódicas para mantener a la comunidad educativa en conocimiento y actualización del trabajo a realizar en CRA, ejemplo : DÍA DEL LIBRO, LECTURA DE CUENTOS, CREACIÓN DE TEXTOS LITERARIOS, entre otras. Estas actividades se realizan tanto individual como grupo curso, con Estudiantes y Docentes.",Implementación completa: 100%,0,2000000.0,0,0,0,0,0,0,0,2000000,False,0.0,False
73491,9809,ESCUELA PARTICULAR SAINT PHILLIP OF NERY,LA CISTERNA,3,Gestión de Recursos,Mantención de equipos tecnológicos,"Coordinador de enlaces apoya el trabajo docente, a través de la mantención de tecnologías en la sala de clases, mantención de laboratorio, redes inalámbricas y todo aquello que sea atingente y requiera la institución para la gestión educativa, coordinando visitas técnicas.",Implementación completa: 100%,0,16000000.0,0,0,0,0,0,0,0,16000000,False,0.0,False
73492,9809,ESCUELA PARTICULAR SAINT PHILLIP OF NERY,LA CISTERNA,3,Gestión de Recursos,Implementación de techo fijo y mantención de luminaria en multicancha,"Se implementa un techo nuevo con modalidad fija y se realiza mantención de luminaria, para realizar actividades al aire libre, con el fin de mantener y fomentar una vida sana para nuestra comunidad educativa.",Implementación inicial: 1% a 24%,0,5000000.0,0,0,0,0,0,0,0,5000000,False,0.0,False
73493,9809,ESCUELA PARTICULAR SAINT PHILLIP OF NERY,LA CISTERNA,3,Gestión de Recursos,Área administrativa,"El equipo directivo (Sostenedor y Directora) garantizan la adecuada atención y equipamiento necesarios para el Desarrollo de Plan de Mejora, velando por la implementación oportuna de las necesidades atingentes en la comunidad.",Implementación adecuada: 50% a 74%,0,90000000.0,0,0,0,0,0,0,0,90000000,False,0.0,False
73494,9809,ESCUELA PARTICULAR SAINT PHILLIP OF NERY,LA CISTERNA,3,Gestión de Recursos,Labores administrativas menores área SEP,"Secretaria realiza actividades periódicas tales como, CONTROL DE ATRASOS, CONTROL DE LICENCIAS MÉDICAS, IMPRESIÓN Y FOTOCOPIADO DE MATERIAL DE TRABAJO PARA LA COMUNIDAD, ENTRE OTRAS, con el fin de mantener un buen desarrollo y funcionamiento de nuestro Plan de mejora.",Implementación avanzada: 75% a 99%,0,15000000.0,0,0,0,0,0,0,0,15000000,False,0.0,False
73495,9809,ESCUELA PARTICULAR SAINT PHILLIP OF NERY,LA CISTERNA,3,Gestión de Recursos,Asistente de párvulos,"El establecimiento mantiene la contratación en los niveles de transición, técnicos en párvulos con el fin de fortalecer la labor académica de acuerdo a las prioridades del PEI y necesidades pedagógicas de los estudiantes",Implementación completa: 100%,0,19000000.0,0,0,0,0,0,0,0,19000000,False,0.0,False
73496,9809,ESCUELA PARTICULAR SAINT PHILLIP OF NERY,LA CISTERNA,3,Gestión Pedagógica,Talleres educativos,"Los estudiantes participan en diversos talleres creados con el fin de desarrollar y nivelar los aprendizajes de los educandos, a cargo de Docentes que realizan estrategias y monitoreo de los  resultados logrados por los estudiantes durante su proceso pedagógico (Lenguaje, Matemáticas, Música, Inglés, Deportes, Artes, Danza).",Implementación avanzada: 75% a 99%,0,22000000.0,0,0,0,0,0,0,0,22000000,False,0.0,False
73497,9809,ESCUELA PARTICULAR SAINT PHILLIP OF NERY,LA CISTERNA,3,Gestión Pedagógica,Acompañamiento a estudiantes,"Unidad Técnico pedagógica y Convivencia escolar realizaran acompañamiento a los estudiantes con aprendizajes descendidos, problemas de repitencia y/o socioemocionales  respectivos con el fin de obtener mejoras en sus procesos educativos.",Implementación avanzada: 75% a 99%,0,3000000.0,0,0,0,0,0,0,0,3000000,False,0.0,False
73498,9809,ESCUELA PARTICULAR SAINT PHILLIP OF NERY,LA CISTERNA,3,Gestión Pedagógica,Apoyo Social,"Encargada de convivencia previa entrevista con Estudiantes y Apoderados, realiza derivaciones a redes de apoyo social como por ejemplo: PIE, OPD, TRIBUNALES DE FAMILIA, entre otros, con el fin de asegurar la integridad de cada estudiante.",Implementación avanzada: 75% a 99%,0,500000.0,0,0,0,0,0,0,0,500000,False,0.0,False
73499,9809,ESCUELA PARTICULAR SAINT PHILLIP OF NERY,LA CISTERNA,3,Gestión Pedagógica,Apoyo profesional,Se realizan derivaciones a redes externas (Ej. CESFAM) a estudiantes que han sido detectados con dificultades FONOAUDIOLOGICAS y PSICOLOGICAS.,Implementación avanzada: 75% a 99%,0,500000.0,0,0,0,0,0,0,0,500000,False,0.0,False
73500,9809,ESCUELA PARTICULAR SAINT PHILLIP OF NERY,LA CISTERNA,3,Gestión Pedagógica,Apoyo y acompañamiento a los docentes,"Unidad Técnico pedagógica y Directora, realizan acompañamientos al 80% de los docentes que trabajan en nuestro establecimiento, a lo menos en dos ocasiones durante el año académico, reuniéndose con ellos luego de cada acompañamiento, para retroalimentar al Docente, con el fin de orientar, destacar y/o mejorar sus prácticas pedagógicas, para fortalecer el proceso educativo.",Implementación avanzada: 75% a 99%,0,3500000.0,0,0,0,0,0,0,0,3500000,False,0.0,False
73501,9809,ESCUELA PARTICULAR SAINT PHILLIP OF NERY,LA CISTERNA,3,Gestión Pedagógica,Atención Psicopedagógica,"Los estudiantes que presentan dificultades de aprendizaje son derivados y atendidos por la psicopedagoga, quien buscará promover el desarrollo de habilidades para lograr avances en el proceso educativo de los estudiantes, trabajando con los estudiantes en sus salas de clases, en las asignaturas de Lenguaje y Matemáticas.",Implementación avanzada: 75% a 99%,0,9300000.0,0,0,0,0,0,0,0,9300000,False,0.0,False
73502,9809,ESCUELA PARTICULAR SAINT PHILLIP OF NERY,LA CISTERNA,3,Liderazgo,Mejoras educativas,"Unidad Técnico Pedagógica diseña un calendario para realizar reuniones con el fin de sintetizar los espacios de reflexión del proceso educativo, potenciando en conjunto (Docente de aula, UTP y Psicopedagoga) el quehacer pedagógico en cada área y nivel educativo.",Implementación parcial: 25% a 49%,0,1000000.0,0,0,0,0,0,0,0,1000000,False,0.0,False
73503,9809,ESCUELA PARTICULAR SAINT PHILLIP OF NERY,LA CISTERNA,3,Liderazgo,Consejos pedagógicos,"El equipo de gestión diseña un calendario de consejos pedagógicos de acuerdo a las necesidades y lineamientos técnicos, los cuales van en pro de mejorar los resultados de aprendizaje de los estudiantes y avanzar en nuestro quehacer pedagógico.",Implementación avanzada: 75% a 99%,0,2000000.0,0,0,0,0,0,0,0,2000000,False,0.0,False
73504,9809,ESCUELA PARTICULAR SAINT PHILLIP OF NERY,LA CISTERNA,3,Liderazgo,Capacitación Webclass,Durante el transcurso del año escolar se realizarán capacitaciones a EGE y cuerpo Docente referentes al uso de la plataforma Webclass,Implementación avanzada: 75% a 99%,0,4000000.0,0,0,0,0,0,0,0,4000000,False,0.0,False
73505,9809,ESCUELA PARTICULAR SAINT PHILLIP OF NERY,LA CISTERNA,3,Liderazgo,Capacitación del equipo de gestión y docentes,"Se capacita al equipo de gestión y docentes en diversas áreas de trabajo, de acuerdo a las necesidades que se detectan en el proceso anual.",Implementación adecuada: 50% a 74%,0,4000000.0,0,0,0,0,0,0,0,4000000,False,0.0,False
73534,9811,ESCUELA PART. REPUBLICA ALEMANIA FEDERAL,LA CISTERNA,3,Convivencia Escolar,POTENCIANDO UNA BUENA Y SANA CONVIVENCIA,"Se fortalecerá la buena y sana convivencia a través de la atención directa, personalizada y /o grupal de nuestros estudiantes, utilizando métodos, técnicas y estrategias que les permitan entender y contener sus emociones, resolver pacíficamente sus conflictos e interactuar de manera empática y asertiva con su entorno.",Implementación completa: 100%,0,20000000.0,0,0,0,0,0,0,0,20000000,False,0.0,False
73535,9811,ESCUELA PART. REPUBLICA ALEMANIA FEDERAL,LA CISTERNA,3,Convivencia Escolar,RELACIONÁNDONOS ARMONIOSAMENTE,"A través de variadas actividades que potencien el desarrollo del sentido de pertenencia a la institución, docentes, asistentes, estudiantes y apoderados participarán en actividades curriculares y extracurriculares como: celebraciones de Actos Cívicos, Fiestas Patrias, Aniversario de la Escuela, Día de la Solidaridad y Día del Estudiante, entre otras.",Implementación completa: 100%,0,10000000.0,0,0,0,0,0,0,0,10000000,False,0.0,False
73536,9811,ESCUELA PART. REPUBLICA ALEMANIA FEDERAL,LA CISTERNA,3,Convivencia Escolar,PROMOVIENDO BIENESTAR SOCIOEMOCIONAL,"Para fortalecer el ámbito socioemocional de los miembros de esta comunidad educativa (estudiantes, docentes, asistentes, padres y apoderados), se diseñarán estrategias que favorezcan la adquisición de habilidades que les permitan aplicar en su vida diaria las cinco dimensiones que lo componen: autoconocimiento, autorregulación, autonomía, empatía y colaboración.",Implementación completa: 100%,0,20000000.0,0,0,0,0,0,0,0,20000000,False,0.0,False
73537,9811,ESCUELA PART. REPUBLICA ALEMANIA FEDERAL,LA CISTERNA,3,Gestión de Recursos,ATENDIENDO LA DIVERSIDAD,"Se brindará apoyo pedagógico personalizado a niños y niñas de primer ciclo básico que presenten NEE. Estarán a cargo de docentes y asistentes, que utilizarán como principal recurso el Domo de la diversidad. Se contará además, con asistentes de apoyo en 1°, 2° y 3° básicos, y codocentes en niveles superiores quienes contribuirán además, con el bienestar de cada estudiante.",Implementación completa: 100%,0,130000000.0,0,0,0,0,0,0,0,130000000,False,0.0,False
73538,9811,ESCUELA PART. REPUBLICA ALEMANIA FEDERAL,LA CISTERNA,3,Gestión de Recursos,CREANDO AMBIENTES FACILITADORES DE BUENOS APRENDIZAJES,"Se mejorará el entorno y se adquirirán elementos necesarios para promover bienestar, aprendizajes significativos y seguridad en todos(as) los(as) estudiantes. Con esta acción se pretende mejorar el rendimiento académico en un clima de buena y sana convivencia.",Implementación completa: 100%,0,80000000.0,0,0,0,0,0,0,0,80000000,False,0.0,False
73539,9811,ESCUELA PART. REPUBLICA ALEMANIA FEDERAL,LA CISTERNA,3,Gestión de Recursos,POTENCIANDO MEJORA EN LOS APRENDIZAJES,"Se gestionará la adquisición y reparación de los recursos pedagógicos necesarios para apoyar los procesos de aprendizaje de todos los estudiantes (especialmente los prioritarios) y los procesos de gestión institucional. Estos recursos serán adquiridos en los tiempos adecuados, según necesidades observadas y/o manifestadas.",Implementación completa: 100%,0,80000000.0,0,0,0,0,0,0,0,80000000,False,0.0,False
73540,9811,ESCUELA PART. REPUBLICA ALEMANIA FEDERAL,LA CISTERNA,3,Gestión Pedagógica,ARTICULANDO EL CURRICULUM CON EL CRA,"Se elaborará un Plan de trabajo Anual, el cual contemple actividades curriculares que fomenten el interés por la información, el conocimiento en diferentes áreas y el placer por la lectura en el Centro de Recursos para el Aprendizaje (CRA).",Implementación completa: 100%,0,10000000.0,0,0,0,0,0,0,0,10000000,False,0.0,False
73541,9811,ESCUELA PART. REPUBLICA ALEMANIA FEDERAL,LA CISTERNA,3,Gestión Pedagógica,PROMOVIENDO EL GUSTO POR LA LECTURA,"Se generarán instancias para encantar a las y los estudiantes con los recursos y rincones acogedores con los que cuenta el CRA. Se potenciará dicho espacio a través de actividades que estimulen la asistencia de niños y niñas, de manera libre y voluntaria, durante los recreos.",Implementación completa: 100%,0,20000000.0,0,0,0,0,0,0,0,20000000,False,0.0,False
73542,9811,ESCUELA PART. REPUBLICA ALEMANIA FEDERAL,LA CISTERNA,3,Gestión Pedagógica,MONITOREANDO LA COBERTURA CURRICULAR,"Se revisarán planificaciones y leccionarios. Se preparará material pedagógico audiovisual y tangible, para abordar de manera sistemática los niveles de aprendizajes de las y los estudiantes. El Cuerpo Docente se reunirá periódicamente para analizar y reflexionar sobre los resultados académicos, evaluar la cobertura curricular y planificar acciones para el siguiente periodo.",Implementación completa: 100%,0,10000000.0,0,0,0,0,0,0,0,10000000,False,0.0,False
73543,9811,ESCUELA PART. REPUBLICA ALEMANIA FEDERAL,LA CISTERNA,3,Gestión Pedagógica,REACTIVANDO APRENDIZAJES,"Se atenderá la recuperación de aprendizajes considerando los objetivos basales y complementarios. Se contemplará el desarrollo de habilidades socioemocionales y de las diferentes áreas del currículum. Se utilizarán recursos didácticos, metodologías para medir procesos, material pedagógico y evaluaciones diferenciadas. Se contará además, con docentes y asistentes para apoyar en lecto escritura.",Implementación completa: 100%,0,20000000.0,0,0,0,0,0,0,0,20000000,False,0.0,False
73544,9811,ESCUELA PART. REPUBLICA ALEMANIA FEDERAL,LA CISTERNA,3,Gestión Pedagógica,IMPLEMENTANDO ESTRATEGIAS DE TRANSICIÓN EDUCATIVA,"Educadoras de Párvulos junto a Docentes de primero y segundo básico se reunirán para analizar la transición curricular de los textos de estudio, compartir estrategias evaluativas y transferir instancias que validen el juego y las situaciones lúdicas en el aula. Se planificarán experiencias que impliquen el trabajo en equipo y la solidaridad entre los niveles de kínder y primero básico.",Implementación completa: 100%,0,10000000.0,0,0,0,0,0,0,0,10000000,False,0.0,False
73545,9811,ESCUELA PART. REPUBLICA ALEMANIA FEDERAL,LA CISTERNA,3,Gestión Pedagógica,EVALUANDO PROCESOS PEDAGÓGICOS,"Se monitorearán procesos pedagógicos de los y las estudiantes. Se llevará un registro de las evaluaciones diagnósticas, formativas y sumativas con el objeto de adoptar decisiones que permitan promover el progreso del aprendizaje y retroalimentar los procesos de enseñanza. Se     llevará a cabo un plan de acompañamiento para niños y niñas que manifiesten dificultades para aprender.",Implementación completa: 100%,0,10000000.0,0,0,0,0,0,0,0,10000000,False,0.0,False
73546,9811,ESCUELA PART. REPUBLICA ALEMANIA FEDERAL,LA CISTERNA,3,Liderazgo,INCENTIVANDO NUESTRO QUEHACER,"Al término de cada semestre se brindará un incentivo económico a docentes y asistentes de  la educación, de acuerdo al desempeño laboral evidenciado. Se medirá a través de una pauta de evaluación previamente consensuada.",Implementación completa: 100%,0,40000000.0,0,0,0,0,0,0,0,40000000,False,0.0,False
73547,9811,ESCUELA PART. REPUBLICA ALEMANIA FEDERAL,LA CISTERNA,3,Liderazgo,RETROALIMENTANDO PRÁCTICAS PEDAGÓGICAS,"Se acompañará en el aula a los docentes que formen partes de esta comunidad, para brindarles una retroalimentación reflexiva de sus prácticas, que les permita: tomar decisiones sobre acciones futuras, potenciar los resultados de aprendizajes de los y las estudiantes y establecer compromisos de mejora. Se consensuará la revisión y sociabilización de una pauta de acompañamiento y retroalimentación.",Implementación completa: 100%,0,10000000.0,0,0,0,0,0,0,0,10000000,False,0.0,False
73548,9811,ESCUELA PART. REPUBLICA ALEMANIA FEDERAL,LA CISTERNA,3,Liderazgo,FORTALECIENDO EL DESARROLLO PROFESIONAL DOCENTE,"Los Docentes conformarán Comunidades de Aprendizaje Profesional para trabajar colaborativamente y reflexionar en cómo mejorar el aprendizaje de las y los estudiantes. Participarán en reuniones de nivel para transferir estrategias conducentes al aprendizaje de nuevas metodologías. Según las necesidades de desarrollo profesional docente se realizarán capacitaciones, charlas y/o talleres.",Implementación completa: 100%,0,20000000.0,0,0,0,0,0,0,0,20000000,False,0.0,False
73549,9811,ESCUELA PART. REPUBLICA ALEMANIA FEDERAL,LA CISTERNA,3,Liderazgo,DESARROLLANDO OTRAS HABILIDADES,"Implementación de talleres Curriculares y Extracurriculares.  Los primeros, para reforzar objetivos de aprendizaje en: lenguaje, matemática, inglés, ed. física y Tics. Y los segundos, diseñados para desarrollar habilidades artísticas, deportivas y sociales, a través de: fútbol, básquetbol, natación, taekwondo, banda, ajedrez, teatro, coro, lucha greco-romana y orquesta, entre otros.",Implementación completa: 100%,0,50000000.0,0,0,0,0,0,0,0,50000000,False,0.0,False
73550,9811,ESCUELA PART. REPUBLICA ALEMANIA FEDERAL,LA CISTERNA,3,Liderazgo,ALCANZANDO NUESTRAS METAS INSTITUCIONALES,"Se velará por el resguardo de los aprendizajes de todos(as) los(as) estudiantes. Para ello, se implementarán medidas que garanticen el cumplimiento de cada meta institucional, como: mejorar el rendimiento académico, las prácticas docentes, la asistencia a clases, mantener una adecuada convivencia escolar, y aumentar la participación de la familia en el proceso educativo.",Implementación completa: 100%,0,10000000.0,0,0,0,0,0,0,0,10000000,False,0.0,False
73611,9827,COLEGIO IDOP LIMITADA,LA CISTERNA,3,Convivencia Escolar,"Rol Activo Ante Situaciones, Casos Y Hechos De Convivencia Escolar","El departamento de convivencia escolar, realizaran un monitoreo y seguimiento del manual de convivencia escolar llevando acabo registro de las reuniones y entrevista con los estudiantes y apoderados de cada caso que se presente para activar los protocolos y el plan de convivencia escolar, al término de cada semestre se realizara un análisis de los casos atendidos.",Implementación completa: 100%,0,7000000.0,0,0,0,0,0,0,0,7000000,False,0.0,False
73612,9827,COLEGIO IDOP LIMITADA,LA CISTERNA,3,Convivencia Escolar,"Talleres Formativos Artísticos, Deportivos Y Recreativos.","Se contratará profesionales y /o horas de profesionales para la implementación de talleres artísticos y deportivos, y se adquirirá implementos necesarios para su ejecución como instrumentos musicales, indumentaria, etc, presentando cada uno de los encargados de los talleres un proyecto y planificación de su taller, llevando una bitácora de trabajo con la asistencia y actividades realizadas.",Implementación completa: 100%,0,20000000.0,0,0,0,0,0,0,0,20000000,False,0.0,False
73613,9827,COLEGIO IDOP LIMITADA,LA CISTERNA,3,Convivencia Escolar,Liderazgo Y Rol Formativo De Los Educadores.,"Se realizará un seguimiento a los estudiantes en los diversos procesos formativos, manteniendo el vinculo constante entre colegio y familia, contribuyendo a la formación integral, contención emocional y comunicación efectiva a través de reuniones de apoderados, estudiantes y otros medios de comunicación.",Implementación completa: 100%,0,25000000.0,0,0,0,0,0,0,0,25000000,False,0.0,False
73614,9827,COLEGIO IDOP LIMITADA,LA CISTERNA,3,Convivencia Escolar,Formación integral de nuestros estudiantes y de la comunidad educativa,"Se realizarán talleres formativos y seguimiento a la comunidad escolar con orientadores, psicólogos, desarrollador personal etc.  para trabajar la comunicación, resolución de conflictos, sexualidad, convivencia, socioemocional, herramientas de parentalidad respetuosa /positiva como el establecimiento de límites y hábitos de estudios etc.",Implementación completa: 100%,0,22000000.0,0,0,0,0,0,0,0,22000000,False,0.0,False
73615,9827,COLEGIO IDOP LIMITADA,LA CISTERNA,3,Convivencia Escolar,Ejecución del proyecto pastoral.,"Se contará con personal a cargo de organizar y ejecutar el plan pastoral, para fortalecer el sentido de pertenencia con nuestro Sello Católico, educar en valores cristiano católicos, como la solidaridad, los principios de nuestro PEI, realizando actividades con la comunidad escolar, para esto se llevará un registro y una evaluación de las actividades para ver el impacto en nuestra comunidad.",Implementación completa: 100%,0,5000000.0,0,0,0,0,0,0,0,5000000,False,0.0,False
73616,9827,COLEGIO IDOP LIMITADA,LA CISTERNA,3,Convivencia Escolar,Reconociendo  valores y aptitudes en la participación de la comunidad.,Se realizarán premiaciones y actividades de participación para toda la comunidad educativa con el objetivo de integrar y premiar el esfuerzo de superación y compromiso por la institución realizando un proyecto de las actividades realizadas y una evaluación a través de encuestas de percepción en el que se realizará un informe semestral de resultados de las actividades realizadas.,Implementación completa: 100%,0,5000000.0,0,0,0,0,0,0,0,5000000,False,0.0,False
73617,9827,COLEGIO IDOP LIMITADA,LA CISTERNA,3,Gestión de Recursos,Mejorando La Gestión Y Administración De Recursos.,Se contratará profesionales de apoyo al equipo de administración financiera SEP para adquisición de implementos y materiales SEP orientados a la ejecución del PME y que favorezcan el funcionamiento administrativo y financiero El equipo de administración realizará la rendición de cuentas respectiva de los recursos de manera semestral y elaborará un informe de evaluación anual.,Implementación completa: 100%,0,15000000.0,0,0,0,0,0,0,0,15000000,False,0.0,False
73618,9827,COLEGIO IDOP LIMITADA,LA CISTERNA,3,Gestión de Recursos,"Perfeccionamiento de directivos, docentes y asistentes de la educación.","Planificación de ciclos de capacitaciones basadas en un diagnóstico de competencias para docentes, directivos y asistentes de la educación que resulten consensuadas e idóneas a sus necesidades y a las necesidades de sus estudiantes, haciendo seguimiento de las prácticas implementadas en el aula a partir de las capacitaciones realizadas.",Implementación completa: 100%,0,12000000.0,0,0,0,0,0,0,0,12000000,False,0.0,False
73619,9827,COLEGIO IDOP LIMITADA,LA CISTERNA,3,Gestión de Recursos,Implementación de recursos y espacios de aprendizaje.,"Se realizarán proyectos de necesidades de mejora de los espacios educativos, recursos didácticos y otros, a fin de implementar las modificaciones que requiere el establecimiento en función de las necesidades de los estudiantes. Se llevará un inventario con los recursos didácticos y un seguimiento de su uso.",Implementación completa: 100%,0,15000000.0,0,0,0,0,0,0,0,15000000,False,0.0,False
73620,9827,COLEGIO IDOP LIMITADA,LA CISTERNA,3,Gestión de Recursos,La Tecnología al servicio de nuestros estudiantes.,"Contratación de RRHH de apoyo, plataformas y recursos educacionales que potencien los aprendizajes de los estudiantes. En reuniones técnicas con docentes se analizará fortalezas tecnológicas y necesidades para apoyar el aprendizaje. Se adquirirán recursos tecnológicos para estudiantes, docentes y personal educativo que apoyen el proceso de aprendizaje.",Implementación completa: 100%,0,55000000.0,0,0,0,0,0,0,0,55000000,False,0.0,False
73621,9827,COLEGIO IDOP LIMITADA,LA CISTERNA,3,Gestión de Recursos,Impulsando Una Gestión Del Personal Para El Buen Desempeño.,Implementar un sistema de evaluación y cumplimiento de metas con indicadores que midan el desempeño docente a través de los resultados de aprendizaje de los alumnos y las buenas prácticas contenidas en el Marco de la buena enseñanza.,Implementación completa: 100%,0,10000000.0,0,0,0,0,0,0,0,10000000,False,0.0,False
73622,9827,COLEGIO IDOP LIMITADA,LA CISTERNA,3,Gestión Pedagógica,Fortaleciendo el trabajo colaborativo y retroalimentación pedagógica.,"Se contará con extensión de horas docentes y de personal especializado para articular y promover estrategias pedagógicas formativas y académicas para el desarrollo de habilidades y metacognición a través del trabajo colaborativo con los docentes y codocentes de cada departamento de aprendizaje, gestionando la planificación y retroalimentación, creación de proyectos, materiales y atención a grupos",Implementación completa: 100%,0,20000000.0,0,0,0,0,0,0,0,20000000,False,0.0,False
73623,9827,COLEGIO IDOP LIMITADA,LA CISTERNA,3,Gestión Pedagógica,Monitoreo en el aula y retroalimentación de estrategias,"Se realizará un acompañamiento docente a través de una pauta para observar ciertos indicadores, los cuales se consensuarán en reuniones técnicas con todos los docentes, se aplicará una pauta estandarizada en base al MBE, EID y PEI a cada docente y luego se realizará la retroalimentación en forma individual con orientaciones para la mejora.",Implementación avanzada: 75% a 99%,0,25000000.0,0,0,0,0,0,0,0,25000000,False,0.0,False
73624,9827,COLEGIO IDOP LIMITADA,LA CISTERNA,3,Gestión Pedagógica,Monitoreo y Aseguramiento de la cobertura curricular,"Se contratará personal, horas de personal y plataforma de registro de evaluaciones para la revisión y retroalimentación de la implementación de planificaciones mensual y anual, por parte de Utp y Coordinador académico a través de reuniones mensuales con docentes y encargados de departamento, para el monitoreo y evaluación de la cobertura curricular.",Implementación completa: 100%,0,55000000.0,0,0,0,0,0,0,0,55000000,False,0.0,False
73625,9827,COLEGIO IDOP LIMITADA,LA CISTERNA,3,Gestión Pedagógica,Fomento lecto - escritura,"Contratación de docente de lenguaje, junto al diseño de un plan de trabajo en el cual se  desarrollarán actividades de fomento, gusto e interés por la lectura, así como también actividades orientadas a la lectoescritura y el fortalecimiento de la comprensión lectora.",Implementación avanzada: 75% a 99%,0,15000000.0,0,0,0,0,0,0,0,15000000,False,0.0,False
73626,9827,COLEGIO IDOP LIMITADA,LA CISTERNA,3,Gestión Pedagógica,Equipo Multidisciplinario.,"Se contratarán profesionales para formar un equipo multidisciplinario (psicopedagóga, terapeuta ocupacional, asistente social, fonoaudiologa, etc.) el cual elaborará una nómina de estudiantes con necesidades educativas, su diagnóstico y un plan de trabajo de cada profesional a fin de generar derivaciones a especialistas externos, seguimiento para monitorear el proceso de adecuación curricular.",Implementación completa: 100%,0,40000000.0,0,0,0,0,0,0,0,40000000,False,0.0,False
73627,9827,COLEGIO IDOP LIMITADA,LA CISTERNA,3,Gestión Pedagógica,Fortaleciendo habilidades y competencias para una formación integral,"Contar con profesionales de la educación para reactivar y reforzar los aprendizajes descendidos y fortalecer las estrategias e instancias para el desarrollo de talentos y diversas habilidades cognitivas con el objetivo de potenciar los aprendizajes pedagógicos, formativos, emocionales y psicosociales. Para esto se realizará una planificación y se llevará una bitácora y un informe de evaluación.",Implementación no efectuada: 0%,0,20000000.0,0,0,0,0,0,0,0,20000000,False,0.0,False
73628,9827,COLEGIO IDOP LIMITADA,LA CISTERNA,3,Gestión Pedagógica,Plan de fomento al idioma inglés.,"Se contará con personal especializados en inglés, para potenciar el desarrollo del idioma inglés, y a su vez, las habilidades interculturales en los estudiantes en todos los niveles, utilizando distintas metodologías y estrategias pedagógicas relevantes que determine el equipo de inglés en coordinación con UTP. Se medirá el nivel de inglés según el Marco Común Europeo de Referencia.",Implementación completa: 100%,0,15000000.0,0,0,0,0,0,0,0,15000000,False,0.0,False
73629,9827,COLEGIO IDOP LIMITADA,LA CISTERNA,3,Gestión Pedagógica,Apoyo a la acción docente (Asistentes de aula),"Se contará con asistentes de la educación en aula y codocentes, enfocados en las necesidades de aprendizaje de sus estudiantes, a partir de un plan de trabajo del docente titular según el diagnóstico del curso y la normalización de las clases dentro del aula conforme la planificación de UTP; quedando registro del apoyo en bitácoras y evaluar semestralmente el nivel de logros.",Implementación completa: 100%,0,55000000.0,0,0,0,0,0,0,0,55000000,False,0.0,False
73630,9827,COLEGIO IDOP LIMITADA,LA CISTERNA,3,Gestión Pedagógica,Diversificación de Espacios Educativos,"Los docentes implementan proyectos pedagógicos, centrados en estrategias innovadoras y variadas, que consideren diferentes escenarios de aprendizaje, dentro y fuera del establecimiento, se contará con una planificación de las actividades y una evaluación formativa.",Implementación completa: 100%,0,20000000.0,0,0,0,0,0,0,0,20000000,False,0.0,False
73631,9827,COLEGIO IDOP LIMITADA,LA CISTERNA,3,Liderazgo,Ajustando y articulando nuestro PEI y Planes por Normativa.,"Se realizarán reuniones y encuentros de trabajo para el análisis del P.E.I y planes por normativa para lograr un sentido de pertenencia en la comunidad escolar con la institución, producto de lo cual se elaborará un informe semestral de desempeño.",Implementación completa: 100%,0,25000000.0,0,0,0,0,0,0,0,25000000,False,0.0,False
73632,9827,COLEGIO IDOP LIMITADA,LA CISTERNA,3,Liderazgo,"Elaboración, monitoreo y evaluación del PME","Se contratará una asesoría externa para apoyar al equipo de gestión en la construcción del plan de mejoramiento educativo, realizando un trabajo colaborativo en cada una de las etapas. Se llevará una planilla de monitoreo y seguimiento de la implementación para dar cumplimiento a lo propuesto en el PME y al finalizar cada semestre se entregará un informe de análisis del trabajo realizado.",Implementación completa: 100%,0,25000000.0,0,0,0,0,0,0,0,25000000,False,0.0,False
73633,9827,COLEGIO IDOP LIMITADA,LA CISTERNA,3,Liderazgo,Impulsando El Liderazgo Y Seguimiento Sistemático De Metas Y Resultados.,"Contar con información cuantitativa y cualitativa de los avances y logros en dimensiones  académicas y socioemocionales, asegurando el logro de metas a través de análisis de datos, para una toma de decisiones oportuna y reprogramación de acciones que apunten hacia la mejora de los aprendizajes.",Implementación completa: 100%,0,15000000.0,0,0,0,0,0,0,0,15000000,False,0.0,False
73666,9829,COLEGIO BICENTENARIO DE EXCELENCIA MIGUEL DE CERVANTES,LA CISTERNA,3,Convivencia Escolar,Fomento al sentido de pertenencia Bicentenario CMC,"Implementación de talleres deportivos, actividades artísticas, académicas y culturales, entre otras, las que fomenten el desarrollo del sentido de pertenencia, a través de la representatividad del Colegio en variadas actividades.   También Incorpora la Gestión de las comunicaciones del establecimiento, por medio de un CM, además del reconocimiento a estudiantes destacados en diversas áreas.",Implementación completa: 100%,0,15000000.0,0,0,0,0,0,0,0,15000000,False,0.0,False
73667,9829,COLEGIO BICENTENARIO DE EXCELENCIA MIGUEL DE CERVANTES,LA CISTERNA,3,Convivencia Escolar,Participando en el Bicentenario,"Se implementan diversas acciones que contribuyan al desarrollo integral y socioemocional de los estudiantes, esencialmente prioritarios y preferentes; potenciando un clima sano a través de actividades internas o externas que promuevan la participación en actividades relacionadas a la ciudadanía, el arte, deporte, esparcimiento, concursos, entre otras, todas asociadas al plan de convivencia.",Implementación completa: 100%,0,28000000.0,0,0,0,0,0,0,0,28000000,False,0.0,False
73668,9829,COLEGIO BICENTENARIO DE EXCELENCIA MIGUEL DE CERVANTES,LA CISTERNA,3,Gestión de Recursos,Material didáctico e impresiones para los estudiantes,"Los estudiantes, principalmente prioritarios y preferentes, tendrán acceso a material pedagógico impreso y material didáctico - educativo, insumo escolar y tecnológico que requieran para mejorar y potenciar sus aprendizaje, apoyando las responsabilidades académicas para facilitarles el proceso escolar, pudiéndoles aminorar barreras de acceso al aprendizaje y al estudio.",Implementación completa: 100%,0,13000000.0,0,0,0,0,0,0,0,13000000,False,0.0,False
73669,9829,COLEGIO BICENTENARIO DE EXCELENCIA MIGUEL DE CERVANTES,LA CISTERNA,3,Gestión de Recursos,Fortalecimiento de los espacios educativos y formativos,"Se fomentan y fortifican los diversos espacios del establecimiento para brindar ambientes de aprendizajes significativos, que sean estos: acogedores, seguros, agradables y con insumos renovados y modernos que estén al alcance de todos, primordialmente prioritarios y preferentes. Encausando los apoyos en las áreas: Técnico profesional, Ciencias, actividades cívicas, Matemática u otra requerida.",Implementación completa: 100%,0,15000000.0,0,0,0,0,0,0,0,15000000,False,0.0,False
73670,9829,COLEGIO BICENTENARIO DE EXCELENCIA MIGUEL DE CERVANTES,LA CISTERNA,3,Gestión de Recursos,CRA y Plan Lector,"Se apoya el logro de las metas de aprendizajes asociados a las habilidades lectoras desde, el CRA y el Plan Lector, para mantener y potenciar los resultados de la lectura, ampliando con estrategias las habilidades que el alumnado requiera para la satisfacción de las diversas mediciones externas.",Implementación completa: 100%,0,12000000.0,0,0,0,0,0,0,0,12000000,False,0.0,False
73671,9829,COLEGIO BICENTENARIO DE EXCELENCIA MIGUEL DE CERVANTES,LA CISTERNA,3,Gestión de Recursos,Colegio sustentable,"Se aseguran los recursos financieros y las labores administrativas para dar sustento al PEI y el cumplimiento a la normativa vigente, considerando estrategias eficientes, que respondan al buen uso y el reporte de los recursos del Estado y;  que proyecten una comunidad educativa ordenada, segura, sin sanciones ni perjuicios hacia los alumnos.",Implementación completa: 100%,0,25000000.0,0,0,0,0,0,0,0,25000000,False,0.0,False
73672,9829,COLEGIO BICENTENARIO DE EXCELENCIA MIGUEL DE CERVANTES,LA CISTERNA,3,Gestión de Recursos,Valoración del buen desempeño por logro de metas,"Programa de incentivo que transmita la mejora continua y el fortalecimiento del PEI a través de los resultados, de: eficiencia interna, aprendizajes, cumplimiento de la normativa, desempeño laboral y del Perfil Cervantino. Todo, para potenciar la calidad del aprendizaje, académicos y formativo, principalmente de los estudiantes prioritarios y preferentes y nuestro PEI.",Implementación completa: 100%,0,8000000.0,0,0,0,0,0,0,0,8000000,False,0.0,False
73673,9829,COLEGIO BICENTENARIO DE EXCELENCIA MIGUEL DE CERVANTES,LA CISTERNA,3,Gestión de Recursos,Potenciando la asistencia a clases,"La unidad de inspectoría general desarrollará un plan con seguimiento-monitoreo y evaluación de la asistencia a clases, principalmente en los alumnos preferentes y prioritarios. Esta actividad contribuirá a disminuir el ausentismo escolar, por medio de la articulación de diversas estrategias que involucre a todos los actores educativos, detectando tempranamente los casos de ausentismo para ser apo",Implementación completa: 100%,0,30000000.0,0,0,0,0,0,0,0,30000000,False,0.0,False
73674,9829,COLEGIO BICENTENARIO DE EXCELENCIA MIGUEL DE CERVANTES,LA CISTERNA,3,Gestión de Recursos,Mecanismos tecnológicos para la gestión educativa,"Se facilitan diversas plataformas, Big tablet y todo medio tecnológico, como herramientas para accionar tácticas que potencien los aprendizajes y la formación de los estudiantes para la era del S. XXI.  Atendiendo las necesidades básicas, tanto para los nativos digitales, como también; la estimulación y fortalecimiento hacia una cultura digital Cervantina para proyectar ciudadanos digitales.",Implementación completa: 100%,0,60000000.0,0,0,0,0,0,0,0,60000000,False,0.0,False
73675,9829,COLEGIO BICENTENARIO DE EXCELENCIA MIGUEL DE CERVANTES,LA CISTERNA,3,Gestión Pedagógica,Codocencias,Realización de co-docencias y talleres de reforzamiento para la mejora de los aprendizajes en las asignaturas de Lenguaje y Matemática en los niveles 1° y 2° medios.  También considera la co-docencia en asignaturas de la especialidad de Atención de Enfermería para talleres prácticos.,Implementación completa: 100%,0,22000000.0,0,0,0,0,0,0,0,22000000,False,0.0,False
73676,9829,COLEGIO BICENTENARIO DE EXCELENCIA MIGUEL DE CERVANTES,LA CISTERNA,3,Gestión Pedagógica,Acompañamiento Docente,"Realización de visitas al aula para mejorar las competencias profesionales y técnicas de los y las docentes.  Considera la realización del Proyecto ADECO y la contratación de un profesional para el cargo de Gestor Metodológico y Didáctico, que contribuya al acompañamiento docente y levante prácticas pedagógicas innovadoras",Implementación completa: 100%,0,20000000.0,0,0,0,0,0,0,0,20000000,False,0.0,False
73677,9829,COLEGIO BICENTENARIO DE EXCELENCIA MIGUEL DE CERVANTES,LA CISTERNA,3,Gestión Pedagógica,Apoyo a la inclusión,Acompañamiento de un profesional al apoyo del proceso educativo de todos los y las estudiantes que presenten NEE y que por cupos PIE no se encuentren en el programa.  Este apoyo es sólo de carácter pedagógico.,Implementación avanzada: 75% a 99%,0,9000000.0,0,0,0,0,0,0,0,9000000,False,0.0,False
73678,9829,COLEGIO BICENTENARIO DE EXCELENCIA MIGUEL DE CERVANTES,LA CISTERNA,3,Gestión Pedagógica,Articulación de nivelación y apoyos para la retención escolar,"Coordinación de apoyos necesarios para identificar tempranamente a los estudiantes en riesgo de deserción escolar y brechas de aprendizajes, generando diversos soportes que faciliten el éxito del proceso educativo.   También considera la nivelación de los y las estudiantes que ingresan a 1° medios, quienes participan de clases de 5 asignaturas durante una semana antes del inicio del año escolar.",Implementación completa: 100%,0,8000000.0,0,0,20000000,0,0,0,0,28000000,False,0.0,False
73679,9829,COLEGIO BICENTENARIO DE EXCELENCIA MIGUEL DE CERVANTES,LA CISTERNA,3,Liderazgo,Sistematización de resultados para el liderazgo,Coordinación y registros de las diversas acciones que permitan generar la sistematización de los resultados para la toma de decisiones oportunas.,Implementación avanzada: 75% a 99%,0,13000000.0,0,0,0,0,0,0,0,13000000,False,0.0,False
73680,9829,COLEGIO BICENTENARIO DE EXCELENCIA MIGUEL DE CERVANTES,LA CISTERNA,3,Liderazgo,Liderazgo de la EMTP,"Se considera el recurso humano que nos permita mejorar las tasas de titulación de las especialidades impartidas, como también la constitución del Consejo Asesor Empresarial, con el fin de mejorar la oferta educativa, así también las competencias de los docentes del área TP que se vincule con el mundo empresarial y de respuestas a los requerimientos a las necesidades del mercado laboral.",Implementación completa: 100%,0,10000000.0,0,0,5000000,0,0,0,0,15000000,False,0.0,False
73681,9829,COLEGIO BICENTENARIO DE EXCELENCIA MIGUEL DE CERVANTES,LA CISTERNA,3,Liderazgo,Liderazgo Bicentenario CMC con la comunidad,"Realización de capacitaciones docentes y asistentes de la educación, encuentros o actos organizados por el establecimiento para estudiantes, donde se consolide el liderazgo del establecimiento en los ámbitos educativos, convivencia escolar, pedagógico y deportivos-culturales, en virtud a los estándares bicentenario y posicionamiento de marca",Implementación completa: 100%,0,17000000.0,500000,0,0,0,0,0,0,17500000,False,0.0,False
73864,9859,COLEGIO PARTICULAR VILLA JESUS,LA CISTERNA,3,Convivencia Escolar,FORTALECIENDO EN EL PERSONAL LA IDENTIDAD INSTITUCIONAL Y EL AUTOCUIDADO,"Fomentando la identidad institucional y con el PEI, estimulando el trabajo en equipo y la entrega de herramientas necesarias para la labor educativa, por medio de actividades para el personal del establecimiento, como en encuentros, de bienestar individual, autocuidado físico y emocional, jornadas reflexivas, charlas, talleres, capacitaciones, retiros, entre otros, a lo menos una vez en el año.",Implementación completa: 100%,0,18000000.0,0,0,0,0,0,0,0,18000000,False,0.0,False
73865,9859,COLEGIO PARTICULAR VILLA JESUS,LA CISTERNA,3,Convivencia Escolar,MEDIOS DE COMUNICACIÓN FORMALES PARA LA COMUNIDAD,"Informando a la comunidad escolar y cada uno de sus estamentos, a través de medios formales, como la libreta de comunicaciones, plataforma Lirmi, Mateonet, página web, Instagram, correo institucional y Classroom, de manera de fomentar el vínculo informativo entre el establecimiento y el hogar.",Implementación completa: 100%,0,15000000.0,0,0,0,0,0,0,0,15000000,False,0.0,False
73866,9859,COLEGIO PARTICULAR VILLA JESUS,LA CISTERNA,3,Convivencia Escolar,APOYANDO A LA INSTITUCIÓN EN TEMAS DE INTERÉS,"Apoyando y guiando a apoderados y estudiantes de diferentes niveles del establecimiento, en temas de interés, de acuerdo a la etapa de desarrollo, por medio de talleres y/o charlas, actividades recreativas, misas, obras de teatro, entre otros, de manera de potenciar la sana convivencia y el buen trato en todos los integrantes de la comunidad.",Implementación completa: 100%,0,7000000.0,0,0,0,0,0,0,0,7000000,False,0.0,False
73867,9859,COLEGIO PARTICULAR VILLA JESUS,LA CISTERNA,3,Convivencia Escolar,ESTIMULANDO EL SENTIDO DE IDENTIDAD INSTITUCIONAL,"Estimulando el sentido de identidad institucional, en todos los estamentos de la comunidad educativa, por medio de la participación de estudiantes, padres y/o apoderados, así como funcionarios, en ceremonias como la de inicio del año escolar, día del estudiante, efemérides, día de la actividad física, semana de la chilenidad, misa aniversario, actos, liturgias, graduaciones, entre otros.",Implementación completa: 100%,0,6000000.0,0,0,0,0,0,0,0,6000000,False,0.0,False
73868,9859,COLEGIO PARTICULAR VILLA JESUS,LA CISTERNA,3,Convivencia Escolar,FOMENTANDO LA CULTURA CÍVICA,"Estimulando la cultura cívica, en nuestros estudiantes, así como en sus familias, por medio de la activa participación en actividades institucionales, como Reuniones de apoderados, elección de directivas de estudiantes y de apoderados de cada uno de los cursos, de C.AA. y C.PP.AA., visita al Palacio de La Moneda, salida a Valparaíso, día de los Pueblos Originarios, semana de la chilenidad, etc.",Implementación completa: 100%,0,2000000.0,0,0,0,0,0,0,0,2000000,False,0.0,False
73869,9859,COLEGIO PARTICULAR VILLA JESUS,LA CISTERNA,3,Gestión de Recursos,MATERIALES TECNOLOGICOS Y FOTOCOPIABLES,"Abastecer, mantener y renovar los dispositivos tecnológicos, de amplificación y fotocopiables que se requieran en el establecimiento para dar cumplimiento al PME y proporcionar a los estudiantes los materiales fotocopiable que se necesitan en cada una de las asignaturas y niveles. A su vez contar con los recursos tecnológicos que permitan desarrollar las clases de forma más innovadora.",Implementación completa: 100%,0,45000000.0,0,0,0,0,0,0,0,45000000,False,0.0,False
73870,9859,COLEGIO PARTICULAR VILLA JESUS,LA CISTERNA,3,Gestión de Recursos,ELEMENTOS PARA RESGUARDAR LOS ESPACIOS COMUNES,"Adquirir y brindar a la comunidad educativa todos los elementos y productos que contribuyan a la desinfección contra las bacterias y virus causantes de diversas enfermedades, así como de elementos de protección como mascarillas, de manera evitar que los estudiantes y personal estén tan expuesto a contagios, para que logren una buena asistencias a clases y dar tranquilidad a sus familias.",Implementación completa: 100%,0,5000000.0,0,0,0,0,0,0,0,5000000,False,0.0,False
73871,9859,COLEGIO PARTICULAR VILLA JESUS,LA CISTERNA,3,Gestión de Recursos,PLATAFORMAS QUE CONTRIBUYEN AL QUEHACER EDUCATIVO,"Apoyando a los docentes, estudiantes y padres y/o apoderados con diferentes plataformas tecnológicas que permiten mejorar los aprendizajes de los estudiantes, colaborar con la entrega oportuna de información académica de los estudiantes a sus familias, como también complementar el quehacer docente.  Como Kidnit, Mateonet, Lirmi entre otros.",Implementación completa: 100%,0,20000000.0,0,0,0,0,0,0,0,20000000,False,0.0,False
73872,9859,COLEGIO PARTICULAR VILLA JESUS,LA CISTERNA,3,Gestión de Recursos,MEJORANDO NUESTROS RECURSOS PEDAGÓGICOS Y ESPACIOS,"Proporcionar textos y materiales didácticos que apoyan los aprendizaje de los estudiantes  y que contribuyen a potenciar la enseñanza, como los libros del método singapur, textos caligrafix, textos trazos y líneas, libretas de comunicaciones, así como los recursos didácticos que se requieran en las distintas asignaturas. Además facilitar el mobiliario requerido para talleres, renovación de espacio",Implementación completa: 100%,0,70000000.0,0,0,0,0,0,0,0,70000000,False,0.0,False
73873,9859,COLEGIO PARTICULAR VILLA JESUS,LA CISTERNA,3,Gestión de Recursos,FORTALECIENDO EL EQUIPO DE TRABAJO PARA LA CONCRECIÓN DEL PME,"Potenciando el equipo humano por medio del aumento de horas y/o de la contratación de diferentes especialistas que apoyen en el proceso educativo de los estudiantes, durante el año escolar, con el fin de la mejora de los aprendizajes y la concreción del PME.",Implementación completa: 100%,0,200000000.0,0,0,0,0,0,0,0,200000000,False,0.0,False
73874,9859,COLEGIO PARTICULAR VILLA JESUS,LA CISTERNA,3,Gestión Pedagógica,TALLERES DE APOYO PARA LOS ESTUDIANTES CON NEE,"Se establecen talleres para apoyar a los estudiantes que presentan NEE, los que son desarrollados por un equipo multidisciplinario compuesto por Psicólogas, Fonoaudióloga, Educadora Diferencial y Psicopedagoga, quienes atienden a los estudiantes en jornada alterna para realizar tratamientos y/o acompañamientos en los procesos educativos. Además se desarrollan reuniones de articulación con docentes",Implementación completa: 100%,0,2500000.0,0,0,0,0,0,0,0,2500000,False,0.0,False
73875,9859,COLEGIO PARTICULAR VILLA JESUS,LA CISTERNA,3,Gestión Pedagógica,TALLERES EXTRAPROGRAMÁTICOS,"Brindar y difundir a los estudiantes diferentes tipos de talleres extraprogramáticos, que respondan a variados intereses y que permitan contribuir al desarrollo integral de ellos. Talleres de índole artísticos, deportivos y de formación católica, de los cuales se realizará un muestra de su trabajo al finalizar cada semestre, además se promoverá la participación en campeonatos externos.",Implementación completa: 100%,0,10000000.0,0,0,0,0,0,0,0,10000000,False,0.0,False
73876,9859,COLEGIO PARTICULAR VILLA JESUS,LA CISTERNA,3,Gestión Pedagógica,"FOMENTANDO LA LECTURA, ESCRITURA Y COMPRENSIÓN LECTORA","Esta acción se enfoca en desarrollar y fomentar la lectura, la escritura y la comprensión lectora en los estudiantes desde Pre básica a 8° básico, a través de la implementación de un plan que involucra diferentes actividades entre ellas medición de velocidad lectora, implemento para el trabajo de la escritura y caligrafía, visitas al CRA, programa kidnit, entre otras.",Implementación completa: 100%,0,1000000.0,0,0,0,0,0,0,0,1000000,False,0.0,False
73877,9859,COLEGIO PARTICULAR VILLA JESUS,LA CISTERNA,3,Gestión Pedagógica,MEJORANDO NUESTRAS PRÁCTICAS,"Fortalecer la práctica docente, por medio de acompañamientos al aula  desde UTP, Dirección o pares al menos dos veces durante el año, así como desarrollar reuniones de coordinación entre docentes del mismo nivel, como con las asistentes de la educación, fomentando el trabajo colaborativo, potenciar prácticas exitosas y establecer remediales oportunas que favorezcan los aprendizajes de los alumnos.",Implementación avanzada: 75% a 99%,0,500000.0,0,0,0,0,0,0,0,500000,False,0.0,False
73878,9859,COLEGIO PARTICULAR VILLA JESUS,LA CISTERNA,3,Gestión Pedagógica,TALLERES PARA MEJORAR EL NIVEL DE APRENDIZAJE,"Se implementan talleres de apoyo pedagógico para reforzar y nivelar los aprendizajes de los estudiantes que lo requieran o para los cursos que lo necesitan, por medio de talleres de carácter pedagógico, principalmente en las asignaturas de Lenguaje y Matemáticas, como para pre básica a través del taller de estimulación del lenguaje. Como a su vez reforzar y practicar evaluaciones SIMCE.",Implementación completa: 100%,0,2000000.0,0,0,0,0,0,0,0,2000000,False,0.0,False
73879,9859,COLEGIO PARTICULAR VILLA JESUS,LA CISTERNA,3,Gestión Pedagógica,APRENDIENDO A TRAVÉS DE SALIDAS PEDAGÓGICAS,"Los estudiantes de todos los cursos refuerzan y apoyan sus contenidos y aprendizajes, por medio de las experiencias que brindan las salidas pedagógicas, estimulando y motivando los procesos educativos, generando un impacto significativo en ellos.",Implementación completa: 100%,0,18000000.0,0,0,0,0,0,0,0,18000000,False,0.0,False
73880,9859,COLEGIO PARTICULAR VILLA JESUS,LA CISTERNA,3,Gestión Pedagógica,PROMOVIENDO EL USO DE HERRAMIENTAS TECNOLÓGICAS,"Fomentando y promoviendo en los estudiantes el uso de herramientas tecnológicas en la realización de sus trabajos, presentaciones y evaluaciones en las diferentes asignaturas, por medio de la visita al laboratorio de computación para aprender dicho uso, al menos una vez al mes y para todos los niveles educativos del establecimiento.",Implementación completa: 100%,0,1000000.0,0,0,0,0,0,0,0,1000000,False,0.0,False
73881,9859,COLEGIO PARTICULAR VILLA JESUS,LA CISTERNA,3,Liderazgo,INTERCAMBIANDO CONOCIMIENTOS Y EXPERIENCIAS DESDE NUESTRA REALIDAD,"Instaurando momentos de intercambio, aprendizaje, análisis y reflexión desde el interior de la institución, en consejos y/o talleres, impartidos por docentes, especialistas o directivos, durante el año, para así ampliar conocimientos y apuntar a las necesidades de los estudiantes, dando respuesta a nuestra realidad.",Implementación completa: 100%,0,2000000.0,0,0,0,0,0,0,0,2000000,False,0.0,False
73882,9859,COLEGIO PARTICULAR VILLA JESUS,LA CISTERNA,3,Liderazgo,CAPACITANDO A NUESTRO PERSONAL,"Potenciar el perfeccionamiento profesional, en el personal del establecimiento, por medio de cursos, talleres y/o capacitaciones, dirigidos hacia diferentes aspectos del quehacer educativo y que éstas permitan la entrega de nuevas herramientas que apunten a la mejora de los aprendizajes de nuestros estudiantes.",Implementación completa: 100%,0,20000000.0,0,0,0,0,0,0,0,20000000,False,0.0,False
73883,9859,COLEGIO PARTICULAR VILLA JESUS,LA CISTERNA,3,Liderazgo,PREMIANDO PARA ESTIMULAR LA MEJORA DE LOGROS,"Estimulando la mejora de logros en estudiantes de los primeros lectores, estudiantes prioritarios, destacados por asistencia individual y por curso, por mejor rendimiento, Espíritu Villa Jesús, Perseverancia, así como por desempeño de docentes y asistentes de la educación, por medio de la entrega de estímulos o premios para fomentar la mejora constante como lo señala nuestro PEI",Implementación avanzada: 75% a 99%,0,18000000.0,0,0,0,0,0,0,0,18000000,False,0.0,False
73884,9859,COLEGIO PARTICULAR VILLA JESUS,LA CISTERNA,3,Liderazgo,SOCIALIZANDO EL PEI,"Potenciando la socialización e internalización de diferentes aspectos del PEI, de manera participativa con representantes de todos los estamentos de la comunidad educativa durante el año escolar, de manera de realizar su difusión al resto de la comunidad.",Implementación completa: 100%,0,5000000.0,0,0,0,0,0,0,0,5000000,False,0.0,False
87717,11914,ESCUELA BASICA Nº128 SAN RAMON,LA CISTERNA,3,Convivencia Escolar,IMPLEMENTACIÓN DEL REGLAMENTO INTERNO (RICE),"Consolidar la implementación del Reglamento Interno de Convivencia Escolar (RICE), de modo de avanzar hacia el desarrollo de una convivencia sana y armónica entre todos los actores de la comunidad, de acuerdo a la normativa. Esto incluirá el análisis semestral de la implementación del RICE para futuras modificaciones.",Implementación completa: 100%,0,10000000.0,0,0,0,0,0,0,0,10000000,False,0.0,False
87718,11914,ESCUELA BASICA Nº128 SAN RAMON,LA CISTERNA,3,Convivencia Escolar,FORMACIÓN DEMOCRÁTICA Y PARTICIPACIÓN DE LAS Y LOS ESTUDIANTES,"Potenciar el funcionamiento del Centro de Estudiantes y Consejos de Curso, fortaleciendo sus programas de trabajo y permitiendo la adquisición de habilidades necesarias para la vida democrática, el desarrollo de la autonomía y el pensamiento reflexivo.",Implementación completa: 100%,0,10000000.0,0,0,0,0,0,0,0,10000000,False,0.0,False
87719,11914,ESCUELA BASICA Nº128 SAN RAMON,LA CISTERNA,3,Gestión de Recursos,FORTALECIMIENTO DEL MONITOREO DE RESPONSABILIDADES PROFESIONALES Y TECNICAS,Monitorear e incentivar la ejecución de las responsabilidades laborales del personal docente y asistentes de la educación con la finalidad de fortalecer el apoyo a la implementación de todos los procesos de la gestión educativa.,Implementación completa: 100%,0,25000000.0,0,0,0,0,0,0,0,25000000,False,0.0,False
87720,11914,ESCUELA BASICA Nº128 SAN RAMON,LA CISTERNA,3,Gestión de Recursos,RECURSOS HUMANOS Y TECNOLÓGICOS,"Gestionar la organización y adquisición de los recursos óptimos y adecuados a las diversas necesidades educativas, con el fin de apoyar y mejorar el proceso de enseñanza aprendizaje.",Implementación completa: 100%,0,25000000.0,0,0,0,0,0,0,0,25000000,False,0.0,False
87721,11914,ESCUELA BASICA Nº128 SAN RAMON,LA CISTERNA,3,Gestión Pedagógica,ARTICULACIÓN PEDAGÓGICA PARA EL DESARROLLO DE HABILIDADES DEL SIGLO XXI,"Fortalecer la implementación del trabajo colaborativo entre docentes para desarrollar en nuestros estudiantes las habilidades necesarias del siglo XXI, focalizadas en comprensión lectora y resolución de problemas (Plan lector, articulación de asignaturas, ABP, apoyo a la lectura, entre otros) con el fin de disminuir la brechas de aprendizaje.",Implementación completa: 100%,0,5000000.0,0,0,0,0,0,0,0,5000000,False,0.0,False
87722,11914,ESCUELA BASICA Nº128 SAN RAMON,LA CISTERNA,3,Gestión Pedagógica,MONITOREO A LA IMPLEMENTACIÓN CURRICULAR Y A LOS RESULTADOS DE APRENDIZAJE,"Consolidar un seguimiento de la implementación curricular, considerando alcanzar el currículum extendido. Este se llevará a cabo a partir de un instrumento de monitoreo que incluirá períodos del año para abordar los OA, indicadores de evaluación, % de logro de cobertura curricular. La información obtenida se sistematizará y se utilizará para el análisis y toma de decisiones oportunas.",Implementación completa: 100%,0,5000000.0,0,0,0,0,0,0,0,5000000,False,0.0,False
87723,11914,ESCUELA BASICA Nº128 SAN RAMON,LA CISTERNA,3,Gestión Pedagógica,ESTRATEGIA DE TRANSICIÓN EDUCATIVA,Consolidar la implementación del plan de articulación de educación Parvularia a educación básica con la finalidad de potenciar la trayectoria entre ambos niveles que promueva el desarrollo integral de habilidades y actitudes en las y los estudiantes.,Implementación completa: 100%,0,5000000.0,0,0,0,0,0,0,0,5000000,False,0.0,False
87724,11914,ESCUELA BASICA Nº128 SAN RAMON,LA CISTERNA,3,Gestión Pedagógica,TALLERES CURRICULARES Y EXTRA-PROGRAMÁTICOS PARA EL APRENDIZAJE INTEGRAL DE LOS ESTUDIANTES,"Organizar, fomentar y ejecutar diferentes talleres curriculares (TAE y TLE) y extra- programáticos de los estudiantes desde Educación Parvularia hasta a 8° Básico, con el fin de estimular y desarrollar la diversidad de intereses, necesidades y habilidades, fortaleciendo la formación integral de los estudiantes.",Implementación completa: 100%,0,10000000.0,0,0,0,0,0,0,0,10000000,False,0.0,False
87725,11914,ESCUELA BASICA Nº128 SAN RAMON,LA CISTERNA,3,Gestión Pedagógica,COMUNIDAD DE APRENDIZAJE,Consolidar instancias de capacitación y autoperfeccionamiento con el equipo Docente y Asistente de la Educación en las cuales se analizan los desafíos pedagógicos y se transfieren al aula estrategias metodológicas de las asignaturas para fortalecer el proceso de aprendizaje de nuestros estudiantes.,Implementación completa: 100%,0,5000000.0,0,0,0,0,0,0,0,5000000,False,0.0,False
87726,11914,ESCUELA BASICA Nº128 SAN RAMON,LA CISTERNA,3,Liderazgo,Acompañamiento al aula (observación y retroalimentación),"Instalar un proceso de acompañamiento al aula, mediante la observación de clases y la retroalimentación de la práctica docente. Esto servirá para generar temas e instancias de capacitación y/o autoperfeccionamiento docente. (Proyecto ADECO 2024)",Implementación completa: 100%,0,5000000.0,0,0,0,0,0,0,0,5000000,False,0.0,False
87727,11914,ESCUELA BASICA Nº128 SAN RAMON,LA CISTERNA,3,Liderazgo,ASESORÍA A LA IMPLEMENTACIÓN AL PME,Implementar el sistema de monitoreo del estado de avance de los procesos de la gestión escolar del establecimiento; para el desarrollo eficiente de esta iniciativa se incluye apoyo externo especializado en el control de la gestión escolar.,Implementación completa: 100%,0,10000000.0,0,0,0,0,0,0,0,10000000,False,0.0,False
87728,11914,ESCUELA BASICA Nº128 SAN RAMON,LA CISTERNA,3,Liderazgo,AMBIENTE CULTURAL Y ACADÉMICAMENTE ESTIMULANTE,"Consolidar la realización de actividades que potencian sistemáticamente un ambiente de sana convivencia , cultural y académicamente estimulante (CRA, ferias, salas temáticas, etc), con un aumento progresivo de las exigencias en todas las áreas, con reconocimientos y estímulos al esfuerzo y a los logros para todos los alumnos de la comunidad escolar. Todos estos elementos se vinculan con el sello d",Implementación completa: 100%,0,5000000.0,0,0,0,0,0,0,0,5000000,False,0.0,False
87729,11918,FROILAN YAÑEZ DE LA BARRA,LA CISTERNA,3,Convivencia Escolar,Apoyando a la salud mental de todos,"Se organizan y efectúan talleres de conocimiento y de sensibilización referidos a salud mental y suicibilidad a los integrantes de la comunidad educativa, con apoyo de profesionales externos.",Implementación avanzada: 75% a 99%,0,1000000.0,0,0,0,0,0,0,0,1000000,False,0.0,False
87730,11918,FROILAN YAÑEZ DE LA BARRA,LA CISTERNA,3,Convivencia Escolar,Reuniones de Monitores de convivencia,"En distintos momentos del años se realizarán reuniones participativas de monitores escolares de convivencia y encargada del área, para planificar acciones de prevención y actividades que involucren relacionarse con otras áreas del colegio, como centro de estudiantes, centro de padres, directivas de curso, etc.",Implementación avanzada: 75% a 99%,0,500000.0,0,0,0,0,0,0,0,500000,False,0.0,False
87731,11918,FROILAN YAÑEZ DE LA BARRA,LA CISTERNA,3,Convivencia Escolar,Actualización Reglamento Interno,"Por medio de diferentes jornadas de trabajo  con los distintos estamentos, se revisa y actualiza el reglamento interno, socializándose a la comunidad a través de diferentes medios.",Implementación avanzada: 75% a 99%,0,300000.0,0,0,0,0,0,0,0,300000,False,0.0,False
87732,11918,FROILAN YAÑEZ DE LA BARRA,LA CISTERNA,3,Convivencia Escolar,Actividades culturales y deportivas,"De acuerdo al calendario escolar y extraescolar se diseña un plan de trabajo que incorpore las diferentes actividades deportivas y culturales, propiciadas por los estudiantes de acuerdo a sus intereses , tanto internos como externos. Por medio de estas actividades internas logran apropiarse de los diferentes lugares del establecimiento, promoviendo a su vez la sana convivencia.",Implementación avanzada: 75% a 99%,0,3000000.0,0,0,0,0,0,0,0,3000000,False,0.0,False
87733,11918,FROILAN YAÑEZ DE LA BARRA,LA CISTERNA,3,Gestión de Recursos,Reconocimiento e incentivo docente,"De acuerdo a los compromisos contraídos y al cumplimiento de las programaciones establecidas en la comunidad escolar cada docente tiene participación en cada una de ellas en forma efectiva y responsable. Además de sus cumplimientos contractuales de tal manera que, a través del año se hace evaluaciones del actuar y compromiso con la comunidad, lo que redunda en un incentivo anual.",Implementación avanzada: 75% a 99%,0,10000000.0,0,0,0,0,0,0,0,10000000,False,0.0,False
87734,11918,FROILAN YAÑEZ DE LA BARRA,LA CISTERNA,3,Gestión de Recursos,Actualización material didáctico y tecnológico,"De acuerdo a las necesidades propuestas por las diversas áreas de la comunidad escolar se renueva, actualiza y se adquiere el material didáctico y tecnológico, para mejorar en las y los estudiantes los aprendizajes y autoestima.",Implementación avanzada: 75% a 99%,0,10000000.0,0,0,0,0,0,0,0,10000000,False,0.0,False
87735,11918,FROILAN YAÑEZ DE LA BARRA,LA CISTERNA,3,Gestión Pedagógica,Trabajo Colaborativo,"Generar los espacios y tiempos necesarios entre docentes con el objetivo de fomentar la reflexión e intercambio de experiencias en el aula que apunten a reforzar las prácticas pedagógicas y de colaboración, fortaleciendo el trabajo en equipo y la búsqueda de una mejora en los aprendizajes.",Implementación completa: 100%,0,100000.0,0,0,0,0,0,0,0,100000,False,0.0,False
87736,11918,FROILAN YAÑEZ DE LA BARRA,LA CISTERNA,3,Gestión Pedagógica,Actividades culturales y recreativas,"De acuerdo al calendario escolar se organizan diversas actividades culturales y recreativas que implican la participación activa de la comunidad, realzando aprendizaje significativo en las distintas áreas del currículo, mejorando además, la autodisciplina, colaboración, inclusión, autoestima, autocuidado, etc, que conllevan a reforzar la sana y adecuada convivencia entre pares.",Implementación completa: 100%,0,3000000.0,0,0,0,0,0,0,0,3000000,False,0.0,False
87737,11918,FROILAN YAÑEZ DE LA BARRA,LA CISTERNA,3,Gestión Pedagógica,Salidas pedagógicas,"Se organizan e implementan salidas pedagógicas en los distintos niveles y asignaturas del currículo, considerando el quehacer interdisciplinario que se le pueda dar, a fin de fortalecer los aprendizajes por medio de la experiencia y la práctica en terreno,  favoreciendo además la formación integral de las y los estudiantes.",Implementación completa: 100%,0,3000000.0,0,0,0,0,0,0,0,3000000,False,0.0,False
87738,11918,FROILAN YAÑEZ DE LA BARRA,LA CISTERNA,3,Liderazgo,Aulas temáticas,Equipar e implementar una sala temática de Matemática con los elementos adecuados que faciliten logros de aprendizajes significativos que redunden en mejores logro de resultados de evaluaciones externas y que redunden en una mayor cercanía y adherencia hacia la asigantura.,Implementación avanzada: 75% a 99%,0,7000000.0,0,0,0,0,0,0,0,7000000,False,0.0,False
87739,11918,FROILAN YAÑEZ DE LA BARRA,LA CISTERNA,3,Liderazgo,Adecuación de espacios educativos,"Facilitar y adecuar espacios, sombreando patio pequeño como incorporación de mobiliario,  para  el aprovechamiento del espacio libre y su uso en las diferentes actividades recreativas y de aprendizaje.",Implementación completa: 100%,0,20000000.0,0,0,0,0,0,0,0,20000000,False,0.0,False
87740,11918,FROILAN YAÑEZ DE LA BARRA,LA CISTERNA,3,Liderazgo,Plan de Orientación,"Se diseña e implementa un plan del área de orientación que contenga  actividades tendientes a fomentar el interés en la continuación de estudios superiores de nuestros estudiantes, vinculándonos con instituciones externas ad hoc  y se establecen redes que nos contribuyen en el soporte de toda la comunidad escolar en el área psicoemocional.",Implementación completa: 100%,0,1000000.0,0,0,0,0,0,0,0,1000000,False,0.0,False
87741,11918,FROILAN YAÑEZ DE LA BARRA,LA CISTERNA,3,Liderazgo,Acompañamientos docentes,"Se realizarán visitas al aula en donde los profesores y profesoras son acompañados por sus pares y por el equipo de gestión, con el fin de diagnosticar y establecer las necesidades de mejora en el quehacer didáctico docente.",Implementación avanzada: 75% a 99%,0,0.0,0,0,0,0,0,0,0,0,False,0.0,False
88048,11997,ESCUELA JOSE IBAÑEZ,LA CISTERNA,3,Convivencia Escolar,Talleres extracurriculares.,"Se implementarán  talleres extracurriculares que permitan abordar las necesidades e intereses de los/as estudiantes, en función de la potenciación de los IDPS.",Implementación adecuada: 50% a 74%,0,9000000.0,0,0,0,0,0,0,0,9000000,False,0.0,False
88049,11997,ESCUELA JOSE IBAÑEZ,LA CISTERNA,3,Convivencia Escolar,Recreos entretenidos,"Se realizarán intervenciones en los  recreos de  ambas jornadas  con la finalidad de generar instancias de participación de los/as estudiantes, en función de la formación integral y  motivación por la asistencia a la jornada escolar.",Implementación adecuada: 50% a 74%,0,3000000.0,0,0,0,0,0,0,0,3000000,False,0.0,False
88050,11997,ESCUELA JOSE IBAÑEZ,LA CISTERNA,3,Convivencia Escolar,Capacitación en convivencia y resolución de conflictos para asistentes de la educación.,Se contratarán los servicios ATE para la realización de  talleres dirigidos a asistentes de la educación que permitan un abordaje pedagógico de la convivencia escolar y la resolución de conflictos al interior de la comunidad educativa.,Implementación completa: 100%,0,2000000.0,0,0,0,0,0,0,0,2000000,False,0.0,False
88051,11997,ESCUELA JOSE IBAÑEZ,LA CISTERNA,3,Convivencia Escolar,Talleres de desarrollo personal.,"Se implementarán talleres de desarrollo personal para estudiantes y familias en las áreas socioemocional, apoyo a la inclusión, participación y vida democrática, sexualidad, afectividad y género, formación ciudadana, convivencia y seguridad escolar, abordando las necesidades de cada nivel educativo.",Implementación avanzada: 75% a 99%,0,5000000.0,0,0,0,0,0,0,0,5000000,False,0.0,False
88052,11997,ESCUELA JOSE IBAÑEZ,LA CISTERNA,3,Convivencia Escolar,Programa de Apoyo Socioemocional.,"Se contratarán los servicios ATE para la realización de  talleres dirigidos a estudiantes de prebásica y primero subciclo básico destinado a estimular actividades de desarrollo socioemocional, de acuerdo a la etapa de  desarrollo de cada nivel educativo.",Implementación avanzada: 75% a 99%,0,16000000.0,0,0,0,0,0,0,0,16000000,False,0.0,False
88053,11997,ESCUELA JOSE IBAÑEZ,LA CISTERNA,3,Convivencia Escolar,Actividades recreativas y/o culturales,"Se desarrollarán  actividades recreativas y culturales  que permitan la promoción,  comprensión y contextualización de efemérides nacionales por parte de los/as estudiantes, para la promoción de una convivencia escolar sana, activa y participativa.",Implementación avanzada: 75% a 99%,0,15000000.0,0,0,0,0,0,0,0,15000000,False,0.0,False
88054,11997,ESCUELA JOSE IBAÑEZ,LA CISTERNA,3,Convivencia Escolar,Premiación estudiantes destacados.,"Se realizará la premiación semestral de estudiantes destacados en el área de habilidades académica, esfuerzo, asistencia y espíritu institucional, en función de la promoción e integración  de los valores institucionales del Proyecto Educativo Institucional.",Implementación adecuada: 50% a 74%,0,12000000.0,0,0,0,0,0,0,0,12000000,False,0.0,False
88055,11997,ESCUELA JOSE IBAÑEZ,LA CISTERNA,3,Gestión de Recursos,Plataforma de administración digital UTOPIE,"Se contratarán los servicios de la plataforma digital UTOPIE con la finalidad de optimizar los tiempos en la gestión administrativa del Programa de Integración Escolar,  entregando recursos que permitan avanzar en el apoyo otorgado a  los/as estudiantes con necesidades educativas especiales.",Implementación completa: 100%,0,0.0,3000000,0,0,0,0,0,0,3000000,False,0.0,False
88056,11997,ESCUELA JOSE IBAÑEZ,LA CISTERNA,3,Gestión de Recursos,Adquisición de recursos educativos y/o tecnológicos para el uso pedagógico.,"Se facilitará la adquisición y renovación de recursos  para  el  uso pedagógico, que permita apoyar al proceso de enseñanza-aprendizaje de los estudiantes en los diferentes niveles educativos.",Implementación completa: 100%,0,6000000.0,0,0,0,0,0,0,0,6000000,False,0.0,False
88057,11997,ESCUELA JOSE IBAÑEZ,LA CISTERNA,3,Gestión de Recursos,Plan lector,"Se adquirirán textos para la lectura diaria  y complementaria, a fin de promover en los/as estudiantes el gusto por la lectura y   conocimiento de distintos tipos de texto, en  función del fortalecimiento de las habilidades lectoras.",Implementación completa: 100%,0,6000000.0,0,0,0,0,0,0,0,6000000,False,0.0,False
88058,11997,ESCUELA JOSE IBAÑEZ,LA CISTERNA,3,Gestión de Recursos,Plataforma digital de administración y gestión escolar.,"Se contratará una plataforma digital de administración escolar que permita gestionar y monitorear los procesos académicos y pedagógicos asociados al quehacer de la escuela, incluido el libro digital de clases, para optimizar el uso de los recursos de gestión escolar.",Implementación completa: 100%,0,11000000.0,0,0,0,0,0,0,0,11000000,False,0.0,False
88059,11997,ESCUELA JOSE IBAÑEZ,LA CISTERNA,3,Gestión de Recursos,Lectura socioemocional.,"Se seleccionarán textos para la lectura de temáticas socioemocionales que otorguen continuidad a la implementación  del plan lector  en los niveles educativos, con la finalidad de promover la comprensión de temas vinculados  a la emocionalidad, el cuidado personal y el mejoramiento de la autoestima académica y motivación escolar, mediante lectura orientada  por el departamento de lenguaje.",Implementación completa: 100%,0,3000000.0,0,0,0,0,0,0,0,3000000,False,0.0,False
88060,11997,ESCUELA JOSE IBAÑEZ,LA CISTERNA,3,Gestión de Recursos,Asesoría Carrera Docente.,"Se considerará la asesoría para la planta docente en torno a los alcances de la carrera docente y su impacto en progresión profesional, respecto a los tramos alcanzados y sus asignaciones.",Implementación completa: 100%,0,6000000.0,0,0,0,0,0,0,0,6000000,False,0.0,False
88061,11997,ESCUELA JOSE IBAÑEZ,LA CISTERNA,3,Gestión de Recursos,Profesional del área social.,"Se contará con el apoyo de una profesional del área social con el fin de generar oportunidades de apoyo a las necesidades sociales de los y las estudiantes y sus familias, con el fin de promover su permanencia  en el sistema escolar.",Implementación parcial: 25% a 49%,0,4315920.0,0,0,0,0,0,0,0,4315920,False,0.0,False
88062,11997,ESCUELA JOSE IBAÑEZ,LA CISTERNA,3,Gestión de Recursos,Asistente para PIE,Se contratarán los servicios de una asistente de PIE con el fin de generar apoyo en la organización y logística del funcionamiento de dicho organismo.,Implementación parcial: 25% a 49%,0,0.0,4315920,0,0,0,0,0,0,4315920,False,0.0,False
88063,11997,ESCUELA JOSE IBAÑEZ,LA CISTERNA,3,Gestión Pedagógica,Talleres de capacitación Decreto 67,"Se contratarán los servicios ATE para la realización de dos talleres de capacitación dirigidos a docentes con la finalidad de fortalecer las prácticas de evaluación ejecutadas, reconociendo su vinculación con los criterios establecidos en el Decreto 67/2018.",Implementación completa: 100%,0,4500000.0,0,0,0,0,0,0,0,4500000,False,0.0,False
88064,11997,ESCUELA JOSE IBAÑEZ,LA CISTERNA,3,Gestión Pedagógica,Acompañamiento en proceso de análisis de resultados generales y por curso de las pruebas DIA .,"Se contratarán los servicios de una ATE para realizar análisis de los resultados de las distintas pruebas DIA aplicadas durante el año, con el fin de aplicar oportunamente las remediales que correspondan.",Implementación avanzada: 75% a 99%,0,6000000.0,0,0,0,0,0,0,0,6000000,False,0.0,False
88065,11997,ESCUELA JOSE IBAÑEZ,LA CISTERNA,3,Gestión Pedagógica,Promoción del proceso lectoescritor para niveles de NT2 a 2° básico.,Se contratarán los servicios ATE para la realización de tres talleres de capacitación dirigidos a Educadora de Párvulos de NT2 y profesoras de primero y segundo básico en el conocimiento de método de lectoescritura.,Implementación completa: 100%,0,12000000.0,0,0,0,0,0,0,0,12000000,False,0.0,False
88066,11997,ESCUELA JOSE IBAÑEZ,LA CISTERNA,3,Gestión Pedagógica,Capacitación referida a la actualización del Marco para la Buena Enseñanza,"Se contratarán los servicios ATE para la realización de dos talleres de capacitación, dirigido al equipo docente con la finalidad de actualizar elementos referidos al Marco para la buena enseñanza considerando los criterios de evaluación de desempeño plasmados en las rúbricas del portafolio docente para orientar el quehacer pedagógico.",Implementación completa: 100%,0,4500000.0,0,0,0,0,0,0,0,4500000,False,0.0,False
88067,11997,ESCUELA JOSE IBAÑEZ,LA CISTERNA,3,Gestión Pedagógica,Gestión de aula.,"Se contará con un equipo  para apoyar la gestión pedagógica en el aula  de los niveles de Educación Parvularia y primer subciclo básico, que colabore en el fortalecimiento de los requerimientos pedagógicos y formativos de estos niveles.",Implementación avanzada: 75% a 99%,0,7192350.0,0,0,0,0,0,0,0,7192350,False,0.0,False
88068,11997,ESCUELA JOSE IBAÑEZ,LA CISTERNA,3,Gestión Pedagógica,Equipo de profesionales de apoyo,"Se implementará la colaboración de un equipo multidisciplinario de profesionales de apoyo a los estudiantes que presenten rezago en sus aprendizajes y/o necesidades socioemocionales,  y que no pertenecen al programa de Integración Escolar.",Implementación avanzada: 75% a 99%,0,24779424.0,0,0,0,0,0,0,0,24779424,False,0.0,False
88069,11997,ESCUELA JOSE IBAÑEZ,LA CISTERNA,3,Gestión Pedagógica,Salidas Pedagógicas.,"Se realizarán salidas pedagógicas para vincular los aprendizajes del aula  con elementos concretos y contextuales, atendiendo a la construcción de aprendizajes significativos.",Implementación adecuada: 50% a 74%,0,10000000.0,0,0,0,0,0,0,0,10000000,False,0.0,False
88070,11997,ESCUELA JOSE IBAÑEZ,LA CISTERNA,3,Liderazgo,Reconocimiento a estudiantes destacados,Semestralmente se premiará a los y las estudiantes que se destaquen en distintos aspectos que constituyen el perfil del estudiante de la Escuela José Ibáñez,Implementación adecuada: 50% a 74%,0,5000000.0,0,0,0,0,0,0,0,5000000,False,0.0,False
88071,11997,ESCUELA JOSE IBAÑEZ,LA CISTERNA,3,Liderazgo,Actualización Ley TEA,Se contratarán los servicios ATE para la realización de una capacitación  dirigida al personal del establecimiento en torno al acompañamiento y apoyo a estudiantes con Trastorno del Espectro Autista.,Implementación completa: 100%,0,3500000.0,0,0,0,0,0,0,0,3500000,False,0.0,False
88072,11997,ESCUELA JOSE IBAÑEZ,LA CISTERNA,3,Liderazgo,Estándares profesionales docentes.,"Se contratarán los servicios ATE para la realización de un taller dirigido a docentes para la actualización en torno a los estándares de desempeño profesional docente y el conocimiento de las bases curriculares, en función del diseño pedagógico de aula.",Implementación completa: 100%,0,5000000.0,0,0,0,0,0,0,0,5000000,False,0.0,False
88073,11997,ESCUELA JOSE IBAÑEZ,LA CISTERNA,3,Liderazgo,Promoción  de la asistencia a clases.,"Se contratarán los servicios ATE para la realización de talleres dirigidos a los diferentes estamentos de la comunidad educativa,  para la promoción de la asistencia a clases y compromiso con el proceso escolar de los estudiantes.",Implementación completa: 100%,0,6000000.0,0,0,0,0,0,0,0,6000000,False,0.0,False
88074,11997,ESCUELA JOSE IBAÑEZ,LA CISTERNA,3,Liderazgo,"Reuniones de análisis, seguimiento y monitoreo del Plan de Mejoramiento Educativo 2024","Se implementarán reuniones mensuales del equipo directivo orientadas al seguimiento, monitoreo  y  revisión en el cumplimiento  de indicadores de seguimiento del PME, para la toma de decisiones.",Implementación completa: 100%,0,2000000.0,0,0,0,0,0,0,0,2000000,False,0.0,False
88075,11997,ESCUELA JOSE IBAÑEZ,LA CISTERNA,3,Liderazgo,Incentivo para funcionarios.,"Se otorgará un incentivo económico al finalizar el año lectivo a aquellos directivos, docentes y asistentes de la educación que, de acuerdo a evaluación aplicada, hayan cumplido cabalmente con metas de acuerdo a  criterios predispuestos en las pautas de evaluación destinadas a cada estamento.",Implementación parcial: 25% a 49%,0,4000000.0,0,0,0,0,0,0,0,4000000,False,0.0,False
88076,11997,ESCUELA JOSE IBAÑEZ,LA CISTERNA,3,Liderazgo,Acompañamiento de aula,"Equipo directivo realizará acompañamiento de aula a los docentes del establecimiento, con la finalidad de detectar necesidades de mejora pedagógica y potenciar la labor docente  a través de la retroalimentación de lo observado.",Implementación completa: 100%,0,2000000.0,0,0,0,0,0,0,0,2000000,False,0.0,False
101046,16827,ESCUELA ESPECIAL Y DE PARVULOS PETIT PRINCE,LA CISTERNA,3,Convivencia Escolar,Jornadas entretenidas,"Gestionar e implementar actividades en el establecimiento para enriquecer una buena convivencia y buen trato con los niños/as y familias : cuentacuentos, talleres, exposiciones, otros.",Implementación avanzada: 75% a 99%,0,500000.0,0,0,0,0,0,0,0,500000,False,0.0,False
101047,16827,ESCUELA ESPECIAL Y DE PARVULOS PETIT PRINCE,LA CISTERNA,3,Convivencia Escolar,convivencia escolar,Se realiza curso de convivencia escolar a todo el personal del establecimiento para mejorar la convivencia y buen trato en la escuela.,Implementación avanzada: 75% a 99%,0,1800000.0,0,0,0,0,0,0,0,1800000,False,0.0,False
101048,16827,ESCUELA ESPECIAL Y DE PARVULOS PETIT PRINCE,LA CISTERNA,3,Convivencia Escolar,Identidad institucional,"Propiciar la participación de toda la comunidad educativa con énfasis en la identidad y participación en hitos institucionales como aniversario colegio, premiaciones, celebraciones, día de la familia.",Implementación completa: 100%,0,3000000.0,0,0,0,0,0,0,0,3000000,False,0.0,False
101049,16827,ESCUELA ESPECIAL Y DE PARVULOS PETIT PRINCE,LA CISTERNA,3,Gestión de Recursos,taller psicomotricidad,Realización de taller de psicomotricidad que fomente nuevos aprendizajes y desarrollo de habilidades motoras,Implementación completa: 100%,0,5000000.0,0,0,0,0,0,0,0,5000000,False,0.0,False
101050,16827,ESCUELA ESPECIAL Y DE PARVULOS PETIT PRINCE,LA CISTERNA,3,Gestión de Recursos,recursos pedagógicos,"Adquisición de material didáctico, pedagógico y juegos necesarios para favorecer espacios de aprendizaje en los niños/as.",Implementación avanzada: 75% a 99%,0,2000000.0,0,0,0,0,0,0,0,2000000,False,0.0,False
101051,16827,ESCUELA ESPECIAL Y DE PARVULOS PETIT PRINCE,LA CISTERNA,3,Gestión de Recursos,Salida y visita pedagógica,Realización de salida pedagógica y/o visita pedagógica al establecimiento para lograr aprendizajes significativos en los niños/as.,Implementación completa: 100%,0,2000000.0,0,0,0,0,0,0,0,2000000,False,0.0,False
101052,16827,ESCUELA ESPECIAL Y DE PARVULOS PETIT PRINCE,LA CISTERNA,3,Gestión Pedagógica,Mejoras en el aprendizaje,"Se realizan reuniones de coordinación y reflexión entre docentes y fonoaudióloga de todos los niveles, con el fin de mejorar los aprendizajes de los niños y niñas.",Implementación avanzada: 75% a 99%,0,0.0,0,0,0,0,0,0,0,0,False,0.0,False
101053,16827,ESCUELA ESPECIAL Y DE PARVULOS PETIT PRINCE,LA CISTERNA,3,Gestión Pedagógica,Acompañamiento docente,Se realizará observación y acompañamiento en el aula mediante la observación y retroalimentación en 2 períodos del año.,Implementación completa: 100%,0,0.0,0,0,0,0,0,0,0,0,False,0.0,False
101054,16827,ESCUELA ESPECIAL Y DE PARVULOS PETIT PRINCE,LA CISTERNA,3,Gestión Pedagógica,Capacitación docente,Se realiza capacitación al equipo docente y asistente de aula sobre diversas estrategias en el aula y según necesidades detectadas.,Implementación avanzada: 75% a 99%,0,1500000.0,0,0,0,0,0,0,0,1500000,False,0.0,False
101055,16827,ESCUELA ESPECIAL Y DE PARVULOS PETIT PRINCE,LA CISTERNA,3,Liderazgo,perfeccionamiento directivo,Realizar capacitación y/o asesoramiento para fortalecer liderazgo directivo.,Implementación completa: 100%,0,1000000.0,0,0,0,0,0,0,0,1000000,False,0.0,False
101056,16827,ESCUELA ESPECIAL Y DE PARVULOS PETIT PRINCE,LA CISTERNA,3,Liderazgo,Planes institucionales,Coordinación y monitoreo plan fomento lector y de los distintos planes institucionales durante el año escolar.,Implementación avanzada: 75% a 99%,0,1000000.0,0,0,0,0,0,0,0,1000000,False,0.0,False
101057,16827,ESCUELA ESPECIAL Y DE PARVULOS PETIT PRINCE,LA CISTERNA,3,Liderazgo,Comunicación escuela- familia,Afianzar mecanismo de comunicación familia- escuela mediante plataforma digital.,Implementación completa: 100%,0,600000.0,0,0,0,0,0,0,0,600000,False,0.0,False
105487,19927,ESCUELA BASICA VOLCAN LLAIMA,MELIPEUCO,2,Convivencia Escolar,Participación para la inclusión de todos y todas.,"La Unidad Educativa promueve de manera sistemática el valor de la diversidad e inclusión a través de espacios de participación para todos y todas, tales como talleres, encuentros deportivos, musicales, artísticos, culturales y otros que promuevan la colaboración y cohesión de los diferentes actores con la finalidad de promover el compromiso y sentido de pertenencia en pos de la sana convivencia.",Implementación avanzada: 75% a 99%,0,4000000.0,2000000,0,0,0,0,0,0,6000000,False,0.0,False
105488,19927,ESCUELA BASICA VOLCAN LLAIMA,MELIPEUCO,2,Convivencia Escolar,"Reconociendo y aplicando nuestros Reglamentos, Planes y Protocolos","El equipo de Convivencia Escolar actualizada y difunde el Reglamento de Convivencia Escolar, planes y protocolos asociados de acuerdo a la normativa vigente y PEI, explicitando claramente los derechos, deberes y normas del establecimiento en conjunto con las medidas formativas y disciplinarias asociadas a su cumplimiento.",Implementación avanzada: 75% a 99%,0,200000.0,0,0,0,0,0,0,0,200000,False,0.0,False
105489,19927,ESCUELA BASICA VOLCAN LLAIMA,MELIPEUCO,2,Convivencia Escolar,Bienestar socioemocional para el aprendizaje y la convivencia.,"El equipo educativo busca favorecer el desarrollo integral de todos los actores de la comunidad educativa, incluyendo el aprendizaje socioemocional y la convivencia, identificando a estudiantes y grupos específicos para el apoyo focalizado e intervenciones de mayor intensidad.",Implementación avanzada: 75% a 99%,0,200000.0,0,0,0,0,0,0,0,200000,False,0.0,False
105490,19927,ESCUELA BASICA VOLCAN LLAIMA,MELIPEUCO,2,Convivencia Escolar,Autocuidado y bienestar profesional.,"El equipo educativo organiza y promueve espacios para la reflexión, autocuidado y perfeccionamiento del personal del establecimiento en función de la protección del bienestar socioemocional, cohesión y trabajo en equipo.",Implementación avanzada: 75% a 99%,0,2000000.0,0,0,0,0,0,0,0,2000000,False,0.0,False
105491,19927,ESCUELA BASICA VOLCAN LLAIMA,MELIPEUCO,2,Gestión de Recursos,Personal y monitores.,"Contratación de personal idóneo de acuerdo a las necesidades educativas del establecimiento, para dar cumplimiento al plan de estudio y planes gestión, de esta manera lograr los objetivos propuestos en el Plan de Mejoramiento Educativo, como por ejemplo: monitores y/o docentes para taller de interculturalidad, asistentes de aula, dupla psicosocial, monitores para acciones extraxurriculares, etc.",Implementación avanzada: 75% a 99%,0,130000000.0,0,0,0,0,0,0,0,130000000,False,0.0,False
105492,19927,ESCUELA BASICA VOLCAN LLAIMA,MELIPEUCO,2,Gestión de Recursos,Plan de Gastos e Inversiones PME.,Desarrollar un plan presupuestario que asegure la eficaz gestión de los recursos internos y la planificación de actividades conforme al plan estratégico establecido.,Implementación avanzada: 75% a 99%,0,0.0,0,0,0,0,0,0,0,0,False,0.0,False
105493,19927,ESCUELA BASICA VOLCAN LLAIMA,MELIPEUCO,2,Gestión de Recursos,Recursos Educativos,"Adquirir material de librería, didáctico, científico, deportivo y vestuario (para actividades artísticas y deportivas) para garantizar que tanto estudiantes como docentes dispongan de los recursos necesarios para llevar a cabo sus diversas actividades educativas en un entorno cómodo y adecuado que favorezca el cumplimiento de los objetivos establecidos.",Implementación avanzada: 75% a 99%,0,20000000.0,2000000,0,0,0,0,0,0,22000000,False,0.0,False
105494,19927,ESCUELA BASICA VOLCAN LLAIMA,MELIPEUCO,2,Gestión de Recursos,Recursos  Tecnológicos.,"La dirección del establecimiento proveerá de los recursos tecnológicos a los docentes, estudiantes y asistentes de la educación para fortalecer los procesos de enseñanza aprendizaje.",Implementación avanzada: 75% a 99%,0,9000000.0,0,0,0,0,0,0,0,9000000,False,0.0,False
105495,19927,ESCUELA BASICA VOLCAN LLAIMA,MELIPEUCO,2,Gestión Pedagógica,Reflexión pedagógica.,"Generar instancias para la reflexión, el análisis y la coordinación pedagógica entre los diferentes niveles del establecimiento (Nivel parvulario, 1° ciclo, 2° ciclo), con el propósito de intercambiar experiencias de enseñanza-aprendizaje. Estas instancias involucrarán a docentes, profesionales del PIE, UTP y Dirección.",Implementación avanzada: 75% a 99%,0,0.0,0,0,0,0,0,0,0,0,False,0.0,False
105496,19927,ESCUELA BASICA VOLCAN LLAIMA,MELIPEUCO,2,Gestión Pedagógica,Plan Lector,"Potenciar la adquisición de la lectura en estudiantes no lectores desde primer año a 8° año básico, fomentando el interés propio por la lectura, reconociendo en ella un instrumento que permite mejorar su nivel educativo, desarrollando su creatividad, sensibilidad y pensamiento crítico.",Implementación avanzada: 75% a 99%,0,0.0,0,0,0,0,0,0,0,0,False,0.0,False
105497,19927,ESCUELA BASICA VOLCAN LLAIMA,MELIPEUCO,2,Gestión Pedagógica,Acompañamiento de aula,"Durante el año académico se realizarán observaciones de aula a cada docente, con el propósito de acompañar el proceso de enseñanza y aprendizaje, las cuales permiten a los directivos evaluar la efectividad de las prácticas pedagógicas, identificar áreas de mejora y ofrecer retroalimentación constructiva a los profesores.",Implementación avanzada: 75% a 99%,0,0.0,0,0,0,0,0,0,0,0,False,0.0,False
105498,19927,ESCUELA BASICA VOLCAN LLAIMA,MELIPEUCO,2,Gestión Pedagógica,Salidas Pedagógicas,"Realizar salidas pedagógicas o aula en terreno, para potenciar experiencias pedagógicas  a través de la observación directa y el contacto con el entorno que nos rodea,  fortaleciendo la transversalidad y la convivencia escolar.",Implementación avanzada: 75% a 99%,0,3000000.0,0,0,0,0,0,0,0,3000000,False,0.0,False
105499,19927,ESCUELA BASICA VOLCAN LLAIMA,MELIPEUCO,2,Gestión Pedagógica,Perfeccionamiento,"La Unidad Técnico Pedagógica coordinará que los docentes del establecimiento puedan participar en al menos una capacitación anual (autocapacitación, capacitaciones del MINEDUC, webinars), con el fin de fortalecer sus competencias didáctico-pedagógicas y adquirir nuevas estrategias para abordar eficazmente las necesidades educativas de los estudiantes.",Implementación parcial: 25% a 49%,0,0.0,0,0,0,0,0,0,0,0,False,0.0,False
105500,19927,ESCUELA BASICA VOLCAN LLAIMA,MELIPEUCO,2,Gestión Pedagógica,Proceso pedagógico Curricular y Logros de Aprendizaje.,"La unidad técnico pedagógica, monitorea una vez por semestre el avance de la implementación del proceso pedagógico y la Cobertura curricular, para asegurar la apropiación de los aprendizajes, triangulando el cronograma anual de planificaciones, libro digital y actividades planificadas.",Implementación avanzada: 75% a 99%,0,200000.0,0,0,0,0,0,0,0,200000,False,0.0,False
105501,19927,ESCUELA BASICA VOLCAN LLAIMA,MELIPEUCO,2,Liderazgo,Monitoreo y seguimiento PME,"Seguimiento y evaluación del PME, según nivel de implementación de las acciones, responsables, plazos, presupuesto y necesidades pedagógicas de la escuela, según normativa vigente e instrucciones emanadas del Ministerio de Educación.",Implementación adecuada: 50% a 74%,0,0.0,0,0,0,0,0,0,0,0,False,0.0,False
105502,19927,ESCUELA BASICA VOLCAN LLAIMA,MELIPEUCO,2,Liderazgo,Planes de Gestión,"El equipo directivo revisa, socializa y actualiza los Instrumentos de Gestión, para fortalecer la apropiación de ellos. A su vez, se ejecuten de manera adecuada para cumplir con las metas propuestas por el establecimiento.",Implementación avanzada: 75% a 99%,0,0.0,0,0,0,0,0,0,0,0,False,0.0,False
105503,19927,ESCUELA BASICA VOLCAN LLAIMA,MELIPEUCO,2,Liderazgo,ABP basado en la educación ambiental y cultural.,"El equipo directivo fomenta la implementación de propuestas pedagógicas en la escuela, a través del aprendizaje basado en proyecto (ABP), en el ciclo básico, integrando contenidos de manera transversal, asociados al cuidado y la protección del medio ambiente.",Implementación avanzada: 75% a 99%,0,1000000.0,0,0,0,0,0,0,0,1000000,False,0.0,False
105504,19927,ESCUELA BASICA VOLCAN LLAIMA,MELIPEUCO,2,Liderazgo,Colaboración Institucional,"El equipo directivo y de gestión coordinan con todos los estamentos de la comunidad escolar las prioridades, orientaciones y metas educativas para el logro del desarrollo de valores, compromisos y responsabilidades, apropiándose de los distintos sellos del establecimiento.",Implementación adecuada: 50% a 74%,0,0.0,0,0,0,0,0,0,0,0,False,0.0,False
107126,20219,COLEGIO BICENTENARIO DE EXCELENCIA ADENAUER,MELIPEUCO,3,Convivencia Escolar,Fortalecimiento de la educación valórica,"Dar a conocer, analizar y reflexionar en torno a un valor mensual, que tribute a los objetivos transversales del currículum, la formación integral y valórica de nuestros estudiantes, motivando y direccionando a la sana convivencia y relación entre pares.",Implementación completa: 100%,0,0.0,0,0,0,0,0,0,0,0,False,0.0,False
107127,20219,COLEGIO BICENTENARIO DE EXCELENCIA ADENAUER,MELIPEUCO,3,Convivencia Escolar,Acondicionamiento de espacios para la interacción y desarrollo integral,"Gestionar la habilitación del recinto deportivo utilizado para el esparcimiento de los estudiantes prioritarios y preferentes, desarrollo de formación cívica (actos, asambleas, olimpiadas y asambleas) para el uso seguro y garantizado en aspectos tècnicos, además de los espacios libres, espacios dedicados a talleres y recintos con el fin de promover una convivencia segura e inclusiva entre pares.",Implementación completa: 100%,0,36000000.0,0,0,0,0,0,0,0,36000000,False,0.0,False
107128,20219,COLEGIO BICENTENARIO DE EXCELENCIA ADENAUER,MELIPEUCO,3,Convivencia Escolar,Autocuidado,"Establecer jornadas de autocuidado para todo el personal de la comunidad educativa Adenauer, con el fin de resguardar el bienestar y la salud emocional de quienes día a día ejercemos roles de contención, educación y guia de nuestros estudiantes. Estas jornadas también buscan fomentar la sana convivencia escolar.",Implementación completa: 100%,0,3570000.0,0,0,0,0,0,0,0,3570000,False,0.0,False
107129,20219,COLEGIO BICENTENARIO DE EXCELENCIA ADENAUER,MELIPEUCO,3,Convivencia Escolar,Jornadas de intervención escolar,"Generar instancias de participación, reflexión y diálogo en temáticas actuales, que permitan orientar el desarrollo personal y social de los estudiantes. Entre las temáticas destacan: Día de la convivencia escolar, Jornada no sexista, día internacional de la familia, Día del niño y la niña, día para la prevención del abuso sexual, Día nacional de la prevención de drogas.",Implementación completa: 100%,0,0.0,0,0,0,0,0,0,0,0,False,0.0,False
107130,20219,COLEGIO BICENTENARIO DE EXCELENCIA ADENAUER,MELIPEUCO,3,Convivencia Escolar,Orientación vocacional,Establecer un plan de trabajo con los estudiantes de enseñanza media que permita una correcta orientación respecto a sus intereses y oportunidades para su continuidad de estudio y proyecto de vida.  Esta ruta de trabajo será implementada por el departamento de orientación del establecimiento. Además de un acompañamiento desde el punto de vista espiritual en la aplicación de programas como  Trabun,Implementación completa: 100%,0,2557013.0,0,0,0,0,0,0,0,2557013,False,0.0,False
107131,20219,COLEGIO BICENTENARIO DE EXCELENCIA ADENAUER,MELIPEUCO,3,Convivencia Escolar,"Prevención, intervención y seguimiento a problemáticas de los estudiantes","Se pesquisan problemáticas estudiantiles según derivaciones de profesores, asistentes de la educación, profesionales de la educación, etc. Con el fin de mediar y resolver pacíficamente situaciones de conflicto y convivencia entre pares. Realizando seguimiento sistemáticos para el logro de las metas establecidas.",Implementación completa: 100%,0,0.0,0,0,0,0,0,0,0,0,False,0.0,False
107132,20219,COLEGIO BICENTENARIO DE EXCELENCIA ADENAUER,MELIPEUCO,3,Convivencia Escolar,Trabajo con redes de apoyo a la labor educativa,"Trabajar articulada y sistemáticamente con redes de apoyo a la labor educativa, con el objetivo de generar instancias de colaboración y acompañamiento. Tales como; CESFAM, PIE (Mejor niñez), etc.",Implementación completa: 100%,0,0.0,0,0,0,0,0,0,0,0,False,0.0,False
107133,20219,COLEGIO BICENTENARIO DE EXCELENCIA ADENAUER,MELIPEUCO,3,Convivencia Escolar,Trabajo preventivo en aula,"Realizar trabajo planificado en torno a las necesidades educativas, contexto y realidades de cada curso, mediante la incorporación del psicólogo en todos los niveles de enseñanza, desde educación parvularia a enseñanza media, con el fin de generar estrategias de trabajo con jefaturas, docentes y profesionales de la educación.",Implementación completa: 100%,0,6000000.0,0,0,0,0,0,0,0,6000000,False,0.0,False
107134,20219,COLEGIO BICENTENARIO DE EXCELENCIA ADENAUER,MELIPEUCO,3,Convivencia Escolar,Observación Activa para la Convivencia Escolar,"Esta acción resalta el enfoque en promover la seguridad, mejorar la convivencia y fortalecer la responsabilidad compartida, destacando el uso de la tecnología como herramienta educativa y preventiva.  Es una herramienta preventiva para minimizar riesgos de conductas inadecuadas, fomentar la autorregulación y garantizar tiempos de calidad para los procesos académicos.",Implementación completa: 100%,0,1800000.0,0,0,0,0,0,0,0,1800000,False,0.0,False
107135,20219,COLEGIO BICENTENARIO DE EXCELENCIA ADENAUER,MELIPEUCO,3,Convivencia Escolar,Insectomanía,"Gestionar una exposición de insectos en el establecimiento para los estudiantes prioritarios y preferentes, contribuyendo al desarrollo de competencias científicas, promoviendo el respeto por la biodiversidad y fomentando aprendizajes significativos a través de una experiencia directa y vivencial.",Implementación completa: 100%,0,1580000.0,0,0,0,0,0,0,0,1580000,False,0.0,False
107136,20219,COLEGIO BICENTENARIO DE EXCELENCIA ADENAUER,MELIPEUCO,3,Gestión de Recursos,Adquisición de material fungible y de oficina,"Gestionar la adquisición de material fungible para el logro de los objetivos curriculares con los estudiantes prioritarios y preferentes, además de garantizar el buen funcionamiento de las entidades administrativas del establecimiento.",Implementación completa: 100%,0,3944562.0,0,0,0,0,0,0,0,3944562,False,0.0,False
107137,20219,COLEGIO BICENTENARIO DE EXCELENCIA ADENAUER,MELIPEUCO,3,Gestión de Recursos,Acercamiento de los estudiantes prioritarios y preferentes al contexto educativo.,"Garantizar la asistencia a clases de los estudiantes prioritarios y preferentes de contextos rurales vulnerables, que no cuentan con alternativas de movilización que los acerque presencialmente al establecimiento. Considerando que la asistencia a clases regularmente es esencial para el logro de los objetivos de aprendizaje, además de garantizar el derecho de acceso a la educación para todos (as).",Implementación completa: 100%,0,51820000.0,0,0,0,0,0,0,0,51820000,False,0.0,False
107138,20219,COLEGIO BICENTENARIO DE EXCELENCIA ADENAUER,MELIPEUCO,3,Gestión de Recursos,Equidad y Pertenencia Escolar a través del Uniforme,"La implementación de uniformes tiene un propósito pedagógico que trasciende su función práctica, contribuyendo al desarrollo integral de los estudiantes y fortaleciendo los valores de la comunidad educativa tales como; la equidad, el refuerzo de la identidad y la pertenencia, disciplina, fortaleciendo los valores comunitarios y el desarrollo de competencias socioemocionales claves.",Implementación completa: 100%,0,3010757.0,0,0,0,0,0,0,0,3010757,False,0.0,False
107139,20219,COLEGIO BICENTENARIO DE EXCELENCIA ADENAUER,MELIPEUCO,3,Gestión de Recursos,Higiene y seguridad en el contexto educativo,"Garantizar la adquisición de insumos de higiene y sanitización para el uso adecuado y seguro de espacios escolares en el contexto educativo, tales como; salas de clases, talleres prácticos, espacios comunes, etc.",Implementación completa: 100%,0,8876530.0,0,0,0,0,0,0,0,8876530,False,0.0,False
107140,20219,COLEGIO BICENTENARIO DE EXCELENCIA ADENAUER,MELIPEUCO,3,Gestión de Recursos,Facilitador a la labor docente,"Gestionar la adquisición de la plataforma de gestión interna y libro de clases digital WEBCLASS, como herramienta facilitadora al cumplimiento de las especificaciones técnicas para el correcto funcionamiento del establecimiento, además de agilizar los tiempos de trabajo con el equipo docente para el cumplimiento de las metas de trabajo interno.",Implementación completa: 100%,0,9000000.0,0,0,0,0,0,0,0,9000000,False,0.0,False
107141,20219,COLEGIO BICENTENARIO DE EXCELENCIA ADENAUER,MELIPEUCO,3,Gestión Pedagógica,Cálculo Mental  Te leo la mente,"La base de esta acción consiste en transmitir a los estudiantes la importancia de realizar rutinas de cálculos operacionales en distintos ambientes de la sala de clase, de forma individual y colectiva. Desarrollando y fortaleciendo habilidades fundamentales para la asignatura pertinente al área y como herramienta de formación transversal.",Implementación completa: 100%,0,0.0,0,0,0,0,0,0,0,0,False,0.0,False
107142,20219,COLEGIO BICENTENARIO DE EXCELENCIA ADENAUER,MELIPEUCO,3,Gestión Pedagógica,Educación ambiental,"Crear un espacio educativo, activo y participativo, dónde los estudiantes puedan aprender temas importantes referentes al medio ambiente, utilizando metodologías activas como talleres prácticos y salidas pedagógicas a terreno. Los temas a tratar incluirán la biodiversidad, el cambio climático, la gestión de residuos, el uso responsable de los recursos naturales,para la certificación medioambiental",Implementación avanzada: 75% a 99%,0,0.0,0,0,0,0,0,0,0,0,False,0.0,False
107143,20219,COLEGIO BICENTENARIO DE EXCELENCIA ADENAUER,MELIPEUCO,3,Gestión Pedagógica,Apoyo a la labor docente en el aula.,"Contar con técnicos de aula en Educación parvularia, primer ciclo de enseñanza básica y parte del segundo, para garantizar de alguna manera el logro de los objetivos curriculares para los estudiantes preferentes y prioritarios, además de brindar apoyo a la labor docente en el aula, en procesos de comunicación familia-escuela y monitoreo constante de los grupos cursos.",Implementación completa: 100%,0,60000000.0,0,0,0,0,0,0,0,60000000,False,0.0,False
107144,20219,COLEGIO BICENTENARIO DE EXCELENCIA ADENAUER,MELIPEUCO,3,Gestión Pedagógica,Apoyo a estudiantes con TEA y SD,"Apoyo a estudiantes con TEA y SD en integración sensorial, por parte de una Terapeura Ocupacional, de modo de regular estado emocional y sensorial de nuestros estudiantes prioritarios y preferentes, dicha acción impactará directamente en sus aprendizajes.",Implementación completa: 100%,0,0.0,0,0,0,0,0,0,0,0,False,0.0,False
107145,20219,COLEGIO BICENTENARIO DE EXCELENCIA ADENAUER,MELIPEUCO,3,Gestión Pedagógica,"Taller de Robótica, Tecnología y digitalización","Enriquecer la calidad educativa y fortalecer las capacidades digitales de los docentes y estudiantes, mediante la integración de herramientas tecnológicas en el entorno educativo. Mediante acciones sistemáticas de capacitación, implementación y encuentros educativos de robótica, tecnología y digitalización, además de implementar recursos tecnológicos como herramientas académicas facilitadoras.",Implementación completa: 100%,0,10500000.0,0,0,0,0,0,0,0,10500000,False,0.0,False
107146,20219,COLEGIO BICENTENARIO DE EXCELENCIA ADENAUER,MELIPEUCO,3,Gestión Pedagógica,Sensibilización a la comunidad educativa.,"Educar,  informar y capacitar sobre las NEE, a través de talleres o jornadas de trabajo práctico con docentes, profesionales y técnicos de aula, además de coordinar y articular con otras asignaturas que no cuenten con apoyo en aula común, de manera de informar y entregar sugerencias respecto a estrategias exitosas.",Implementación completa: 100%,0,0.0,0,0,0,0,0,0,0,0,False,0.0,False
107147,20219,COLEGIO BICENTENARIO DE EXCELENCIA ADENAUER,MELIPEUCO,3,Gestión Pedagógica,Fortalecimiento de competencias técnicas,"Generar instancias de certificaciones con el fin de fortalecer las competencias técnicas de los estudiantes prioritarios y preferentes de la modalidad técnica pedagógica (Servicios de hotelería), en aspectos fundamentales para el desarrollo de habilidades y herramientas en las áreas de hotelería, gastronomía y/o turismo.",Implementación completa: 100%,0,6500000.0,0,0,0,0,0,0,0,6500000,False,0.0,False
107148,20219,COLEGIO BICENTENARIO DE EXCELENCIA ADENAUER,MELIPEUCO,3,Gestión Pedagógica,Fortalecimiento a la labor docente y asistentes de la educación.,"Generar instancias de capacitación en torno a las necesidades pesquisadas en las jornadas de reflexión, para el equipo docente y asistentes de la educación que tengan impacto directo en el aula con los estudiantes.",Implementación completa: 100%,0,6000000.0,0,0,0,0,0,0,0,6000000,False,0.0,False
107149,20219,COLEGIO BICENTENARIO DE EXCELENCIA ADENAUER,MELIPEUCO,3,Gestión Pedagógica,Desarrollo y avance en el dominio lector,"Se realiza un plan estratégico/articulado de desarrollo y avance en el dominio lector de los y las estudiantes en los niveles de 1st blue a 12th, a partir de la evaluación periódica, ejercitación de lectura en clases y en los hogares, publicación y análisis de resultados a nivel interno del establecimiento.",Implementación completa: 100%,0,0.0,0,0,0,0,0,0,0,0,False,0.0,False
107150,20219,COLEGIO BICENTENARIO DE EXCELENCIA ADENAUER,MELIPEUCO,3,Gestión Pedagógica,Acompañamiento al proceso de lectoescritura primer ciclo de enseñanza básica.,"Realizar acompañamiento, monitoreo y trabajo personalizado con estudiantes del primer ciclo de enseñanza básica (1st Blue, 2nd Yellow, 3rd Orange y 4th Violet) para fortalecer las habilidades y conocimientos esenciales que permitan garantizar el cumplimiento de los objetivos pedagógico de los estudiantes prioritarios y preferentes descendidos en dicho aspectos y requieren nivelación.",Implementación completa: 100%,0,0.0,0,0,0,0,0,0,0,0,False,0.0,False
107151,20219,COLEGIO BICENTENARIO DE EXCELENCIA ADENAUER,MELIPEUCO,3,Gestión Pedagógica,Trabajo por departamentos y articulaciones.,"Planificación y ejecución de actividades internas que realizará cada departamento durante el año escolar, dando respuesta tanto a los objetivos curriculares y de la formación integral de los estudiantes.",Implementación completa: 100%,0,13487260.0,0,0,0,0,0,0,0,13487260,False,0.0,False
107152,20219,COLEGIO BICENTENARIO DE EXCELENCIA ADENAUER,MELIPEUCO,3,Liderazgo,Talleres extraprogramáticos,"Gestionar y garantizar la implementación de diversos talleres extraprogramáticos en diferentes áreas de desarrollo, con el fin de ampliar las oportunidades de crecimiento personal, emocional, cultural y social de los estudiantes. destacando las áreas de música, interculturalidad, habilidades en el idioma extranjero inglés, green team, fútbol, gimnasia, danza, basquetbol, ajedrez, etc.",Implementación completa: 100%,0,20000000.0,0,0,0,0,0,0,0,20000000,False,0.0,False
107153,20219,COLEGIO BICENTENARIO DE EXCELENCIA ADENAUER,MELIPEUCO,3,Liderazgo,Gestión para el trabajo en redes,"Establecer vínculos formales mediante firmas de convenios de colaboración y participación con entidades educativas y/o vinculación con el medio, con el objetivo de facilitar la incorporación de los diferentes departamentos del establecimiento en trabajo colaborativo y educativo dependiendo de las necesidades y requerimientos a fines.",Implementación completa: 100%,0,5000000.0,0,0,0,0,0,0,0,5000000,False,0.0,False
107154,20219,COLEGIO BICENTENARIO DE EXCELENCIA ADENAUER,MELIPEUCO,3,Liderazgo,Gestión de recurso humano,"Gestionar, administrar y garantizar los recursos necesarios para la incorporación de personal profesional idóneo que garantice el correcto funcionamiento de los distintos departamentos del establecimiento.",Implementación completa: 100%,0,168907662.0,0,0,0,0,0,0,0,168907662,False,0.0,False
107155,20219,COLEGIO BICENTENARIO DE EXCELENCIA ADENAUER,MELIPEUCO,3,Liderazgo,Fortalecimiento de la labor del profesor jefe,"Establecer un departamento que comprenda todas las jefaturas docentes en todos los niveles de enseñanza del establecimiento, con el fin de establecer metas, estrategias de trabajo vinculadas a la participación de familias en reuniones, unificación de criterios de trabajo, desarrollo de tablas de reuniones, etc. Para ello también, se establecen profesores encargados del departamento y jefaturas.",Implementación completa: 100%,0,9600000.0,0,0,0,0,0,0,0,9600000,False,0.0,False
115732,25017,ESC. BAS. PATR. WILLINS HOOVER KURT,LA CISTERNA,3,Convivencia Escolar,Plan de Actos y Premiaciones Hooverianas,"El establecimiento implementa un Plan de Premiaciones, reconocimiento de logros, actos, y participación en concursos.",Implementación avanzada: 75% a 99%,0,5000000.0,0,0,0,0,0,0,0,5000000,False,0.0,False
115733,25017,ESC. BAS. PATR. WILLINS HOOVER KURT,LA CISTERNA,3,Convivencia Escolar,Plan de Gestión de la Convivencia Escolar,"Elaborar y monitorear de forma sistemática, la ejecución del Plan de Convivencia Escolar para el logro de los objetivos formativos.",Implementación avanzada: 75% a 99%,0,5000000.0,0,0,0,0,0,0,0,5000000,False,0.0,False
115734,25017,ESC. BAS. PATR. WILLINS HOOVER KURT,LA CISTERNA,3,Convivencia Escolar,Mejorando Espacios para la Sana Convivencia,"Implementación y mejoramiento de espacios para generar un ambiente de sana convivencia que potencie los aprendizajes socioemocionales y espirituales, que vayan en ayuda del logro de los aprendizajes curriculares.",Implementación avanzada: 75% a 99%,0,25000000.0,0,0,0,0,0,0,0,25000000,False,0.0,False
115735,25017,ESC. BAS. PATR. WILLINS HOOVER KURT,LA CISTERNA,3,Convivencia Escolar,Mejorando la Calidad de Vida Hooveriana,"Diseño y ejecución del Plan Integral de Mejoramiento de la calidad de vida de nuestra Comunidad Hooveriana, el cual contempla la ejecución de diversas acciones que permitan incrementar el logro de los distintos criterios que evalúa el DIA socioemocional y los IDPS.",Implementación avanzada: 75% a 99%,0,5000000.0,0,0,0,0,0,0,0,5000000,False,0.0,False
115736,25017,ESC. BAS. PATR. WILLINS HOOVER KURT,LA CISTERNA,3,Convivencia Escolar,Plan de Apoyo Espiritual,"La unidad de Coordinación Espiritual, compuesta por la Encargada y los Pastores Asistentes, mejoran las acciones establecidas y planifican nuevas acciones, a fin de dar continuidad al objetivo de potenciar el sello educativo y la formación cristiana de nuestros estudiantes a través de la Asistencia Espiritual.",Implementación avanzada: 75% a 99%,0,4000000.0,0,0,0,0,0,0,0,4000000,False,0.0,False
115737,25017,ESC. BAS. PATR. WILLINS HOOVER KURT,LA CISTERNA,3,Gestión de Recursos,Plataformas de Gestión Académica,"Plataforma de Gestión Académica y Administrativa que facilita el manejo de la información necesaria para la toma de decisiones certera con implicancia en los aprendizajes. Aprovechamiento de los recursos propuestos para la gestión de matricula, asistencia, informe  de notas, anotaciones, certificados, repitencia, retención escolar, entre otros beneficios.",Implementación avanzada: 75% a 99%,0,15000000.0,0,0,0,0,0,0,0,15000000,False,0.0,False
115738,25017,ESC. BAS. PATR. WILLINS HOOVER KURT,LA CISTERNA,3,Gestión de Recursos,Plan Local de Desarrollo Profesional,"El equipo directivo, en acuerdo con el Sostenedor, gestiona y financia instancias de desarrollo profesional y técnico, como capacitaciones, pasantías, mentorías o talleres de acuerdo con las necesidades y prioridades definidas. Con foco en la mejora de las prácticas docentes y mejora de los IDPS y DIA.",Implementación avanzada: 75% a 99%,0,12000000.0,0,0,0,0,0,0,0,12000000,False,0.0,False
115739,25017,ESC. BAS. PATR. WILLINS HOOVER KURT,LA CISTERNA,3,Gestión de Recursos,Bono de Incentivo al Desempeño,"Bonificación entregada por protocolo para los funcionarios de acuerdo a metas institucionales y Pautas de Evaluación por área, enmarcadas en un plan de evaluaciones de desempeño Semestral.",Implementación inicial: 1% a 24%,0,8000000.0,0,0,0,0,0,0,0,8000000,False,0.0,False
115740,25017,ESC. BAS. PATR. WILLINS HOOVER KURT,LA CISTERNA,3,Gestión de Recursos,Extensiones Horarias SEP,Contratación de extensiones horarias para llevar a cabo las acciones comprometidas en el PME,Implementación avanzada: 75% a 99%,0,60000000.0,0,0,0,0,0,0,0,60000000,False,0.0,False
115741,25017,ESC. BAS. PATR. WILLINS HOOVER KURT,LA CISTERNA,3,Gestión de Recursos,Insumos administrativos,Adquisición de insumos administrativos necesarios para la gestión y respaldo de las acciones planteadas en el PME,Implementación avanzada: 75% a 99%,0,12000000.0,0,0,0,0,0,0,0,12000000,False,0.0,False
115742,25017,ESC. BAS. PATR. WILLINS HOOVER KURT,LA CISTERNA,3,Gestión de Recursos,Gastos operacionales para la ejecución de acciones,"Gastos en recursos operacionales para ejecución de las acciones del PME. Pago Bencina, Colaciones, Cargas de Tarjeta BIP y Estacionamiento, necesarios para la ejecución de  acciones del PME.",Implementación avanzada: 75% a 99%,0,5000000.0,0,0,0,0,0,0,0,5000000,False,0.0,False
115743,25017,ESC. BAS. PATR. WILLINS HOOVER KURT,LA CISTERNA,3,Gestión Pedagógica,Reforzando Aprendizajes,"Refuerzo de los aprendizajes académicos y socioemocionales a través de un Plan de Salidas pedagógicas y Talleres de Libre Elección, a fin de producir aprendizajes significativos.",Implementación avanzada: 75% a 99%,0,6000000.0,0,0,0,0,0,0,0,6000000,False,0.0,False
115744,25017,ESC. BAS. PATR. WILLINS HOOVER KURT,LA CISTERNA,3,Gestión Pedagógica,Diversificando los Instrumentos de Evaluación,"Los docentes planifican y ejecutan instrumentos de evaluación diversificados, considerando que representen al menos el 40% de las calificaciones de la asignatura semestralmente.",Implementación avanzada: 75% a 99%,0,2000000.0,0,0,0,0,0,0,0,2000000,False,0.0,False
115745,25017,ESC. BAS. PATR. WILLINS HOOVER KURT,LA CISTERNA,3,Gestión Pedagógica,Monitoreo de los Aprendizajes,"El equipo de gestión, monitorea la cobertura curricular y el logro de los aprendizajes a través de mediciones en plataformas, en fase inicial, intermedia y final. En Lenguaje, Matemática, de 1° a 8° Básico a fin de generar las remediales necesarias para la mejora educativa",Implementación avanzada: 75% a 99%,0,0.0,0,0,0,0,0,0,0,0,False,0.0,False
115746,25017,ESC. BAS. PATR. WILLINS HOOVER KURT,LA CISTERNA,3,Gestión Pedagógica,Acompañamiento y Retroalimentación Docente,"Acompañamiento a docentes de PB a 8°, con foco en la identificación de prácticas exitosas que propendan al mejoramiento del logro de los aprendizajes.",Implementación avanzada: 75% a 99%,0,2000000.0,0,0,0,0,0,0,0,2000000,False,0.0,False
115747,25017,ESC. BAS. PATR. WILLINS HOOVER KURT,LA CISTERNA,3,Gestión Pedagógica,Plan de Reactivación de los Aprendizajes,"Un equipo docente, conformado por la Educadora Diferencial y el Docente Generalista, diseña y ejecuta el Plan de Reactivación de los Aprendizajes según el Decreto 67, para apoyar a estudiantes repitentes, en riesgo de repitencia y con brechas de aprendizaje, mediante estrategias pedagógicas inclusivas y diferenciadas que favorecen su nivelación y progreso académico.",Implementación avanzada: 75% a 99%,0,4000000.0,0,0,0,0,0,0,0,4000000,False,0.0,False
115748,25017,ESC. BAS. PATR. WILLINS HOOVER KURT,LA CISTERNA,3,Gestión Pedagógica,Estrategias de Enseñanza y Aprendzajes activas,"Se estandarizarán prácticas exitosas de estrategias de enseñanza- aprendizaje activas hasta octavo, como por ejemplo: activación de conocimientos, rutinas de pensamiento, desafíos matemáticos, resolución de problemas, pensamiento crítico, fundamentación de respuestas  y opiniones, cierre, etc.",Implementación adecuada: 50% a 74%,0,2000000.0,0,0,0,0,0,0,0,2000000,False,0.0,False
115749,25017,ESC. BAS. PATR. WILLINS HOOVER KURT,LA CISTERNA,3,Liderazgo,Comunidad de Aprendizaje,"El director promueve y modela el trabajo colaborativo en su EE,  mediante:  - Instancias de aprendizaje y discusión técnica entre pares para compartir desafíos pedagógicos, conocimientos y prácticas.  - Sistemas de intercambio, creación, reutilización , adaptación y mejora de los recursos educativos desarrollados por los docentes, como guías,  presentaciones audiovisuales, pruebas, entre otros",Implementación avanzada: 75% a 99%,0,2000000.0,0,0,0,0,0,0,0,2000000,False,0.0,False
115750,25017,ESC. BAS. PATR. WILLINS HOOVER KURT,LA CISTERNA,3,Liderazgo,Monitoreo del PME,"Utilizando el recurso entregado por mineduc o plataforma digital, se realiza seguimiento de las acciones del PME, a fin de asegurar su cumplimiento e impacto.",Implementación avanzada: 75% a 99%,0,2000000.0,0,0,0,0,0,0,0,2000000,False,0.0,False
115751,25017,ESC. BAS. PATR. WILLINS HOOVER KURT,LA CISTERNA,3,Liderazgo,Convenio de Desempeño Directivo,"El sostenedor, en acuerdo con los directores de los establecimientos a  su cargo, establecen por escrito en el convenio de desempeño metas  desafiantes y alcanzables que deben cumplir en plazos determinados, en las áreas de liderazgo, gestión pedagógica, formación y convivencia, y gestión de recursos.",Implementación avanzada: 75% a 99%,0,2000000.0,0,0,0,0,0,0,0,2000000,False,0.0,False
117323,25265,COLEGIO ANTIL MAWIDA,LA CISTERNA,3,Convivencia Escolar,AUTOCUIDADO EN LOS DOCENTES,Se contratan servicios de Kinesiólogo y otros profesionales para apoyo a los docentes.,Implementación completa: 100%,0,1500000.0,0,0,0,0,0,0,0,1500000,False,0.0,False
117324,25265,COLEGIO ANTIL MAWIDA,LA CISTERNA,3,Convivencia Escolar,FORTALECIMENTO DE ROLES PARENTALES,"Se organizan y planifican talleres para el fortalecimiento de roles parentales, dirigido a padres y apoderados.   Fecha Inicio 31/3/2023  Fecha Término 21/11/2023  Responsable: Equipo de gestión   Recursos Necesarios: Materiales de oficina. Otros gastos de operación",Implementación completa: 100%,0,100000.0,0,0,0,0,0,0,0,100000,False,0.0,False
117325,25265,COLEGIO ANTIL MAWIDA,LA CISTERNA,3,Convivencia Escolar,RESPETO Y SANA CONVIVENCIA,"Se implementan actividades que permitan, a los estudiantes, validar sellos institucionales y personales.",Implementación completa: 100%,0,500000.0,0,0,0,0,0,0,0,500000,False,0.0,False
117326,25265,COLEGIO ANTIL MAWIDA,LA CISTERNA,3,Convivencia Escolar,TALLERES EXTRAPROGRAMÀTICOS Y SALIDAS PEDAGÒGICAS,"Establecer actividades de talleres extraprogramáticos para estudiantes como baby fútbol femenino, taller música instrumental y otros y salidas pedagògicas.",Implementación completa: 100%,0,12000000.0,0,0,0,0,0,0,0,12000000,False,0.0,False
117327,25265,COLEGIO ANTIL MAWIDA,LA CISTERNA,3,Convivencia Escolar,AUTOCUIDADO EN LOS ESTUDIANTES,Establecer actividades de apoyo a los estudiantes en los temas de la contingencia de salud y prevención del consumo de drogas y alcohol. Desarrollo de talleres de Sexualidad afectividad y género a cargo de especialistas.,Implementación completa: 100%,0,1000000.0,0,0,0,0,0,0,0,1000000,False,0.0,False
117328,25265,COLEGIO ANTIL MAWIDA,LA CISTERNA,3,Convivencia Escolar,SELLOS INSTITUCIONALES Y OTROS INDICADORES DE CALIDAD,"Se realizan actividades que potencien los sellos institucionales y otros indicadores de calidad en la comunidad educativa con foco en el cuidado del medio ambiente, vida saludable, responsabilidad, asistencia, identidad, mejora continua de aprendizajes y otros con incentivos a los estudiantes.",Implementación completa: 100%,0,7000000.0,0,0,0,0,0,0,0,7000000,False,0.0,False
117329,25265,COLEGIO ANTIL MAWIDA,LA CISTERNA,3,Convivencia Escolar,TRABAJO COLABORATIVO,Establecer acciones relacionadas con el trabajo colaborativo en la resolución de conflictos y situaciones emergentes.,Implementación completa: 100%,0,200000.0,0,0,0,0,0,0,0,200000,False,0.0,False
117330,25265,COLEGIO ANTIL MAWIDA,LA CISTERNA,3,Convivencia Escolar,APOYO DE EQUIPO MULTIDISCIPLIARIO,Mantener el apoyo de especialistas y coordinadores en la gestión escolar y la gestión de aula en coordinación con el P.I.E. y en consecuencia con el P.E.I. con participación de especialistas en Consejo de profesores o Jornadas de reflexión.,Implementación completa: 100%,0,21240000.0,0,0,0,0,0,0,0,21240000,False,0.0,False
117331,25265,COLEGIO ANTIL MAWIDA,LA CISTERNA,3,Gestión de Recursos,ENCARGADO DE CONVIVENCIA ESCOLAR,Mantener un encargado de Convivencia escolar para llevar a cabo los objetivos del Plan de Convivencia escolar y sus protocolos.,Implementación completa: 100%,0,10970000.0,0,0,0,0,0,0,0,10970000,False,0.0,False
117332,25265,COLEGIO ANTIL MAWIDA,LA CISTERNA,3,Gestión de Recursos,CAPACITACIÒN DEL RECURSO HUMANO,"Los docentes, asistentes de la educación y otros funcionarios son capacitados de acuerdo a la planificación teniendo como base los temas relacionados con educación inclusiva y respuesta educativa a la diversidad y a las NEE de los estudiantes por medio de: Talleres de reflexión y monitoreados por profesionales del establecimiento",Implementación completa: 100%,0,250000.0,0,0,0,0,0,0,0,250000,False,0.0,False
117333,25265,COLEGIO ANTIL MAWIDA,LA CISTERNA,3,Gestión de Recursos,APOYO EXTERNO EN PLATAFORMAS,Se destinan recursos para contratación de apoyo externo con horas para ingreso de datos a plataformas PME MINEDUC y DOCENTE MAS.,Implementación completa: 100%,0,5000000.0,0,0,0,0,0,0,0,5000000,False,0.0,False
117334,25265,COLEGIO ANTIL MAWIDA,LA CISTERNA,3,Gestión de Recursos,COMUNICACIÒN DIGITAL,Mantención de recursos digitales como la página web.  Otros gastos de operación.,Implementación completa: 100%,0,15000000.0,0,0,0,0,0,0,0,15000000,False,0.0,False
117335,25265,COLEGIO ANTIL MAWIDA,LA CISTERNA,3,Gestión de Recursos,EQUIPO ADMINISTRATIVO SEP,"Contratación de personal para conformar un equipo administrativo de apoyo a la adquisición de recursos didácticos, de aprendizajes, fotocopias y elaboración de documentos y otros.",Implementación completa: 100%,0,34600000.0,0,0,0,0,0,0,0,34600000,False,0.0,False
117336,25265,COLEGIO ANTIL MAWIDA,LA CISTERNA,3,Gestión de Recursos,REPOSICIÓN DE MEDIOS PARA LA GESTIÓN DE AULA,Se establece programa de adquisición y mantención   de recursos de aprendizajes.,Implementación completa: 100%,0,5000000.0,0,0,0,0,0,0,0,5000000,False,0.0,False
117337,25265,COLEGIO ANTIL MAWIDA,LA CISTERNA,3,Gestión Pedagógica,ADECUACIONES CURRICULARES,"Se establece apoyo a los estudiantes P.I.E. que se encuentran bajo el nivel de rendimiento adecuado, en prebásica hasta Ed. Media.",Implementación completa: 100%,0,50000.0,0,0,0,0,0,0,0,50000,False,0.0,False
117338,25265,COLEGIO ANTIL MAWIDA,LA CISTERNA,3,Gestión Pedagógica,EQUIPOS DE AULA CON P.I.E.,Se organizan horarios de los docentes de cursos que cuentaN con especial atención de P.I.E,Implementación completa: 100%,0,250000.0,0,0,0,0,0,0,0,250000,False,0.0,False
117339,25265,COLEGIO ANTIL MAWIDA,LA CISTERNA,3,Gestión Pedagógica,INFORMACIÒN DE P.I.E. A LA COMUNIDAD,El Equipo P.I.E. implementa acciones de comunicación fluida con apoderados acerca de diagnóstico y resultados de la atención de sus hijos.,Implementación completa: 100%,0,250000.0,0,0,0,0,0,0,0,250000,False,0.0,False
117340,25265,COLEGIO ANTIL MAWIDA,LA CISTERNA,3,Gestión Pedagógica,PLANIFICACIÓN CURRICULAR Y REACTIVACION EDUCATIVA,"Con base en los Objetivos de aprendizaje de Lenguaje y Matemática y aspectos socioemocionales, se establece apoyo a los docentes y Equipo de gestión.",Implementación completa: 100%,0,250000.0,0,0,0,0,0,0,0,250000,False,0.0,False
117341,25265,COLEGIO ANTIL MAWIDA,LA CISTERNA,3,Gestión Pedagógica,PROGRAMA DE LECTURA COMPRENSIVA,Implementar un plan de lectura comprensiva de primero básico a cuarto medio,Implementación completa: 100%,0,250000.0,0,0,0,0,0,0,0,250000,False,0.0,False
117342,25265,COLEGIO ANTIL MAWIDA,LA CISTERNA,3,Gestión Pedagógica,MONITOREO AL AULA Y RETROALIMENTACIÓN,Establecer pautas de monitoreo y retroalimentación en el aula para detectar y mejora la adquisición de habilidades de los estudiantes.,Implementación completa: 100%,0,250000.0,0,0,0,0,0,0,0,250000,False,0.0,False
117343,25265,COLEGIO ANTIL MAWIDA,LA CISTERNA,3,Gestión Pedagógica,ARTICULACIÒN DE KINDER CON PRIMER CICLO BÀSICO,Se implementa acción para articulación de Ed. Prebásica y primer ciclo básico.,Implementación completa: 100%,0,250000.0,0,0,0,0,0,0,0,250000,False,0.0,False
117344,25265,COLEGIO ANTIL MAWIDA,LA CISTERNA,3,Gestión Pedagógica,APOYO A LA GESTIÓN DE AULA,Se destinan horas de asistentes de aula. profesores de reforzamiento y otras funciones técnicas para apoyo al aula.,Implementación completa: 100%,0,80000000.0,0,0,0,0,0,0,0,80000000,False,0.0,False
117345,25265,COLEGIO ANTIL MAWIDA,LA CISTERNA,3,Liderazgo,MARCO DE LA BUENA ENSEÑANZA,Revisar y analizar las Dimensiones y criterios del Marco de la Buena Enseñanza con foco en la Evaluación docente.,Implementación completa: 100%,0,50000.0,0,0,0,0,0,0,0,50000,False,0.0,False
117346,25265,COLEGIO ANTIL MAWIDA,LA CISTERNA,3,Liderazgo,ACTUALIZACIÒN DEL PROYECTO EDUCATIVO Y SUS REGLAMENTOSY PME Y PLANES ASOCIADOS,"El equipo de gestiòn conducirá un proceso que concluya con la incorporación en la visión, misión y estrategias del PEI, el enfoque inclusivo de la educación con foco en Reglamento y Planes Asociados del PME.  Plan de Gestión de la Convivencia Escolar - Plan de Apoyo a la Inclusión - Plan de Sexualidad, Afectividad y Género Plan de Formación Ciudadana",Implementación completa: 100%,0,100000.0,0,0,0,0,0,0,0,100000,False,0.0,False
117347,25265,COLEGIO ANTIL MAWIDA,LA CISTERNA,3,Liderazgo,.JORNADAS DE REFLEXIÓN DOCENTE,Mantener las jornadas de reflexión docente que conduzcan a evaluar y retroalimentar la gestión de aula y las prácticas pedagógicas.,Implementación completa: 100%,0,250000.0,0,0,0,0,0,0,0,250000,False,0.0,False
117348,25265,COLEGIO ANTIL MAWIDA,LA CISTERNA,3,Liderazgo,CONTENCIÒN EMOCIONAL A DOCENTES,Se desarrollan actividades de contención emocional a docentes en las jornadas de reflexión con apoyo de Psicóloga del establecimiento.,Implementación completa: 100%,0,500000.0,0,0,0,0,0,0,0,500000,False,0.0,False
117349,25265,COLEGIO ANTIL MAWIDA,LA CISTERNA,3,Liderazgo,REVINCULACIÒN ESTUDIANTIL,Descripción. Implementar acciones que permitan mejorar la asistencia y permanencia educativa detectando situaciones de riesgo de exclusión revinculado a los estudiantes que no están asistiendo a clases.,Implementación completa: 100%,0,50000.0,0,0,0,0,0,0,0,50000,False,0.0,False
118808,25480,COLEGIO JOSE LUIS LEGRANGE DE LA CISTERNA,LA CISTERNA,3,Convivencia Escolar,Responden diagnóstico en Convivencia Escolar,La comunidad educativa responde a un cuestionario sobre Convivencia Escolar propuesto según las orientaciones ministeriales para elaborar el Plan de Gestión de la convivencia Escolar.,Implementación completa: 100%,0,0.0,0,0,0,0,0,0,0,0,False,0.0,False
118809,25480,COLEGIO JOSE LUIS LEGRANGE DE LA CISTERNA,LA CISTERNA,3,Convivencia Escolar,Elaboración Plan de Gestión convivencia escolar,"Los docentes y equipo directivo elaboran (actualizan) el Plan de Gestión de la Convivencia Escolar, en consejos de profesores, siguiendo las Orientaciones ministeriales y el resultado del diagnóstico realizado en los diferentes estamentos de la comunidad educativa.",Implementación inicial: 1% a 24%,0,0.0,0,0,0,0,0,0,0,0,False,0.0,False
118810,25480,COLEGIO JOSE LUIS LEGRANGE DE LA CISTERNA,LA CISTERNA,3,Gestión de Recursos,Evaluación del personal,"El equipo Directivo elabora pautas de autoevaluación y posterior evaluación diseñadas para retroalimentar los roles y funciones de los trabajadores y establecer compromisos de mejora, reconocer logros y felicitar al desempeño.",Implementación inicial: 1% a 24%,0,0.0,0,0,0,0,0,0,0,0,False,0.0,False
118811,25480,COLEGIO JOSE LUIS LEGRANGE DE LA CISTERNA,LA CISTERNA,3,Gestión de Recursos,Jornada de revisión de roles y funciones de los trabajadores,"En jornada de trabajo, el equipo directivo expone los roles y funciones del personal y realiza taller de análisis y reflexión según estamentos, con el objetivo que cada trabajador tenga claridad de sus roles y funciones.",Implementación no efectuada: 0%,0,0.0,0,0,0,0,0,0,0,0,False,0.0,False
118812,25480,COLEGIO JOSE LUIS LEGRANGE DE LA CISTERNA,LA CISTERNA,3,Gestión Pedagógica,Acompañamiento docente en aula,"Un miembro del equipo docente directivo y docente de aula, realiza observación en aula con una pauta previamente consensuada con el docente y posterior a esto se realiza la retroalimentación de lo observado.",Implementación inicial: 1% a 24%,0,0.0,0,0,0,0,0,0,0,0,False,0.0,False
118813,25480,COLEGIO JOSE LUIS LEGRANGE DE LA CISTERNA,LA CISTERNA,3,Gestión Pedagógica,Aplicación de estrategias de aprendizaje.,"Los docentes en conjunto a Coordinación Académica aplican estrategias de aprendizaje a los estudiantes de acuerdo a los resultados obtenidos en las pruebas SIMCE,  DIA  y evaluaciones de proceso.",Implementación parcial: 25% a 49%,0,0.0,0,0,0,0,0,0,0,0,False,0.0,False
118814,25480,COLEGIO JOSE LUIS LEGRANGE DE LA CISTERNA,LA CISTERNA,3,Liderazgo,Jornadas de resultados Socioemocionales y de convivencia,"En consejo de profesores, el equipo directivo analiza los resultados del establecimiento en las pruebas DIA socioemocional, de Convivencia Escolar en el informe IDPS del SIMCE.",Implementación adecuada: 50% a 74%,0,0.0,0,0,0,0,0,0,0,0,False,0.0,False
118815,25480,COLEGIO JOSE LUIS LEGRANGE DE LA CISTERNA,LA CISTERNA,3,Liderazgo,Jornadas de análisis de resultados,"En consejo de profesores, el equipo directivo analiza los resultados del establecimiento en las pruebas DIA, SIMCE y evaluaciones internas,  para establecer acuerdos de mejora.",Implementación parcial: 25% a 49%,0,0.0,0,0,0,0,0,0,0,0,False,0.0,False
122164,25995,CENTRO POLITEC. CARLOS CONDELL DE LA CISTERNA,LA CISTERNA,3,Convivencia Escolar,Promoción de la vida saludable y prevención de conductas de riesgos,"A través de una planificación de actividades mensuales con tematicas por periodo, se implementarán diversas actividades que fomenten conductas de vida saludable y de prevención de riesgos, relevando el autocuidado tanto en el ámbito físico como mental, considerando la vida afectiva, sexual y género.",Implementación avanzada: 75% a 99%,0,1500000.0,0,0,0,0,0,0,0,1500000,False,0.0,False
122165,25995,CENTRO POLITEC. CARLOS CONDELL DE LA CISTERNA,LA CISTERNA,3,Convivencia Escolar,Apoyo psicosocial o multidisciplinario,"Se apoyará y se realizará seguimiento a estudiantes con dificultades socioemcionales que afectan sus aprendizajes mediante actividades que le permitan integrarse y mejorar su autoestima académica con el seguimiento de especialistas acorde a la necesidad del estudiantes, estos pueden ser psicologos, terapeuta ocupacional, asistente social. Además de entregar estrategias a docentes que los atienden.",Implementación completa: 100%,0,21000000.0,0,0,0,0,0,0,0,21000000,False,0.0,False
122166,25995,CENTRO POLITEC. CARLOS CONDELL DE LA CISTERNA,LA CISTERNA,3,Convivencia Escolar,"Espacios de contención, recreación y aprendizaje socioemocional","Se dispondrá de espacios para desarrollar habilidades socioemocionales, a través de actividades que promuevan la recreación y el aprendizaje socioemocional, favoreciendo la mejora de la sana convivencia, relaciones interpersonales, además de generar un espacio seguro para la contención de estudiantes con alguna regulación emocional,",Implementación avanzada: 75% a 99%,0,25000000.0,0,0,0,0,0,0,0,25000000,False,0.0,False
122167,25995,CENTRO POLITEC. CARLOS CONDELL DE LA CISTERNA,LA CISTERNA,3,Convivencia Escolar,"Participación, sentido de pertenencia y sana convivencia","Se llevarán a cabo actividades que promuevan el sentido de pertenencia con la comunidad eductiva, apuntando a la mejora de la convivencia y su consecuente impacto en el bienestar y rendimiento académico. Dichas actividades promueven el compromiso, responsabilidad, sana convivencia entre otros aspectos que aportan a la formación integral de nuestros estudiantes y mienbros de la comunidad.",Implementación avanzada: 75% a 99%,0,14000000.0,0,0,0,0,0,0,0,14000000,False,0.0,False
122168,25995,CENTRO POLITEC. CARLOS CONDELL DE LA CISTERNA,LA CISTERNA,3,Convivencia Escolar,Actividades Extracurriculares,"De acuerdo a los intereses de nuestros/as estudiantes, y en relación al sello formación integral, se realizarán actividades extracurriculares en distintos ámbitos: deportivos, culturales, artísticos, entre otros, con el fin de promover valores institucionales, la participación y el compañerismo. Además fomentar la participación representativa del establecimiento en actividades internas y externas",Implementación completa: 100%,0,24000000.0,0,0,0,0,0,0,0,24000000,False,0.0,False
122169,25995,CENTRO POLITEC. CARLOS CONDELL DE LA CISTERNA,LA CISTERNA,3,Gestión de Recursos,Perfeccionamientos,"Promover el desarrollo profesional de docentes, asistentes y directivos, según necesidades inherentes a sus funciones, o emanadas de las necesidades de aprendizaje de los y las estudiantes o al diagnóstico institucional, mediante capacitaciones internas o ecternas, que permitan la  la reflexión y retroalimentación permanete para la mejora.",Implementación avanzada: 75% a 99%,0,200000.0,0,0,0,0,0,0,0,200000,False,0.0,False
122170,25995,CENTRO POLITEC. CARLOS CONDELL DE LA CISTERNA,LA CISTERNA,3,Gestión de Recursos,Recursos Educativos,"Considerando las necesidades requeridas por distintos estamentos de la gestión institucional y académica, se tendrá a disposición una multiplicidad de insumos o recursos educativos para el desarrollo de los aprendizajes y actividades académicas, culturales, deportivas entre otras, que permita ejecutar la programación.",Implementación completa: 100%,0,11000000.0,0,0,0,0,0,0,0,11000000,False,0.0,False
122171,25995,CENTRO POLITEC. CARLOS CONDELL DE LA CISTERNA,LA CISTERNA,3,Gestión de Recursos,"Mantención, adquisición y reposición de recursos para el aprendizaje","De manera mensual se monitorea y gestiona la adquisición o reparación de insumos educativos y/o recursos tecnológicos, para que se encuentren en óptimo estado para el desarrollo de aprendizajes.",Implementación avanzada: 75% a 99%,0,24000000.0,0,0,0,0,0,0,0,24000000,False,0.0,False
122172,25995,CENTRO POLITEC. CARLOS CONDELL DE LA CISTERNA,LA CISTERNA,3,Gestión de Recursos,Recursos Educativos Tecnológicos,"Encargado o encargada de recursos tecnológicos educativos, implementará un plan de uso, mantención y disposición de recursos tecnológicos para el aprendizaje de los y las estudiantes, fomentado y favoreciendo el uso de recursos por parte de funcionarios y/o docentes, facilitando la innovación y mejora de las prácticas. Además de proponer la adquisición de recursos para el aprendizaje.",Implementación completa: 100%,0,21000000.0,0,0,0,0,0,0,0,21000000,False,0.0,False
122173,25995,CENTRO POLITEC. CARLOS CONDELL DE LA CISTERNA,LA CISTERNA,3,Gestión de Recursos,"Fomento lector, actualización y mejoramiento de recursos CRA","Encargada CRA, gestiona acciones de fomento lector en conjunto con docentes de distintgas asignaturas, adquiriendo y utilizando recursos para el desarrollo de habilidades, interés y hábito lector. Además propone actualización y mejoramiento de recursos y/o espacios para desarrollar habilidades a través de actividades lúdicas e innovadoras para la adquisicion del aprendizaje y trabajo colaborativo.",Implementación adecuada: 50% a 74%,0,200000.0,0,0,0,0,0,0,0,200000,False,0.0,False
122174,25995,CENTRO POLITEC. CARLOS CONDELL DE LA CISTERNA,LA CISTERNA,3,Gestión Pedagógica,Planificación estratégica y aulas temáticas,"El equipo docente, liderado por su encargado de área, trabajan de manera colaborativa en la planificación, organización y seguimiento de actividades y proyectos de sus áreas, que contemplan estrategias y acciones tendientes a mejorar los resultados de aprendizaje de nuestros estudiantes en las distintas asignatura y módulos. a su vez, el encargado de área estará acompañado por la Jefe de UTP",Implementación avanzada: 75% a 99%,0,48700000.0,0,0,0,0,0,0,0,48700000,False,0.0,False
122175,25995,CENTRO POLITEC. CARLOS CONDELL DE LA CISTERNA,LA CISTERNA,3,Gestión Pedagógica,Orientación vocacional y prosecusión de estudios,"Mediante actividades formativas, se acompañará el proceso de elección vocacional en todos los niveles, pensando en la elección de especailidades como en la prosecución de estudios, a través de actividades como: preuniversitario, chrlas tp, charlas ed. superior, acompañamiento al ingreso a la ed. superior, proceso de elección de especialidad, ferias y visitas entidades de ed. superior, entre otras.",Implementación avanzada: 75% a 99%,0,7000000.0,0,0,0,0,0,0,0,7000000,False,0.0,False
122176,25995,CENTRO POLITEC. CARLOS CONDELL DE LA CISTERNA,LA CISTERNA,3,Gestión Pedagógica,Acompañamiento docente y trabajo colaborativo,"A partir de la articulación del plan DPD y/o convenio Adeco, se fortalecerán prácticas de liderazgo directivo y pedagógicas mediante el acompañamiento y retroalimentación docente, trabajo colaborativo para el análisis y reflexión, especialmente durante las horas no lectivas en función del mejoramiento y crecimiento profesional, con impacto en la mejora de aprendizajes de nuestros estudiante.",Implementación adecuada: 50% a 74%,0,100000.0,0,0,0,0,0,0,0,100000,False,0.0,False
122177,25995,CENTRO POLITEC. CARLOS CONDELL DE LA CISTERNA,LA CISTERNA,3,Gestión Pedagógica,Apoyo psicopedagógico,"Un equipo de psicopedagogía elabora un plan de trabajo para disminuir barreras de aprendizaje en estudiantes con NEE u otras condiciones o necesidades, gestionando diversas acciones, tales como creación de espacios de apoyo, adecuaciones curriculares, diversificación de la enseñanza y evaluación, seguimiento en aula común en asignaturas que lo requiera, principalmente lenguaje y matemáticas.",Implementación completa: 100%,0,27000000.0,0,0,0,0,0,0,0,27000000,False,0.0,False
122178,25995,CENTRO POLITEC. CARLOS CONDELL DE LA CISTERNA,LA CISTERNA,3,Liderazgo,Coordinación estratégica,"A través de un coordinador estratégico, se llevara un seguimiento al funcionamiento diario de las actividades lectivas de todos los cursos y niveles, asegurando la continuidad del proceso educativo, a través de material de aprendizaje, cobertura, reemplazos, gestión de espacios educativos para el correcto uso y funcionamiento, gestión de matrícula , entre otras aspectos de la gestión escolar",Implementación avanzada: 75% a 99%,0,15000000.0,0,0,0,0,0,0,0,15000000,False,0.0,False
122179,25995,CENTRO POLITEC. CARLOS CONDELL DE LA CISTERNA,LA CISTERNA,3,Liderazgo,Apoyo a la gestión pedagógica,"Se apoya el seguimiento y sistematización de los procesos de la gestión académica y escolar, mediante el monitoreo y registros de datos que permitan generar reportes para instaurar una cultura de altas expectativas a partir de la reflexión pedagógica para la mejora de metas propuestas",Implementación avanzada: 75% a 99%,0,12000000.0,0,0,0,0,0,0,0,12000000,False,0.0,False
122180,25995,CENTRO POLITEC. CARLOS CONDELL DE LA CISTERNA,LA CISTERNA,3,Liderazgo,Promoción del vínculo,"Equipo directivo, de gestión y docente gestionan y aplican estrategias efectivas de comunicación y retroalimentación, lo que permitirá mantener el vínculo entre los distintos actores de la comunidad. Además de canalizar la información de manera oprotuna y accesible a toda la comunidad, afianzando el sentido de pertenencia y relaciones de confianza, lo que apunta a la mejora de los procesos.",Implementación completa: 100%,0,4000000.0,0,0,0,0,0,0,0,4000000,False,0.0,False
122181,25995,CENTRO POLITEC. CARLOS CONDELL DE LA CISTERNA,LA CISTERNA,3,Liderazgo,Difusión y seguimiento del PME,"Trimestralmente, se realizará un seguimiento de las acciones planificadas, verificando tiempos de implementación y evaluando el impacto en la comunidad educativa. Además, se realizarán jornada de análisisis, difusión, actualidación de avances y mejoras a realizar con distintos actores de la comunidad.",Implementación adecuada: 50% a 74%,0,100000.0,0,0,0,0,0,0,0,100000,False,0.0,False
123225,26230,ESCUELA ESP. SOL NACIENTE,LA CISTERNA,3,Convivencia Escolar,Talleres de alimentación saludable,"El equipo directivo junto a la comunidad educativa promueve los hábitos de vida saludables mediante talleres de psicomotricidad , talleres de cocina saludable, videos educativos y acciones dirigidas al cuidado del planeta.",Implementación avanzada: 75% a 99%,0,0.0,0,0,0,0,0,0,0,0,False,0.0,False
123226,26230,ESCUELA ESP. SOL NACIENTE,LA CISTERNA,3,Convivencia Escolar,Actualización,"El equipo directivo junto a los docentes leen, revisan y actualizan los protocolos de convivencia y seguridad escolar",Implementación avanzada: 75% a 99%,0,0.0,0,0,0,0,0,0,0,0,False,0.0,False
123227,26230,ESCUELA ESP. SOL NACIENTE,LA CISTERNA,3,Gestión de Recursos,Materiales para la preparación de la enseñanza,El sostenedor otorga los materiales y recursos para llevar a cabo las clases y experiencias de aprendizaje de todos los estudiantes.,Implementación avanzada: 75% a 99%,0,0.0,0,0,0,0,0,0,0,0,False,0.0,False
123228,26230,ESCUELA ESP. SOL NACIENTE,LA CISTERNA,3,Gestión de Recursos,Gestión de personal,los docentes y asistentes de la educación realizaran una autoevaluación y su retroalimentación al final de cada semestre.,Implementación avanzada: 75% a 99%,0,0.0,0,0,0,0,0,0,0,0,False,0.0,False
123229,26230,ESCUELA ESP. SOL NACIENTE,LA CISTERNA,3,Gestión Pedagógica,Reflexión,"El equipo técnico y docente participa en jornadas de reflexión donde se conocen los lineamientos de las planificaciones las cuales deben estar alineadas con las unidades mensuales, planificación mensual y BCEP, al mismo tiempo debe contener los tres momentos de la clase.",Implementación avanzada: 75% a 99%,0,0.0,0,0,0,0,0,0,0,0,False,0.0,False
123230,26230,ESCUELA ESP. SOL NACIENTE,LA CISTERNA,3,Gestión Pedagógica,Diseño,"Los docentes planifican según las unidades mensuales, siguiendo los lineamientos de las  BCEP considerando los contenidos basales,",Implementación avanzada: 75% a 99%,0,0.0,0,0,0,0,0,0,0,0,False,0.0,False
123231,26230,ESCUELA ESP. SOL NACIENTE,LA CISTERNA,3,Liderazgo,Mejorar la comunicación,"El equipo directivo junto a los docentes mantienen la comunicación con las familias mediante la tecnología: correo electrónico, whatsApp, envío de videos, tareas al hogar y otros con la finalidad de mantener la participación de todos y todas las estudiantes.",Implementación avanzada: 75% a 99%,0,0.0,0,0,0,0,0,0,0,0,False,0.0,False
123232,26230,ESCUELA ESP. SOL NACIENTE,LA CISTERNA,3,Liderazgo,Reflexión,El equipo directivo junto a los docentes participan de jornadas de reflexión y evaluación del primer y segundo semestre respectivamente.,Implementación avanzada: 75% a 99%,0,0.0,0,0,0,0,0,0,0,0,False,0.0,False
123233,26230,ESCUELA ESP. SOL NACIENTE,LA CISTERNA,3,Liderazgo,Estrategias de evaluación,"Los docentes realizan diferentes experiencias de aprendizajes dirigidas hacia la realización de evaluaciones formativas como: disertaciones , exposiciones, presentaciones artísticas, juegos colaborativos, juegos de roles, talleres de cocina y talleres de psicomotricidad.",Implementación avanzada: 75% a 99%,0,0.0,0,0,0,0,0,0,0,0,False,0.0,False
123234,26230,ESCUELA ESP. SOL NACIENTE,LA CISTERNA,3,Liderazgo,Evaluación y desarrollo de  aprendizaje,"Los docentes realizan diferentes actividades dirigidas hacia la realización de evaluación formativa como disertaciones, exposiciones, presentaciones artísticas, juegos colaborativos, juegos de roles, talleres de cocina y psicomotricidad.",Implementación avanzada: 75% a 99%,0,0.0,0,0,0,0,0,0,0,0,False,0.0,False
123583,26278,ESCUELA BASICA ARISTA VITAE,LA CISTERNA,3,Convivencia Escolar,Revisión Anual de protocolos y planes de accion,"Se revisara el manual de convivencia escolar, planes de acción de nuestro colegio y protocolos para mantenerlos siempre actualizados según contingencia de nuestra escuela incluyendo a los docentes y asistentes de la educación para su contribución a la mejora de estos.",Implementación completa: 100%,0,0.0,0,0,0,0,0,0,0,0,False,0.0,False
123584,26278,ESCUELA BASICA ARISTA VITAE,LA CISTERNA,3,Convivencia Escolar,Capacitacion de protocolos,"Se realizaran reuniones de profesores y asistentes de la educación para transmitir las directrices de los distintos planes de nuestro colegió con el fin de que se pueda llevar a los apoderados en reunión, para lograr el optimo cumplimiento de estos por la comunidad.",Implementación completa: 100%,0,0.0,0,0,0,0,0,0,0,0,False,0.0,False
123585,26278,ESCUELA BASICA ARISTA VITAE,LA CISTERNA,3,Gestión de Recursos,Inventario electronico,"Se confecciona un inventario electrónico con todas las existencias del colegio, este será retroalimentado por cada uno de los responsables o administradores del material, entregado información oportuna y en lineo sobre el estado de los materiales para reparar o gestionar compras.",Implementación completa: 100%,0,0.0,0,0,0,0,0,0,0,0,False,0.0,False
123586,26278,ESCUELA BASICA ARISTA VITAE,LA CISTERNA,3,Gestión de Recursos,Definicion de metas anuales,Se definen las metas anuales para el establecimiento en son de resultados de aprendizajes y satisfacción de los integrantes de la comunidad educativa.,Implementación completa: 100%,0,0.0,0,0,0,0,0,0,0,0,False,0.0,False
123587,26278,ESCUELA BASICA ARISTA VITAE,LA CISTERNA,3,Gestión Pedagógica,Sistematizar el modelo tecnivo pedagogico de nuestra escuela,1.- Realizar visitas de acompañamiento en el aula realizando el registro de observación en la pauta de viista.,Implementación completa: 100%,0,0.0,0,0,0,0,0,0,0,0,False,0.0,False
123588,26278,ESCUELA BASICA ARISTA VITAE,LA CISTERNA,3,Gestión Pedagógica,Prueba estandarizada,Se aplicará una evaluación semestral que abordará todos objetivos de aprendizaje tratados en las fechas establecidas para cada semestre,Implementación completa: 100%,0,0.0,0,0,0,0,0,0,0,0,False,0.0,False
123589,26278,ESCUELA BASICA ARISTA VITAE,LA CISTERNA,3,Liderazgo,Aprobacion escolar,Conocer y monitorear el avance del PME,Implementación completa: 100%,0,0.0,0,0,0,0,0,0,0,0,False,0.0,False
123590,26278,ESCUELA BASICA ARISTA VITAE,LA CISTERNA,3,Liderazgo,Analisis FODA,Se analizan las fortalezas y debilidades del establecimiento para tener información para la toma de decisiones,Implementación completa: 100%,0,0.0,0,0,0,0,0,0,0,0,False,0.0,False
123778,26337,ESCUELA ESPECIAL ADAES,LA CISTERNA,3,Convivencia Escolar,SALIDA PEDAGOGICAS,"PREVIA PLANIFICACION CON DOCENTE Y PROGRAMA DE CONVIVENCIA ESCOLAR SE  TRABAJARA EN LA SALIDA PEDAGOGICA,SIEMPRE BAJO LA MIRADA DE LA ONVIVENCIA  ESCOLAR MAS QUE UN CONCEPTO ABSTRACTO COMO UNA PRÁCTICA,UN HÁBITO Y  CULTURA.",Implementación completa: 100%,0,0.0,0,0,0,0,0,0,0,0,False,0.0,False
123779,26337,ESCUELA ESPECIAL ADAES,LA CISTERNA,3,Convivencia Escolar,Programa de convivencia escolar,"EN EL PROGRAMA DE GESTIÓN PARA LA SANA CONVIVENCIA ESCOLAR SE DESARROLLA Y  PROMUEVE HABILIDADES SOCIALES EN ALUMNOS DE ADAES PARA PERMITIR UNA SANA  CONVIVENCIA DENTRO Y FUERA DEL ESTABLECIMIENTO,PSICOLOGO MIERCOLES POR  MEDIO TRABAJA UN TEMA ESPECIFICO PLANIFICADO A PRINCIPIO DE AÑO.",Implementación completa: 100%,0,0.0,0,0,0,0,0,0,0,0,False,0.0,False
123780,26337,ESCUELA ESPECIAL ADAES,LA CISTERNA,3,Gestión de Recursos,JORNADA DE PERFECCIONAMIENTO,"DIRECTOR,PSICOLOGO O INVITADO REALIZARA PERFECCIONAMIENTO UNA VEZ AL AÑO  CON EL FIN DE MEJORAR LAS PRACTICAS EDUCATIVAS.",Implementación completa: 100%,0,0.0,0,0,0,0,0,0,0,0,False,0.0,False
123781,26337,ESCUELA ESPECIAL ADAES,LA CISTERNA,3,Gestión de Recursos,PRACTICAS EN EL AULA,"DIRECTORA GESTIONARA QUE DOCENTE REALICE EXPOSICION DE SUS PRACTICAS EN  AULA,CON EL FIN DE COMPARTIR Y RETROALIMENTARSE CON EL APRENDIZAJE..eSTO SE  REALIZARA A FIN DE AÑO.",Implementación avanzada: 75% a 99%,0,0.0,0,0,0,0,0,0,0,0,False,0.0,False
123782,26337,ESCUELA ESPECIAL ADAES,LA CISTERNA,3,Gestión Pedagógica,Mejorar la escritura en los estudiantes,"Utp revisara mensualmente planificación orientando hacia el sector de lenguaje,esta actividad estará  relacionada con plan de formación ciudadana",Implementación completa: 100%,0,0.0,0,0,0,0,0,0,0,0,False,0.0,False
123783,26337,ESCUELA ESPECIAL ADAES,LA CISTERNA,3,Gestión Pedagógica,Mejorar la lectura en los estudiantes,"utp revisara en forma mensual las planificaciones,orientara el trabajo en el sector de lenguaje,esta  actividad se relacionara con el plan de formacion ciudaddana,en donde una vez al mes buscaran  una noticia y la analizarán(leer)",Implementación completa: 100%,0,0.0,0,0,0,0,0,0,0,0,False,0.0,False
123784,26337,ESCUELA ESPECIAL ADAES,LA CISTERNA,3,Liderazgo,REVISION DE PLANIFICACIONES MENSUALES,"UTP Y DIRECTORA RECIBIRAN TODA LA INFORMACION TECNICA EN PENDRIVE,ESTA SERA  REVISADA EL ULTIMO DIA DE CADA MES.",Implementación completa: 100%,0,0.0,0,0,0,0,0,0,0,0,False,0.0,False
123785,26337,ESCUELA ESPECIAL ADAES,LA CISTERNA,3,Liderazgo,Practicas en el aula,"DIRECTORA GESTIONARÁ LA EXPOSICION DE CADA DOCENTE SOBRE SUS PRACTICAS EN  EL AULA DURANTE EL AÑO EN CURSO,PODRA UTILIZAR UN POWER,ESTA SE REALIZARÁ A  FIN DE AÑO,EN DICIEMBRE.",Implementación avanzada: 75% a 99%,0,0.0,0,0,0,0,0,0,0,0,False,0.0,False
123877,26351,ESCUELA ESPECIAL N°2253 ANTULAF,LA CISTERNA,3,Convivencia Escolar,Talleres para la famila,"Se realizan Talleres para la familia contemplando ámbitos diversos para abarcar necesidades expuestas al inicio del año escolar:  1.  Taller de malos hábitos orales  por la fonoaudiólga.  2.  Nadie es perfecto , taller de habilidades de crianza para padres, madres y cuidadores de niños menores de 6 años, Directora y Jefa UTP.  3.  Estilos de vida saludable  por el Docente de Educación Física.",Implementación completa: 100%,500000,0.0,0,0,0,0,0,0,0,500000,False,0.0,False
123878,26351,ESCUELA ESPECIAL N°2253 ANTULAF,LA CISTERNA,3,Convivencia Escolar,Acercamiento a los padres y/o apoderados,"Se cita a los apoderados a distintas instancias y dependiendo de los objetivos que se persigan, como: Reuniones de apoderados, generales y por nivel. Citas o entrevistas personales pedagógicas y/o fonoaudiológicas. Encuentros en actividades extracurriculares, talleres y/o escuela para padres.",Implementación avanzada: 75% a 99%,500000,0.0,0,0,0,0,0,0,0,500000,False,0.0,False
123879,26351,ESCUELA ESPECIAL N°2253 ANTULAF,LA CISTERNA,3,Convivencia Escolar,Apoyo a la familia en el proceso educativo del alumno (a),"Apoyar a la familia con un seguimiento del alumno que presente dificultades de aprendizaje, conductuales, emocionales y/o del no avance o logros mínimos en el tratamiento del lenguaje.  Así también, se investiga la ausencia del alumno (a) a clases.",Implementación avanzada: 75% a 99%,500000,0.0,0,0,0,0,0,0,0,500000,False,0.0,False
123880,26351,ESCUELA ESPECIAL N°2253 ANTULAF,LA CISTERNA,3,Convivencia Escolar,Centro de Padres y Apoderados,"Crear Centro de Padres que represente a las familias ante el establecimiento. Su objetivo principal es organizarse para reunir fondos que utilizan para los alumnos (as) en el día del alumno, aniversario de la escuela y navidad y para los profesores en su día.  Así también, participan en algunas actividades de cierre de unidad temática.",Implementación avanzada: 75% a 99%,300000,0.0,0,0,0,0,0,0,0,300000,False,0.0,False
123881,26351,ESCUELA ESPECIAL N°2253 ANTULAF,LA CISTERNA,3,Convivencia Escolar,Difusión constante de todos los acontecimientos de la escuela,"Tener banco de datos con toda la información de los alumnos (as) de la escuela para ocuparla en creación de WhatsApp que estar en constante comunicación con los apoderados.  Además, cada alumno (a) cuenta con libreta de comunicaciones.",Implementación completa: 100%,500000,0.0,0,0,0,0,0,0,0,500000,False,0.0,False
123882,26351,ESCUELA ESPECIAL N°2253 ANTULAF,LA CISTERNA,3,Gestión de Recursos,Distinción de cada trabajador de la Escuela,"Realizar actividades donde se reconozca a todo el personal, al inicio del año, término del primer semestre y finalización del año escolar. Se hacen votaciones para elegir al:  mejor compañero ,  espíritú Antülaf ,  puntual ,  honesto ,  responsable ,  tolerante , etc. y se le entrega un reconocimiento y un diploma con el nombramiento.",Implementación parcial: 25% a 49%,500000,0.0,0,0,0,0,0,0,0,500000,False,0.0,False
123883,26351,ESCUELA ESPECIAL N°2253 ANTULAF,LA CISTERNA,3,Gestión de Recursos,Trabajo colaborativo,"Se desarrollan reuniones con las duplas de trabajo: Docente-Asistente; Director-UTP con Equipo de Gestión con el fin de organizar, ejecutar y evaluar el desempeño de estas duplas después de cada unidad temática;  de actividades como Actos Cívicos y de celebraciones.  También, se realizan intercambios de duplas Docente-Asistente y rotación de aula y  luego, se evalúa.",Implementación adecuada: 50% a 74%,500000,0.0,0,0,0,0,0,0,0,500000,False,0.0,False
123884,26351,ESCUELA ESPECIAL N°2253 ANTULAF,LA CISTERNA,3,Gestión de Recursos,"Revisión, análisis y actualización de los Instrumentos de Gestión","En reuniones organizadas después del horario de clases de nuestros alumnos, se revisan PEI, Reglamento Interno y Reglamento Interno de Convivencia Escolar y todos los Protocolos con el fin de actualizar y agregar lo que corresponda o falte. También, se comparte con el Consejo Escolar para finalmente, difundirlo a toda la comunidad educativa.",Implementación adecuada: 50% a 74%,500000,0.0,0,0,0,0,0,0,0,500000,False,0.0,False
123885,26351,ESCUELA ESPECIAL N°2253 ANTULAF,LA CISTERNA,3,Gestión de Recursos,Participación en celebraciones,"Todo el personal y comunidad educativa participa en distintas actividades de conmemoración, tales como:  1. Celebración de cumpleaños de todo el personal de la escuela.  2. Celebración del inicio y final del año escolar.  3. Celebración del aniversario de la escuela.  4. Celebración del día del profesor.  5. Paseo de finalización del año escolar.",Implementación avanzada: 75% a 99%,1000000,0.0,0,0,0,0,0,0,0,1000000,False,0.0,False
123886,26351,ESCUELA ESPECIAL N°2253 ANTULAF,LA CISTERNA,3,Gestión de Recursos,En la búsqueda de optimizar el desempeño profesional,Todo el personal de la Escuela participa en capacitación.  -Teórica en relación a otras metodologías.  -Teórica en torno al tema específico del lenguaje.  -Teórica en cuanto a Etapas del desarrollo de los preescolares.  -Convivencia Escolar (Resolución de Conflictor).  -Comunicación.  -Autocuidado.,Implementación adecuada: 50% a 74%,1000000,0.0,0,0,0,0,0,0,0,1000000,False,0.0,False
123887,26351,ESCUELA ESPECIAL N°2253 ANTULAF,LA CISTERNA,3,Gestión Pedagógica,Evaluación y Coevaluación del trabajo en duplas,"Docente y Asistente se reunen al final de cada jornada para evaluar el día. Los días jueves, en momento de colaboración, las docentes:  -Evalúan el trabajo en duplas.  -Planifican.  -Buscan prácticas pedagógicas más innovadoras.  -Comunican todo el trabajo que realizarán en el nivel, a sus Asistentes.",Implementación avanzada: 75% a 99%,500000,0.0,0,0,0,0,0,0,0,500000,False,0.0,False
123888,26351,ESCUELA ESPECIAL N°2253 ANTULAF,LA CISTERNA,3,Gestión Pedagógica,Seguimiento,"Acompañar en la docencia, observando las clases de todos los docentes y en cada nivel con un calendario de ingreso a sala, estableciendo pautas de observación y se retroalimenta.  También, intercambio de salas, con cambio de docente-asistente, espacio físico, alumnos (as).",Implementación adecuada: 50% a 74%,500000,0.0,0,0,0,0,0,0,0,500000,False,0.0,False
123889,26351,ESCUELA ESPECIAL N°2253 ANTULAF,LA CISTERNA,3,Gestión Pedagógica,Taller de Psicomotricidad,"Todos los alumnos participan en Taller de Psicomotricidad, el día Jueves y el Viernes (desde tercer módulo de clases), con el fin de tener actividad física por medio de juegos, circuitos, bailes, todo en estricta relación con las unidades temáticas y con los contenidos que se trabajan en cada nivel y también, en aporte al área fonoaudiológica que requieren por sus dificultades del lenguaje.",Implementación completa: 100%,300000,0.0,0,0,0,0,0,0,0,300000,False,0.0,False
123890,26351,ESCUELA ESPECIAL N°2253 ANTULAF,LA CISTERNA,3,Gestión Pedagógica,Planificación de la Docente con el apoyo de la Asistente de aula,"Se planifican todas las unidades temáticas con anticipación y en colaboración con cada asistente de aula quienes conocen la realidad grupal de cada nivel, considerando: contenido, interés y/o motivación grupal, realidad social, rango etáreo, etc.",Implementación completa: 100%,1000000,0.0,0,0,0,0,0,0,0,1000000,False,0.0,False
123891,26351,ESCUELA ESPECIAL N°2253 ANTULAF,LA CISTERNA,3,Gestión Pedagógica,Capacitación sobre prácticas pedagógicas,Cada docente investiga sobre prácticas pedagógicas innovadoras y exitosas para preescolares.  Se ejecutan en las aulas y se replican en los cursos restantes.  Se exponen a todos con los resultados de aprendizaje.,Implementación adecuada: 50% a 74%,1000000,0.0,0,0,0,0,0,0,0,1000000,False,0.0,False
123892,26351,ESCUELA ESPECIAL N°2253 ANTULAF,LA CISTERNA,3,Gestión Pedagógica,Cierre significativo de unidades temáticas.,"Todas las unidades temáticas tendrán cierre significativo con: visitas a la Feria del sector; visita en la escuela de   Planetario móvil ,  Aves  y  Mini Zoo , de los padres y apoderados representando sus profesiones u oficios, visita de artistas del Circo, etc.  También, se celebra  Día de los abuelitos ,  Día del profesor , acto de Fiestas Patrias, Aniversario, Graduación y fiesta de Navidad.",Implementación completa: 100%,1000000,0.0,0,0,0,0,0,0,0,1000000,False,0.0,False
123893,26351,ESCUELA ESPECIAL N°2253 ANTULAF,LA CISTERNA,3,Liderazgo,Observación y seguimiento de los aprendizajes,"Elaboración de instrumentos de evaluación del proceso y producto final para ver el logro o dificultades de los aprendizajes de los alumnos (as).  Seguimiento en diagnóstico, primer semestre y segundo semestre.",Implementación avanzada: 75% a 99%,500000,0.0,0,0,0,0,0,0,0,500000,False,0.0,False
123894,26351,ESCUELA ESPECIAL N°2253 ANTULAF,LA CISTERNA,3,Liderazgo,Preparación de material didáctico pedagógico y fonoaudiológico,"Todo el personal de la escuela y padres y apoderados, participan en la elaboración de material didáctico pedagógico y fonoaudiológico para el trabajo en aula y en el patio y conforme a las temáticas.  Diseñado por dupla Docente-Asistente.  Además, confeccionan material para exponer en  diversos paneles informativos y otros.",Implementación adecuada: 50% a 74%,1000000,0.0,0,0,0,0,0,0,0,1000000,False,0.0,False
123922,26359,ESCUELA ESPECIAL GABRIELA RUBIO,LA CISTERNA,3,Convivencia Escolar,manejo mis emociones y me cuido,en cada planificación se consignara un objetivo transversal el cual se trabajara durante toda la semana.,Implementación adecuada: 50% a 74%,0,0.0,0,0,0,0,0,0,0,0,False,0.0,False
123923,26359,ESCUELA ESPECIAL GABRIELA RUBIO,LA CISTERNA,3,Convivencia Escolar,Entiendo mis emociones,cada día se realizara una breve actividad donde se expresen las emociones de los niños y niñas y puedan conocer e ir modelando estas.,Implementación adecuada: 50% a 74%,0,0.0,0,0,0,0,0,0,0,0,False,0.0,False
123924,26359,ESCUELA ESPECIAL GABRIELA RUBIO,LA CISTERNA,3,Gestión de Recursos,perfeccionamiento formal,se solicitara al equipo sostenedor recursos para cotear un ATE a un docente durante el año escolar.,Implementación no efectuada: 0%,0,0.0,0,0,0,0,0,0,0,0,False,0.0,False
123925,26359,ESCUELA ESPECIAL GABRIELA RUBIO,LA CISTERNA,3,Gestión de Recursos,AUTOPERFECCIONAMIENTO,"EN DUPLA DE DOCENTES SE REALIZARA UN TALLER POR SEMESTRE, DONDE EL PRIMER SEMESTRE SE TOCARAN LAS BASES CURRICULARES Y EL SEGUNDO SEMESTRE ESTRATEGIAS PEDAGOGICAS.",Implementación no efectuada: 0%,0,0.0,0,0,0,0,0,0,0,0,False,0.0,False
123926,26359,ESCUELA ESPECIAL GABRIELA RUBIO,LA CISTERNA,3,Gestión Pedagógica,JORNADA DE EVALUACION,"TODOS LOS VIERNES SE PLANIFICA POR NIVEL EN BASE AL CRONOGRAMA DE CONTENIDOS Y OBJETIVOS ANUALES, EN TRABAJO COLABORATIVO.",Implementación completa: 100%,0,0.0,0,0,0,0,0,0,0,0,False,0.0,False
123927,26359,ESCUELA ESPECIAL GABRIELA RUBIO,LA CISTERNA,3,Gestión Pedagógica,CRONOGHRAMA DE CONTENIDOS Y OBJETIVOS POR NIVEL,"al iniciar el año académico se organicen por nivel los contenidos y objetivos del curriculum en forma anual, con el objetivo de organizar el trabajo y que todos los contenidos del curriculum estén presentes para cada nivel.",Implementación avanzada: 75% a 99%,0,0.0,0,0,0,0,0,0,0,0,False,0.0,False
123928,26359,ESCUELA ESPECIAL GABRIELA RUBIO,LA CISTERNA,3,Gestión Pedagógica,registro de evaluaciones,"Se realizaran evaluaciones de proceso, para llevar un registro de los objetivos alcanzados y así reestructurar las planificaciones semanales.",Implementación adecuada: 50% a 74%,0,0.0,0,0,0,0,0,0,0,0,False,0.0,False
123929,26359,ESCUELA ESPECIAL GABRIELA RUBIO,LA CISTERNA,3,Liderazgo,participacion,la directora participara en la elaboracion asignando recursos y facilidades para realizar la elaboracion del cronograma de contenidos y objetivos para cada nivel.,Implementación adecuada: 50% a 74%,0,0.0,0,0,0,0,0,0,0,0,False,0.0,False
123930,26359,ESCUELA ESPECIAL GABRIELA RUBIO,LA CISTERNA,3,Liderazgo,participacion cronograma,la directora participara en las jornadas de planificación de los días viernes,Implementación adecuada: 50% a 74%,0,0.0,0,0,0,0,0,0,0,0,False,0.0,False
124165,26384,COLEGIO TEC. PROF. SAN RAMON LA CISTERNA,LA CISTERNA,3,Convivencia Escolar,Integridad socioemocional,El personal del establecimiento resguarda la integridad física y psicológica de todos los estudiantes durante la jornada escolar,Implementación completa: 100%,0,800000.0,0,0,0,0,0,0,0,800000,False,0.0,False
124166,26384,COLEGIO TEC. PROF. SAN RAMON LA CISTERNA,LA CISTERNA,3,Convivencia Escolar,Reconociendo mi vocación,"El equipo directivo y los docentes orientan vocacionalmente a los estudiantes, les transmiten altas expectativas y los ayudan a planificar sus proyectos de vida.",Implementación completa: 100%,0,800000.0,0,0,0,0,0,0,0,800000,False,0.0,False
124167,26384,COLEGIO TEC. PROF. SAN RAMON LA CISTERNA,LA CISTERNA,3,Convivencia Escolar,Participación de estamentos de la comunidad,El equipo directivo promueve la participación activa de los distintos estamentos de la comunidad educativa para apoyar el desarrollo del Proyecto Educativo,Implementación completa: 100%,0,800000.0,0,0,0,0,0,0,0,800000,False,0.0,False
124168,26384,COLEGIO TEC. PROF. SAN RAMON LA CISTERNA,LA CISTERNA,3,Convivencia Escolar,participación de los estudiantes,"El equipo directivo promueve la formación democrática y ciudadana, y la participación activa de los estudiantes mediante el apoyo al Centro de Alumnos y a las directivas de curso.",Implementación completa: 100%,0,800000.0,0,0,0,0,0,0,0,800000,False,0.0,False
124169,26384,COLEGIO TEC. PROF. SAN RAMON LA CISTERNA,LA CISTERNA,3,Convivencia Escolar,Formación integral de nuestros estudiantes,"El equipo directivo planifica, implementa y monitorea programas e iniciativas para la formación integral de sus estudiantes de acuerdo con el Proyecto Educativo Institucional",Implementación completa: 100%,0,800000.0,0,0,0,0,0,0,0,800000,False,0.0,False
124170,26384,COLEGIO TEC. PROF. SAN RAMON LA CISTERNA,LA CISTERNA,3,Convivencia Escolar,Clima de convivencia,El equipo directivo y los docentes abordan decididamente las conductas que atentan contra la sana convivencia dentro del establecimiento.,Implementación completa: 100%,0,800000.0,0,0,0,0,0,0,0,800000,False,0.0,False
124171,26384,COLEGIO TEC. PROF. SAN RAMON LA CISTERNA,LA CISTERNA,3,Gestión de Recursos,Adquisición de recursos tecnológicos con fines educativos,"Adquisición y actualización de computadores, equipo de proyección y conexión a internet en salas de clases (puntos de red), dependencias educativas (CRA), Laboratorios y de usos a distancia, con procedimientos y personal para solucionar problemas técnicos a tiempo, que mantiene en buen estado los equipos tecnológicos del establecimiento para su uso educativo y responder a los desafíos pedagógicos",Implementación avanzada: 75% a 99%,0,5000000.0,0,0,0,0,0,0,0,5000000,False,0.0,False
124172,26384,COLEGIO TEC. PROF. SAN RAMON LA CISTERNA,LA CISTERNA,3,Gestión de Recursos,Gestión eficiente del personal,"Garantizar la gestión administrativa, técnico pedagógica y de convivencia escolar con el objeto de cumplir con las exigencias requeridas para obtener y mantener el reconocimiento oficial del establecimiento, velando por los coeficientes de personal y requerimientos de idoneidad en la contratación de profesionales, asistentes y personal requerido.",Implementación completa: 100%,0,19000000.0,0,0,0,0,0,0,0,19000000,False,0.0,False
124173,26384,COLEGIO TEC. PROF. SAN RAMON LA CISTERNA,LA CISTERNA,3,Gestión de Recursos,Recursos didácticos para garantizar los aprendizajes,"Mantener o disponer  de una gama de recursos didácticos sugeridos por normativa educacional vigente, para cada nivel, asignaturas, talleres y especialidades técnico profesional.",Implementación completa: 100%,0,1500000.0,0,0,0,0,0,0,0,1500000,False,0.0,False
124174,26384,COLEGIO TEC. PROF. SAN RAMON LA CISTERNA,LA CISTERNA,3,Gestión de Recursos,Salidas pedagogicas,"El equipo directivo gestiona junto a los docentes, salidas pedagógicas, vocacionales, recreativas, deportivas y culturales para los y las estudiantes para facilitar aprendizajes significativos en lo pedagógico y en  lo socioemocional.",Implementación avanzada: 75% a 99%,0,3000000.0,0,0,0,0,0,0,0,3000000,False,0.0,False
124175,26384,COLEGIO TEC. PROF. SAN RAMON LA CISTERNA,LA CISTERNA,3,Gestión Pedagógica,Fortalecimiento de la acción pedagógica,"El equipo directivo (Director y Jefe técnico) realizan monitoreos a los docentes en el proceso de desarrollo de las clases, estimulando el uso estrategias efectivas para el logro de los Objetivos de Aprendizaje y el desarrollo de competencias definidas",Implementación parcial: 25% a 49%,0,800000.0,0,0,0,0,0,0,0,800000,False,0.0,False
124176,26384,COLEGIO TEC. PROF. SAN RAMON LA CISTERNA,LA CISTERNA,3,Gestión Pedagógica,Evitando la deserción escolar,"El equipo directivo y los docentes identifican a tiempo a los estudiantes en riesgo de desertar, tomando en cuenta algunos los factores de riesgo tales como: asistencia, bajo rendimiento, repitencia, entre otros. Realizando además el correspondiente acompañamiento.",Implementación completa: 100%,0,800000.0,0,0,0,0,0,0,0,800000,False,0.0,False
124177,26384,COLEGIO TEC. PROF. SAN RAMON LA CISTERNA,LA CISTERNA,3,Gestión Pedagógica,Comunidad de aprendizaje profesional,"Se desarrollan talleres de reflexión pedagógica colaborativa, en instancias de reuniones técnicas con el propósito de incentivar y reconocer el uso de metodología, estrategias y recursos innovadores eficientes en el aula, orientadas a la mejorar de los procesos de aprendizaje",Implementación avanzada: 75% a 99%,0,800000.0,0,0,0,0,0,0,0,800000,False,0.0,False
124178,26384,COLEGIO TEC. PROF. SAN RAMON LA CISTERNA,LA CISTERNA,3,Gestión Pedagógica,Fortalecimiento de estudiantes con brecha de aprendizaje,El equipo técnico-pedagógico y los docentes identifican tempranamente a los estudiantes que presentan brechas en el aprendizaje o necesidades educativas especiales y articulan los apoyos necesarios con los recursos humanos disponibles,Implementación adecuada: 50% a 74%,0,800000.0,0,0,0,0,0,0,0,800000,False,0.0,False
124179,26384,COLEGIO TEC. PROF. SAN RAMON LA CISTERNA,LA CISTERNA,3,Gestión Pedagógica,Monitoreo de los lineamentos pedagógicas,"Monitorear el cumplimiento de los lineamientos y estrategias pedagógicas de enseñanza aprendizaje, el proceso de planificación y evaluación para asegurar la cobertura del currículum vigente acompañando al docente en la toma de decisiones pedagógicas en función de las necesidades observadas.",Implementación completa: 100%,0,800000.0,0,0,0,0,0,0,0,800000,False,0.0,False
124180,26384,COLEGIO TEC. PROF. SAN RAMON LA CISTERNA,LA CISTERNA,3,Gestión Pedagógica,Talleres extraprogramáticos,"El equipo técnico en conjunto con los docentes organizan y fomentan actividades extracurriculares para desarrollar habilidades pedagógicas, recreativas y/o deportivas a través de diferentes talleres extra programáticos.",Implementación completa: 100%,0,1500000.0,0,0,0,0,0,0,0,1500000,False,0.0,False
124181,26384,COLEGIO TEC. PROF. SAN RAMON LA CISTERNA,LA CISTERNA,3,Gestión Pedagógica,Evaluación de los procesos de aprendizajes de los y las estudiantes,"El jefe técnico con el equipo docente, analizará y establecerá acciones de mejora en función de la información recopilada después de la aplicación de instrumentos de evaluación como por ej. el diagnóstico integral de aprendizaje (DIA) de lenguaje y matemática  (1° y 2° Medio) y el DIA socioemocional (de 1° a 4° medio), entre otros instrumentos.",Implementación completa: 100%,0,800000.0,0,0,0,0,0,0,0,800000,False,0.0,False
124182,26384,COLEGIO TEC. PROF. SAN RAMON LA CISTERNA,LA CISTERNA,3,Liderazgo,Reconocimiento a la comunidad educativa,"Se reconocerá constantemente a los distintos actores de nuestra comunidad educativa, que destacan por representar de mejor forma nuestro proyecto educativo, es decir, representar los valores, principios y sellos.   Además de destacar y premiar a las y los estudiantes por sus logros académicos, deportivos y/o  culturales.",Implementación completa: 100%,0,800000.0,0,0,0,0,0,0,0,800000,False,0.0,False
124183,26384,COLEGIO TEC. PROF. SAN RAMON LA CISTERNA,LA CISTERNA,3,Liderazgo,Uso y tratamiento adecuado de datos de la gestión escolar,El director y el equipo directivo sistematizan los datos relevantes de la gestión escolar y los utilizan para tomar decisiones.,Implementación completa: 100%,0,800000.0,0,0,0,0,0,0,0,800000,False,0.0,False
124184,26384,COLEGIO TEC. PROF. SAN RAMON LA CISTERNA,LA CISTERNA,3,Liderazgo,Perfeccionamiento de docentes y asistentes de la educación,Actividades de Perfeccionamiento de docentes y asistentes de la educación en áreas que permitan apoyar el proceso de aprendizaje pedagógico y socioemocional.,Implementación completa: 100%,0,1500000.0,0,0,0,0,0,0,0,1500000,False,0.0,False
124185,26384,COLEGIO TEC. PROF. SAN RAMON LA CISTERNA,LA CISTERNA,3,Liderazgo,Conducción efectiva de los aprendizajes,"Como forma de sostener procesos continuos y de calidad, de la enseñanza y el aprendizaje se reactivan  acuerdos consensuales sobre las prácticas profesionales con instituciones de educación superior, para  así contribuir en la formación de futuros docentes y a la vez ellos nos puedan entregar apoyo en el  aula.",Implementación completa: 100%,0,800000.0,0,0,0,0,0,0,0,800000,False,0.0,False
124186,26384,COLEGIO TEC. PROF. SAN RAMON LA CISTERNA,LA CISTERNA,3,Liderazgo,Monitoreo del cumplimiento del PME y de los índices de eficiencia interna,"Monitorear el estado de avance del plan de mejoramiento educativo y los indicadores de eficiencia interna con apoyo técnico, considerando los indicadores para evaluar el cumplimiento de las metas y los responsables de la implementación de las acciones",Implementación completa: 100%,0,1000000.0,0,0,0,0,0,0,0,1000000,False,0.0,False
126726,31283,ESCUELA LENG. Y PARVULOS  HORMIGUITA,LA CISTERNA,3,Convivencia Escolar,Creación de proyecto familia y escuela,La encargada de convivencia escolar llevará a cabo una actividad en la que las familias participarán de mejoras para la escuela con pequeños proyectos que involucrarán la reutilización y el reciclaje.,Implementación avanzada: 75% a 99%,200000,0.0,0,0,0,0,0,0,0,200000,False,0.0,False
126727,31283,ESCUELA LENG. Y PARVULOS  HORMIGUITA,LA CISTERNA,3,Convivencia Escolar,Capacitación en convivencia escolar,Se capacitará a la encargada de convivencia escolar  con las herramientas que necesite la escuela para cubrir las necesidades de la comunidad educativa.,Implementación completa: 100%,0,2000000.0,0,0,0,0,0,0,0,2000000,False,0.0,False
126728,31283,ESCUELA LENG. Y PARVULOS  HORMIGUITA,LA CISTERNA,3,Gestión de Recursos,Presentación del material disponible,"Se realizará una presentación a todo el personal docente y técnico sobre el material que tenemos en la escuela, que deberán utilizar en el aula y contemplarlo en sus planificaciones mensuales.",Implementación completa: 100%,0,0.0,0,0,0,0,0,0,0,0,False,0.0,False
126729,31283,ESCUELA LENG. Y PARVULOS  HORMIGUITA,LA CISTERNA,3,Gestión de Recursos,Listado de material,En cada sala habrá un listado con todo el material que hay en la escuela para que las docentes pueden utilizar en sus planificaciones y/o actividades.  La escuela repondrá o adquirirá los materiales que se requieran.,Implementación completa: 100%,1500000,0.0,0,0,0,0,0,0,0,1500000,False,0.0,False
126730,31283,ESCUELA LENG. Y PARVULOS  HORMIGUITA,LA CISTERNA,3,Gestión Pedagógica,Acompañamientos en aula,"La jefa de UTP y directora participaran de acompañamientos docentes en los  que se evaluará el quehacer docente, su manejo de aula y las estrategias que se aplican, con el fin de mejorar el proceso de enseñanza aprendizaje continuamente.",Implementación completa: 100%,40000,0.0,0,0,0,0,0,0,0,40000,False,0.0,False
126731,31283,ESCUELA LENG. Y PARVULOS  HORMIGUITA,LA CISTERNA,3,Gestión Pedagógica,Talleres de apoyo a la enseñanza,Durante todo el año se llevará a cabo el taller de Carl Orff para el proyecto música en mi escuela para apoyar a los estudiantes en el desarrollo del lenguaje. Además se realizará el taller de Cultura y Lengua Mapuche con el fin de enriquecer la interculturalidad.,Implementación completa: 100%,0,4200000.0,0,0,0,0,0,0,0,4200000,False,0.0,False
126732,31283,ESCUELA LENG. Y PARVULOS  HORMIGUITA,LA CISTERNA,3,Gestión Pedagógica,Reuniones entre pares docentes,"Se realizarán reuniones entre pares docentes para compartir estrategias metodológicas, acordar los objetivos de aprendizaje que se irán trabajando y evaluar las estrategias aplicadas.",Implementación completa: 100%,60000,0.0,0,0,0,0,0,0,0,60000,False,0.0,False
126733,31283,ESCUELA LENG. Y PARVULOS  HORMIGUITA,LA CISTERNA,3,Gestión Pedagógica,Autoperfeccionamiento,Se realizarán auto perfeccionamientos docentes en los meses de julio y diciembre con temáticas en las que se necesiten mayores herramientas.,Implementación completa: 100%,200000,0.0,0,0,0,0,0,0,0,200000,False,0.0,False
126734,31283,ESCUELA LENG. Y PARVULOS  HORMIGUITA,LA CISTERNA,3,Gestión Pedagógica,Perfeccionamientos,"En julio y diciembre se realizan jornadas de perfeccionamientos donde todo el equipo participa, con el fin de aprender nuevas herramientas de trabajo o fortalecer las que ya tenemos. Además se capacita a las profesoras que participan de la evaluación de carrera docente.",Implementación completa: 100%,0,3780000.0,0,0,0,0,0,0,0,3780000,False,0.0,False
126735,31283,ESCUELA LENG. Y PARVULOS  HORMIGUITA,LA CISTERNA,3,Liderazgo,Participación del equipo de trabajo en actividades propuestas por la escuela,"Se crearán instancias de participación del equipo de trabajo en actividades que promuevan el compromiso con la escuela y la buena convivencia, tales cómo, celebración de cumpleaños, compartir juntas en la celebración de fiestas patrias, amigo secreto en navidad, entre otros.",Implementación completa: 100%,3000000,0.0,0,0,0,0,0,0,0,3000000,False,0.0,False
126736,31283,ESCUELA LENG. Y PARVULOS  HORMIGUITA,LA CISTERNA,3,Liderazgo,Participación de familias en actividades de la escuela,Se propiciarán instancias que permitan a todas las familias de nuestros estudiantes participar de las actividades propuestas por la escuela.,Implementación avanzada: 75% a 99%,0,5000000.0,0,0,0,0,0,0,0,5000000,False,0.0,False
127450,31518,ESCUELA ESPECIAL Y DE PÁRVULOS HORMIGUITA 2,LA CISTERNA,3,Convivencia Escolar,Creación de proyecto familia y escuela,La encargada de convivencia escolar llevará a cabo una actividad en la que las familias participarán de mejoras para la escuela con pequeños proyectos que involucrarán la reutilización y el reciclaje.,Implementación avanzada: 75% a 99%,200000,0.0,0,0,0,0,0,0,0,200000,False,0.0,False
127451,31518,ESCUELA ESPECIAL Y DE PÁRVULOS HORMIGUITA 2,LA CISTERNA,3,Convivencia Escolar,Capacitación en convivencia escolar,Se capacitará a la encargada de convivencia escolar  con herramientas que necesite la escuela para cubrir las necesidades de la comunidad educativa.,Implementación completa: 100%,0,2000000.0,0,0,0,0,0,0,0,2000000,False,0.0,False
127452,31518,ESCUELA ESPECIAL Y DE PÁRVULOS HORMIGUITA 2,LA CISTERNA,3,Gestión de Recursos,Presentación del material disponible,"Se realizará una presentación a todo el personal docente y técnico sobre el material que tenemos en la escuela, que deberán utilizar en el aula y contemplarlo en sus planificaciones mensuales.",Implementación completa: 100%,0,0.0,0,0,0,0,0,0,0,0,False,0.0,False
127453,31518,ESCUELA ESPECIAL Y DE PÁRVULOS HORMIGUITA 2,LA CISTERNA,3,Gestión de Recursos,Listado de material,En cada sala habrá un listado con todo el material que hay en la escuela para que las docentes pueden utilizar en sus planificaciones y/o actividades.  La escuela repondrá o adquirirá los materiales que se requieran.,Implementación completa: 100%,1500000,0.0,0,0,0,0,0,0,0,1500000,False,0.0,False
127454,31518,ESCUELA ESPECIAL Y DE PÁRVULOS HORMIGUITA 2,LA CISTERNA,3,Gestión Pedagógica,Talleres de apoyo,Durante todo el año se llevará a cabo el taller de Carl Orff para el proyecto música en mi escuela para apoyar a los estudiantes en el desarrollo del lenguaje. Además se realizará el taller de Cultura y Lengua Mapuche con el fin de enriquecer la interculturalidad.,Implementación completa: 100%,0,4500000.0,0,0,0,0,0,0,0,4500000,False,0.0,False
127455,31518,ESCUELA ESPECIAL Y DE PÁRVULOS HORMIGUITA 2,LA CISTERNA,3,Gestión Pedagógica,Reuniones entre pares,"Se realizarán reuniones entre pares docentes para compartir estrategias metodológicas, acordar los objetivos de aprendizaje que se irán trabajando y evaluar las estrategias aplicadas.",Implementación completa: 100%,100000,0.0,0,0,0,0,0,0,0,100000,False,0.0,False
127456,31518,ESCUELA ESPECIAL Y DE PÁRVULOS HORMIGUITA 2,LA CISTERNA,3,Gestión Pedagógica,Acompañamientos en aula,"La jefa de UTP y directora participaran de acompañamientos docentes en los  que se evaluará el quehacer docente, su manejo de aula y las estrategias que se aplican, con el fin de mejorar el proceso de enseñanza aprendizaje continuamente.",Implementación completa: 100%,40000,0.0,0,0,0,0,0,0,0,40000,False,0.0,False
127457,31518,ESCUELA ESPECIAL Y DE PÁRVULOS HORMIGUITA 2,LA CISTERNA,3,Gestión Pedagógica,Autoperfeccionamiento docente,Se realizarán auto perfeccionamientos docentes en los meses de julio y diciembre con temáticas en las que se necesiten mayores herramientas.,Implementación completa: 100%,200000,0.0,0,0,0,0,0,0,0,200000,False,0.0,False
127458,31518,ESCUELA ESPECIAL Y DE PÁRVULOS HORMIGUITA 2,LA CISTERNA,3,Gestión Pedagógica,Perfeccionamientos,"En julio y diciembre se realizan jornadas de perfeccionamientos donde todo el equipo participa, con el fin de aprender nuevas herramientas de trabajo o fortalecer las que ya tenemos.  Además se capacitan a las profesoras que participan en Carrera Docente",Implementación completa: 100%,0,3780000.0,0,0,0,0,0,0,0,3780000,False,0.0,False
127459,31518,ESCUELA ESPECIAL Y DE PÁRVULOS HORMIGUITA 2,LA CISTERNA,3,Liderazgo,Participación del equipo de trabajo en actividades propuestas por la escuela,"Se crearán instancias de participación del equipo de trabajo en actividades que promuevan el compromiso con la escuela y la buena convivencia, tales cómo, celebración de cumpleaños, compartir juntas en la celebración de fiestas patrias, amigo secreto en navidad, entre otros.",Implementación completa: 100%,3000000,0.0,0,0,0,0,0,0,0,3000000,False,0.0,False
127460,31518,ESCUELA ESPECIAL Y DE PÁRVULOS HORMIGUITA 2,LA CISTERNA,3,Liderazgo,Propuestas de actividades para la participación en familia,Se propiciarán instancias que permitan a todas las familias de nuestros estudiantes participar de las actividades propuestas por la escuela.,Implementación avanzada: 75% a 99%,0,5000000.0,0,0,0,0,0,0,0,5000000,False,0.0,False
