fila_excel,RBD,COD_DEPE,DIMENSION,ESTIM_TOTAL,ESTIM_SEP,NIV_IMPLEM,duplicado_exacto_adicional,total_mayor_1000_millones,estimacion_clp,sep_clp,dimension,estado_declarado,rbd,nombre,sector,oferta,matricula_total,NOM_ACTIVIDAD,DESC_ACTIVIDAD,CONVENIO_SEP,completa,sin_estado,no_completa,estimacion_cero,ambas,senal_revision,log10_estimacion_mas1
70552,9499,3,Convivencia Escolar,0,0.0,Implementación completa: 100%,False,False,0,0.0,Convivencia Escolar,Implementación completa: 100%,9499,ESCUELA HOGAR DE CIEGOS SANTA LUCIA,Particular subvencionado,especial,55,Premiación y reconocimiento escolarr.,"Equipo directivo, docentes generan Instancias de reconocimiento de avances y de participación en actividades diversa a través de la entrega de diplomas, medallas y otros según corresponda.",0,True,False,False,True,False,True,0.0
70553,9499,3,Convivencia Escolar,0,0.0,Implementación adecuada: 50% a 74%,False,False,0,0.0,Convivencia Escolar,Implementación adecuada: 50% a 74%,9499,ESCUELA HOGAR DE CIEGOS SANTA LUCIA,Particular subvencionado,especial,55,Formando ciudadanos,"Equipo de docentes organizan instancias que promuevan la democracia, participación ciudadana y derechos humanos de estudiantes para su adecuada vida en comunidad.",0,False,False,True,True,True,True,0.0
70554,9499,3,Convivencia Escolar,0,0.0,Implementación avanzada: 75% a 99%,False,False,0,0.0,Convivencia Escolar,Implementación avanzada: 75% a 99%,9499,ESCUELA HOGAR DE CIEGOS SANTA LUCIA,Particular subvencionado,especial,55,Plan de gestión de convivencia,Encargada de la convivencia planifica diversas actividades que promuevan la buena convivencia escolar  entre los diversos actores de la comunidad.,0,False,False,True,True,True,True,0.0
70555,9499,3,Convivencia Escolar,0,0.0,Implementación adecuada: 50% a 74%,False,False,0,0.0,Convivencia Escolar,Implementación adecuada: 50% a 74%,9499,ESCUELA HOGAR DE CIEGOS SANTA LUCIA,Particular subvencionado,especial,55,Cápsulas de viaje,Creación y/o búsqueda de herramientas para apoyar a las familias en temáticas relativas a crianza.,0,False,False,True,True,True,True,0.0
70556,9499,3,Convivencia Escolar,0,0.0,Implementación completa: 100%,False,False,0,0.0,Convivencia Escolar,Implementación completa: 100%,9499,ESCUELA HOGAR DE CIEGOS SANTA LUCIA,Particular subvencionado,especial,55,Plan integral de seguridad escolar,Equipo de gestión realiza una serie de actualizaciones al plan de seguridad escolar incorporando nuevos actores y estrategias que favorezcan su correcta ejecución.,0,True,False,False,True,False,True,0.0
70557,9499,3,Gestión de Recursos,0,0.0,Implementación completa: 100%,False,False,0,0.0,Gestión de Recursos,Implementación completa: 100%,9499,ESCUELA HOGAR DE CIEGOS SANTA LUCIA,Particular subvencionado,especial,55,Perfeccionamiento y capacitación del equipo profesional,"Equipo directivo, genera acciones de fortalecimiento profesional a partir del levantamiento de necesidades que requiere el equipo de docentes fortaleciendo el plan de formación profesional como normativa.",0,True,False,False,True,False,True,0.0
70558,9499,3,Gestión de Recursos,0,0.0,Implementación completa: 100%,False,False,0,0.0,Gestión de Recursos,Implementación completa: 100%,9499,ESCUELA HOGAR DE CIEGOS SANTA LUCIA,Particular subvencionado,especial,55,Gestión de matrícula y asistencia,Equipo directivo ejecuta acciones para identificar a aquellos estudiantes con baja asistencia y las remediales a ejecutar.,0,True,False,False,True,False,True,0.0
70559,9499,3,Gestión de Recursos,0,0.0,Implementación completa: 100%,False,False,0,0.0,Gestión de Recursos,Implementación completa: 100%,9499,ESCUELA HOGAR DE CIEGOS SANTA LUCIA,Particular subvencionado,especial,55,Contratación de personal,"Equipo directivo realiza la contratación del personal, ya sean docentes, especialistas y técnicos de acuerdo a los requerimientos de la matrícula.",0,True,False,False,True,False,True,0.0
70560,9499,3,Gestión Pedagógica,0,0.0,Implementación completa: 100%,False,False,0,0.0,Gestión Pedagógica,Implementación completa: 100%,9499,ESCUELA HOGAR DE CIEGOS SANTA LUCIA,Particular subvencionado,especial,55,Monitoreo de la progresión de objetivos,"Unidad técnico pedagógica elabora un sistema de monitoreo de los resultados académicos planteados por los objetivos diversificados de los estudiantes, estableciendo un registro de los avances a partir de la cobertura curricular y los planes de adecuaciones curriculares, además de los logros de proceso para poder implementar acciones remediales cuando se requiera.",0,True,False,False,True,False,True,0.0
70561,9499,3,Gestión Pedagógica,0,0.0,Implementación completa: 100%,False,False,0,0.0,Gestión Pedagógica,Implementación completa: 100%,9499,ESCUELA HOGAR DE CIEGOS SANTA LUCIA,Particular subvencionado,especial,55,Potenciar trabajo colaborativo,"Los docentes se reúnen organizando sus tiempos no lectivos con la finalidad de tener espacios colaborativos en función de la diversificación de la enseñanza por áreas, teniendo en cuenta las necesidades educativas especiales.",0,True,False,False,True,False,True,0.0
70562,9499,3,Gestión Pedagógica,0,0.0,Implementación completa: 100%,False,False,0,0.0,Gestión Pedagógica,Implementación completa: 100%,9499,ESCUELA HOGAR DE CIEGOS SANTA LUCIA,Particular subvencionado,especial,55,Plan de escritura en braille y fomento lector,"Docentes y asistentes desarrollan plan lector en forma personalizada y grupal, tanto en letoescritura en braille como en tinta, propuesto por las docentes especialistas para atender las necesidades de nuestros estudiantes, mejorando las habilidades de lectura.",0,True,False,False,True,False,True,0.0
70563,9499,3,Gestión Pedagógica,0,0.0,Implementación completa: 100%,False,False,0,0.0,Gestión Pedagógica,Implementación completa: 100%,9499,ESCUELA HOGAR DE CIEGOS SANTA LUCIA,Particular subvencionado,especial,55,Salidas pedagógicas,"Equipo de docentes Realizar diversas salidas pedagógicas que promuevan el aprendizaje en diversos contextos donde los estudiantes disfruten experiencias de cultura, ciencia, literatura, deporte y esparcimiento.",0,True,False,False,True,False,True,0.0
70564,9499,3,Gestión Pedagógica,0,0.0,Implementación completa: 100%,False,False,0,0.0,Gestión Pedagógica,Implementación completa: 100%,9499,ESCUELA HOGAR DE CIEGOS SANTA LUCIA,Particular subvencionado,especial,55,Taller de habilidades de la vida diaria,"El equipo de especialistas ejecuta acciones de acuerdo a las necesidades de los estudiantes en rutina de aseo, vestuario, alimentación, entre otras.",0,True,False,False,True,False,True,0.0
70565,9499,3,Gestión Pedagógica,0,0.0,Implementación completa: 100%,False,False,0,0.0,Gestión Pedagógica,Implementación completa: 100%,9499,ESCUELA HOGAR DE CIEGOS SANTA LUCIA,Particular subvencionado,especial,55,Taller de Orientación y movilidad,"Equipo de especialistas implementan en taller dentro de la carga horaria de los estudiantes, dado que necesitan utilizar técnicas de O y M. para desplazarse en diversos contextos.",0,True,False,False,True,False,True,0.0
70566,9499,3,Gestión Pedagógica,0,0.0,Implementación completa: 100%,False,False,0,0.0,Gestión Pedagógica,Implementación completa: 100%,9499,ESCUELA HOGAR DE CIEGOS SANTA LUCIA,Particular subvencionado,especial,55,Acompañamiento en el aula,"El equipo de gestión acompaña al docente en las prácticas efectivas, a través de pautas de observación con descriptores, reflexión y retroalimentación.",0,True,False,False,True,False,True,0.0
70567,9499,3,Gestión Pedagógica,0,0.0,Implementación adecuada: 50% a 74%,False,False,0,0.0,Gestión Pedagógica,Implementación adecuada: 50% a 74%,9499,ESCUELA HOGAR DE CIEGOS SANTA LUCIA,Particular subvencionado,especial,55,Nivelación de las matemáticas,"Unidad técnico-pedagógica en conjunto con docentes realizan plan matemático en cálculo mental, operatoria básica y resolución en problema en las clases de matemática.",0,False,False,True,True,True,True,0.0
70568,9499,3,Liderazgo,0,0.0,Implementación avanzada: 75% a 99%,False,False,0,0.0,Liderazgo,Implementación avanzada: 75% a 99%,9499,ESCUELA HOGAR DE CIEGOS SANTA LUCIA,Particular subvencionado,especial,55,Difusión y monitoreo PME,"Equipo directivo realiza cuatro reuniones donde especifica las acciones que se implementan en el   PME, fases estratégicas, objetivos estratégicos, avance plan anual,  implementación, evidencias, mejoras, propuestas de trabajo y otros aspectos relevantes",0,False,False,True,True,True,True,0.0
70569,9499,3,Liderazgo,0,0.0,Implementación completa: 100%,False,False,0,0.0,Liderazgo,Implementación completa: 100%,9499,ESCUELA HOGAR DE CIEGOS SANTA LUCIA,Particular subvencionado,especial,55,Liderazgo distributivo,"Orientaciones de trabajo sistemático definiendo las prioridades y metas educativas en reuniones formativas, reflexivas, pedagógicas, administrativas y de análisis y de manera de atender a nuestra comunidad y a la organización de todos.",0,True,False,False,True,False,True,0.0
72388,9693,2,Convivencia Escolar,4000000,4000000.0,Implementación completa: 100%,False,False,4000000,4000000.0,Convivencia Escolar,Implementación completa: 100%,9693,LICEO POLITECNICO CIENCIA Y TECNOLOGIA,Público,basica_media,848,FORMACIÓN PARA LA PREVENCION,"Formar a funcionarios, estudiantes, apoderados en temas de Convivencia como; Formación Ciudadana, Violencia Escolar, Ciberbulling, Prevención de Drogas, y alcohol; capacitación en liderazgo estudiantil.",1,True,False,False,False,False,False,6.6020600999015695
72389,9693,2,Convivencia Escolar,30000000,30000000.0,Implementación completa: 100%,False,False,30000000,30000000.0,Convivencia Escolar,Implementación completa: 100%,9693,LICEO POLITECNICO CIENCIA Y TECNOLOGIA,Público,basica_media,848,ACTIVIDADES EXTRA ESCOLARES,"Realizar actividades masivas apropiación PE; aniversarios, bienvenida primeros medios, presentaciones artísticas, musicales, culturales, deportivas, ecológicas, y talleres; artísticos, deportivos, culturales, intercultural, danza, orquesta big band que promueven nuestro PEI dentro y fuera del liceo, fortaleciendo la convivencia escolar, en entornos preventivos, saludables, acogedores y seguros",1,True,False,False,False,False,False,7.477121269196145
72390,9693,2,Convivencia Escolar,20000000,15000000.0,Implementación completa: 100%,False,False,20000000,15000000.0,Convivencia Escolar,Implementación completa: 100%,9693,LICEO POLITECNICO CIENCIA Y TECNOLOGIA,Público,basica_media,848,ORQUESTA BIGBAND,"Realizar talleres artísticos, musicales como forma de promover PEI, fortaleciendo la convivencia escolar con entornos, preventivos, saludables, y seguros, junto al mantenimiento de medios y equipos musicales",1,True,False,False,False,False,False,7.301030017378705
72391,9693,2,Gestión de Recursos,144000000,144000000.0,Implementación completa: 100%,False,False,144000000,144000000.0,Gestión de Recursos,Implementación completa: 100%,9693,LICEO POLITECNICO CIENCIA Y TECNOLOGIA,Público,basica_media,848,"MANTENCION, IMPLEMENTACION Y EQUIPOS","Incorporar herramientas medios tecnológicos, digitales, simuladores, virtuales y de las ciencias, que beneficien el desarrollo de actividades académicas, técnicas y experimentación científica, en ambiente seguro para comunidad educativa; junto con optimizar equipamiento de espacios educativos del liceo, contando con RRHH específicos para apoyo de las actividades, mantención de medios y equipos",1,True,False,False,False,False,False,8.158362495111184
72392,9693,2,Gestión de Recursos,90000000,90000000.0,Implementación completa: 100%,False,False,90000000,90000000.0,Gestión de Recursos,Implementación completa: 100%,9693,LICEO POLITECNICO CIENCIA Y TECNOLOGIA,Público,basica_media,848,APOYO ESCOLAR,"Realizar acciones que beneficien el desarrollo de las actividades académicas en un ambiente seguro para comunidad educativa; junto con optimizar equipamiento de los espacios educativos, contando con el RRHH especifico, tanto para el apoyo de las actividades académicas y técnicas, apoyo escolar, CRA, apoyo informático, apoyo salud.",1,True,False,False,False,False,False,7.954242514264819
72393,9693,2,Gestión Pedagógica,97000000,97000000.0,Implementación completa: 100%,False,False,97000000,97000000.0,Gestión Pedagógica,Implementación completa: 100%,9693,LICEO POLITECNICO CIENCIA Y TECNOLOGIA,Público,basica_media,848,FORTALECIENDO COMPETENCIAS TÉCNICAS EN EL AULA,"Estudiantes de 1° a 4° medio son apoyados por docentes del área técnica, en cada una de las especialidades Técnico Profesional, a fin de fortalecer competencias técnicas a desarrollar en Talleres y laboratorios, junto al uso de equipos y medios para la prevención de riesgos y el auto-cuidado personal.",1,True,False,False,False,False,False,7.986771738743507
72394,9693,2,Gestión Pedagógica,1000000,1000000.0,Implementación inicial: 1% a 24%,False,False,1000000,1000000.0,Gestión Pedagógica,Implementación inicial: 1% a 24%,9693,LICEO POLITECNICO CIENCIA Y TECNOLOGIA,Público,basica_media,848,Proyecto ADECO,"Implementación del programa ADECO, a través de su proyecto de acompañamiento al aula para el desarrollo de mejoras metodológicas en el ámbito de la retroalimentación oportuna y diversificada.",1,False,False,True,False,False,True,6.0000004342942646
72395,9693,2,Gestión Pedagógica,25500000,25500000.0,Implementación completa: 100%,False,False,25500000,25500000.0,Gestión Pedagógica,Implementación completa: 100%,9693,LICEO POLITECNICO CIENCIA Y TECNOLOGIA,Público,basica_media,848,APOYO y ACOMPAÑAMIENTO PEDAGÓGICO,"Brindar apoyo a través de docentes y profesionales, a aquellos estudiantes que presentan bajos niveles de logro en sus aprendizajes en; lenguaje, matemáticas, ciencia e Ingles; como también apoyo de otros profesionales a estudiantes con NEE.",1,True,False,False,False,False,False,7.406540197465111
72396,9693,2,Gestión Pedagógica,12400000,12400000.0,Implementación completa: 100%,False,False,12400000,12400000.0,Gestión Pedagógica,Implementación completa: 100%,9693,LICEO POLITECNICO CIENCIA Y TECNOLOGIA,Público,basica_media,848,FORTALECIENDO COMPETENCIAS PROFESIONALES,"Gestionar perfeccionamiento, capacitación y/o actualización docente pedagógica-técnica, en concordancia a necesidades de docentes y asistentes educación, identificadas a través de instrumentos recolección información.",1,True,False,False,False,False,False,7.093421720185982
72397,9693,2,Gestión Pedagógica,16000000,16000000.0,Implementación completa: 100%,False,False,16000000,16000000.0,Gestión Pedagógica,Implementación completa: 100%,9693,LICEO POLITECNICO CIENCIA Y TECNOLOGIA,Público,basica_media,848,SALIDAS PEDAGÓGICAS,"Concretar al menos una salida Técnico pedagógica presencial durante primer y segundo semestre, para todos los estudiantes, complementando y fortaleciendo sus áreas de conocimiento y propendiendo el desarrollo integral de sus aprendizajes, intencionando la articulación con otras asignaturas y/o módulos de especialidad",1,True,False,False,False,False,False,7.204120009799329
72398,9693,2,Liderazgo,2000000,2000000.0,Implementación completa: 100%,False,False,2000000,2000000.0,Liderazgo,Implementación completa: 100%,9693,LICEO POLITECNICO CIENCIA Y TECNOLOGIA,Público,basica_media,848,PROYECTANDO LAS PRACTICAS PROFESIONALES,"En base a misión, visión, sellos PEI, U.Producción, Jefes Especialidad, Dupla psicosocial y redes apoyo publico-privadas; establecen estrategias de apoyo a la formación profesional de estudiantes a través; capacitación, charlas, Jornadas laborales y salidas técnico pedagógicas, a fin de crear identidad con PEI, y acompañamiento al proceso práctica profesional.",1,True,False,False,False,False,False,6.301030212811168
72399,9693,2,Liderazgo,40500000,40500000.0,Implementación completa: 100%,False,False,40500000,40500000.0,Liderazgo,Implementación completa: 100%,9693,LICEO POLITECNICO CIENCIA Y TECNOLOGIA,Público,basica_media,848,APOYO PSICOSOCIAL A LOS ESTUDIANTES,"Apoyo socioemocional y de contención a todos los estudiantes del Liceo derivados de orientación, a través de atención, charlas, vínculo con redes de apoyo para estudiantes que presentan dificultades socioemocionales, de adaptación y conductas disruptivas, que afectan su proceso enseñanza aprendizaje.",1,True,False,False,False,False,False,7.607455033937989
72400,9693,2,Liderazgo,4000000,4000000.0,Implementación completa: 100%,False,False,4000000,4000000.0,Liderazgo,Implementación completa: 100%,9693,LICEO POLITECNICO CIENCIA Y TECNOLOGIA,Público,basica_media,848,JORNADA PUERTAS ABIERTAS-DIFUSIÓN PEI,"Unidad Producción, Jefes Dpto y Especialidad, organizan, planifican y realizan jornada de difusión del PEI a la comunidad denominada Puertas Abiertas. Preparan y presentan muestra practica de asignaturas F.G y módulos T.P, donde estudiantes demuestran sus habilidades blandas y transmiten sus conocimientos y apropiación de PEI tanto dentro como fuera del liceo (muestra itinerante)",1,True,False,False,False,False,False,6.6020600999015695
72401,9693,2,Liderazgo,1000000,1000000.0,Implementación completa: 100%,False,False,1000000,1000000.0,Liderazgo,Implementación completa: 100%,9693,LICEO POLITECNICO CIENCIA Y TECNOLOGIA,Público,basica_media,848,PREVENCIÓN Y SEGUIMIENTO,"Equipo directivo lidera consejos de seguimiento de todos los cursos de 1° a 4° medio, con objetivo de recolectar datos y tomar decisiones de mejoramiento en relación a rendimiento académico, ámbito socio emocional, clima de aula, asistencia y revinculación.",1,True,False,False,False,False,False,6.0000004342942646
72445,9699,2,Convivencia Escolar,0,0.0,Implementación completa: 100%,False,False,0,0.0,Convivencia Escolar,Implementación completa: 100%,9699,COLEGIO NACIONES UNIDAS,Público,basica_media,307,Actividades recreativas N° 12,Implementación de actividades lúdicas y recreativas que fomenten la participación de las y los estudiantes con el fin de prevenir y evitar situaciones agresivas o violentas permitiendo mejorar la convivencia escolar y la salud mental,1,True,False,False,True,False,True,0.0
72446,9699,2,Convivencia Escolar,25000000,25000000.0,Implementación completa: 100%,False,False,25000000,25000000.0,Convivencia Escolar,Implementación completa: 100%,9699,COLEGIO NACIONES UNIDAS,Público,basica_media,307,Acompañamiento y monitoreo de asistencia y deserción escolar N° 14,"Desarrollo de un plan de trabajo psicosocial que permita monitorear y hacer seguimiento de estudiantes inasistentes y con riesgos de deserción, generar acciones para la retención y mejora de asistencia, desarrollar informes que den cuenta de los avances en la ejecución de los planes.",1,True,False,False,False,False,False,7.397940026043816
72447,9699,2,Convivencia Escolar,3000000,3000000.0,Implementación avanzada: 75% a 99%,False,False,3000000,3000000.0,Convivencia Escolar,Implementación avanzada: 75% a 99%,9699,COLEGIO NACIONES UNIDAS,Público,basica_media,307,Mediación N°15,"Formar de 1° a 8° básico ,un estudiante mediador por nivel quien mediara en conflictos de menor intensidad, que se produzcan al interior de su curso, utilizando procedimientos como el arbitraje, y conciliación, a través de la contratación de servicios especializados que desarrollen conocimientos y habilidades en algunos miembros de la comunidad.",1,False,False,True,False,False,True,6.477121399484465
72448,9699,2,Convivencia Escolar,10000000,10000000.0,Implementación completa: 100%,False,False,10000000,10000000.0,Convivencia Escolar,Implementación completa: 100%,9699,COLEGIO NACIONES UNIDAS,Público,basica_media,307,Realización de talleres extraescolares N° 16,"Desarrollo de talleres extraescolares: huertos comunitarios, música, folclor, deportes, idiomas, artes, teatro, tenis de mesa, gimnasia rítmica, basquetbol u otros, procurando crear un ambiente adecuado para su realización, desarrollo y cierre, manteniendo la organización, información, sentido de pertenencia  e identidad en las actividades del establecimiento. Premiación de estudiantes en talleres",1,True,False,False,False,False,False,7.000000043429446
72449,9699,2,Convivencia Escolar,2000000,2000000.0,Implementación completa: 100%,False,False,2000000,2000000.0,Convivencia Escolar,Implementación completa: 100%,9699,COLEGIO NACIONES UNIDAS,Público,basica_media,307,Contención socioemocional N°13,"Planificación y realización de al menos 1 taller de contención socioemocional para los distintos cursos por semestre. 1 taller para los distintos estamentos de la comunidad educativa del establecimiento educacional en el año. Elaboración de un plan de acción para poder enfrentar necesidades de contención socioemocional para los distintos estamentos con protocolos, actividades, instrumentos.",1,True,False,False,False,False,False,6.301030212811168
72450,9699,2,Gestión de Recursos,9500000,9500000.0,Implementación completa: 100%,False,False,9500000,9500000.0,Gestión de Recursos,Implementación completa: 100%,9699,COLEGIO NACIONES UNIDAS,Público,basica_media,307,Facilitador Aprendizaje: Encargado de plataformas N° 18,"Responsable de la administración de los canales comunicacionales y digitales que permiten el acceso al aprendizaje de los estudiantes y enlace entre los actores de la comunidad educativa,",1,True,False,False,False,False,False,6.977723651004054
72451,9699,2,Gestión de Recursos,117000000,117000000.0,Implementación completa: 100%,False,False,117000000,117000000.0,Gestión de Recursos,Implementación completa: 100%,9699,COLEGIO NACIONES UNIDAS,Público,basica_media,307,"Provisión de recursos administrativos, educativos y de enseñanza N° 17","El establecimiento, a través de apoyo administrativo, provisiona adecuadamente recursos educativos, recursos tecnológicos, mochilas para notebooks, material didáctico y materiales de enseñanza durante el año 2024",1,True,False,False,False,False,False,8.06818586545808
72452,9699,2,Gestión Pedagógica,3000000,3000000.0,Implementación completa: 100%,False,False,3000000,3000000.0,Gestión Pedagógica,Implementación completa: 100%,9699,COLEGIO NACIONES UNIDAS,Público,basica_media,307,Intercambio y reflexión de Prácticas Pedagógicas N° 2,"Fortalecimiento de las prácticas docentes y actividades pedagógicas comunes entre los profesores del mismo nivel y/o área, inclinándose a asegurar la cobertura curricular, mejorar el nivel de logro de los aprendizajes a través de lineamientos pedagógicos que permitan organizar los aprendizajes de los y las estudiantes.",1,True,False,False,False,False,False,6.477121399484465
72453,9699,2,Gestión Pedagógica,2000000,2000000.0,Implementación avanzada: 75% a 99%,False,False,2000000,2000000.0,Gestión Pedagógica,Implementación avanzada: 75% a 99%,9699,COLEGIO NACIONES UNIDAS,Público,basica_media,307,Acompañamiento al aula.   N°1,"Implementación de un Plan de acompañamiento pedagógico mediante la revisión curricular evaluativa y observación del aula, que permita evidenciar las necesidades pedagógicas de los y las docentes para el desarrollo de los procesos de enseñanza y aprendizaje que promuevan la mejora de las prácticas pedagógicas, para la reactivación educativa y fortalecimiento de los aprendizajes.",1,False,False,True,False,False,True,6.301030212811168
72454,9699,2,Gestión Pedagógica,1500000,1500000.0,Implementación completa: 100%,False,False,1500000,1500000.0,Gestión Pedagógica,Implementación completa: 100%,9699,COLEGIO NACIONES UNIDAS,Público,basica_media,307,Plan Lector    N°4,"Implementación de práctica continua de lectura de los niños y niñas de 1° a 8° año básico, fomentando el interés por la lectura e incremento del vocabulario y procesos cognitivos superiores. A  través de un plan lector y seguimiento de procesos de velocidad y calidad lectora implementado por la encargada CRA.",1,True,False,False,False,False,False,6.176091548585239
72455,9699,2,Gestión Pedagógica,6000000,6000000.0,Implementación completa: 100%,False,False,6000000,6000000.0,Gestión Pedagógica,Implementación completa: 100%,9699,COLEGIO NACIONES UNIDAS,Público,basica_media,307,Salidas pedagógicas N°6,"Realización de una salida pedagógica semestral por curso, que permitan reforzar y fortalecer los aprendizajes y  potenciar el bienestar emocional,  para desarrollar la formación integral de los y las estudiantes.",1,True,False,False,False,False,False,6.7781513227660515
72456,9699,2,Gestión Pedagógica,5000000,5000000.0,Implementación completa: 100%,False,False,5000000,5000000.0,Gestión Pedagógica,Implementación completa: 100%,9699,COLEGIO NACIONES UNIDAS,Público,basica_media,307,Trabajo Colaborativo PIE N°5,"Desarrollo de reuniones reflexivas entre los y las docentes de asignaturas y educadores diferencial, para coordinar estrategias de co-docencia y el trabajo colaborativo que den respuesta a las necesidades de los y las estudiantes del PIE y de todos los estudiantes, para la movilidad y fortalecimiento de los aprendizajes de los y las estudiantes.",1,True,False,False,False,False,False,6.698970091194907
72457,9699,2,Gestión Pedagógica,10000000,10000000.0,Implementación completa: 100%,False,False,10000000,10000000.0,Gestión Pedagógica,Implementación completa: 100%,9699,COLEGIO NACIONES UNIDAS,Público,basica_media,307,Atendiendo a la diversidad    N°7,"Implementación de acompañamiento y apoyo a estudiantes con NEE, que exceden a los niños y niñas pertenecientes al programa de integración escolar y/o que ante diagnóstico y condición requiere de mayor tiempo de trabajo y apoyo por parte de un o una terapeuta ocupacional, permitiendo fortalecer los aprendizajes integrales de los estudiantes.",1,True,False,False,False,False,False,7.000000043429446
72458,9699,2,Gestión Pedagógica,25000000,25000000.0,Implementación completa: 100%,False,False,25000000,25000000.0,Gestión Pedagógica,Implementación completa: 100%,9699,COLEGIO NACIONES UNIDAS,Público,basica_media,307,Apoyo académico a estudiantes N°3,"Contratación de apoyo y asistencia en el aula de personal técnico de 1ero a 4to básico y  apoyo técnico a UTP de profesional docente con 44 horas, a fin de fortalecer los aprendizajes de los y las estudiantes del establecimiento.",1,True,False,False,False,False,False,7.397940026043816
72459,9699,2,Liderazgo,5000000,5000000.0,Implementación completa: 100%,False,False,5000000,5000000.0,Liderazgo,Implementación completa: 100%,9699,COLEGIO NACIONES UNIDAS,Público,basica_media,307,Instalación del uso de datos para la toma de decisiones educativas N°9,"Utilización, por parte del Director,  de información entregada en reuniones de trabajo del Equipo directivo, de gestión, profesional o técnico, para recopilar y analizar datos, que sirvan como herramienta clave para la toma de decisiones educativas, que permitan el logro de los objetivos institucionales.",1,True,False,False,False,False,False,6.698970091194907
72460,9699,2,Liderazgo,0,0.0,Implementación completa: 100%,False,False,0,0.0,Liderazgo,Implementación completa: 100%,9699,COLEGIO NACIONES UNIDAS,Público,basica_media,307,Comunicación efectiva N°8,"El Director y el Equipo Directivo instalan un sistema para que el flujo de información sea efectivo, ,congregando a los miembros de la comunidad educativa para que compartan las orientaciones, prioridades y metas declaradas en el PEI, PME y normativas fortaleciendo el desarrollo de una mirada compartida en todos los miembros de la comunidad.",1,True,False,False,True,False,True,0.0
72461,9699,2,Liderazgo,0,0.0,Implementación completa: 100%,False,False,0,0.0,Liderazgo,Implementación completa: 100%,9699,COLEGIO NACIONES UNIDAS,Público,basica_media,307,Monitoreo y seguimiento N° 11,"Realización de al menos un monitoreo y un seguimiento semestral por parte de la coordinación Ley Sep. comunal, a los planes de gastos, compras y pagos de los 8 establecimientos con el objeto de asegurar la correcta ejecución de dichos procesos.",1,True,False,False,True,False,True,0.0
72462,9699,2,Liderazgo,0,0.0,Implementación completa: 100%,False,False,0,0.0,Liderazgo,Implementación completa: 100%,9699,COLEGIO NACIONES UNIDAS,Público,basica_media,307,Reuniones técnicas con directores.   N°10,"El Sostenedor mantiene una comunicación constante y sistemática con los directores de los establecimientos educacionales, mediante reuniones técnicas semanales, con la finalidad de analizar el funcionamiento interno de Escuelas y Liceo, tomar decisiones e introducir mejoras.",1,True,False,False,True,False,True,0.0
72463,9700,2,Convivencia Escolar,3500000,3500000.0,Implementación completa: 100%,False,False,3500000,3500000.0,Convivencia Escolar,Implementación completa: 100%,9700,COLEGIO PALESTINO,Público,basica_media,342,10.- Fortalecimiento de los objetivos transversales y la formación emocional social.,"Fortalecer el desarrollo emocional-social de todos/as las estudiantes, mediante la ejecución del Programa THADES (Programa de Talleres de habilidades de destrezas emocionales y sociales), incorporado 2 horas de trabajo de taller en aula, a través de horas JEC, desde 3° a 8°, a cargo del profesor jefe y profesional de convivencia, con trabajo en equipos de aula, de análisis de casos y entrevistas.",1,True,False,False,False,False,False,6.5440681684343955
72464,9700,2,Convivencia Escolar,0,0.0,Implementación avanzada: 75% a 99%,False,False,0,0.0,Convivencia Escolar,Implementación avanzada: 75% a 99%,9700,COLEGIO PALESTINO,Público,basica_media,342,8.- Formando actitudes pro-sociales para cuidar la vida democrática.,"Determinar participativamente la existencia de protocolos socializados que permitan intervenir formativamente en las faltas a nuestro RICE y faciliten mediante su respeto una actitud prosocial que disminuya las actitudes y comportamientos que atenten contra la sana convivencia, dentro del establecimiento, respondiendo a nuestro sello, cívico, comunitario y multicultural.",1,False,False,True,True,True,True,0.0
72465,9700,2,Convivencia Escolar,3000000,3000000.0,Implementación avanzada: 75% a 99%,False,False,3000000,3000000.0,Convivencia Escolar,Implementación avanzada: 75% a 99%,9700,COLEGIO PALESTINO,Público,basica_media,342,9.- Comunicación efectiva con la comunidad educativa.,"Garantizar el conocimiento, socialización y cumplimiento de los protocolos de convivencia escolar 2024, a partir de una comunicación efectiva con la comunidad educativa, mediante diferentes canales, reuniones presenciales, redes sociales, página web del colegio, etc., promoviendo e incentivando la participación de al menos un 50% de apoderados, en al actividades masivas del colegio.",1,False,False,True,False,False,True,6.477121399484465
72466,9700,2,Convivencia Escolar,6500000,6500000.0,Implementación avanzada: 75% a 99%,False,False,6500000,6500000.0,Convivencia Escolar,Implementación avanzada: 75% a 99%,9700,COLEGIO PALESTINO,Público,basica_media,342,7.- Comunidad educativa participativa y comprometida.,"Promover e incentivar la participación y compromiso de los apoderados, invitándoles a asistir actividades comunitarias, planificadas y ejecutadas durante el año, tales como: elección de CCPP y de CCAA, aniversario, día de la multiculturalidad, actividades masivas, premiaciones, actos cívicos y licenciaturas, entre otras, fortaleciendo un trabajo colaborativo, clima de compañerismo, entre todos.",1,False,False,True,False,False,True,6.8129134234573865
72467,9700,2,Gestión de Recursos,4000000,4000000.0,Implementación adecuada: 50% a 74%,False,False,4000000,4000000.0,Gestión de Recursos,Implementación adecuada: 50% a 74%,9700,COLEGIO PALESTINO,Público,basica_media,342,"12.- Seguridad escolar, vida sana y saludable.","Mejorar el aprendizaje de todos y todas las estudiantes y resultados de los IDPS, resguardando su salud física, mental y social, mediante la adquisición de implementos y equipos necesarios para atender las necesidades emergentes de la comunidad educativa; además de favorecer la capacitación del personal que pueda atender dichas emergencias y situaciones de riesgo, durante el año escolar.",1,False,False,True,False,False,True,6.6020600999015695
72468,9700,2,Gestión de Recursos,56343885,56343885.0,Implementación completa: 100%,False,False,56343885,56343885.0,Gestión de Recursos,Implementación completa: 100%,9700,COLEGIO PALESTINO,Público,basica_media,342,11.-Optimizando la Gestión de Recursos.,"Reforzar los aprendizajes de manera efectiva, optimizando la gestión de los recursos humanos y materiales necesarios para la implementación de las acciones del PME 2024, supervisando el cumplimento de las metas anuales y, a través de esto, fortalecer el desarrollo de nuestro PEI y sello institucional, mediante la contratación de administrativo SEP, dupla psicosocial y encargado de computación.",1,True,False,False,False,False,False,7.750846796681644
72469,9700,2,Gestión Pedagógica,24430000,24430000.0,Implementación avanzada: 75% a 99%,False,False,24430000,24430000.0,Gestión Pedagógica,Implementación avanzada: 75% a 99%,9700,COLEGIO PALESTINO,Público,basica_media,342,"1.- Acompañamiento, Autoevaluación y retroalimentación de la práctica pedagógica.","Implementar un procedimiento ordenado, sistemático y calendarizado de apoyo, orientación y acompañamiento desde la UTP al trabajo de todos/as docentes, con reuniones permanentes en las que se entreguen orientaciones técnicas que permitan mejorar la práctica pedagógica y el aprendizaje de los/as estudiantes, a través de planificaciones que incorporen habilidades (DAS), Talleres JEC con ABP e IA.",1,False,False,True,False,False,True,7.387923484750534
72470,9700,2,Gestión Pedagógica,4500000,4500000.0,Implementación adecuada: 50% a 74%,False,False,4500000,4500000.0,Gestión Pedagógica,Implementación adecuada: 50% a 74%,9700,COLEGIO PALESTINO,Público,basica_media,342,2.- Evaluación y monitoreo del nivel de Aprendizaje de los estudiantes.,"Monitorear por medio de la aplicación de Instrumentos de conocimiento y comprensión del aprendizaje (ICCA), con tabla de especificaciones,  rubricas y/o escalas cualitativas el aprendizaje en lenguaje, matemática  y velocidad lectora, según lineamientos de la UTP, a través de la prueba DIA y de calidad lectora, al menos 2 veces al año para  mejorar los resultados de todos los estudiantes.",1,False,False,True,False,False,True,6.653212610285218
72471,9700,2,Gestión Pedagógica,3000000,3000000.0,Implementación avanzada: 75% a 99%,False,False,3000000,3000000.0,Gestión Pedagógica,Implementación avanzada: 75% a 99%,9700,COLEGIO PALESTINO,Público,basica_media,342,3.- Aprendizaje Inclusivo.,"Instalar procedimientos unificados de coordinación y lineamientos técnicos, entre la UTP, profesionales PIE y profesores de aula regular, mediante trabajo colaborativo e interdisciplinario que permita atender a todos los estudiantes con NEET y NEEP y avanzar en su aprendizaje conforme a su ritmo y diagnóstico, incorporando DUA , estrategias diversificadas y eliminar o disminuir barreras de acceso.",1,False,False,True,False,False,True,6.477121399484465
72472,9700,2,Gestión Pedagógica,4500000,4500000.0,Implementación avanzada: 75% a 99%,False,False,4500000,4500000.0,Gestión Pedagógica,Implementación avanzada: 75% a 99%,9700,COLEGIO PALESTINO,Público,basica_media,342,4.- Trabajo colaborativo e interdisciplinario.,"Implementar un trabajo colaborativo e interdisciplinario entre profesores, convivencia, inspectoría, PIE y Educadoras  que apoye el aprendizaje en el área cognitiva y emocional-social de todos/as estudiantes ( TALLERES THADES en JEC) y jornadas en equipos de aula, con 1 hora adicional de contrato para cada profesor jefe, que permita analizar casos, entrevistar y comprometer a los apoderados.",1,False,False,True,False,False,True,6.653212610285218
72473,9700,2,Liderazgo,17150000,15500000.0,Implementación completa: 100%,False,False,17150000,15500000.0,Liderazgo,Implementación completa: 100%,9700,COLEGIO PALESTINO,Público,basica_media,342,6.- Liderazgo e Innovación Pedagógica.,"Liderar la ejecución de un PLFDPD de innovación pedagógica desde PK a 8° básico, con aportes de la neurociencia (Circuito neurofisiológico de la motivación para el aprendizaje, DAS, ABP, THADES, EPA Y TECNOLOGIA), participando en el PROYECTO ADECO y  coordinar el proceso de transición educativa, que mejore las practicas de enseñanza permita el desarrollo de habilidades de todos los estudiantes.",1,True,False,False,False,False,False,7.234264149702082
72474,9700,2,Liderazgo,9512111,9512111.0,Implementación avanzada: 75% a 99%,False,False,9512111,9512111.0,Liderazgo,Implementación avanzada: 75% a 99%,9700,COLEGIO PALESTINO,Público,basica_media,342,5.- Monitoreo y Seguimiento DEM.,"Implementación de procedimientos de coordinación entre DEPROV, DEM, Equipo Directivo y de Gestión, que permitan asesorar, supervisar y acompañar en el proceso de implementación del PEI, PME, y Planes Normativos, al igual que el plan de ingresos y gastos del Establecimiento, con objeto de mejorar los procesos y asegurar el aprendizaje, a partir de la planificación estratégica.",1,False,False,True,False,False,True,6.978276955224556
72475,9701,2,Convivencia Escolar,3000000,3000000.0,Implementación completa: 100%,False,False,3000000,3000000.0,Convivencia Escolar,Implementación completa: 100%,9701,LICEO POLIVALENTE OLOF PALME,Público,basica_media,449,PLAN INTEGRAL DE SEGURIDAD ESCOLAR,"Mejoramiento con liderazgo del Inspector General, de prácticas de prevención de riesgos y protocolos de autocuidado, ejecutando instancias de sensibilización, difusión y jornadas de capacitación, monitoreando bimestralmente los avances y dificultades a fin de optimizar la seguridad de la comunidad, incluyendo instalación,  mantención de la red eléctrica y mantenimiento del establecimiento.",1,True,False,False,False,False,False,6.477121399484465
72476,9701,2,Convivencia Escolar,3000000,3000000.0,Implementación completa: 100%,False,False,3000000,3000000.0,Convivencia Escolar,Implementación completa: 100%,9701,LICEO POLIVALENTE OLOF PALME,Público,basica_media,449,PLAN DE CONVIVENCIA Y CLIMA ESCOLAR,"Fortalecimiento de la gestión de convivencia a través del monitoreo bimestral , de prácticas relacionadas al mejoramiento de los IDPS, asegurando un ambiente adecuado para el desarrollo biopsicosocioemocional, de los y las estudiantes, articulando el PGCE con otros planes.",1,True,False,False,False,False,False,6.477121399484465
72477,9701,2,Convivencia Escolar,2000000,2000000.0,Implementación completa: 100%,False,False,2000000,2000000.0,Convivencia Escolar,Implementación completa: 100%,9701,LICEO POLIVALENTE OLOF PALME,Público,basica_media,449,"PLAN DE SEXUALIDAD, AFECTIVIDAD Y GÉNERO","Fortalecimiento con el liderazgo de la Encargada del Plan de Sexualidad, afectividad y género de las instancias formativas, promoviendo habilidades y actitudes que les permitan incorporar progresivamente criterios para conducir su proyecto de vida, cuidar su salud integral con responsabilidad, enfoque de género, respeto hacia la diversidad e inclusión.",1,True,False,False,False,False,False,6.301030212811168
72478,9701,2,Convivencia Escolar,2000000,2000000.0,Implementación completa: 100%,False,False,2000000,2000000.0,Convivencia Escolar,Implementación completa: 100%,9701,LICEO POLIVALENTE OLOF PALME,Público,basica_media,449,PLAN ECOLÓGICO MEDIO AMBIENTAL,"Fortalecimiento, con el liderazgo de Encargada de Plan Ecológico, de valores, habilidades y competencias ecologistas mediante la participación activa y comprometida de estudiantes y sus familias en instancias para el desarrollo de una sociedad crecientemente sustentable y de ciudadanos conscientes con su entorno, monitoreando, acompañando y evaluando su impacto.",1,True,False,False,False,False,False,6.301030212811168
72479,9701,2,Convivencia Escolar,3000000,3000000.0,Implementación completa: 100%,False,False,3000000,3000000.0,Convivencia Escolar,Implementación completa: 100%,9701,LICEO POLIVALENTE OLOF PALME,Público,basica_media,449,CULTURA DEMOCRÁTICA,"Mejoramiento, con el liderazgo del Encargado de Plan de Formación Ciudadana, de los procesos de formación democrática y participación activa de los distintos estamentos de la comunidad en iniciativas constructivas que aporten al establecimiento, el entorno y/o la sociedad, monitoreando, acompañando y evaluando su impacto.",1,True,False,False,False,False,False,6.477121399484465
72480,9701,2,Gestión de Recursos,0,0.0,Implementación completa: 100%,False,False,0,0.0,Gestión de Recursos,Implementación completa: 100%,9701,LICEO POLIVALENTE OLOF PALME,Público,basica_media,449,"IMPACTO PEDAGÓGICO DE LOS RECURSOS DIDÁCTICOS, EDUCATIVOS Y TECNOLÓGICOS.","Mejoramiento con el liderazgo del director del uso de los recursos educativos, tecnológicos y didácticos mediante el monitoreo bimestral en aula con pauta a fin de impactar los aprendizajes.",1,True,False,False,True,False,True,0.0
72481,9701,2,Gestión de Recursos,44000000,44000000.0,Implementación completa: 100%,False,False,44000000,44000000.0,Gestión de Recursos,Implementación completa: 100%,9701,LICEO POLIVALENTE OLOF PALME,Público,basica_media,449,"ADQUISICIÓN DE RECURSOS DIDÁCTICOS, EDUCATIVOS Y TECNOLÓGICOS.","Optimización con el liderazgo del Director, de la efectividad en la adquisición de recursos pedagógicos, educativos, didácticos tecnológicos, asegurando la cobertura de los requerimientos realizados.",1,True,False,False,False,False,False,7.643452686356516
72482,9701,2,Gestión de Recursos,2000000,2000000.0,Implementación completa: 100%,False,False,2000000,2000000.0,Gestión de Recursos,Implementación completa: 100%,9701,LICEO POLIVALENTE OLOF PALME,Público,basica_media,449,DESARROLLO PROFESIONAL DOCENTE,"Fortalecimiento de las competencias profesionales de los/las docentes, con el liderazgo del Director, implementado capacitación con foco en el desarrollo de instrumentos de evaluación que promuevan procesos metacognitivos en los y las estudiantes.",1,True,False,False,False,False,False,6.301030212811168
72483,9701,2,Gestión de Recursos,122000000,122000000.0,Implementación completa: 100%,False,False,122000000,122000000.0,Gestión de Recursos,Implementación completa: 100%,9701,LICEO POLIVALENTE OLOF PALME,Público,basica_media,449,CALIDAD DEL EQUIPO PROFESIONAL Y ADMINISTRTIVO SEP,"Mejoramiento de los procesos de incorporación, monitoreo, acompañamiento, retroalimentación y evaluación realizada por el Director al personal de apoyo SEP, aplicando evaluación semestral de desempeño.",1,True,False,False,False,False,False,8.086359834234539
72484,9701,2,Gestión Pedagógica,0,0.0,Implementación completa: 100%,False,False,0,0.0,Gestión Pedagógica,Implementación completa: 100%,9701,LICEO POLIVALENTE OLOF PALME,Público,basica_media,449,FORTALECIENDO PROYECTOS VOCACIONALES Y DE VIDA,"Mejoramiento de prácticas de monitoreo, acompañamiento, retroalimentación y evaluación a jóvenes de 3º y 4º medio, liderado por equipo PACE/UMCE-OLOF, desarrollando competencias cognitivas, habilidades socioemocionales e información actualizada que promueva procesos de reflexión vocacional que propicien la formulación de su proyecto de vida y continuidad de trayectorias educativas postsecundarias.",1,True,False,False,True,False,True,0.0
72485,9701,2,Gestión Pedagógica,3000000,3000000.0,Implementación completa: 100%,False,False,3000000,3000000.0,Gestión Pedagógica,Implementación completa: 100%,9701,LICEO POLIVALENTE OLOF PALME,Público,basica_media,449,ACOMPAÑANDO ESTUDIANTES CON TRAYECTORIAS EDUCATIVAS EN RIESGO,"Fortalecimiento del monitoreo, acompañamiento, retroalimentación y evaluación bimestral a los/as estudiantes en riesgo académico y biopsicosocioemocional de pre-escolar a 4° medio, liderado por equipo técnico, en coordinación con PIE, profesores, Dupla, Orientación y encargado de Convivencia para atenderlos asegurando su permanencia en el sistema y continuidad de trayectorias educativas integrales",1,True,False,False,False,False,False,6.477121399484465
72486,9701,2,Gestión Pedagógica,0,0.0,Implementación completa: 100%,False,False,0,0.0,Gestión Pedagógica,Implementación completa: 100%,9701,LICEO POLIVALENTE OLOF PALME,Público,basica_media,449,ACOMPAÑAMIENTO A DOCENTES,"Mejoramiento, de prácticas de monitoreo, acompañamiento, retroalimentación y evaluación del equipo técnico a profesores/as, a fin de asegurar en aula la implementación de estrategias pedagógicas que promuevan la participación de los estudiantes y el desarrollo de habilidades de orden superior, impactando los resultados, reduciendo brechas de aprendizaje y fortaleciendo la reflexión docente.",1,True,False,False,True,False,True,0.0
72487,9701,2,Gestión Pedagógica,2594000,2594000.0,Implementación completa: 100%,False,False,2594000,2594000.0,Gestión Pedagógica,Implementación completa: 100%,9701,LICEO POLIVALENTE OLOF PALME,Público,basica_media,449,MONITOREANDO EL PROGRESO EN EL APRENDIZAJE DE LOS ESTUDIANTES,"Mejoramiento, con el liderazgo del equipo técnico, de las prácticas de monitoreo, retroalimentación y evaluación a los logros de los estudiantes en lenguaje y matemática, estableciendo hitos de control aplicando instrumentos de plataforma DIA y/o LIRMI e identificando brechas de aprendizaje, para implementar estrategias de reforzamiento de habilidades a fin de mejorar resultados.",1,True,False,False,False,False,False,6.413970139170728
72488,9701,2,Liderazgo,16200000,16200000.0,Implementación completa: 100%,False,False,16200000,16200000.0,Liderazgo,Implementación completa: 100%,9701,LICEO POLIVALENTE OLOF PALME,Público,basica_media,449,MONITOREO Y SEGUIMIENTO CONTABLE,"Realización de a lo menos un monitoreo y seguimiento semestral por parte de la coordinación SEP comunal al PME, Plan de Gastos, compras y pagos, con el objeto de asegurar la correcta ejecución de dichos procesos.",1,True,False,False,False,False,False,7.209515041350931
72489,9701,2,Liderazgo,0,0.0,Implementación completa: 100%,False,False,0,0.0,Liderazgo,Implementación completa: 100%,9701,LICEO POLIVALENTE OLOF PALME,Público,basica_media,449,REUNIONES DE COORDINACIÓN EQUIPO SEP/ DIRECTOR,"Realización por parte del DEM de a lo menos una reunión semestral con el Director, jefe técnico e Inspector General, a fin de mejorar la entrega de lineamientos para hacer más eficientes y eficaces los procedimientos administrativos, financieros y técnico pedagógicos.",1,True,False,False,True,False,True,0.0
72490,9701,2,Liderazgo,11000000,11000000.0,Implementación completa: 100%,False,False,11000000,11000000.0,Liderazgo,Implementación completa: 100%,9701,LICEO POLIVALENTE OLOF PALME,Público,basica_media,449,EXPERIENCIAS DESAFIANTES,"Promover una cultura de altas expectativas liderada por el Director, asegurando la participación de todos los estudiantes de pre-escolar a 4° Medio en salidas pedagógicas que les permitan enfrentar a entornos nuevos y desafiantes a fin de robustecer, impactar y/o replantear sus motivaciones y proyectos de vida a través de arriendo o contratación de planetario móvil, obras de teatro entre otras.",1,True,False,False,False,False,False,7.04139272463954
72491,9701,2,Liderazgo,0,0.0,Implementación completa: 100%,False,False,0,0.0,Liderazgo,Implementación completa: 100%,9701,LICEO POLIVALENTE OLOF PALME,Público,basica_media,449,MONITOREO INTERNO DEL PLAN DE MEJORAMIENTO EDUCATIVO,"Mejoramiento de los procesos bimestrales de monitoreo, acompañamiento, retroalimentación y evaluación de las prácticas institucionales y pedagógicas, con foco en la reactivación de aprendizajes y el resguardo de las trayectorias educativas positivas de los y las estudiantes, liderado por el Director y su Equipo, a fin de tomar decisiones oportunas de corrección y ajuste, logrando las metas estable",1,True,False,False,True,False,True,0.0
72505,9703,2,Convivencia Escolar,0,0.0,Implementación completa: 100%,False,False,0,0.0,Convivencia Escolar,Implementación completa: 100%,9703,ESCUELA ESPERANZA JOVEN,Público,basica_media,322,15. Centro de Estudiantes.,"Se planificará, ejecutará y monitoreará la formación del Centro de Estudiantes, como espacio de participación y expresión de opiniones de los estudiantes del colegio, con reuniones mensuales de la directiva del Centro de Estudiantes y directivas de cada curso.",1,True,False,False,True,False,True,0.0
72506,9703,2,Convivencia Escolar,1500000,1500000.0,Implementación parcial: 25% a 49%,False,False,1500000,1500000.0,Convivencia Escolar,Implementación parcial: 25% a 49%,9703,ESCUELA ESPERANZA JOVEN,Público,basica_media,322,14. Expresando lo que pienso.,"Implementación de diversas actividades para potenciar la expresión de ideas, debate y deliberación por parte de los estudiantes, a través de jornadas para toda la comunidad, jornadas por ciclo y espacios específicos dentro de algunas asignaturas.",1,False,False,True,False,False,True,6.176091548585239
72507,9703,2,Convivencia Escolar,13000000,13000000.0,Implementación completa: 100%,False,False,13000000,13000000.0,Convivencia Escolar,Implementación completa: 100%,9703,ESCUELA ESPERANZA JOVEN,Público,basica_media,322,16. Más allá de la escuela.,"Fortalecimiento de la participación de estudiantes en salidas pedagógicas y actividades extraescolares como: consejos escolares, consejo consultivo comunal, competencias comunales, talleres extracurriculares, eventos culturales dentro y fuera del colegio, celebraciones comunales y regionales, jornadas de formación, deportivas y artísticas, entre otras.",1,True,False,False,False,False,False,7.113943385714103
72508,9703,2,Convivencia Escolar,24000000,24000000.0,Implementación completa: 100%,False,False,24000000,24000000.0,Convivencia Escolar,Implementación completa: 100%,9703,ESCUELA ESPERANZA JOVEN,Público,basica_media,322,"13. Desarrollo Personal, Social y Bienestar Emocional.","Se potenciará el del desarrollo personal, social de los estudiantes, así como el bienestar emocional de toda la comunidad educativa, a través del monitoreo y seguimiento de la asistencia y atrasos, entrevistas personales con estudiantes, entrevistas con apoderados, talleres de acompañamiento en aula, talleres con docentes, espacios de bienestar, aplicación de test y evaluaciones externas.",1,True,False,False,False,False,False,7.380211259807209
72509,9703,2,Convivencia Escolar,14000000,14000000.0,Implementación completa: 100%,False,False,14000000,14000000.0,Convivencia Escolar,Implementación completa: 100%,9703,ESCUELA ESPERANZA JOVEN,Público,basica_media,322,12. Sello institucional.,"Fortalecer el sello educativo  Aprender a convivir en la cultura del buen trato , a través de la ejecución del PGCE, liderado por Encargada de Convivencia Escolar, con foco en la prevención de los conflictos, promoción de la sana convivencia escolar dentro y fuera del aula, sistema de reconocimiento, celebración de efemérides y creación de espacios efectivos para la convivencia.",1,True,False,False,False,False,False,7.146128066699271
72510,9703,2,Gestión de Recursos,18000000,18000000.0,Implementación completa: 100%,False,False,18000000,18000000.0,Gestión de Recursos,Implementación completa: 100%,9703,ESCUELA ESPERANZA JOVEN,Público,basica_media,322,17. Plan de gastos y monitoreo financiero.,"Se implementará un plan de gastos y su correspondiente monitoreo, con el fin de dar cumplimiento a las necesidades de recursos humanos, materiales pedagógicos y tecnológicos, asegurando la ejecución del proyecto educativo del establecimiento.",1,True,False,False,False,False,False,7.255272529230776
72511,9703,2,Gestión de Recursos,30000000,30000000.0,Implementación completa: 100%,False,False,30000000,30000000.0,Gestión de Recursos,Implementación completa: 100%,9703,ESCUELA ESPERANZA JOVEN,Público,basica_media,322,18. Administración del personal.,"Establecimiento claro de las funciones del recurso humano contratado, monitoreando sus funciones a través de bitácoras, informes, libro de asistencia, pautas de observación, registro de actividades u otras según su rol y función.",1,True,False,False,False,False,False,7.477121269196145
72512,9703,2,Gestión de Recursos,13229000,13229000.0,Implementación completa: 100%,False,False,13229000,13229000.0,Gestión de Recursos,Implementación completa: 100%,9703,ESCUELA ESPERANZA JOVEN,Público,basica_media,322,19. Recursos materiales y tecnológicos.,"Gestión para la adquisición de todos los materiales pedagógicos, didácticos y de equipamiento tecnológicos necesarios para la implementación del PME, así como para la continuidad del proceso de enseñanza aprendizaje de los y las estudiantes.",1,True,False,False,False,False,False,7.12152704928435
72513,9703,2,Gestión Pedagógica,0,0.0,Implementación completa: 100%,False,False,0,0.0,Gestión Pedagógica,Implementación completa: 100%,9703,ESCUELA ESPERANZA JOVEN,Público,basica_media,322,4. Comunidades Profesionales de Aprendizaje.,"Participación de los docentes y equipos de aula en comunidades profesionales de aprendizajes, para la reflexión de la preparación de la enseñanza, monitoreo de estudiantes, capacitaciones, trabajo colaborativo, acompañamiento al aula y fortalecimiento de las prácticas pedagógicas.",1,True,False,False,True,False,True,0.0
72514,9703,2,Gestión Pedagógica,1000000,1000000.0,Implementación completa: 100%,False,False,1000000,1000000.0,Gestión Pedagógica,Implementación completa: 100%,9703,ESCUELA ESPERANZA JOVEN,Público,basica_media,322,5. Transición Educativa,"Implementar un plan de transición educativa que promueva y resguarde la coherencia en el proceso educativo de estudiantes de NT1, NT2, 1° y 2° básico.",1,True,False,False,False,False,False,6.0000004342942646
72515,9703,2,Gestión Pedagógica,45000000,45000000.0,Implementación completa: 100%,False,False,45000000,45000000.0,Gestión Pedagógica,Implementación completa: 100%,9703,ESCUELA ESPERANZA JOVEN,Público,basica_media,322,6. Apoyo al proceso de enseñanza para una educación integral.,"Contratación de Apoyo a la sala de computación, Encargada de Biblioteca, Apoyos al Aula de 1° a 4° básico, profesores de Apoyo Pedagógico para Primer y segundo ciclo básico, talleristas de medio ambiente, teatro, danza, con el fin de complementar la educación integral de los estudiantes.",1,True,False,False,False,False,False,7.653212523426332
72516,9703,2,Gestión Pedagógica,1000000,1000000.0,Implementación completa: 100%,False,False,1000000,1000000.0,Gestión Pedagógica,Implementación completa: 100%,9703,ESCUELA ESPERANZA JOVEN,Público,basica_media,322,7. Monitoreo de la Trayectoria Educativa de los estudiantes.,"Se realizará monitoreo multidisciplinario de los estudiantes del colegio, en ciclos bimensuales y semestrales, con la utilización de información recabada por docentes, Equipo de Convivencia Escolar, Proyecto de Integración Escolar y Equipo Directivo. Levantando actas de compromiso para la realización de remediales necesarias.",1,True,False,False,False,False,False,6.0000004342942646
72517,9703,2,Gestión Pedagógica,8000000,8000000.0,Implementación completa: 100%,False,False,8000000,8000000.0,Gestión Pedagógica,Implementación completa: 100%,9703,ESCUELA ESPERANZA JOVEN,Público,basica_media,322,3. Capacitaciones,"Realización de auto capacitaciones y capacitaciones a docentes y equipos de aula, con foco en preparación de la enseñanza, ambiente para el aprendizaje, estrategias efectivas de enseñanza para el logro de aprendizajes profundos y actualización y profundización de los saberes profesionales.",1,True,False,False,False,False,False,6.903090041278751
72518,9703,2,Gestión Pedagógica,0,0.0,Implementación completa: 100%,False,False,0,0.0,Gestión Pedagógica,Implementación completa: 100%,9703,ESCUELA ESPERANZA JOVEN,Público,basica_media,322,1. Gestión Curricular,"Coordinación y monitoreo de la implementación curricular, planificación de la enseñanza y evaluación de los aprendizajes, mediante lineamientos técnico pedagógicos comunes, reuniones de trabajo curricular y uso de datos, con todos los docentes y profesionales de la educación.",1,True,False,False,True,False,True,0.0
72519,9703,2,Gestión Pedagógica,0,0.0,Implementación completa: 100%,False,False,0,0.0,Gestión Pedagógica,Implementación completa: 100%,9703,ESCUELA ESPERANZA JOVEN,Público,basica_media,322,2. Acompañamiento a Equipos de Aula,"Apoyo a docentes y equipos de aula mediante la observación de clases con una pauta consensuada y socializada entre los equipos, con foco en los aspectos más relevantes que surjan de la reflexión pedagógica o informes de agentes externos que supervisan la labor educativa del colegio, para la mejora educativa.",1,True,False,False,True,False,True,0.0
72520,9703,2,Liderazgo,0,0.0,Implementación completa: 100%,False,False,0,0.0,Liderazgo,Implementación completa: 100%,9703,ESCUELA ESPERANZA JOVEN,Público,basica_media,322,9. Resultados Educativos.,"Se realizará monitoreo y seguimiento de los resultados educativos, académicos como formativos, del establecimiento, a través de jornada de análisis de datos con equipos multidisciplinarios, para la toma de decisiones en cuanto a la mejora contínua de los procesos educativos de la escuela.",1,True,False,False,True,False,True,0.0
72521,9703,2,Liderazgo,0,0.0,Implementación completa: 100%,False,False,0,0.0,Liderazgo,Implementación completa: 100%,9703,ESCUELA ESPERANZA JOVEN,Público,basica_media,322,8. Planes de Gestión,"Actualización, implementación y evaluación de los planes de gestión y que por ley debe mantener el colegio para su funcionamiento, a través de planillas de monitoreo, encuestas de impacto y jornadas de reflexión sobre ellos.",1,True,False,False,True,False,True,0.0
72522,9703,2,Liderazgo,0,0.0,Implementación adecuada: 50% a 74%,False,False,0,0.0,Liderazgo,Implementación adecuada: 50% a 74%,9703,ESCUELA ESPERANZA JOVEN,Público,basica_media,322,11. Monitoreo de planes de gestión del establecimiento.,"Se realizará monitoreo y seguimiento del Plan de Mejoramiento Educativo del establecimiento, por parte del Departamento de Educación, a través de pautas y/o planillas consensuadas.",1,False,False,True,True,True,True,0.0
72523,9703,2,Liderazgo,0,0.0,Implementación completa: 100%,False,False,0,0.0,Liderazgo,Implementación completa: 100%,9703,ESCUELA ESPERANZA JOVEN,Público,basica_media,322,10. Lineamientos comunales.,"Entrega de lineamientos comunales, por parte del del Departamento de Educación Municipal en cuanto a prácticas para fortalecer el liderazgo pedagógico de directores y equipos pedagógicos, apoyando la mejora educativa.",1,True,False,False,True,False,True,0.0
72548,9706,2,Convivencia Escolar,0,0.0,Implementación avanzada: 75% a 99%,False,False,0,0.0,Convivencia Escolar,Implementación avanzada: 75% a 99%,9706,ESCUELA BAS. OSCAR ENCALADA YOVANOVICH,Público,basica_media,307,ACTUALIZACIÓN DE PROTOCOLOS,"Actualizar plan de acción en torno a la adecuación de los protocolos y/o procedimientos relacionados con la Convivencia Escolar, integrando a todos los estamentos de la Comunidad Educativa",1,False,False,True,True,True,True,0.0
72549,9706,2,Convivencia Escolar,0,0.0,Implementación avanzada: 75% a 99%,False,False,0,0.0,Convivencia Escolar,Implementación avanzada: 75% a 99%,9706,ESCUELA BAS. OSCAR ENCALADA YOVANOVICH,Público,basica_media,307,MONITOREO PSICOEMOCIONAL,"Detección, monitoreo, seguimiento y resolución de casos de vulneración de derechos que afecten a los estudiantes de nuestra Escuela, según derivación, detección o develación, e inquietud espontánea de los diferentes actores educativos, profesores y/o apoderado",1,False,False,True,True,True,True,0.0
72550,9706,2,Gestión de Recursos,65000000,65000000.0,Implementación avanzada: 75% a 99%,False,False,65000000,65000000.0,Gestión de Recursos,Implementación avanzada: 75% a 99%,9706,ESCUELA BAS. OSCAR ENCALADA YOVANOVICH,Público,basica_media,307,GESTIÓN DEL PERSONAL,"Optimizar el recurso humano del establecimiento, gestionando personal necesario para cumplir los objetivos del Proyecto Educativo Institucional y atender a los nuestros estudiantes, monitoreando sus logros y avances, tramitando y disponiendo de los recursos necesarios para brindar apoyo oportuno.",1,False,False,True,False,False,True,7.812913363324309
72551,9706,2,Gestión de Recursos,0,0.0,Implementación avanzada: 75% a 99%,False,False,0,0.0,Gestión de Recursos,Implementación avanzada: 75% a 99%,9706,ESCUELA BAS. OSCAR ENCALADA YOVANOVICH,Público,basica_media,307,CONTRATO SERVICIO INTERNET,"Mejorar el servicio de Internet institucional con el objetivo de asegurar el desarrollo de la labor educativa y pedagógica tanto en modalidad remota como presencial en todas las asignaturas que contiene el Plan de estudio, de 1° a 8° Básico y los procesos técnico administrativos de la comunidad escolar.",1,False,False,True,True,True,True,0.0
72552,9706,2,Gestión Pedagógica,0,0.0,Implementación avanzada: 75% a 99%,False,False,0,0.0,Gestión Pedagógica,Implementación avanzada: 75% a 99%,9706,ESCUELA BAS. OSCAR ENCALADA YOVANOVICH,Público,basica_media,307,ACOMPAÑAMIENTO Y REFLEXIÓN DOCENTE,"El Equipo Directivo y Técnico Pedagógico lidera, consolida y contribuye al fortalecimiento de las prácticas pedagógicas y el trabajo colaborativo, a través de la implementación de un sistema de acompañamiento docente, por medio de pautas de observación de clases, consensuadas que se aplicarán en forma semestral, para una posterior reflexión, re  retroalimentación y compromiso de mejora educativa.",1,False,False,True,True,True,True,0.0
72553,9706,2,Gestión Pedagógica,0,0.0,Implementación avanzada: 75% a 99%,False,False,0,0.0,Gestión Pedagógica,Implementación avanzada: 75% a 99%,9706,ESCUELA BAS. OSCAR ENCALADA YOVANOVICH,Público,basica_media,307,AULAS TEMÁTICAS,"El proyecto “Aulas temáticas” se inserta dentro de la propuesta de actualización metodológica e innovación educativa. En la utilización y experiencias educativas en espacios motivadores que pretenden un cambio en la estructura tradicional de las aulas en la educación regular, en la que el profesor sea un mediador en el aprendizaje significativo de sus estudiantes.",1,False,False,True,True,True,True,0.0
72554,9706,2,Gestión Pedagógica,0,0.0,Implementación avanzada: 75% a 99%,False,False,0,0.0,Gestión Pedagógica,Implementación avanzada: 75% a 99%,9706,ESCUELA BAS. OSCAR ENCALADA YOVANOVICH,Público,basica_media,307,PLAN LECTOR,"Considerando que la lectura es un eje básico y transversal para todos los aprendizajes que se realizarán en la escuela, se instaura esta acción por medio de un Plan Lector, que pretende desarrollar intencionadamente, acciones que mejoren la calidad y compresión lectora de todos nuestros estudiantes, desde pre kínder a octavo año básico.",1,False,False,True,True,True,True,0.0
72555,9706,2,Gestión Pedagógica,0,0.0,Implementación avanzada: 75% a 99%,False,False,0,0.0,Gestión Pedagógica,Implementación avanzada: 75% a 99%,9706,ESCUELA BAS. OSCAR ENCALADA YOVANOVICH,Público,basica_media,307,ACOMPAÑAMIENTO PIE- Programa de Integración Escolar.,"Mejoramiento de las prácticas de apoyo a los estudiantes con aprendizajes diversos liderado por equipo técnico, coordinadora PIE y docentes, brindándoles apoyo en aulas presenciales de manera individual y grupal, para asegurar el impacto en el avance de los procesos de aprendizajes de manera inclusiva a través de la diversificación de la enseñanza.",1,False,False,True,True,True,True,0.0
72556,9706,2,Gestión Pedagógica,0,0.0,Implementación avanzada: 75% a 99%,False,False,0,0.0,Gestión Pedagógica,Implementación avanzada: 75% a 99%,9706,ESCUELA BAS. OSCAR ENCALADA YOVANOVICH,Público,basica_media,307,SEGUIMIENTO A LA COBERTURA CURRICULAR,"Monitoreo y reformulación de la implementación del currículum priorizado, para la recuperación y desarrollo de los aprendizajes, resguardando el cumplimiento de protocolos institucionales y planes educativos en atención a las necesidades pedagógicas, de convivencia y salud mental de los estudiante",1,False,False,True,True,True,True,0.0
72557,9706,2,Liderazgo,0,0.0,Implementación avanzada: 75% a 99%,False,False,0,0.0,Liderazgo,Implementación avanzada: 75% a 99%,9706,ESCUELA BAS. OSCAR ENCALADA YOVANOVICH,Público,basica_media,307,LINEAMIENTOS TÉCNICOS PEDAGÓGICO Y ADMINISTRATIVOS,Entrega de lineamientos y directrices en el desarrollo e implementación técnico pedagógica y técnico administrativa desde el DEM comuna,1,False,False,True,True,True,True,0.0
72558,9706,2,Liderazgo,0,0.0,Implementación avanzada: 75% a 99%,False,False,0,0.0,Liderazgo,Implementación avanzada: 75% a 99%,9706,ESCUELA BAS. OSCAR ENCALADA YOVANOVICH,Público,basica_media,307,Planes de Gestión Institucional.,El sostenedor entrega lineamientos institucionales y administrativos.,1,False,False,True,True,True,True,0.0
72559,9706,2,Liderazgo,0,0.0,Implementación avanzada: 75% a 99%,False,False,0,0.0,Liderazgo,Implementación avanzada: 75% a 99%,9706,ESCUELA BAS. OSCAR ENCALADA YOVANOVICH,Público,basica_media,307,ANALISIS Y DE RESULTADOS INSTITUCIONALES,"El Director junto con al equipo de directivo analizarán y evaluarán de forma semestral los resultados institucionales, con el fin de establecer remediales por medio de metas asociadas a los distintos actores o procesos involucrados y así impactar positivamente los resultados de los estudiantes.",1,False,False,True,True,True,True,0.0
72560,9706,2,Liderazgo,0,0.0,Implementación avanzada: 75% a 99%,False,False,0,0.0,Liderazgo,Implementación avanzada: 75% a 99%,9706,ESCUELA BAS. OSCAR ENCALADA YOVANOVICH,Público,basica_media,307,DISEÑO E IMPLEMENTACIÓN DEL PME.,"Mejoramiento de las prácticas institucionales y pedagógicas, a cargo del equipo directivo y técnico, monitoreando en reuniones bimestrales el avance del plan, evaluando constantemente sus acciones y resultados, a fin de tomar decisiones oportunas de corrección y ajuste, logrando las metas establecidas.",1,False,False,True,True,True,True,0.0
72723,9722,2,Convivencia Escolar,0,0.0,Implementación adecuada: 50% a 74%,False,False,0,0.0,Convivencia Escolar,Implementación adecuada: 50% a 74%,9722,LICEO PORTAL DE LA CISTERNA,Público,basica_media,463,Visualización y concientización de las consecuencias que genera el bullying y ciberbullying,"Realizar talleres referidos a la temática de la Sana Convivencia Escolar, enfocados en la prevención del Bullying, Ciberbullying y Acoso, en todos los niveles y para los diferentes estamentos de la comunidad educativa",1,False,False,True,True,True,True,0.0
72724,9722,2,Convivencia Escolar,0,0.0,Implementación avanzada: 75% a 99%,False,False,0,0.0,Convivencia Escolar,Implementación avanzada: 75% a 99%,9722,LICEO PORTAL DE LA CISTERNA,Público,basica_media,463,Efemérides y Licenciaturas,"Organizar, programar y realizar celebraciones, actos, efemérides y actividades curriculares propias del calendario acdémico, a través de la centralización de la información, de acuerdo a la normativa vigente, respondiendo a las necesidades del sello con el fin de promover la sana convivencia.",1,False,False,True,True,True,True,0.0
72725,9722,2,Convivencia Escolar,0,0.0,Implementación parcial: 25% a 49%,False,False,0,0.0,Convivencia Escolar,Implementación parcial: 25% a 49%,9722,LICEO PORTAL DE LA CISTERNA,Público,basica_media,463,Conociendo la sana convivencia escolar,"Los y las docentes, asistentes de la educación, padres y apoderados y NNA reciben capacitaciones relacionadas con la sana convivencia dentro y fuera del aula, regulando sus propias emociones y comprendiendo en el entorno que se encuentran. Dichas charlas serán acompañadas por la red comunal en donde expertos nos permitirán abordar temáticas importantes para los estudiantes y el resto de la comunid",1,False,False,True,True,True,True,0.0
72726,9722,2,Convivencia Escolar,800000,800000.0,Implementación parcial: 25% a 49%,False,False,800000,800000.0,Convivencia Escolar,Implementación parcial: 25% a 49%,9722,LICEO PORTAL DE LA CISTERNA,Público,basica_media,463,Jornadas de autocuidado,"Se realizan jornadas de autocuidado para fomentar la sana convivencia al interior de la comunidad educativa,  dirigidas a los estamentos de nuestra  comunidad, a través de instancias como el Consejo de Profesores, reuniones de apoderados.",1,False,False,True,False,False,True,5.903090529859707
72727,9722,2,Gestión de Recursos,5000000,5000000.0,Implementación avanzada: 75% a 99%,False,False,5000000,5000000.0,Gestión de Recursos,Implementación avanzada: 75% a 99%,9722,LICEO PORTAL DE LA CISTERNA,Público,basica_media,463,Materiales de enseñanza,Adquirir materiales didácticos con la finalidad de apoyar la labor académica de las y los docentes al interior del aullaren función de las necesidades detectadas por ellos a través de diagnostico previo con la finalidad de incorporar a los docentes en el proceso y por consecuencia favorecer el aprendizaje de las y los estudiantes en las asignaturas curriculares,1,False,False,True,False,False,True,6.698970091194907
72728,9722,2,Gestión de Recursos,21000000,21000000.0,Implementación completa: 100%,False,False,21000000,21000000.0,Gestión de Recursos,Implementación completa: 100%,9722,LICEO PORTAL DE LA CISTERNA,Público,basica_media,463,"Plataforma Lirmi,equipamientos  computacionales y periféricos","Plataforma educacional para el 100% de los cursos ,con conexión a Internet ,nos entregara información académica y eficiencia interna para tomar decisiones en el apoyo a los estudiantes. Adquirir equipamientos computacionales y periféricos ,equipos de amplificación y otros relacionados para el cumplimiento de esta y otras acciones del PME.  Adquirir mochilas y otros elementos para los alumno",1,True,False,False,False,False,False,7.322219315414609
72729,9722,2,Gestión de Recursos,8000000,8000000.0,Implementación avanzada: 75% a 99%,False,False,8000000,8000000.0,Gestión de Recursos,Implementación avanzada: 75% a 99%,9722,LICEO PORTAL DE LA CISTERNA,Público,basica_media,463,Material educativo para el aprendizaje de las y los estudiantes,"Adquirir recursos y material didáctico con la finalidad de apoyar la labor académica de las y los docentes al interior del aula, en función de las necesidades detectadas por ellos a través de levantamiento previo, con la finalidad de incorporar a los docentes en el proceso y por consiguiente favorecer el aprendizaje de las y los estudiantes en todas las asignaturas curriculares.",1,False,False,True,False,False,True,6.903090041278751
72730,9722,2,Gestión de Recursos,0,0.0,Implementación no efectuada: 0%,False,False,0,0.0,Gestión de Recursos,Implementación no efectuada: 0%,9722,LICEO PORTAL DE LA CISTERNA,Público,basica_media,463,Contratación servicio de internet,"Contratación de servicio de internet, con la finalidad de asegurar una  labor educativa más eficaz, la implementación de Programas educativos por internet y el desarrollo de evaluaciones on line, como, por ejemplo, la prueba DIA.",1,False,False,True,True,True,True,0.0
72731,9722,2,Gestión de Recursos,70000000,70000000.0,Implementación avanzada: 75% a 99%,False,False,70000000,70000000.0,Gestión de Recursos,Implementación avanzada: 75% a 99%,9722,LICEO PORTAL DE LA CISTERNA,Público,basica_media,463,Contratos,Contratación de personal profesional y de apoyo a la gestión institucional que colaboran a los aprendizajes de los y las estudiantes y en convivencia institucional.,1,False,False,True,False,False,True,7.845098046218464
72732,9722,2,Gestión de Recursos,2500000,2500000.0,Implementación completa: 100%,False,False,2500000,2500000.0,Gestión de Recursos,Implementación completa: 100%,9722,LICEO PORTAL DE LA CISTERNA,Público,basica_media,463,Equipamiento Computacional,"Adquirir equipos computacionales, periféricos e insumos para proceso de implementación del trabajo docente potenciando el uso de las tics en el aula, las comunicaciones al interior de la comunidad educativa y de esta forma contribuir al mejoramiento de las prácticas pedagógicas y aprendizajes de todos los estudiantes.",1,True,False,False,False,False,False,6.397940182389796
72733,9722,2,Gestión Pedagógica,5000000,5000000.0,Implementación inicial: 1% a 24%,False,False,5000000,5000000.0,Gestión Pedagógica,Implementación inicial: 1% a 24%,9722,LICEO PORTAL DE LA CISTERNA,Público,basica_media,463,Comunidad de Aprendizaje Profesional (CAP),"Conformación de CAP a partir de la estrategia LEC para consolidar estrategias de adquisición de conocimiento a través de la lectura, escritura y la comunicación en las diversas asignaturas para fortaleces las capacidades de aprendizaje en el  estudiantado de primer ciclo básico.",1,False,False,True,False,False,True,6.698970091194907
72734,9722,2,Gestión Pedagógica,1000000,1000000.0,Implementación adecuada: 50% a 74%,False,False,1000000,1000000.0,Gestión Pedagógica,Implementación adecuada: 50% a 74%,9722,LICEO PORTAL DE LA CISTERNA,Público,basica_media,463,Taller de desarrollo de la lectura y escritura.,"consolidación del taller de lectoescritura, dirigido a niños de segundo a cuarto año de Educación Básico que aún no han desarrollado la habilidad de la lectura y escritura, a través de un diagnóstico, selección de estudiantes, proceso de intervención dirigido, proceso de seguimiento, con etapas inicial, intermedia y de egreso.",1,False,False,True,False,False,True,6.0000004342942646
72735,9722,2,Gestión Pedagógica,0,0.0,Implementación adecuada: 50% a 74%,False,False,0,0.0,Gestión Pedagógica,Implementación adecuada: 50% a 74%,9722,LICEO PORTAL DE LA CISTERNA,Público,basica_media,463,Registro de actividades realizadas en horas colaborativas PIE.,En horas colaborativas profesores diferenciales y profesores de asignatura evalúan lo desarrollado en clases y definen las estrategias para abordar los aprendizajes.,1,False,False,True,True,True,True,0.0
72736,9722,2,Gestión Pedagógica,8000000,8000000.0,Implementación inicial: 1% a 24%,False,False,8000000,8000000.0,Gestión Pedagógica,Implementación inicial: 1% a 24%,9722,LICEO PORTAL DE LA CISTERNA,Público,basica_media,463,Realizar salidas pedagógicas.,"Promover salidas pedagógicas en todos los cursos, con el objetivo de brindar a las y los estudiantes experiencias pedagógicas significativas que consoliden el vínculo con la escuela  permitiendo el   desarrollo integral de las y los estudiantes.",1,False,False,True,False,False,True,6.903090041278751
72737,9722,2,Gestión Pedagógica,2500000,2500000.0,Implementación inicial: 1% a 24%,False,False,2500000,2500000.0,Gestión Pedagógica,Implementación inicial: 1% a 24%,9722,LICEO PORTAL DE LA CISTERNA,Público,basica_media,463,Reforzar la necesidad de realizar seguimiento y apoyo a la trayectoria escolar.,"En sesiones de Consejo de Profesores se reforzará la necesidad del seguimiento permanente a desarrollo de las  trayectorias de las y los estudiantes, a partir de ello se  implementará un dispositivo de seguimiento digital con la función de monitorear mensualmente  la trayectoria educativa de los estudiantes para   detectar y atender oportunamente situaciones de riesgo académico o riesgo de deserci",1,False,False,True,False,False,True,6.397940182389796
72738,9722,2,Liderazgo,0,0.0,Implementación avanzada: 75% a 99%,False,False,0,0.0,Liderazgo,Implementación avanzada: 75% a 99%,9722,LICEO PORTAL DE LA CISTERNA,Público,basica_media,463,Jornadas de Reflexión,"Cada semana se realiza reunión de trabajo con los miembros de la comunidad educativa para recibir y entregar información de las acciones realizadas, acordando las estrategias y gestiones que se realizan para la mejora educativa continua en los indicadores de eficiencia interna y convivencia escolar.",1,False,False,True,True,True,True,0.0
72739,9722,2,Liderazgo,0,0.0,Implementación avanzada: 75% a 99%,False,False,0,0.0,Liderazgo,Implementación avanzada: 75% a 99%,9722,LICEO PORTAL DE LA CISTERNA,Público,basica_media,463,Base de Datos,Generar junto al sostenedor base de datos para suplir las licencias u otras ausencias de los docentes y/o asistentes de educación para dar continuidad al proceso educativo,1,False,False,True,True,True,True,0.0
72740,9722,2,Liderazgo,0,0.0,Implementación avanzada: 75% a 99%,False,False,0,0.0,Liderazgo,Implementación avanzada: 75% a 99%,9722,LICEO PORTAL DE LA CISTERNA,Público,basica_media,463,Reuniones técnicas con directores.,"El Sostenedor mantiene una comunicación constante y sistemática con  los directores de los establecimientos educacionales, mediante reuniones técnicas semanales, con  la finalidad de analizar el funcionamiento interno de Escuelas y Liceo, tomar decisiones e introducir mejoras",1,False,False,True,True,True,True,0.0
72741,9722,2,Liderazgo,0,0.0,Implementación adecuada: 50% a 74%,False,False,0,0.0,Liderazgo,Implementación adecuada: 50% a 74%,9722,LICEO PORTAL DE LA CISTERNA,Público,basica_media,463,Jornadas Institucionales,"Realizar actualización del PEI a través de reuniones  de trabajo, junto a la actualización del PME, para mejorar la coherencia teórica del establecimiento, a través de una metodología participativa y vinculante, en la cual se vea reflejada la visión de la  comunidad educativa en su conjunto, con un proceso de socialización para la apropiación de este marco teórico que represente y responda a las n",1,False,False,True,True,True,True,0.0
72742,9722,2,Liderazgo,0,0.0,Implementación avanzada: 75% a 99%,False,False,0,0.0,Liderazgo,Implementación avanzada: 75% a 99%,9722,LICEO PORTAL DE LA CISTERNA,Público,basica_media,463,Monitoreo de Proyecto Mejoramiento Educativo Institucional,"Se desarrolla un proceso de incorporación de acciones propuestas por el profesorado para democratizar la toma de decisiones pedagógicas con  la participación en las acciones del PME, se elabora una pauta de monitoreo y seguimiento de las acciones propuestas en este, con el fin de hacer parte a los docentes de los procesos de mejora del establecimiento junto a los equipos directivos y sostenedor.",1,False,False,True,True,True,True,0.0
72803,9730,2,Convivencia Escolar,0,0.0,Implementación avanzada: 75% a 99%,False,False,0,0.0,Convivencia Escolar,Implementación avanzada: 75% a 99%,9730,COLEGIO ANTU,Público,basica_media,322,Actividades formativas,"Realizar actividades formativas a propósito de efemérides importantes, celebraciones internas de establecimiento (como el aniversario), fomentando el trabajo en equipo entre todos los estamentos.",1,False,False,True,True,True,True,0.0
72804,9730,2,Convivencia Escolar,0,0.0,Implementación completa: 100%,False,False,0,0.0,Convivencia Escolar,Implementación completa: 100%,9730,COLEGIO ANTU,Público,basica_media,322,Redes de apoyo externa,"Fortalecer la comunicación con las redes de apoyo externas (OPD, SENDA, Mejora Niñez, Oficina de la Mujer, Clínica el Llano, Alter Joven) y generar lazos con otras instituciones que nos permitan mejorar nuestra labor con las familias y proteger la integridad de nuestros estudiantes.",1,True,False,False,True,False,True,0.0
72805,9730,2,Convivencia Escolar,3000000,3000000.0,Implementación avanzada: 75% a 99%,False,False,3000000,3000000.0,Convivencia Escolar,Implementación avanzada: 75% a 99%,9730,COLEGIO ANTU,Público,basica_media,322,"Mente sana, cuerpo sano","Desarrollo de actividades que favorezcan el autocuidado y factores protectores de la salud mental y física, a través de la implementación de talleres de autocuidado, terapias alternativas como el minfulness y la presentación de actividades artísticas.",1,False,False,True,False,False,True,6.477121399484465
72806,9730,2,Convivencia Escolar,0,0.0,Implementación avanzada: 75% a 99%,False,False,0,0.0,Convivencia Escolar,Implementación avanzada: 75% a 99%,9730,COLEGIO ANTU,Público,basica_media,322,Campaña de sensibilización,"Realizar, desde NT1 a 8 básico, campañas de sensibilización, dentro y fuera de aula, sobre la sana convivencia escolar a través de talleres que desarrollen habilidades socioemocionales de niños, niñas y adolescentes, para crear una cultura del buen trato.",1,False,False,True,True,True,True,0.0
72807,9730,2,Convivencia Escolar,0,0.0,Implementación avanzada: 75% a 99%,False,False,0,0.0,Convivencia Escolar,Implementación avanzada: 75% a 99%,9730,COLEGIO ANTU,Público,basica_media,322,Talleres para padres,"Realizar Talleres para padres sobre el buen trato y la resolución de conflicto, desde NT1 a 8vo Básico, con foco en aquellos cursos que presentan dificultades en su convivencia dentro del aula.",1,False,False,True,True,True,True,0.0
72808,9730,2,Gestión de Recursos,100000000,100000000.0,Implementación adecuada: 50% a 74%,False,False,100000000,100000000.0,Gestión de Recursos,Implementación adecuada: 50% a 74%,9730,COLEGIO ANTU,Público,basica_media,322,Sumando personas,"Gestionar la contratación del recurso humano en función del desarrollo del Plan de Mejoramiento Educativo, tales como: encargado de informática, encargada de biblioteca, dupla psicosocial, terapeuta ocupacional, talleristas,",1,False,False,True,False,False,True,8.000000004342946
72809,9730,2,Gestión de Recursos,16200000,16200000.0,Implementación completa: 100%,False,False,16200000,16200000.0,Gestión de Recursos,Implementación completa: 100%,9730,COLEGIO ANTU,Público,basica_media,322,Uso de la informática,"Apoyar los aprendizajes de NT1 a 8vo básico, a través de la utilización de recursos informáticos desarrollando experiencias educativas significativas.",1,True,False,False,False,False,False,7.209515041350931
72810,9730,2,Gestión de Recursos,0,0.0,Implementación inicial: 1% a 24%,False,False,0,0.0,Gestión de Recursos,Implementación inicial: 1% a 24%,9730,COLEGIO ANTU,Público,basica_media,322,Capacitación y autoaprendizaje docente,"Promover el perfeccionamiento profesional y el autoaprendizaje docente de acuerdo a las necesidades sentidas por los docentes, de manera de potenciar su rol dentro del aula y, en consecuencia, mejorar los procesos de enseñanza y aprendizaje.",1,False,False,True,True,True,True,0.0
72811,9730,2,Gestión de Recursos,16300000,16300000.0,Implementación adecuada: 50% a 74%,False,False,16300000,16300000.0,Gestión de Recursos,Implementación adecuada: 50% a 74%,9730,COLEGIO ANTU,Público,basica_media,322,Contratar servicio de internet,"Contratación de servicio de internet, con la finalidad de asegurar una labor educativa más eficaz, la implementación de Programas educativos por internet y el desarrollo de evaluaciones on line, como, por ejemplo, la prueba DIA.",1,False,False,True,False,False,True,7.21218763104779
72812,9730,2,Gestión de Recursos,12324000,12324000.0,Implementación inicial: 1% a 24%,False,False,12324000,12324000.0,Gestión de Recursos,Implementación inicial: 1% a 24%,9730,COLEGIO ANTU,Público,basica_media,322,Fortaleciendo el CRA,"Fortalecer el Centro de Recursos para el Aprendizaje (CRA), mediante la adquisición de recursos didácticos que contribuyan a desarrollar y potenciar los aprendizajes de las y los estudiantes de NT1 a 8° Básico.",1,False,False,True,False,False,True,7.090751724884636
72813,9730,2,Gestión de Recursos,0,0.0,Implementación adecuada: 50% a 74%,False,False,0,0.0,Gestión de Recursos,Implementación adecuada: 50% a 74%,9730,COLEGIO ANTU,Público,basica_media,322,Gestión del capital humano,"Mejorar los procesos de gestión del recurso humano institucional, mediante la definición de los perfiles de cargo y el fomento de una cultura del buen desempeño basada en la evaluación y retroalimentación formativa y sistemática.",1,False,False,True,True,True,True,0.0
72814,9730,2,Gestión Pedagógica,0,0.0,Implementación avanzada: 75% a 99%,False,False,0,0.0,Gestión Pedagógica,Implementación avanzada: 75% a 99%,9730,COLEGIO ANTU,Público,basica_media,322,Tutorías para favorecer el proceso de lectura,"Desarrollar tutorías en el área de Lenguaje con foco en el desarrollo de la habilidad de Lectoescritura, desde 2do Básico a 6to Básico, de manera de cerrar la brecha que existe entre los estudiantes lectores y no lectores, y aquellos estudiantes que leen comprensivamente y aquellos que no comprenden lo que leen.",1,False,False,True,True,True,True,0.0
72815,9730,2,Gestión Pedagógica,0,0.0,Implementación completa: 100%,False,False,0,0.0,Gestión Pedagógica,Implementación completa: 100%,9730,COLEGIO ANTU,Público,basica_media,322,Seguimiento a estudiantes por parte de profesionales del Programa de Integración Escolar (PIE),"Consolidar los procedimientos de monitoreo semestral, realizados por los profesionales del Programa de Integración Escolar (PIE), que permitan verificar la atención que reciben los estudiantes con NEE desde NT1 a 8vo Básico, y, asimismo, constatar sus avances.",1,True,False,False,True,False,True,0.0
72816,9730,2,Gestión Pedagógica,9000000,9000000.0,Implementación completa: 100%,False,False,9000000,9000000.0,Gestión Pedagógica,Implementación completa: 100%,9730,COLEGIO ANTU,Público,basica_media,322,Salidas educativas,"Como parte de la formación integral de nuestros alumnos, se fomenta la presentación de proyectos que promuevan las salidas educativas como una forma de mejorar los aprendizajes a través de experiencias prácticas que acerquen el conocimientos a elementos de la vida cotidiana.",1,True,False,False,False,False,False,6.954242557694265
72817,9730,2,Gestión Pedagógica,0,0.0,Implementación completa: 100%,False,False,0,0.0,Gestión Pedagógica,Implementación completa: 100%,9730,COLEGIO ANTU,Público,basica_media,322,Retroalimentación práctica docente,"El equipo directivo, el docente técnico y entre los propios docentes realizan a lo menos dos veces al año acompañamiento al aula para retroalimentar las  prácticas pedagógicas de las y los profesores, con foco en la incorporación de estrategias que promuevan en las y los estudiantes habilidades de pensamiento de orden superior.",1,True,False,False,True,False,True,0.0
72818,9730,2,Gestión Pedagógica,0,0.0,Implementación parcial: 25% a 49%,False,False,0,0.0,Gestión Pedagógica,Implementación parcial: 25% a 49%,9730,COLEGIO ANTU,Público,basica_media,322,Retroalimentación formativa,"Desarrollar taller dirigido a las y los docente sobre Retroalimentación educativa efectiva, para mejorar los procesos de evaluación formativa y retroalimentación en el aula, en todas las asignaturas.",1,False,False,True,True,True,True,0.0
72819,9730,2,Gestión Pedagógica,0,0.0,Implementación inicial: 1% a 24%,False,False,0,0.0,Gestión Pedagógica,Implementación inicial: 1% a 24%,9730,COLEGIO ANTU,Público,basica_media,322,Tabla de especificaciones,"Mejorar los instrumentos de evaluación construidos por los docentes incorporando a las pruebas escritas una tabla de especificaciones con los indicadores de aprendizajes evaluados en cada ítems. Se espera que mediante esta herramienta, el docente pueda identificar de manera precisa cuáles son los aprendizajes (habilidades) descendidos para la toma de decisiones oportuna,",1,False,False,True,True,True,True,0.0
72820,9730,2,Liderazgo,0,0.0,Implementación completa: 100%,False,False,0,0.0,Liderazgo,Implementación completa: 100%,9730,COLEGIO ANTU,Público,basica_media,322,Difusión y seguimiento PME,"Realizar reuniones semestrales del Consejo Escolar y comunidad educativa, para informar sobre la implementación, desarrollo e impacto de las acciones del PME.",1,True,False,False,True,False,True,0.0
72821,9730,2,Liderazgo,0,0.0,Implementación avanzada: 75% a 99%,False,False,0,0.0,Liderazgo,Implementación avanzada: 75% a 99%,9730,COLEGIO ANTU,Público,basica_media,322,Reuniones técnica con directores,"El Sostenedor mantiene una comunicación constante y sistemática con los directores de los establecimientos educacionales, mediante reuniones técnicas semanales, con la finalidad de analizar el funcionamiento interno de Escuelas y Liceo, tomar decisiones e introducir mejoras.",1,False,False,True,True,True,True,0.0
72822,9730,2,Liderazgo,0,0.0,Implementación adecuada: 50% a 74%,False,False,0,0.0,Liderazgo,Implementación adecuada: 50% a 74%,9730,COLEGIO ANTU,Público,basica_media,322,Fortaleciendo el compromiso con la institución,"La Directora y su equipo, busca fortalecer el compromiso de todas y todos los miembros de la comunidad con el Proyecto educativo, convocando en un Acto cívico, una vez a la semana, a estudiantes, docentes y asistentes de la educación, con el fin de desarrollar y profundizar sobre un valor asociado a nuestro PEI.",1,False,False,True,True,True,True,0.0
72823,9730,2,Liderazgo,0,0.0,Implementación avanzada: 75% a 99%,False,False,0,0.0,Liderazgo,Implementación avanzada: 75% a 99%,9730,COLEGIO ANTU,Público,basica_media,322,Autoevaluación profesional,"Fortalecer el desarrollo profesional de los docentes y directivos de la Unidad Educativa, estableciendo  debilidades y fortalezas para el   mejoramiento de sus tareas en beneficio de mejorar la calidad de los procesos educativos.",1,False,False,True,True,True,True,0.0
72971,9754,3,Convivencia Escolar,5000000,5000000.0,Implementación avanzada: 75% a 99%,False,False,5000000,5000000.0,Convivencia Escolar,Implementación avanzada: 75% a 99%,9754,INSTITUTO COMERCIAL PARTICULAR LA CISTERNA,Particular subvencionado,basica_media,573,Atención con el grupo curso para el fortalecimiento de factores protectores con temáticas propias de,"Implementación de actividades con estudiantes o cursos, que favorezcan los factores protectores, el sentido de pertenencia, la participación y la sana convivencia. Se consideran salidas pedagógicas, actividades extracurriculares y recreativas, incentivos grupales e individuales que fomenten la asistencia",1,False,False,True,False,False,True,6.698970091194907
72972,9754,3,Convivencia Escolar,200000,200000.0,Implementación completa: 100%,False,False,200000,200000.0,Convivencia Escolar,Implementación completa: 100%,9754,INSTITUTO COMERCIAL PARTICULAR LA CISTERNA,Particular subvencionado,basica_media,573,"Atención individual de casos de docentes con afectación socioemocional, debido a situaciones laboral","Atención individual:   1. Evaluación y entrevista: Recopilación de información y entrevista con el funcionario para comprender la situación y las emociones asociadas.  2. Intervención psicológica: Brindar apoyo emocional y herramientas para afrontar la situación de manera saludable.  3. Seguimiento y cierre: Coordinación con el director y cierre del proceso con el funcionario, entregan",1,True,False,False,False,False,False,5.301032167130962
72973,9754,3,Convivencia Escolar,200000,200000.0,Implementación avanzada: 75% a 99%,False,False,200000,200000.0,Convivencia Escolar,Implementación avanzada: 75% a 99%,9754,INSTITUTO COMERCIAL PARTICULAR LA CISTERNA,Particular subvencionado,basica_media,573,Atención individual de estudiantes con un estado emocional que afecta negativamente su proceso de en,"Atención por comportamiento disruptivo:  • Derivación: El profesor jefe o inspector deriva al alumno(a) para atención profesional.  • Intervención: Se realiza orientación y/o consejería individual con el alumno(a) y su familia. Se atiende a eventuales afectados.  • Acuerdos y compromisos: Se establecen acuerdos y compromisos con el alumno(a), incluyendo medidas disciplinarias si corresponde.  •",1,False,False,True,False,False,True,5.301032167130962
72974,9754,3,Convivencia Escolar,200000,200000.0,Implementación parcial: 25% a 49%,False,False,200000,200000.0,Convivencia Escolar,Implementación parcial: 25% a 49%,9754,INSTITUTO COMERCIAL PARTICULAR LA CISTERNA,Particular subvencionado,basica_media,573,TALLER “Gestionando Mis Emociones”.,Talleres con estudiantes cuyo profesor/a jefe establezca la necesidad de fortalecer un aprendizaje socio emocional que favorezca su salud mental y propicie una sana convivencia escolar.,1,False,False,True,False,False,True,5.301032167130962
72975,9754,3,Convivencia Escolar,600000,600000.0,Implementación completa: 100%,False,False,600000,600000.0,Convivencia Escolar,Implementación completa: 100%,9754,INSTITUTO COMERCIAL PARTICULAR LA CISTERNA,Particular subvencionado,basica_media,573,Talleres y Charlas de Orientación,"Se fortalece el diseño e implementación de actividades diferenciadas por nivel, para promover la salud mental y el bienestar socioemocional de los/as estudiantes, apoyar la construcción del proyecto de vida y prevenir situaciones de riesgo psicosocial.",1,True,False,False,False,False,False,5.7781519742071765
72976,9754,3,Convivencia Escolar,500000,500000.0,Implementación avanzada: 75% a 99%,False,False,500000,500000.0,Convivencia Escolar,Implementación avanzada: 75% a 99%,9754,INSTITUTO COMERCIAL PARTICULAR LA CISTERNA,Particular subvencionado,basica_media,573,Fortalecimiento de la asignatura de Orientación,"Se diseñan e implementan acciones de acompañamiento a profesores/as jefes para el fortalecimiento de la asignatura de Orientación, en 1° y 2° medios. Se mantienen reuniones individuales y por nivel de forma semestral y se realizarán observaciones y retroalimentación mediante acompañamiento al aula.",1,False,False,True,False,False,True,5.698970872924114
72977,9754,3,Gestión de Recursos,56000000,56000000.0,Implementación avanzada: 75% a 99%,False,False,56000000,56000000.0,Gestión de Recursos,Implementación avanzada: 75% a 99%,9754,INSTITUTO COMERCIAL PARTICULAR LA CISTERNA,Particular subvencionado,basica_media,573,Optimización de espacios y recursos educativos,Se realizan gestiones para la habilitación de espacios educativos que favorezcan el proceso de enseñanza-aprendizaje:   - Habilitación del laboratorio de Ciencias antes de terminar el año 2024.  - Diagnóstico y diseño de proyecto para remodelar CRA para el 2025.,1,False,False,True,False,False,True,7.748188034761459
72978,9754,3,Gestión de Recursos,27000000,27000000.0,Implementación completa: 100%,False,False,27000000,27000000.0,Gestión de Recursos,Implementación completa: 100%,9754,INSTITUTO COMERCIAL PARTICULAR LA CISTERNA,Particular subvencionado,basica_media,573,Evaluación y seguimiento de recursos educativos,"Se realiza una evaluación de los recursos, plataformas educativas, espacios y contratación de personal docente idóneo para favorecer el proceso de enseñanza-aprendizaje.",1,True,False,False,False,False,False,7.431363780243968
72979,9754,3,Gestión Pedagógica,600000,600000.0,Implementación avanzada: 75% a 99%,False,False,600000,600000.0,Gestión Pedagógica,Implementación avanzada: 75% a 99%,9754,INSTITUTO COMERCIAL PARTICULAR LA CISTERNA,Particular subvencionado,basica_media,573,Acompañamiento con foco en ambiente organizado,Se brindará acompañamiento docente a dos grupos de 6 docentes:   - Grupo de formación diferenciada: enfocado en estrategias de enseñanza para el logro de aprendizajes profundos.   - Grupo de formación general: enfocado en el aprendizaje inclusivo y efectivo.   Se utilizará una pauta consensuada para la observación en el aula y la retroalimentación a los docentes.,1,False,False,True,False,False,True,5.7781519742071765
72980,9754,3,Gestión Pedagógica,1000000,500000.0,Implementación completa: 100%,False,False,1000000,500000.0,Gestión Pedagógica,Implementación completa: 100%,9754,INSTITUTO COMERCIAL PARTICULAR LA CISTERNA,Particular subvencionado,basica_media,573,Diseño de planificaciones diversificadas,"Diseño de planificaciones de clases diversificadas por los equipos de aula para desarrollo de trabajo colaborativo en apoyo a los y las estudiantes de forma inclusiva. Se constituirán equipos de aula conformados por profesores jefes, de asignatura, profesionales PIE y UTP. Se reunirán mensualmente para diseñar, implementar y evaluar las planificaciones diversificadas.",1,True,False,False,False,False,False,6.0000004342942646
72981,9754,3,Gestión Pedagógica,600000,600000.0,Implementación completa: 100%,False,False,600000,600000.0,Gestión Pedagógica,Implementación completa: 100%,9754,INSTITUTO COMERCIAL PARTICULAR LA CISTERNA,Particular subvencionado,basica_media,573,Instancias de capacitación,"Calendarización de las instancias de capacitación incorporadas al Plan de Desarrollo Profesional Docente. Capacitaciones externas e internas, con foco en metodologías colaborativas e inclusivas (adecuaciones curriculares). Se busca apoyar el trabajo docente en aula y la mejora de los resultados de aprendizaje de los y las estudiantes y promover el trabajo colaborativo.",1,True,False,False,False,False,False,5.7781519742071765
72982,9754,3,Gestión Pedagógica,1000000,1000000.0,Implementación avanzada: 75% a 99%,False,False,1000000,1000000.0,Gestión Pedagógica,Implementación avanzada: 75% a 99%,9754,INSTITUTO COMERCIAL PARTICULAR LA CISTERNA,Particular subvencionado,basica_media,573,Disposición y uso efectivo de espacios y recursos educativos,"Se realizará evaluación exhaustiva de los/as espacios y recursos educativos disponibles. Se identificarán necesidades de mejora en cuanto a equipamiento y materiales. Se elaborará plan de acción integral para la mejora de los espacios y recursos educativos, considerando el presupuesto, las prioridades y las características de la comunidad educativa.",1,False,False,True,False,False,True,6.0000004342942646
72983,9754,3,Liderazgo,200000,200000.0,Implementación completa: 100%,False,False,200000,200000.0,Liderazgo,Implementación completa: 100%,9754,INSTITUTO COMERCIAL PARTICULAR LA CISTERNA,Particular subvencionado,basica_media,573,Retroalimentación pedagógica mediante acompañamiento al aula,"Se implementará Proyecto ADECO de retroalimentación pedagógica mediante el acompañamiento al aula, enfocado en docentes TP. El proyecto contempla cuatro etapas: diagnóstico, planificación, implementación y evaluación.",1,True,False,False,False,False,False,5.301032167130962
72984,9754,3,Liderazgo,22000000,22000000.0,Implementación avanzada: 75% a 99%,False,False,22000000,22000000.0,Liderazgo,Implementación avanzada: 75% a 99%,9754,INSTITUTO COMERCIAL PARTICULAR LA CISTERNA,Particular subvencionado,basica_media,573,Incentivo al desempeño docente,"Se diseñará e implementará un sistema de evaluación interno para docentes y profesionales de la educación, considerando el desempeño en el área administrativa, pedagógica e interpersonal. Se elaborará pauta consensuada para realizar una evaluación semestral. A final de año se entregarán resultados, los que podrán determinar incentivos a los/as docentes y profesionales destacados.",1,False,False,True,False,False,True,7.342422700562864
72985,9757,3,Convivencia Escolar,13500000,13500000.0,Implementación completa: 100%,False,False,13500000,13500000.0,Convivencia Escolar,Implementación completa: 100%,9757,CENTRO EDUCACIONAL SANTA CLARA,Particular subvencionado,basica_media,1038,Atención y apoyo psicológico,"La psicóloga realiza diagnósticos y observaciones a las estudiantes con dificultades sociales, afectivas y conductuales de Pre-Kinder a 4°Medio; realiza derivaciones usando redes de apoyo externo.   Fortalece los espacios relacionales positivos de toda la comunidad educativa cuidando  la salud psicoemocional de sus integrantes.",1,True,False,False,False,False,False,7.130333800664967
72986,9757,3,Convivencia Escolar,6000000,6000000.0,Implementación completa: 100%,False,False,6000000,6000000.0,Convivencia Escolar,Implementación completa: 100%,9757,CENTRO EDUCACIONAL SANTA CLARA,Particular subvencionado,basica_media,1038,Hábitos de vida saludable,"Los docentes implementan estrategias sistemáticas para  educar a las estudiantes de PK a 4° Medio sobre la importancia de la alimentación balanceada, la actividad física regular y el cuidado de la salud mental. En las clases de Orientación  se brindan herramientas y recursos para el manejo del estrés y la promoción del bienestar emocional creando un ambiente de apoyo y motivación.",1,True,False,False,False,False,False,6.7781513227660515
72987,9757,3,Convivencia Escolar,17500000,17500000.0,Implementación completa: 100%,False,False,17500000,17500000.0,Convivencia Escolar,Implementación completa: 100%,9757,CENTRO EDUCACIONAL SANTA CLARA,Particular subvencionado,basica_media,1038,Participación y pertenencia,"El establecimiento promueve el sentido de pertenencia y comunidad fortaleciendo prácticas que refuercen la identidad positiva desarrollando vínculos afectivos entre las estudiantes que cambian de ciclo  para crear una conexión fluida y progresiva. Se desarrollan concursos,  festivales, ferias y se fomenta  la participación en torneos dentro y fuera del país velando por transporte y estadía.",1,True,False,False,False,False,False,7.243038073503121
72988,9757,3,Convivencia Escolar,9000000,9000000.0,Implementación completa: 100%,False,False,9000000,9000000.0,Convivencia Escolar,Implementación completa: 100%,9757,CENTRO EDUCACIONAL SANTA CLARA,Particular subvencionado,basica_media,1038,Compromiso medio-ambiental,El establecimiento fortalece su sello de Formación Ambiental promoviendo  que las estudiantes lideren y se involucren en iniciativas constructivas que propician la responsabilidad con la sociedad y el medioambiente  instaurando en la comunidad el respeto  por el entorno natural y Nuestra Casa común con actividades enmarcadas en un proyecto con  certificación SNCAE.,1,True,False,False,False,False,False,6.954242557694265
72989,9757,3,Convivencia Escolar,31500000,31500000.0,Implementación completa: 100%,False,False,31500000,31500000.0,Convivencia Escolar,Implementación completa: 100%,9757,CENTRO EDUCACIONAL SANTA CLARA,Particular subvencionado,basica_media,1038,Convivencia Escolar,"El equipo directivo  promueve que todos los miembros de la comunidad educativa sigan normas básicas de educación y que demuestren consideración y respeto por los demás.  Trabajan, de manera transversal y cotidiana, habilidades y actitudes necesarias para abordar las diferencias y resolver adecuadamente los conflictos. Se actualiza el plan anual promoviendo la asistencia y permanencia escolar.",1,True,False,False,False,False,False,7.498310567576727
72990,9757,3,Convivencia Escolar,4500000,4500000.0,Implementación completa: 100%,False,False,4500000,4500000.0,Convivencia Escolar,Implementación completa: 100%,9757,CENTRO EDUCACIONAL SANTA CLARA,Particular subvencionado,basica_media,1038,Formación integral,"El equipo directivo, considerando el desarrollo integral de las estudiantes, define objetivos formativos en función del PEI, objetivos  transversales  y su Plan Pastoral entregando lineamientos a todo el personal para coordinar las acciones formativas cotidianas.  Se instauran  símbolos, himnos, ritos , celebraciones y apoyo solidario para promover principios y valores institucionales.",1,True,False,False,False,False,False,6.653212610285218
72991,9757,3,Gestión de Recursos,70000000,70000000.0,Implementación completa: 100%,False,False,70000000,70000000.0,Gestión de Recursos,Implementación completa: 100%,9757,CENTRO EDUCACIONAL SANTA CLARA,Particular subvencionado,basica_media,1038,Recursos educativos,"El equipo técnico-pedagógico promueve entre los docentes y las estudiantes el uso efectivo de los recursos didácticos, recreativos y equipamiento deportivo para su utilización en  actividades curriculares y extra programáticas de las estudiantes de Pre-Kínder a Cuarto Medio.  Para esto, definen lineamientos pedagógicos para su uso seguro y responsable,",1,True,False,False,False,False,False,7.845098046218464
72992,9757,3,Gestión de Recursos,10000000,10000000.0,Implementación completa: 100%,False,False,10000000,10000000.0,Gestión de Recursos,Implementación completa: 100%,9757,CENTRO EDUCACIONAL SANTA CLARA,Particular subvencionado,basica_media,1038,Reconocimiento de desempeño,"Se fortalece el clima laboral  valorando las cualidades y logros del personal mediante reconocimientos verbales, premiaciones y  celebraciones. Se incentiva a directivos, docentes y asistentes de educación  premiando su quehacer  para la mejora de los procesos  académicos y formativos.  Se entregan de reconocimientos de acuerdo a las metas institucionales y logros en evaluaciones externas.",1,True,False,False,False,False,False,7.000000043429446
72993,9757,3,Gestión de Recursos,63000000,63000000.0,Implementación completa: 100%,False,False,63000000,63000000.0,Gestión de Recursos,Implementación completa: 100%,9757,CENTRO EDUCACIONAL SANTA CLARA,Particular subvencionado,basica_media,1038,Laboratorios y recursos tecnológicos,"Se implementa laboratorios de Ciencias y Robótica para mejorar aprendizajes con actividades experimentales que potencien el razonamiento matemático y científico animándolas a participar en torneos nacionales e internacionales cubriendo gastos de transporte, estadía y alimentación. Se cuenta con los insumos fungibles y Tic s.  Un docente y dos asistentes velan por el funcionamiento de esta área.",1,True,False,False,False,False,False,7.799340556347145
72994,9757,3,Gestión de Recursos,2500000,2500000.0,Implementación completa: 100%,False,False,2500000,2500000.0,Gestión de Recursos,Implementación completa: 100%,9757,CENTRO EDUCACIONAL SANTA CLARA,Particular subvencionado,basica_media,1038,Inducción del personal nuevo,"La entidad sostenedora y  el equipo directivo implementan de manera sistemática procesos de inducción del personal. Por ejemplo, entrega y explica el sentido del Proyecto Educativo Institucional y de los reglamentos internos, enseña las rutinas y procedimientos propias del establecimiento, realiza un acompañamiento inicial, entre otros.",1,True,False,False,False,False,False,6.397940182389796
72995,9757,3,Gestión de Recursos,15000000,15000000.0,Implementación completa: 100%,False,False,15000000,15000000.0,Gestión de Recursos,Implementación completa: 100%,9757,CENTRO EDUCACIONAL SANTA CLARA,Particular subvencionado,basica_media,1038,Capacitaciones,"El establecimiento gestiona y financia  la participación en capacitaciones,  perfeccionamientos, seminarios,  congresos nacionales e internacionales que fortalezcan los lineamientos del PEI con el objetivo de mejorar prácticas  motivando  a asumir nuevos desafíos en el quehacer profesional",1,True,False,False,False,False,False,7.176091288008646
72996,9757,3,Gestión de Recursos,15500000,15500000.0,Implementación completa: 100%,False,False,15500000,15500000.0,Gestión de Recursos,Implementación completa: 100%,9757,CENTRO EDUCACIONAL SANTA CLARA,Particular subvencionado,basica_media,1038,Centro de Recursos de Aprendizaje,"El equipo directivo se asegura de contar con personal suficiente para administrar la biblioteca CRA  con las calificaciones necesarias para apoyar la lectura, con una asignación horaria que le permita la atención adecuada a toda la comunidad educativa. Se fortalece la función del CRA con la mantención de espacios lúdicos, desarrollo del plan lector para las estudiantes desde PK a 4°Medio.",1,True,False,False,False,False,False,7.19033172618929
72997,9757,3,Gestión Pedagógica,25000000,25000000.0,Implementación completa: 100%,False,False,25000000,25000000.0,Gestión Pedagógica,Implementación completa: 100%,9757,CENTRO EDUCACIONAL SANTA CLARA,Particular subvencionado,basica_media,1038,Evaluación y monitoreo del aprendizaje,El proceso de evaluación se monitorea en forma continua con el objetivo de mejorar los aprendizajes identificando  logros y determinando remediales.  Los instrumentos evaluativos son revisados por un equipo encargado quien retroalimenta a los docentes. La evaluadora se encarga de dirigir jornadas de análisis sobre el reglamento de evaluación y organizar las evaluaciones internas y externas.,1,True,False,False,False,False,False,7.397940026043816
72998,9757,3,Gestión Pedagógica,2000000,2000000.0,Implementación completa: 100%,False,False,2000000,2000000.0,Gestión Pedagógica,Implementación completa: 100%,9757,CENTRO EDUCACIONAL SANTA CLARA,Particular subvencionado,basica_media,1038,Trayectorias educativas,"Los docentes planifican digitalmente unidades de  aprendizaje implementando prácticas interdisciplinarias por ciclos que potencien  la motivación permitiendo que aprendan de forma innovadora e inclusiva incorporando los  sellos institucionales en sus actividades. Demuestran dominio de habilidades, acuerdan metodologías  específicas de asignaturas para avances en las trayectorias educativas.",1,True,False,False,False,False,False,6.301030212811168
72999,9757,3,Gestión Pedagógica,2000000,2000000.0,Implementación avanzada: 75% a 99%,False,False,2000000,2000000.0,Gestión Pedagógica,Implementación avanzada: 75% a 99%,9757,CENTRO EDUCACIONAL SANTA CLARA,Particular subvencionado,basica_media,1038,Proyecto de acompañamiento docente,"El equipo directivo y técnico desarrolla   un proyecto de acompañamiento para fortalecer  las prácticas  docentes. Realizan observaciones de clases enfocadas en  la  instalación de  prácticas acordadas retroalimentando oportunamente con el fin de determinar en conjunto formas de apoyo para activar aprendizajes, reflexionar sobre sus logros y determinar acciones  para la mejora.",1,False,False,True,False,False,True,6.301030212811168
73000,9757,3,Gestión Pedagógica,38000000,38000000.0,Implementación completa: 100%,False,False,38000000,38000000.0,Gestión Pedagógica,Implementación completa: 100%,9757,CENTRO EDUCACIONAL SANTA CLARA,Particular subvencionado,basica_media,1038,Articulación de Apoyo Pedagógico,"A través del trabajo colaborativo entre docentes, asistentes de aula, equipo PIE y coordinadoras de ciclo  se entrega apoyo sistemático y oportuno a las estudiantes que presentan vacíos de aprendizaje y requieren reforzamiento adicional y acompañamiento en su proceso de aprendizaje.   La coordinadora de talleres  monitorea  los correspondientes a JEC velando por su adecuado funcionamiento.",1,True,False,False,False,False,False,7.579783608045612
73001,9757,3,Liderazgo,29500000,29500000.0,Implementación completa: 100%,False,False,29500000,29500000.0,Liderazgo,Implementación completa: 100%,9757,CENTRO EDUCACIONAL SANTA CLARA,Particular subvencionado,basica_media,1038,Planes y metas institucionales,"El establecimiento determina metas institucionales e  implementa  planes exigidos por normativa ministerial y un PME que incluye: objetivos y metas concretas y medibles,  acciones,  medios de verificación, responsables, plazos, presupuesto.  Fortalece los sellos del PEI y cuenta con coordinadoras en el área pedagógica, administrativa y contable, las cuales  monitorean su implementación.",1,True,False,False,False,False,False,7.469822030700009
73002,9757,3,Liderazgo,10000000,10000000.0,Implementación completa: 100%,False,False,10000000,10000000.0,Liderazgo,Implementación completa: 100%,9757,CENTRO EDUCACIONAL SANTA CLARA,Particular subvencionado,basica_media,1038,Fortaleciendo nuestros sellos institucionales,"Se fortalece la internalización y empoderamiento de los sellos  definidos en el PEI  incorporando en el quehacer cotidiano signos y rutinas que identifican sus valores y desarrollan una cultura de altas expectativas,  conciencia sobre la protección del medio ambiente y competencias socioemocionales que fortalecen vínculos  fraternos en toda la comunidad educativa.",1,True,False,False,False,False,False,7.000000043429446
73003,9757,3,Liderazgo,10000000,10000000.0,Implementación completa: 100%,False,False,10000000,10000000.0,Liderazgo,Implementación completa: 100%,9757,CENTRO EDUCACIONAL SANTA CLARA,Particular subvencionado,basica_media,1038,Provisión de indemnización,"La entidad sostenedora y el director define y comunica las funciones de apoyo que asumirá en: Gestión de personal, pedagógica, de Convivencia, Financiera, Apoyo al desarrollo de los estudiantes, Adquisición de recursos educativos, Mantención de infraestructura.  Se realiza provisión de fondos de indemnización para los casos de término de contrato y finiquito de personal contratado con fondos SEP.",1,True,False,False,False,False,False,7.000000043429446
73004,9757,3,Liderazgo,12700000,12700000.0,Implementación completa: 100%,False,False,12700000,12700000.0,Liderazgo,Implementación completa: 100%,9757,CENTRO EDUCACIONAL SANTA CLARA,Particular subvencionado,basica_media,1038,Clima colaborativo,"El director  promueve el trabajo colaborativo y fortalece el funcionamiento de Deptos. como instancias entre pares para compartir desafíos pedagógicos, conocimientos y prácticas.  Organiza encuentros quincenales con profesores jefes de Pre-Básica a IV° Medio para fortalecer la función de guía y orientador dentro de su curso liderando rutinas formativas que permitan un desarrollo integral.",1,True,False,False,False,False,False,7.103803755152372
73005,9757,3,Liderazgo,43000000,43000000.0,Implementación completa: 100%,False,False,43000000,43000000.0,Liderazgo,Implementación completa: 100%,9757,CENTRO EDUCACIONAL SANTA CLARA,Particular subvencionado,basica_media,1038,Cultura de altas expectativas,"El director promueve el sello cultura de altas expectativas: aumenta progresivamente las exigencias en todos los ámbitos, valora el esfuerzo, promueve el amor por el conocimiento, las artes y el deporte generando un entorno estimulante.  Se organizan salidas pedagógicas y actividades extracurriculares.  Se destacan en actos de premiación a quienes cumplen con los lineamientos del PEI.",1,True,False,False,False,False,False,7.633468465679458
73006,9758,3,Convivencia Escolar,15000000,15000000.0,Implementación completa: 100%,False,False,15000000,15000000.0,Convivencia Escolar,Implementación completa: 100%,9758,COLEGIO SANTA ISABEL DE HUNGRIA,Particular subvencionado,basica_media,1154,ACLES,"El colegio ofrecerá a todos los estudiantes Actividades Complementarias de Libre Elección en deportes, artes, cultura, recreación, ecología, etc. y dispondrá del personal y los recursos necesarios para su implementación.",1,True,False,False,False,False,False,7.176091288008646
73007,9758,3,Convivencia Escolar,25000000,25000000.0,Implementación avanzada: 75% a 99%,False,False,25000000,25000000.0,Convivencia Escolar,Implementación avanzada: 75% a 99%,9758,COLEGIO SANTA ISABEL DE HUNGRIA,Particular subvencionado,basica_media,1154,Programa de Acción Pastoral,"La coordinadora de pastoral en conjunto con el equipo pastoral diseñará y desarrollará un plan de acción pastoral acorde con el PEI, dirigido a los alumnos, sus familias y al personal del colegio. El colegio contratará al personal necesario y proveerá los recursos necesarios para la implementación del programa.",1,False,False,True,False,False,True,7.397940026043816
73008,9758,3,Convivencia Escolar,15000000,15000000.0,Implementación completa: 100%,False,False,15000000,15000000.0,Convivencia Escolar,Implementación completa: 100%,9758,COLEGIO SANTA ISABEL DE HUNGRIA,Particular subvencionado,basica_media,1154,Trabün,"El colegio continuará con el contrato del Programa Trabün con el fin de trabajar de manera sistémica con los estudiantes el aprendizaje socioemocional, así como la formación valórica y espiritual a través de textos de religión.",1,True,False,False,False,False,False,7.176091288008646
73009,9758,3,Convivencia Escolar,50000000,50000000.0,Implementación completa: 100%,False,False,50000000,50000000.0,Convivencia Escolar,Implementación completa: 100%,9758,COLEGIO SANTA ISABEL DE HUNGRIA,Particular subvencionado,basica_media,1154,Espacios Recreativos y de Educación Socioemocianal,"Se implementarán y mejorarán espacios educativos y recreativos para favorecer la atención en aula y el sano esparcimiento, la educación socioemocional y la recreación de los alumnos y alumnas en espacios abiertos.",1,True,False,False,False,False,False,7.698970013021908
73010,9758,3,Convivencia Escolar,15000000,15000000.0,Implementación avanzada: 75% a 99%,False,False,15000000,15000000.0,Convivencia Escolar,Implementación avanzada: 75% a 99%,9758,COLEGIO SANTA ISABEL DE HUNGRIA,Particular subvencionado,basica_media,1154,Clima Laboral,"La Director favorecerá un adecuado clima laboral a través de encuentros de reflexión, camaradería y recreación, por lo menos 4 veces al año con el fin de favorecer el cuidado y autocuidado del personal.",1,False,False,True,False,False,True,7.176091288008646
73011,9758,3,Gestión de Recursos,5000000,5000000.0,Implementación completa: 100%,False,False,5000000,5000000.0,Gestión de Recursos,Implementación completa: 100%,9758,COLEGIO SANTA ISABEL DE HUNGRIA,Particular subvencionado,basica_media,1154,Vínculo Colegio/Familia,"El Colegio potenciará el uso de plataformas tecnológicas (página web, aplicaciones, etc.) con el fin de fortalecer el vinculo Colegio/Familia.",1,True,False,False,False,False,False,6.698970091194907
73012,9758,3,Gestión de Recursos,70000000,70000000.0,Implementación completa: 100%,False,False,70000000,70000000.0,Gestión de Recursos,Implementación completa: 100%,9758,COLEGIO SANTA ISABEL DE HUNGRIA,Particular subvencionado,basica_media,1154,Personal de Apoyo,"El Colegio contratará el personal de apoyo necesario para Convivencia Escolar, ACLE, Apoyo al aula común, Apoyo a Educación Diferencial, Coordinación SEP, Departamento de Pastoral, Programa Lector, entre otros.",1,True,False,False,False,False,False,7.845098046218464
73013,9758,3,Gestión de Recursos,25000000,25000000.0,Implementación avanzada: 75% a 99%,False,False,25000000,25000000.0,Gestión de Recursos,Implementación avanzada: 75% a 99%,9758,COLEGIO SANTA ISABEL DE HUNGRIA,Particular subvencionado,basica_media,1154,Reconocimiento por Desempeño,"El colegio entregará un incentivo económico al personal que sea mejor evaluado en su desempeño profesional (docentes y asistentes de la educación), según una pauta establecida.",1,False,False,True,False,False,True,7.397940026043816
73014,9758,3,Gestión de Recursos,15000000,15000000.0,Implementación completa: 100%,False,False,15000000,15000000.0,Gestión de Recursos,Implementación completa: 100%,9758,COLEGIO SANTA ISABEL DE HUNGRIA,Particular subvencionado,basica_media,1154,Recursos Tecnológicos,"Permanentemente se realizará la mantención de la implementación tecnológica que se ha adquirido con recursos SEP y se procederá a comprar y cambiar los dispositivos, equipos e implementos que sean necesarios para el óptimo funcionamiento. Se mantendrán el contrato  de las plataforma WebClass y el contrato de servicio dedicado de internet.",1,True,False,False,False,False,False,7.176091288008646
73015,9758,3,Gestión de Recursos,50000000,50000000.0,Implementación completa: 100%,False,False,50000000,50000000.0,Gestión de Recursos,Implementación completa: 100%,9758,COLEGIO SANTA ISABEL DE HUNGRIA,Particular subvencionado,basica_media,1154,Red Internet y Sistema de Monitoreo,"El Colegio renovará la red de internet buscando potenciar el uso de las tecnologías e implementará un sistema de monitoreo de los estudiantes a través de cámaras, favoreciendo un espacio seguro y de contención.",1,True,False,False,False,False,False,7.698970013021908
73016,9758,3,Gestión Pedagógica,15000000,15000000.0,Implementación completa: 100%,False,False,15000000,15000000.0,Gestión Pedagógica,Implementación completa: 100%,9758,COLEGIO SANTA ISABEL DE HUNGRIA,Particular subvencionado,basica_media,1154,Alumnos Destacados,"El colegio entregará premios, estímulos y reconocimientos a alumnos que se destaquen en las distintas áreas de la formación integral que propone el PEI (académica, deportiva, cultural, valórica, etc.) y en las diferentes actividades que se desarrollen que ameriten premios (concursos, campañas, competencias, olimpiadas, etc.)",1,True,False,False,False,False,False,7.176091288008646
73017,9758,3,Gestión Pedagógica,35000000,0.0,Implementación completa: 100%,False,False,35000000,0.0,Gestión Pedagógica,Implementación completa: 100%,9758,COLEGIO SANTA ISABEL DE HUNGRIA,Particular subvencionado,basica_media,1154,Planes Anuales Operativos,"Se potenciarán los planes anuales operativos de los distintos departamentos, favoreciendo el desarrollo de actividades prácticas y experienciales como salidas, talleres, utilización de material didáctico, prácticas de laboratorio, proyectos, etc. El colegio dispondrá los recursos  necesarios para la realización de las actividades.",1,True,False,False,False,False,False,7.5440680567586895
73018,9758,3,Gestión Pedagógica,1000000,1000000.0,Implementación completa: 100%,False,False,1000000,1000000.0,Gestión Pedagógica,Implementación completa: 100%,9758,COLEGIO SANTA ISABEL DE HUNGRIA,Particular subvencionado,basica_media,1154,Observación de clases y acompañamiento docente.,"La Jefa de UTP, Coordinadora Académica y la Coordinadora PIE observarán por lo menos una vez al semestre a cada docente en aula, velando por la cobertura curricular, la eficiencia de las prácticas pedagógicas y la codocencia.",1,True,False,False,False,False,False,6.0000004342942646
73019,9758,3,Gestión Pedagógica,20000000,20000000.0,Implementación completa: 100%,False,False,20000000,20000000.0,Gestión Pedagógica,Implementación completa: 100%,9758,COLEGIO SANTA ISABEL DE HUNGRIA,Particular subvencionado,basica_media,1154,Material Pedagógico,"Se entregará a los alumnos material pedagógico impreso que contenga el trabajo en el aula y las actividades que se estén desarrollando, así como las evaluaciones que se apliquen.",1,True,False,False,False,False,False,7.301030017378705
73020,9758,3,Gestión Pedagógica,25000000,25000000.0,Implementación completa: 100%,False,False,25000000,25000000.0,Gestión Pedagógica,Implementación completa: 100%,9758,COLEGIO SANTA ISABEL DE HUNGRIA,Particular subvencionado,basica_media,1154,Talleres de apoyo pedagógico,"Educadoras diferenciales realizarán talleres pedagógicos para los estudiantes que evidencien bajo nivel de logro en los resultados de aprendizaje, especialmente en las asignaturas trocales.",1,True,False,False,False,False,False,7.397940026043816
73021,9758,3,Gestión Pedagógica,35000000,35000000.0,Implementación completa: 100%,False,False,35000000,35000000.0,Gestión Pedagógica,Implementación completa: 100%,9758,COLEGIO SANTA ISABEL DE HUNGRIA,Particular subvencionado,basica_media,1154,Textos Complementarios,"Con el fin de potenciar la lectoescritura, profundizar habilidades de comprensión lectora y resolución de problemas se entregarán Textos Complementarios a los estudiantes para ser trabajados en el aula. De la misma manera se adquirirán textos para incrementar la colección  del CRA.",1,True,False,False,False,False,False,7.5440680567586895
73022,9758,3,Gestión Pedagógica,25000000,25000000.0,Implementación completa: 100%,False,False,25000000,25000000.0,Gestión Pedagógica,Implementación completa: 100%,9758,COLEGIO SANTA ISABEL DE HUNGRIA,Particular subvencionado,basica_media,1154,Salidas Pedagógicas,"Se implementará un programa de salidas pedagógicas (museos, teatros, zoológicos, empresas, cines, lugares turísticos y patrimoniales, reservas naturales y ecológicas, etc.) con estudiantes de todos los niveles con el fin de potenciar y ampliar los aprendizajes.",1,True,False,False,False,False,False,7.397940026043816
73023,9758,3,Liderazgo,500000,500000.0,Implementación completa: 100%,False,False,500000,500000.0,Liderazgo,Implementación completa: 100%,9758,COLEGIO SANTA ISABEL DE HUNGRIA,Particular subvencionado,basica_media,1154,Reuniones Estamentales,"La Directora se reunirá por lo menos al semestre reuniones estamentales con los representantes de los diferentes actores de la comunidad educativa, con el fin de potenciar la convivencia y metas comunes.",1,True,False,False,False,False,False,5.698970872924114
73024,9758,3,Liderazgo,7000000,7000000.0,Implementación completa: 100%,False,False,7000000,7000000.0,Liderazgo,Implementación completa: 100%,9758,COLEGIO SANTA ISABEL DE HUNGRIA,Particular subvencionado,basica_media,1154,Revisión y Actualización del RICE,Se contratará una asesoría para la revisión y actualización del Rice de manera de responder adecuadamente a los nuevos requerimientos de la Superintendencia de Educación y a las contingencias actuales en materia de convivencia escolar.,1,True,False,False,False,False,False,6.845098102056321
73025,9758,3,Liderazgo,20000000,20000000.0,Implementación avanzada: 75% a 99%,False,False,20000000,20000000.0,Liderazgo,Implementación avanzada: 75% a 99%,9758,COLEGIO SANTA ISABEL DE HUNGRIA,Particular subvencionado,basica_media,1154,Perfeccionamiento Docente,Se realizarán perfeccionamientos tendientes a lograr mayores competencias para la convivencia escolar con foco en el manejo de herramientas para el desarrollo de habilidades socioemocionales.,1,False,False,True,False,False,True,7.301030017378705
73026,9759,3,Convivencia Escolar,3000000,3000000.0,Implementación completa: 100%,False,False,3000000,3000000.0,Convivencia Escolar,Implementación completa: 100%,9759,LICEO LAURA VICUNA,Particular subvencionado,basica_media,665,"Formando ciudadanos, líderes activos y responsables","Potenciar estrategias educativas diversificadas, enfocadas en  el fortalecimiento y ejercicio del liderazgo y ciudadanía responsable en la comunidad educativa.",1,True,False,False,False,False,False,6.477121399484465
73027,9759,3,Convivencia Escolar,12000000,12000000.0,Implementación completa: 100%,False,False,12000000,12000000.0,Convivencia Escolar,Implementación completa: 100%,9759,LICEO LAURA VICUNA,Particular subvencionado,basica_media,665,Laura Reconoce tu esfuerzo y superación,"Estimular por medio del reconocimiento y premiación conductas esperadas en torno a nuestro proyecto educativo institucional ( valores como la responsabilidad, la participación, el bienestar psicosocioemocional, entre otros).",1,True,False,False,False,False,False,7.07918128223883
73028,9759,3,Convivencia Escolar,3000000,3000000.0,Implementación completa: 100%,False,False,3000000,3000000.0,Convivencia Escolar,Implementación completa: 100%,9759,LICEO LAURA VICUNA,Particular subvencionado,basica_media,665,Ecología y vida saludable… Proyectos locales,"El Liceo promueve  estrategias educativas que favorecen el cuidado del medio ambiente y vida saludable, para desarrollar el ámbito de formación ciudadana, inclusión social y estilos de vida saludable.",1,True,False,False,False,False,False,6.477121399484465
73029,9759,3,Convivencia Escolar,25000000,25000000.0,Implementación completa: 100%,False,False,25000000,25000000.0,Convivencia Escolar,Implementación completa: 100%,9759,LICEO LAURA VICUNA,Particular subvencionado,basica_media,665,Nuestro colegio un espacio de crecimiento integral,"Potenciar en la comunidad educativa instancias formativas y de acompañamiento, enfocadas en el desarrollo de sentido de pertenencia, habilidades para la vida y  adecuada resolución de conflictos sustentado en planes institucionales.",1,True,False,False,False,False,False,7.397940026043816
73030,9759,3,Gestión de Recursos,20000000,20000000.0,Implementación completa: 100%,False,False,20000000,20000000.0,Gestión de Recursos,Implementación completa: 100%,9759,LICEO LAURA VICUNA,Particular subvencionado,basica_media,665,Mejoramiento de espacios y recursos educativos,"Con esta acción se pretende adaptar, modificar o implementar los espacios educativos para brindar mejores condiciones de aprendizaje a las estudiantes y los recursos para que los docentes puedan realizar sus clases.",1,True,False,False,False,False,False,7.301030017378705
73031,9759,3,Gestión de Recursos,79000000,79000000.0,Implementación completa: 100%,False,False,79000000,79000000.0,Gestión de Recursos,Implementación completa: 100%,9759,LICEO LAURA VICUNA,Particular subvencionado,basica_media,665,"Para una escuela eficiente, eficaz y sostenible",Asegurar una administración efectiva de todos los recursos  económicos de la Institución para aportar a la formación  de las estudiantes y garantizar la sustentabilidad  del Proyecto  Educativo.,1,True,False,False,False,False,False,7.89762709678784
73032,9759,3,Gestión Pedagógica,10000000,10000000.0,Implementación completa: 100%,False,False,10000000,10000000.0,Gestión Pedagógica,Implementación completa: 100%,9759,LICEO LAURA VICUNA,Particular subvencionado,basica_media,665,Incluir y diversificar para el logro de las metas académicas.,"Con esta acción se pretende, a través del trabajo colaborativo entre docentes de aula y especialistas , asegurar la implementación de un aula inclusiva con énfasis en la codocencia, diversificación y articulación, para lograr la mejora en los aprendizajes de todas y todos los estudiantes.",1,True,False,False,False,False,False,7.000000043429446
73033,9759,3,Gestión Pedagógica,6000000,6000000.0,Implementación completa: 100%,False,False,6000000,6000000.0,Gestión Pedagógica,Implementación completa: 100%,9759,LICEO LAURA VICUNA,Particular subvencionado,basica_media,665,El acompañamiento docente  como garante de buenos aprendizajes,"Con la implementación de esta acción se busca ofrecer  acompañamiento y retroalimentación a todos los docentes en relación a la mejora de  sus prácticas pedagógicas , favoreciendo los  climas de aprendizajes que apunten a la mejora de resultados académicos de los estudiantes, asignando mentoras a aquellos docentes que así lo requieran.",1,True,False,False,False,False,False,6.7781513227660515
73034,9759,3,Gestión Pedagógica,2500000,2500000.0,Implementación completa: 100%,False,False,2500000,2500000.0,Gestión Pedagógica,Implementación completa: 100%,9759,LICEO LAURA VICUNA,Particular subvencionado,basica_media,665,Fomentar la construcción del proyecto de vida a la luz del evangelio,"Con esta acción se pretende incorporar sistemáticamente la dimensión salesiana a la clase de religión mediante el trabajo en texto y guías de aprendizaje que incluyen contenidos, habilidades espirituales y actitudes que permitan a nuestras estudiantes vivenciar una ciudadanía activa y constructiva para su proyecto de vida.",1,True,False,False,False,False,False,6.397940182389796
73035,9759,3,Gestión Pedagógica,10000000,10000000.0,Implementación completa: 100%,False,False,10000000,10000000.0,Gestión Pedagógica,Implementación completa: 100%,9759,LICEO LAURA VICUNA,Particular subvencionado,basica_media,665,Generar experiencias de aprendizaje significativo vinculados con el entorno social y cultural.,"Con esta acción se pretende lograr en nuestros estudiantes aprendizajes auténticos, significativos y contextualizados  implementando rutas pedagógicas, convenios con instituciones externas y/o asistencia a actividades interescolares junto con la puesta en marcha de talleres académicos orientados a fortalecer aprendizajes de estudiantes con desafíos.",1,True,False,False,False,False,False,7.000000043429446
73036,9759,3,Gestión Pedagógica,1000000,1000000.0,Implementación completa: 100%,False,False,1000000,1000000.0,Gestión Pedagógica,Implementación completa: 100%,9759,LICEO LAURA VICUNA,Particular subvencionado,basica_media,665,Los datos al servicio de la mejora educativa,"Con esta acción se pretende que la recolección e interpretación de datos académicos favorezca la toma de decisiones, a favor de potenciar la movilidad de estudiantes hacia los niveles de aprendizajes superiores, traducido en la implementación de planes de apoyo específicos y estrategias diversificadas  para la mejora de resultados.",1,True,False,False,False,False,False,6.0000004342942646
73037,9759,3,Liderazgo,10000000,10000000.0,Implementación completa: 100%,False,False,10000000,10000000.0,Liderazgo,Implementación completa: 100%,9759,LICEO LAURA VICUNA,Particular subvencionado,basica_media,665,Formarnos juntos para un mejor trabajo en red,"Con esta acción se pretende favorecer espacios de formación continua, potenciando el liderazgo de los diversos miembros de la Comunidad educativa y elevando las competencias profesionales para asegurar la concreción de PEI",1,True,False,False,False,False,False,7.000000043429446
73038,9759,3,Liderazgo,10000000,10000000.0,Implementación completa: 100%,False,False,10000000,10000000.0,Liderazgo,Implementación completa: 100%,9759,LICEO LAURA VICUNA,Particular subvencionado,basica_media,665,Capacitar para el desarrollo profesional docente,"Con esta acción se pretende otorgar perfeccionamiento continuo para el Liderazgo Pedagógico, especialmente de los directores, directoras, docentes que realizan evaluación por carrera docente, que permitan obtener mejores aprendizajes en los estudiantes, y un trabajo efectivo y colaborativo con sus equipos de trabajo.",1,True,False,False,False,False,False,7.000000043429446
73039,9759,3,Liderazgo,3000000,3000000.0,Implementación completa: 100%,False,False,3000000,3000000.0,Liderazgo,Implementación completa: 100%,9759,LICEO LAURA VICUNA,Particular subvencionado,basica_media,665,"Reactivación, una oportunidad de mejora en las prácticas docentes.","Acción que refleja el proceso de análisis de los resultados de eficiencia interna, incentivando a los docentes en su desarrollo profesional para mejorar y movilizar a las alumnas descendidas y con rezago académico; de esta forma premia, destaca y reconoce en su planta docente aquellas prácticas exitosas y de excelencia.",1,True,False,False,False,False,False,6.477121399484465
73040,9759,3,Liderazgo,1500000,1500000.0,Implementación completa: 100%,False,False,1500000,1500000.0,Liderazgo,Implementación completa: 100%,9759,LICEO LAURA VICUNA,Particular subvencionado,basica_media,665,Metas por liderazgo de jefatura,"Acción que busca altos logros en las metas establecidas por jefaturas de curso,teniendo presente avances progresivos en cuanto mejora integral de sus componentes(alumnas y familias) con énfasis en la adhesión PEI,sana convivencia escolar, factores asociados a la asistencia,resultados y retención escolar; con ello se proporciona incentivo anual al trabajo de liderazgo destacado del profesor jefe.",1,True,False,False,False,False,False,6.176091548585239
73041,9759,3,Liderazgo,4000000,4000000.0,Implementación completa: 100%,False,False,4000000,4000000.0,Liderazgo,Implementación completa: 100%,9759,LICEO LAURA VICUNA,Particular subvencionado,basica_media,665,Fortalecimiento de un clima laboral positivo,"Con esta acción se busca promover el sentido de pertenencia , fortaleciendo la adhesión al carisma, valores , sellos propios y adquisición de herramientas de autocuidado a fin de que  cada integrante se sienta partícipe y corresponsable en la construcción de la comunidad educativa del liceo Laura Vicuña, entregando lo mejor de sí a los estudiantes.",1,True,False,False,False,False,False,6.6020600999015695
73042,9771,3,Convivencia Escolar,6839067,6839067.0,Implementación adecuada: 50% a 74%,False,False,6839067,6839067.0,Convivencia Escolar,Implementación adecuada: 50% a 74%,9771,CHILEAN EAGLES COLLEGE - LA CISTERNA,Particular subvencionado,basica_media,711,Difusión del Sello SEG,"Difundir el sello SEG (altas expectativas, buen trato y 4 valores institucionales), a través de distintas actividades que potencien en sentido de pertenencia y vínculo de los estudiantes con el colegio. Tales como: aniversario, celebración de efemérides del calendario escolar, actividades deportivas/artísticas de red, entre otros.",1,False,False,True,False,False,True,6.8349969218903555
73043,9771,3,Convivencia Escolar,4103440,4103440.0,Implementación adecuada: 50% a 74%,False,False,4103440,4103440.0,Convivencia Escolar,Implementación adecuada: 50% a 74%,9771,CHILEAN EAGLES COLLEGE - LA CISTERNA,Particular subvencionado,basica_media,711,Brindar apoyo socioemocional a los estudiantes,"Brindar apoyo socioemocional a nuestros estudiantes a través de una buena implementación de las clases de orientación, realizar la acogida diaria a nuestros estudiantes, generar redes de contención internas, y redes de intervención externa, y un seguimiento oportuno de parte del equipo de inspectores tutores hacia los estudiantes.",1,False,False,True,False,False,True,6.613148193441331
73044,9771,3,Convivencia Escolar,1823751,1823751.0,Implementación adecuada: 50% a 74%,False,False,1823751,1823751.0,Convivencia Escolar,Implementación adecuada: 50% a 74%,9771,CHILEAN EAGLES COLLEGE - LA CISTERNA,Particular subvencionado,basica_media,711,Implementar rutinas y procedimientos de cultura escolar,"La acción  tiene como objetivo instaurar una cultura de altas expectativas que promueva la motivación y el compromiso de la comunidad educativa. Esta iniciativa está dirigida a todos los estudiantes, docentes y familias del establecimiento, con el fin de crear un entorno que favorezca el aprendizaje y el desarrollo integral.",1,False,False,True,False,False,True,6.260965781166615
73045,9771,3,Convivencia Escolar,5927191,5927191.0,Implementación adecuada: 50% a 74%,False,False,5927191,5927191.0,Convivencia Escolar,Implementación adecuada: 50% a 74%,9771,CHILEAN EAGLES COLLEGE - LA CISTERNA,Particular subvencionado,basica_media,711,Fortalecimiento del liderazgo del perfil del Profesor Guía (Profesor Jefe) y Equipo de Convivencia E,"Fortalecimiento del liderazgo del Profesor Guía y del equipo de Convivencia Escolar a través de talleres de formación y capacitación, acompañamiento y definición de un perfil con tareas y metas específicas.",1,False,False,True,False,False,True,6.772848995602435
73046,9771,3,Convivencia Escolar,5000000,5000000.0,Implementación adecuada: 50% a 74%,False,False,5000000,5000000.0,Convivencia Escolar,Implementación adecuada: 50% a 74%,9771,CHILEAN EAGLES COLLEGE - LA CISTERNA,Particular subvencionado,basica_media,711,Retención y Asistencia Escolar,"Detección, seguimiento y generación de planes de acción para estudiantes que presentan bajo nivel de asistencia y/o riesgo de deserción. Incluye seguimiento en detalle al ausentismo crónico a través del comité de asistencia del colegio.",1,False,False,True,False,False,True,6.698970091194907
73047,9771,3,Convivencia Escolar,0,0.0,Implementación completa: 100%,False,False,0,0.0,Convivencia Escolar,Implementación completa: 100%,9771,CHILEAN EAGLES COLLEGE - LA CISTERNA,Particular subvencionado,basica_media,711,incorporación de proyecto de vida,Se incorpora la unidad de proyecto de vida en las clases de orientación de todo el colegio.,1,True,False,False,True,False,True,0.0
73048,9771,3,Convivencia Escolar,2735627,2735627.0,Implementación adecuada: 50% a 74%,False,False,2735627,2735627.0,Convivencia Escolar,Implementación adecuada: 50% a 74%,9771,CHILEAN EAGLES COLLEGE - LA CISTERNA,Particular subvencionado,basica_media,711,Plan de Exploración Vocacional,Implementar el plan de exploración vocacional que fomente rendición de la Prueba de Ingreso a la Universidad y la Continuidad de estudios. Incluye realización de Feria de Exploración Vocacional en el colegio.,1,False,False,True,False,False,True,6.437057040222296
73049,9771,3,Convivencia Escolar,5471253,5471253.0,Implementación adecuada: 50% a 74%,False,False,5471253,5471253.0,Convivencia Escolar,Implementación adecuada: 50% a 74%,9771,CHILEAN EAGLES COLLEGE - LA CISTERNA,Particular subvencionado,basica_media,711,Participación y Protagonismo de los estudiantes y apoderados en la vida escolar,"Implementar instancias de participación estudiantil, curriculares (Consejo de Curso) y complementarias (actividades complementarias). Velar por el desarrollo correcto de un proceso democrático en la elección de directivas y centros de estudiantes y apoderados.",1,False,False,True,False,False,True,6.738086877131299
73050,9771,3,Convivencia Escolar,2735626,2735626.0,Implementación adecuada: 50% a 74%,False,False,2735626,2735626.0,Convivencia Escolar,Implementación adecuada: 50% a 74%,9771,CHILEAN EAGLES COLLEGE - LA CISTERNA,Particular subvencionado,basica_media,711,Plan formación y educación en temas de Género y Prevención de Abusos Sexuales,"Implementar el plan de de formación y educación en temas de Género y Prevención de Abusos Sexuales enfocados en estudiantes y vinculando a docentes, asistentes de la educación y familias en el procesos.",1,False,False,True,False,False,True,6.437056881467318
73051,9771,3,Gestión de Recursos,13678134,13678134.0,Implementación adecuada: 50% a 74%,False,False,13678134,13678134.0,Gestión de Recursos,Implementación adecuada: 50% a 74%,9771,CHILEAN EAGLES COLLEGE - LA CISTERNA,Particular subvencionado,basica_media,711,Adquisición de recursos educativos,"Compra de material e insumos (didácticos, tecnológicos, deportivos, artísticos administrativos, de librería, etc.)necesarios para mejorar la implementación de los planes académico  para alumnos, entre otros, con el fin de aumentar los niveles de logro de nuestros estudiantes.",1,False,False,True,False,False,True,7.136026885803337
73052,9771,3,Gestión de Recursos,9200000,9200000.0,Implementación adecuada: 50% a 74%,False,False,9200000,9200000.0,Gestión de Recursos,Implementación adecuada: 50% a 74%,9771,CHILEAN EAGLES COLLEGE - LA CISTERNA,Particular subvencionado,basica_media,711,Mejoramiento y mantención espacios físicos en salas de clases y espacios comunes,"Mejoramiento de los espacios del colegio en pos de generar un ambiente propicio para el aprendizaje, y de resguardar que los alumnos se encuentren en un espacio seguro y que incentive la creatividad.",1,False,False,True,False,False,True,6.963787874551475
73053,9771,3,Gestión de Recursos,5471254,5471254.0,Implementación avanzada: 75% a 99%,False,False,5471254,5471254.0,Gestión de Recursos,Implementación avanzada: 75% a 99%,9771,CHILEAN EAGLES COLLEGE - LA CISTERNA,Particular subvencionado,basica_media,711,Plan de Bienestar Laboral,"Se implementará un plan de bienestar laboral que incluye seguimiento al clima laboral, reuniones periódicas con sindicatos, levantamiento de necesidades y gestión de prevención de riesgos, desarrollo organizacional.",1,False,False,True,False,False,True,6.738086956508795
73054,9771,3,Gestión de Recursos,0,0.0,Implementación avanzada: 75% a 99%,False,False,0,0.0,Gestión de Recursos,Implementación avanzada: 75% a 99%,9771,CHILEAN EAGLES COLLEGE - LA CISTERNA,Particular subvencionado,basica_media,711,Actividades de autocuidado,Se realizan actividades de autocuidado que van desde celebraciones de cumpleaños como de incentivo docente por metas de aprendizaje.,1,False,False,True,True,True,True,0.0
73055,9771,3,Gestión de Recursos,10000000,10000000.0,Implementación adecuada: 50% a 74%,False,False,10000000,10000000.0,Gestión de Recursos,Implementación adecuada: 50% a 74%,9771,CHILEAN EAGLES COLLEGE - LA CISTERNA,Particular subvencionado,basica_media,711,Promoción del proyecto educativo,"Fortalecer el compromiso con el desarrollo de la misión, la visión y el sello educativo de la fundación promoviendo instancia de encuentros con toda la comunidad.",1,False,False,True,False,False,True,7.000000043429446
73056,9771,3,Gestión de Recursos,5471254,5471254.0,Implementación adecuada: 50% a 74%,False,False,5471254,5471254.0,Gestión de Recursos,Implementación adecuada: 50% a 74%,9771,CHILEAN EAGLES COLLEGE - LA CISTERNA,Particular subvencionado,basica_media,711,Plan de bienestar laboral,"Se implementará un plan de bienestar laboral que incluye seguimiento al clima laboral, reuniones periódicas con sindicatos, levantamiento de necesidades y gestión de prevención de riesgos, desarrollo organizacional.",1,False,False,True,False,False,True,6.738086956508795
73057,9771,3,Gestión de Recursos,5000000,5000000.0,Implementación adecuada: 50% a 74%,False,False,5000000,5000000.0,Gestión de Recursos,Implementación adecuada: 50% a 74%,9771,CHILEAN EAGLES COLLEGE - LA CISTERNA,Particular subvencionado,basica_media,711,Plan de Desarrollo Profesional Docente y Administrativo,"El plan tiene como objetivo asegurar que el 90% del personal docente y administrativo sea idóneo y competente, a través de un enfoque sistemático en la gestión del desarrollo profesional que responda a las necesidades pedagógicas y administrativas del establecimiento. Esta acción está dirigida a todos los docentes y personal administrativo del colegio.",1,False,False,True,False,False,True,6.698970091194907
73058,9771,3,Gestión Pedagógica,6839067,6839067.0,Implementación adecuada: 50% a 74%,False,False,6839067,6839067.0,Gestión Pedagógica,Implementación adecuada: 50% a 74%,9771,CHILEAN EAGLES COLLEGE - LA CISTERNA,Particular subvencionado,basica_media,711,Tomar decisiones pedagógicas en base a datos.,"Implementar ciclo de enseñanza basada en datos, a nivel de red y colegios, que implica las siguientes acciones: reuniones de análisis de datos, ajuste del proceso de Enseñanza-Aprendizaje en base a los resultados de las evaluaciones formativas y sumativas, y monitoreo de las evaluaciones fundacionales para revisar/ajustar estrategias pedagógicas.",1,False,False,True,False,False,True,6.8349969218903555
73059,9771,3,Gestión Pedagógica,5471254,5471254.0,Implementación adecuada: 50% a 74%,False,False,5471254,5471254.0,Gestión Pedagógica,Implementación adecuada: 50% a 74%,9771,CHILEAN EAGLES COLLEGE - LA CISTERNA,Particular subvencionado,basica_media,711,Formación Continua Docentes,"Generar diversas modalidades de formación continua para instalar y potenciar competencias que permitan mejorar el proceso de Enseñanza-Aprendizaje, tales como observación y retroalimentación de clases, talleres de capacitación y reuniones técnicas, consejo de profesores, reuniones periódicas entre líder y docente, entre otros.",1,False,False,True,False,False,True,6.738086956508795
73060,9771,3,Gestión Pedagógica,2279689,2279689.0,Implementación adecuada: 50% a 74%,False,False,2279689,2279689.0,Gestión Pedagógica,Implementación adecuada: 50% a 74%,9771,CHILEAN EAGLES COLLEGE - LA CISTERNA,Particular subvencionado,basica_media,711,"Instalar rutinas, procedimientos y técnicas de aula","Para promover la calidad del aprendizaje de nuestros estudiantes, optimizando el proceso de enseñanza en un ambiente desafiante y participativo.",1,False,False,True,False,False,True,6.357875794174671
73061,9771,3,Gestión Pedagógica,3191565,3191565.0,Implementación adecuada: 50% a 74%,False,False,3191565,3191565.0,Gestión Pedagógica,Implementación adecuada: 50% a 74%,9771,CHILEAN EAGLES COLLEGE - LA CISTERNA,Particular subvencionado,basica_media,711,"Fortalecimiento del desarrollo académico de todos los estudiantes, considerando sus necesidades e in",Contratar Institución experta en temas Preuniversitario con el fin de tener acceso a material y capacitaciones enfocadas en pruebas de ingreso Universitario,1,False,False,True,False,False,True,6.504003829852909
73062,9771,3,Gestión Pedagógica,7295005,7295005.0,Implementación adecuada: 50% a 74%,False,False,7295005,7295005.0,Gestión Pedagógica,Implementación adecuada: 50% a 74%,9771,CHILEAN EAGLES COLLEGE - LA CISTERNA,Particular subvencionado,basica_media,711,Lineamientos pedagógicos de red para la implementación efectiva del currículum,"Diseñar e implementar planificaciones de clase en cinco pasos según plan anual, y generar un sistema efectivo de evaluaciones de aprendizaje: evaluaciones estandarizadas, alineadas al rigor académico del currículum (priorizado).",1,False,False,True,False,False,True,6.863025653428349
73063,9771,3,Gestión Pedagógica,1823751,1823751.0,Implementación adecuada: 50% a 74%,False,False,1823751,1823751.0,Gestión Pedagógica,Implementación adecuada: 50% a 74%,9771,CHILEAN EAGLES COLLEGE - LA CISTERNA,Particular subvencionado,basica_media,711,Fomento lector,"Implementar actividades para potenciar el goce por la lectura y comprensión lectora dentro de la comunidad escolar. Incluye Proyecto  Amo Leer  con cuenta cuentos, junto con otras actividades que fomenten una cultura de lectura en el colegio. Incluye medición periódica del dominio lector e Hito de primera lectura.",1,False,False,True,False,False,True,6.260965781166615
73064,9771,3,Gestión Pedagógica,5500000,5500000.0,Implementación adecuada: 50% a 74%,False,False,5500000,5500000.0,Gestión Pedagógica,Implementación adecuada: 50% a 74%,9771,CHILEAN EAGLES COLLEGE - LA CISTERNA,Particular subvencionado,basica_media,711,Programa Integral de Prevención de Deserción Escolar,El  Programa Integral de Prevención de Deserción Escolar  tiene como objetivo implementar estrategias efectivas que reduzcan la deserción escolar y fomenten la permanencia de los estudiantes en la institución.,1,False,False,True,False,False,True,6.74036276845687
73065,9771,3,Gestión Pedagógica,4559378,4559378.0,Implementación adecuada: 50% a 74%,False,False,4559378,4559378.0,Gestión Pedagógica,Implementación adecuada: 50% a 74%,9771,CHILEAN EAGLES COLLEGE - LA CISTERNA,Particular subvencionado,basica_media,711,Adquisición de bibliografía y mobiliario para biblioteca,"Compra de libros, revistas y mobiliario para mantener la biblioteca física y digital al día, enriqueciendo la lectura y goce lector de los estudiantes.",1,False,False,True,False,False,True,6.658905694585672
73066,9771,3,Gestión Pedagógica,0,0.0,Implementación avanzada: 75% a 99%,False,False,0,0.0,Gestión Pedagógica,Implementación avanzada: 75% a 99%,9771,CHILEAN EAGLES COLLEGE - LA CISTERNA,Particular subvencionado,basica_media,711,Análisis de datos de los ensayos,Se analizan los resultados académicos que vamos a obtener de la institución cepech,1,False,False,True,True,True,True,0.0
73067,9771,3,Liderazgo,2735627,2735627.0,Implementación adecuada: 50% a 74%,False,False,2735627,2735627.0,Liderazgo,Implementación adecuada: 50% a 74%,9771,CHILEAN EAGLES COLLEGE - LA CISTERNA,Particular subvencionado,basica_media,711,Definición estrategia anual y seguimiento a indicadores clave de cada área,"Se trabaja en la creación de la estrategia anual, junto con hacer un seguimiento periódico a los indicadores clave de cada área. Incluye presentación de informes de gestión semestrales.",1,False,False,True,False,False,True,6.437057040222296
73068,9771,3,Liderazgo,10000000,10000000.0,Implementación adecuada: 50% a 74%,False,False,10000000,10000000.0,Liderazgo,Implementación adecuada: 50% a 74%,9771,CHILEAN EAGLES COLLEGE - LA CISTERNA,Particular subvencionado,basica_media,711,Gestión del desarrollo profesional – Equipos Directivos,"Acompañamiento y formación a directores y equipos directivos de los colegios en liderazgo escolar con el objetivo de instalar capacidades y acompañar los distintos procesos académicos y formativos de los estudiantes. Incluye reuniones periódicas, capacitaciones en liderazgo, material bibliográfico, entre otros.",1,False,False,True,False,False,True,7.000000043429446
73069,9771,3,Liderazgo,4559378,4559378.0,Implementación adecuada: 50% a 74%,False,False,4559378,4559378.0,Liderazgo,Implementación adecuada: 50% a 74%,9771,CHILEAN EAGLES COLLEGE - LA CISTERNA,Particular subvencionado,basica_media,711,Adquisición de bibliografía y mobiliario para biblioteca,"Compra de libros, revistas y mobiliario para mantener la biblioteca física y digital al día, enriqueciendo la lectura y goce lector de los estudiantes.",1,False,False,True,False,False,True,6.658905694585672
73070,9771,3,Liderazgo,911876,911876.0,Implementación adecuada: 50% a 74%,False,False,911876,911876.0,Liderazgo,Implementación adecuada: 50% a 74%,9771,CHILEAN EAGLES COLLEGE - LA CISTERNA,Particular subvencionado,basica_media,711,Mejoramiento contInuo en herramientas y procesos de gestión efectivos,"Acompañamiento en el uso de herramientas de gestión tales como reuniones efectivas, uso de agenda, establecimiento de metas, seguimiento a indicadores, seguimiento al uso del presupuesto y uso constante de datos para la toma de decisiones.",1,False,False,True,False,False,True,5.959936261767217
73071,9771,3,Liderazgo,9118756,9118756.0,Implementación adecuada: 50% a 74%,False,False,9118756,9118756.0,Liderazgo,Implementación adecuada: 50% a 74%,9771,CHILEAN EAGLES COLLEGE - LA CISTERNA,Particular subvencionado,basica_media,711,Plan de Comunicación institucional,"Creación y gestión de distintos canales de comunicación internos (entre y dentro los colegios y con la comunidad educativa) y externos, junto con herramientas y actividades que generen identidad potenciando el sentido de pertenencia a la red.",1,False,False,True,False,False,True,6.959935642623156
73072,9771,3,Liderazgo,0,0.0,Implementación avanzada: 75% a 99%,False,False,0,0.0,Liderazgo,Implementación avanzada: 75% a 99%,9771,CHILEAN EAGLES COLLEGE - LA CISTERNA,Particular subvencionado,basica_media,711,Instaurar equipos de alto desempeño,"Trabajo colaborativo entre los miembros del equipo directivo, apoyándose con el material ministerial que permita reflexionar las prácticas.",1,False,False,True,True,True,True,0.0
73073,9771,3,Liderazgo,97423,97423.0,Implementación avanzada: 75% a 99%,False,False,97423,97423.0,Liderazgo,Implementación avanzada: 75% a 99%,9771,CHILEAN EAGLES COLLEGE - LA CISTERNA,Particular subvencionado,basica_media,711,Optimización del Tiempo de Clase para el Aprendizaje Activo,"La acción busca asegurar que el 90% de los docentes implementen estrategias efectivas de enseñanza-aprendizaje, maximizando el uso del tiempo en clase y garantizando el cumplimiento de los Objetivos de Aprendizaje establecidos en las Bases Curriculares. Esta iniciativa está dirigida a todos los docentes y estudiantes de los niveles de educación básica y media del establecimiento",1,False,False,True,False,False,True,4.988665956710447
73132,9779,3,Convivencia Escolar,11535420,11535420.0,Implementación completa: 100%,False,False,11535420,11535420.0,Convivencia Escolar,Implementación completa: 100%,9779,CENTRO EDUCACIONAL SANTA ROSA,Particular subvencionado,basica_media,735,17) Seguimiento formativo y académico de los estudiantes,"Profesores tutores a cargo de acompañar el proceso académico y formativo de los estudiantes, considerando todas las características individuales, implementando estrategias de seguimiento para optimizar sus resultados escolares, además de detectar posibles deserciones, derivando cuando corresponda.",1,True,False,False,False,False,False,7.062033449281073
73133,9779,3,Convivencia Escolar,7500000,7500000.0,Implementación completa: 100%,False,False,7500000,7500000.0,Convivencia Escolar,Implementación completa: 100%,9779,CENTRO EDUCACIONAL SANTA ROSA,Particular subvencionado,basica_media,735,21) Sistema de apoyo para la Convivencia Escolar,(Mejoramiento de la convivencia y gestión del clima escolar).   Disposición de recursos materiales para fomentar la sana convivencia entre los integrantes de la comunidad y el buen uso del tiempo libre.,1,True,False,False,False,False,False,6.875061321297627
73134,9779,3,Convivencia Escolar,38370852,38370852.0,Implementación completa: 100%,False,False,38370852,38370852.0,Convivencia Escolar,Implementación completa: 100%,9779,CENTRO EDUCACIONAL SANTA ROSA,Particular subvencionado,basica_media,735,19) Equipo de apoyo a la Convivencia Escolar,"Disposición de un equipo de apoyo a la convivencia escolar, que, en coordinación con los docentes, prevenga y resuelva conflictos, monitoree la asistencia, ofrezca espacios que propicien el aprendizaje y la sana convivencia, detectando eventuales deserciones y derivando cuando corresponda.",1,True,False,False,False,False,False,7.584001453852353
73135,9779,3,Convivencia Escolar,8000000,8000000.0,Implementación completa: 100%,False,False,8000000,8000000.0,Convivencia Escolar,Implementación completa: 100%,9779,CENTRO EDUCACIONAL SANTA ROSA,Particular subvencionado,basica_media,735,18) Encuentros de participación en torno a hitos relevantes para la Comunidad Escolar,Instancias de participación de la comunidad en torno a hitos que representan los sellos y valores que promueve nuestro proyecto educativo.,1,True,False,False,False,False,False,6.903090041278751
73136,9779,3,Convivencia Escolar,500000,500000.0,Implementación completa: 100%,False,False,500000,500000.0,Convivencia Escolar,Implementación completa: 100%,9779,CENTRO EDUCACIONAL SANTA ROSA,Particular subvencionado,basica_media,735,20) Jornada de inducción para estudiantes de primero medio,"Jornada de preparación para enfrentar el periodo escolar a través de la socialización de valores y sellos del colegio, herramientas y metodología para el trabajo académico.",1,True,False,False,False,False,False,5.698970872924114
73137,9779,3,Gestión de Recursos,30183613,30183613.0,Implementación completa: 100%,False,False,30183613,30183613.0,Gestión de Recursos,Implementación completa: 100%,9779,CENTRO EDUCACIONAL SANTA ROSA,Particular subvencionado,basica_media,735,23) Potenciar talleres de especialidad y laboratorios,"Potenciar el desarrollo de los talleres de especialidades a través de la entrega de insumos necesarios a los estudiantes, con el fin de fortalecer el desarrollo de competencias y habilidades técnico profesionales.",1,True,False,False,False,False,False,7.47977123829876
73138,9779,3,Gestión de Recursos,32000000,32000000.0,Implementación completa: 100%,False,False,32000000,32000000.0,Gestión de Recursos,Implementación completa: 100%,9779,CENTRO EDUCACIONAL SANTA ROSA,Particular subvencionado,basica_media,735,24) Fortalecimiento de los espacios educativos,"Fortalecimiento de los espacios educativos a través de la adquisición de materiales para la Mejora de los procesos pedagógicos, de convivencia escolar y de los hábitos de vida saludable. Libros contexto, foco, formación ciudadana, orientación.",1,True,False,False,False,False,False,7.505149991891608
73139,9779,3,Gestión de Recursos,12282221,12282221.0,Implementación completa: 100%,False,False,12282221,12282221.0,Gestión de Recursos,Implementación completa: 100%,9779,CENTRO EDUCACIONAL SANTA ROSA,Particular subvencionado,basica_media,735,25) Reproducción de material gráfico,Reproducción de material gráfico para apoyar los procesos pedagógicos del establecimiento.,1,True,False,False,False,False,False,7.089276942948742
73140,9779,3,Gestión de Recursos,6060000,6060000.0,Implementación completa: 100%,False,False,6060000,6060000.0,Gestión de Recursos,Implementación completa: 100%,9779,CENTRO EDUCACIONAL SANTA ROSA,Particular subvencionado,basica_media,735,22) Fortalecimiento de las prácticas docentes,"Fortalecer prácticas docentes a través de capacitaciones, con foco en la preparación del proceso de Evaluación Docente 2024-",1,True,False,False,False,False,False,6.782472695832037
73141,9779,3,Gestión Pedagógica,8500000,8500000.0,Implementación completa: 100%,False,False,8500000,8500000.0,Gestión Pedagógica,Implementación completa: 100%,9779,CENTRO EDUCACIONAL SANTA ROSA,Particular subvencionado,basica_media,735,26. Fortalecimiento de habilidades técnico profesionales a través de capacitaciones.,"Talleres y/o capacitaciones externas que responden a las necesidades de las distintas especialidades, y que tiene por objetivo incrementar el conocimiento y habilidades técnico  profesionales, previo a la inserción al mundo laboral.",1,True,False,False,False,False,False,6.929418976807758
73142,9779,3,Gestión Pedagógica,6748620,6748620.0,Implementación completa: 100%,False,False,6748620,6748620.0,Gestión Pedagógica,Implementación completa: 100%,9779,CENTRO EDUCACIONAL SANTA ROSA,Particular subvencionado,basica_media,735,1) Coordinación Académica Departamental,"Vinculación de los lineamientos pedagógicos emanados desde Dirección académica con la naturaleza propia de las disciplinas, a través de docentes que lideran los equipos de trabajo, con foco en el trabajo colaborativo a través de en la innovación (ADECO).",1,True,False,False,False,False,False,6.829215039012566
73143,9779,3,Gestión Pedagógica,12584000,12584000.0,Implementación completa: 100%,False,False,12584000,12584000.0,Gestión Pedagógica,Implementación completa: 100%,9779,CENTRO EDUCACIONAL SANTA ROSA,Particular subvencionado,basica_media,735,10) Salidas Pedagógicas,"Fortalecimiento del proceso académico a través de experiencias de observación y participación en actividades con fines pedagógicos fuera del establecimiento, que favorezcan la vinculación y consolidación de los aprendizajes.",1,True,False,False,False,False,False,7.099818744126869
73144,9779,3,Gestión Pedagógica,9837900,9837900.0,Implementación completa: 100%,False,False,9837900,9837900.0,Gestión Pedagógica,Implementación completa: 100%,9779,CENTRO EDUCACIONAL SANTA ROSA,Particular subvencionado,basica_media,735,11) Co-docencia y Trabajo Colaborativo,"Profesores con asignación de horas para planificar, coordinar y llevar a cabo co-docencia en asignaturas, tanto del plan general como de la formación técnico profesional, con el fin de intencionar mayor diversificación de estrategias de enseñanza.",1,True,False,False,False,False,False,6.992902447886858
73145,9779,3,Gestión Pedagógica,3050000,3050000.0,Implementación completa: 100%,False,False,3050000,3050000.0,Gestión Pedagógica,Implementación completa: 100%,9779,CENTRO EDUCACIONAL SANTA ROSA,Particular subvencionado,basica_media,735,2) Acompañamiento Docente,"Proceso de acompañamiento que busca fortalecer prácticas docentes, por medio de la observación de clases  en relación al perfil docente, entregando propuestas de estrategias didácticas y retroalimentando las prácticas para la mejora.",1,True,False,False,False,False,False,6.4842999817383955
73146,9779,3,Gestión Pedagógica,7000000,7000000.0,Implementación completa: 100%,False,False,7000000,7000000.0,Gestión Pedagógica,Implementación completa: 100%,9779,CENTRO EDUCACIONAL SANTA ROSA,Particular subvencionado,basica_media,735,3) Encargada Seguimiento Plan General,Docente a cargo de coordinar los procesos académicos y asegurar la cobertura curricular de las asignaturas del plan general. Entregando reportes y análisis de resultados bajo criterios emanados de la Dirección Académica.,1,True,False,False,False,False,False,6.845098102056321
73147,9779,3,Gestión Pedagógica,235000000,0.0,Implementación completa: 100%,False,False,235000000,0.0,Gestión Pedagógica,Implementación completa: 100%,9779,CENTRO EDUCACIONAL SANTA ROSA,Particular subvencionado,basica_media,735,4) Programa de Integración Escolar,"Equipo de profesionales que apoya de manera integral a los estudiantes con necesidades educativas especiales, con el objetivo de fortalecer su proceso académico.",1,True,False,False,False,False,False,8.371067864119798
73148,9779,3,Gestión Pedagógica,12000000,12000000.0,Implementación completa: 100%,False,False,12000000,12000000.0,Gestión Pedagógica,Implementación completa: 100%,9779,CENTRO EDUCACIONAL SANTA ROSA,Particular subvencionado,basica_media,735,5) Coordinación y ejecución de Actividades Curriculares de Libre Elección (ACLE)y extracurriculares,"Coordinación y monitoreo de la ejecución de los talleres curriculares de libre elección y extracurriculares, fomentando el buen uso del tiempo libre y los sellos propuestos en nuestro proyecto educativo.",1,True,False,False,False,False,False,7.07918128223883
73149,9779,3,Gestión Pedagógica,5731260,5731260.0,Implementación completa: 100%,False,False,5731260,5731260.0,Gestión Pedagógica,Implementación completa: 100%,9779,CENTRO EDUCACIONAL SANTA ROSA,Particular subvencionado,basica_media,735,6) Coordinación y seguimiento Plan Diferenciado Técnico Profesional (TP),"Docente encargada de coordinar los procesos académicos técnicos profesionales para asegurar la cobertura curricular y el desarrollo de competencias. Apoyada por un equipo de profesionales que acompañan a los estudiantes en su proceso de formación TP. Entregando reportes y análisis de resultados académicos y de seguimiento de egresados, bajo criterios manados de la Dirección Académica.",1,True,False,False,False,False,False,6.758250186555595
73150,9779,3,Gestión Pedagógica,3000000,3000000.0,Implementación completa: 100%,False,False,3000000,3000000.0,Gestión Pedagógica,Implementación completa: 100%,9779,CENTRO EDUCACIONAL SANTA ROSA,Particular subvencionado,basica_media,735,7) Incentivo a la Excelencia Académica,"Reconocimiento a la excelencia académica para aquellos estudiantes y profesores que cumplen con los parámetros acordados con la comunidad en cuanto a: resultados, participación y compromiso con su proceso educativo.",1,True,False,False,False,False,False,6.477121399484465
73151,9779,3,Gestión Pedagógica,1380000,1380000.0,Implementación completa: 100%,False,False,1380000,1380000.0,Gestión Pedagógica,Implementación completa: 100%,9779,CENTRO EDUCACIONAL SANTA ROSA,Particular subvencionado,basica_media,735,8) Taller de habilidades para el acceso a la Educación Superior,"Fortalecimiento de  habilidades con el objetivo de ofrecer oportunidades de ingreso a la educación superior, a través de plataforma digital Puntaje Nacional.",1,True,False,False,False,False,False,6.139879401107269
73152,9779,3,Gestión Pedagógica,4820960,4820960.0,Implementación completa: 100%,False,False,4820960,4820960.0,Gestión Pedagógica,Implementación completa: 100%,9779,CENTRO EDUCACIONAL SANTA ROSA,Particular subvencionado,basica_media,735,9) Alternancia y vinculación con el medio,"Docente encargado de la implementación de la estrategia de alternancia en el establecimiento, de acuerdo a lineamientos emanados de Dirección Académica.",1,True,False,False,False,False,False,6.683133618196696
73153,9779,3,Liderazgo,31000000,31000000.0,Implementación completa: 100%,False,False,31000000,31000000.0,Liderazgo,Implementación completa: 100%,9779,CENTRO EDUCACIONAL SANTA ROSA,Particular subvencionado,basica_media,735,16) Fortalecimiento de la gestión pedagógica para la mejora continua,"Apoyo para fortalecer prácticas esenciales en los equipos pedagógicos, que abarcan la gestión de resultados, la implementación curricular, la promoción de metodologías comunes, el acompañamiento docente, la evaluación y el mejoramiento de los aprendizajes de los estudiantes.",1,True,False,False,False,False,False,7.4913617078437715
73154,9779,3,Liderazgo,24976920,24976920.0,Implementación completa: 100%,False,False,24976920,24976920.0,Liderazgo,Implementación completa: 100%,9779,CENTRO EDUCACIONAL SANTA ROSA,Particular subvencionado,basica_media,735,15) Canales de Comunicación entre los miembros de la Comunidad,"Encargados del fortalecimiento  de los canales de comunicación entre miembros de la comunidad, entregando la información de manera oportuna, monitoreando la efectividad de esta, para el apoyo de los distintos procesos de la gestión.",1,True,False,False,False,False,False,7.397538900205979
73155,9779,3,Liderazgo,5000000,5000000.0,Implementación completa: 100%,False,False,5000000,5000000.0,Liderazgo,Implementación completa: 100%,9779,CENTRO EDUCACIONAL SANTA ROSA,Particular subvencionado,basica_media,735,13) Jornadas de reflexión en torno a temas pedagógicos,"Desarrollo de jornadas de reflexión en torno al Proyecto Educativo Institucional y el Proyecto Pedagógico, con el propósito de mejorar los indicadores de resultados. Inicio de año, cierre de semestre, consejos, día del profe, cierre de año",1,True,False,False,False,False,False,6.698970091194907
73156,9779,3,Liderazgo,5349600,5349600.0,Implementación completa: 100%,False,False,5349600,5349600.0,Liderazgo,Implementación completa: 100%,9779,CENTRO EDUCACIONAL SANTA ROSA,Particular subvencionado,basica_media,735,14) Monitoreo sistemático del PME y su ejecución,"Diseñar e implementar el proyecto de mejoramiento educativo de una manera coordinada con los diferentes estamentos de la gestión institucional, supervisando las acciones y gestionando las evidencias.",1,True,False,False,False,False,False,6.728321391374444
73157,9779,3,Liderazgo,4205376,4205376.0,Implementación completa: 100%,False,False,4205376,4205376.0,Liderazgo,Implementación completa: 100%,9779,CENTRO EDUCACIONAL SANTA ROSA,Particular subvencionado,basica_media,735,12) Retención de estudiantes en el Sistema Escolar,"Profesional encargada de propiciar, desarrollar y concretar un plan de apoyo psico socioemocional a los estudiantes en riesgo de desertar.",1,True,False,False,False,False,False,6.623804935135248
73180,9781,3,Convivencia Escolar,20000000,20000000.0,Implementación completa: 100%,False,False,20000000,20000000.0,Convivencia Escolar,Implementación completa: 100%,9781,CENTRO POLITECNICO PARTICULAR SAN RAMON,Particular subvencionado,basica_media,1030,Internalización de la importancia del reglamento interno para la buena convivencia.,"Actualizar el Reglamento Interno y difundirlo a través de las redes sociales del colegio, así como mediante el trabajo de orientación y consejo de curso. Se seguirán los lineamientos establecidos por la normativa vigente para regular la buena y sana convivencia  con el propósito de mejorar el ambiente escolar. El reglamento estará disponible para los apoderados en la página web del establecimiento",1,True,False,False,False,False,False,7.301030017378705
73181,9781,3,Convivencia Escolar,5000000,5000000.0,Implementación completa: 100%,False,False,5000000,5000000.0,Convivencia Escolar,Implementación completa: 100%,9781,CENTRO POLITECNICO PARTICULAR SAN RAMON,Particular subvencionado,basica_media,1030,Buscando Estrategias Efectivas,"Potenciar el apoyo a los estudiantes en situación de riesgo académico y deserción, mediante la atención personalizada brindada por los profesores jefes, respaldados por el equipo de Convivencia Escolar. Este enfoque tiene como objetivo mejorar la tasa de eficiencia interna y garantizar el seguimiento integral de los estudiantes y sus familias.",1,True,False,False,False,False,False,6.698970091194907
73182,9781,3,Convivencia Escolar,5000000,5000000.0,Implementación completa: 100%,False,False,5000000,5000000.0,Convivencia Escolar,Implementación completa: 100%,9781,CENTRO POLITECNICO PARTICULAR SAN RAMON,Particular subvencionado,basica_media,1030,Celebraciones Importantes,"Organizar eventos y ceremonias para promover la participación de toda la comunidad educativa, fortaleciendo su sentido de pertenencia con la institución y su proyecto educativo. Este enfoque busca contribuir al mejoramiento de los resultados académicos y la calidad de vida de los estudiantes.",1,True,False,False,False,False,False,6.698970091194907
73183,9781,3,Convivencia Escolar,10000000,10000000.0,Implementación avanzada: 75% a 99%,False,False,10000000,10000000.0,Convivencia Escolar,Implementación avanzada: 75% a 99%,9781,CENTRO POLITECNICO PARTICULAR SAN RAMON,Particular subvencionado,basica_media,1030,Recreo Entretenido,"El equipo de convivencia planifica actividades recreativas, deportivas y culturales en los estudiantes, promoviendo el desarrollo de habilidades sociales y autocuidado, durante los recreos y espacios libres, disminuyendo la ansiedad y estrés de la vida cotidiana, mejorando así la convivencia escolar.",1,False,False,True,False,False,True,7.000000043429446
73184,9781,3,Convivencia Escolar,10000000,10000000.0,Implementación completa: 100%,False,False,10000000,10000000.0,Convivencia Escolar,Implementación completa: 100%,9781,CENTRO POLITECNICO PARTICULAR SAN RAMON,Particular subvencionado,basica_media,1030,Vida Saludable Física y Emocional,"Fomentar hábitos de vida saludable física y emocional para desarrollar conciencia en los estudiantes acerca de la importancia de la actividad física, la sana alimentación, manejo correcto de emociones y la importancia de la salud mental, como una de las claves para mejorar el aprendizaje, mediante afiches, capsulas, talleres y videos en redes sociales del establecimiento.",1,True,False,False,False,False,False,7.000000043429446
73185,9781,3,Convivencia Escolar,40000000,40000000.0,Implementación completa: 100%,False,False,40000000,40000000.0,Convivencia Escolar,Implementación completa: 100%,9781,CENTRO POLITECNICO PARTICULAR SAN RAMON,Particular subvencionado,basica_media,1030,Relacionándonos con nuestro entorno,"Ejecutar las prácticas que permitan la vinculación de los y las estudiantes con el entorno, mediante salidas a terreno, participación en talleres y/o actividades extraprogramáticas en las diferentes áreas, con la finalidad de potenciar sus habilidades acordes a sus intereses, para aumentar sus conocimientos y así ampliar su visión de mundo.",1,True,False,False,False,False,False,7.602060002185325
73186,9781,3,Gestión de Recursos,20000000,20000000.0,Implementación completa: 100%,False,False,20000000,20000000.0,Gestión de Recursos,Implementación completa: 100%,9781,CENTRO POLITECNICO PARTICULAR SAN RAMON,Particular subvencionado,basica_media,1030,Fortalecimiento del Plan de desarrollo Profesional Docente.,"Mediante el acompañamiento al aula y el trabajo colaborativo, se identifican las necesidades de fortalecimiento de las competencias de los y las docentes en diversas áreas para fortalecer la integralidad de los procesos de aprendizaje.",1,True,False,False,False,False,False,7.301030017378705
73187,9781,3,Gestión de Recursos,32000000,32000000.0,Implementación completa: 100%,False,False,32000000,32000000.0,Gestión de Recursos,Implementación completa: 100%,9781,CENTRO POLITECNICO PARTICULAR SAN RAMON,Particular subvencionado,basica_media,1030,Actualización y Perfeccionamiento.,"Promover y asegurar la participación de los y las docentes en actividades de actualización y perfeccionamiento profesional, en distintas áreas para enriquecer las prácticas docentes con el propósito de generar mejoras en los resultados académicos y otros indicadores de desempeño.",1,True,False,False,False,False,False,7.505149991891608
73188,9781,3,Gestión de Recursos,6000000,6000000.0,Implementación completa: 100%,False,False,6000000,6000000.0,Gestión de Recursos,Implementación completa: 100%,9781,CENTRO POLITECNICO PARTICULAR SAN RAMON,Particular subvencionado,basica_media,1030,Dupla Psicosocial,"Contratar una dupla psicosocial (Psicólogo(a) y Trabajador(a) Social) con la finalidad de apoyar al Equipo Directivo, docentes, Equipo de Convivencia y asistentes de la educación en la detección y solución de problemas de los estudiantes que afectan el normal desarrollo del proceso educativo como desmotivación y participación en clases, inasistencias, atrasos y problemas psicosociales",1,True,False,False,False,False,False,6.7781513227660515
73189,9781,3,Gestión de Recursos,20000000,20000000.0,Implementación completa: 100%,False,False,20000000,20000000.0,Gestión de Recursos,Implementación completa: 100%,9781,CENTRO POLITECNICO PARTICULAR SAN RAMON,Particular subvencionado,basica_media,1030,Las TIC’s en el Colegio,"Gestionar la adquisición, mantenimiento y actualización de las TIC, priorizando la conexión a internet, para fortalecer tanto la labor pedagógica como la administrativa. Asimismo, se busca potenciar las habilidades comunicativas mediante el uso de las TIC y promover la integración educativa de la inteligencia artificial.",1,True,False,False,False,False,False,7.301030017378705
73190,9781,3,Gestión de Recursos,20000000,20000000.0,Implementación completa: 100%,False,False,20000000,20000000.0,Gestión de Recursos,Implementación completa: 100%,9781,CENTRO POLITECNICO PARTICULAR SAN RAMON,Particular subvencionado,basica_media,1030,Mi Laboratorio o Taller de Especialidad,"Incrementar los insumos y reparar los equipamientos de Laboratorios o talleres de las diferentes especialidades de nuestro colegio, para optimizar el trabajo de los y las estudiantes acorde a las exigencias del campo laboral.",1,True,False,False,False,False,False,7.301030017378705
73191,9781,3,Gestión de Recursos,30000000,30000000.0,Implementación completa: 100%,False,False,30000000,30000000.0,Gestión de Recursos,Implementación completa: 100%,9781,CENTRO POLITECNICO PARTICULAR SAN RAMON,Particular subvencionado,basica_media,1030,Apoyo Educativo,"Apoyar la labor educativa de los docentes, con docentes de apoyo en sala de clases, docentes de apoyo escolar (reforzamientos), encargada curricualr y PME, coordinadores, monitores de actividades extraprogramáticas, asistentes educación y supervisores prácticas  profesionales con el fin de mejorar resultados formativos de aprendizaje de los estudiantes y la eficiencia interna de establecimiento",1,True,False,False,False,False,False,7.477121269196145
73192,9781,3,Gestión de Recursos,23000000,23000000.0,Implementación completa: 100%,False,False,23000000,23000000.0,Gestión de Recursos,Implementación completa: 100%,9781,CENTRO POLITECNICO PARTICULAR SAN RAMON,Particular subvencionado,basica_media,1030,Gestión efectiva de la administración del personal,"Garantizar la infraestructura, la gestión y las necesidades técnico pedagógica con el objeto de cumplir con las exigencias requeridas para obtener y mantener el reconocimiento oficial del establecimiento y cumplir con las normativas vigentes, velando por las competencias e idoneidad del personal requerido.",1,True,False,False,False,False,False,7.361727854899962
73193,9781,3,Gestión Pedagógica,20000000,20000000.0,Implementación completa: 100%,False,False,20000000,20000000.0,Gestión Pedagógica,Implementación completa: 100%,9781,CENTRO POLITECNICO PARTICULAR SAN RAMON,Particular subvencionado,basica_media,1030,Acompañamiento a Estudiantes,"Implementar prácticas sistemáticas de apoyo y acompañamiento escolar para elevar los niveles de aprendizaje, garantizando resultados y continuidad educativa. Se ofrecerá apoyo personalizado a estudiantes con bajo rendimiento, utilizando diversas estrategias y conduciendo entrevistas con los apoderados para fortalecer el proceso.",1,True,False,False,False,False,False,7.301030017378705
73194,9781,3,Gestión Pedagógica,23000000,23000000.0,Implementación completa: 100%,False,False,23000000,23000000.0,Gestión Pedagógica,Implementación completa: 100%,9781,CENTRO POLITECNICO PARTICULAR SAN RAMON,Particular subvencionado,basica_media,1030,Desarrollando habilidades de comprensión lectora,"Implementar un plan institucional de comprensión lectora, creado a través del diálogo pedagógico entre docentes y directivos. Este plan incluirá lineamientos generales y protocolos para el uso de Plataformas Digitales, con el objetivo de mejorar la comprensión lectora de todos los estudiantes del establecimiento.",1,True,False,False,False,False,False,7.361727854899962
73195,9781,3,Gestión Pedagógica,20000000,20000000.0,Implementación completa: 100%,False,False,20000000,20000000.0,Gestión Pedagógica,Implementación completa: 100%,9781,CENTRO POLITECNICO PARTICULAR SAN RAMON,Particular subvencionado,basica_media,1030,Avanzando en aprendizajes con estudiante con N.E:E,"El equipo de la U.T.P monitorea el trabajo colaborativo interdisciplinario entre el personal PIE y los profesores de aula (Matemáticas y Lenguaje) para mejorar el aprendizaje de los y las estudiantes, con énfasis en aquellos con NEE.",1,True,False,False,False,False,False,7.301030017378705
73196,9781,3,Gestión Pedagógica,22000000,22000000.0,Implementación avanzada: 75% a 99%,False,False,22000000,22000000.0,Gestión Pedagógica,Implementación avanzada: 75% a 99%,9781,CENTRO POLITECNICO PARTICULAR SAN RAMON,Particular subvencionado,basica_media,1030,Trabajo Colaborativo,"El equipo directivo monitorea la ejecución del plan de trabajo colaborativo docente  institucional, fortaleciendo las capacidades del personal educativo para promover y potenciar el aprendizaje socioemocional y académico en los estudiantes.",1,False,False,True,False,False,True,7.342422700562864
73197,9781,3,Liderazgo,20000000,20000000.0,Implementación completa: 100%,False,False,20000000,20000000.0,Liderazgo,Implementación completa: 100%,9781,CENTRO POLITECNICO PARTICULAR SAN RAMON,Particular subvencionado,basica_media,1030,Afianzando Altas Expectativas,"La directora promueve constantemente una cultura de altas expectativas mediante la valoración del trabajo de docentes y asistentes, el reconocimiento del esfuerzo, los logros y avances, el estímulo de la perseverancia frente al fracaso a través de la lectura de mensajes con historias de superación y charlas de ex-estudiantes que entregan sus testimonios de superación, entre otros.",1,True,False,False,False,False,False,7.301030017378705
73198,9781,3,Liderazgo,5000000,5000000.0,Implementación avanzada: 75% a 99%,False,False,5000000,5000000.0,Liderazgo,Implementación avanzada: 75% a 99%,9781,CENTRO POLITECNICO PARTICULAR SAN RAMON,Particular subvencionado,basica_media,1030,Acompañamiento al Aula,"Realizar acompañamiento docente en el aula en todas las asignaturas y Módulos a través de la observación de clases y caminata pedagógica por parte del equipo Directivo, Coordinador/a de Gestión Curricular y Equipo de Gestión Pedagógica, completando las respectivas pautas, a lo menos una vez en el semestre por profesor/a y Educadora.",1,False,False,True,False,False,True,6.698970091194907
73199,9781,3,Liderazgo,17000000,17000000.0,Implementación completa: 100%,False,False,17000000,17000000.0,Liderazgo,Implementación completa: 100%,9781,CENTRO POLITECNICO PARTICULAR SAN RAMON,Particular subvencionado,basica_media,1030,Articulación con el mundo empresarial y académico,"Gestionar y supervisar las Prácticas Profesionales de los egresados  para lograr la obtención de su título profesional y mantener una comunicación fluida con empresas asociadas que retroalimentan y permiten actualizar nuestro quehacer pedagógico. Además, estableceremos estrategias de articulación con instituciones de educación superior para facilitar la continuidad de estudios.",1,True,False,False,False,False,False,7.230448946925008
73200,9781,3,Liderazgo,50000000,50000000.0,Implementación completa: 100%,False,False,50000000,50000000.0,Liderazgo,Implementación completa: 100%,9781,CENTRO POLITECNICO PARTICULAR SAN RAMON,Particular subvencionado,basica_media,1030,Mejorando Nuestra Gestión,"El equipo directivo evalúa el desempeño y ambiente organizacional del establecimiento mediante encuestas semestrales a estudiantes, profesores y apoderados. Utiliza los datos para mejorar la gestión educativa, enfocándose en asistencia, salud mental y reactivación del aprendizaje, mediante el trabajo colaborativo  y asistencia técnica en las distintas dimensiones.",1,True,False,False,False,False,False,7.698970013021908
73201,9784,3,Convivencia Escolar,1880000,1880000.0,Implementación completa: 100%,False,False,1880000,1880000.0,Convivencia Escolar,Implementación completa: 100%,9784,LICEO TÉCNICO INDUSTRIAL LA CISTERNA,Particular subvencionado,basica_media,302,PROYECTANDO EL FUTURO DE LOS ESTUDIANTES,"CONTRATAR CON 5 HORAS A UN FUNCIONARIO QUE COORDINE CHARLAS DE FORMACIÓN CIUDADANA E INCLUSIÓN PARA LOS ESTUDIANTES EN TODOS SUS NIVELES, CHARLAS  DE UNIVERSIDADES E INSTITUTOS DE EDUCACIÓN SUPERIOR PARA LOS ESTUDIANTES  Y ADEMÁS QUE SUPERVISE LAS PRÁCTICAS PROFESIONALES Y SE ENCARGUE QUE LOS ESTUDIANTES TERMINEN SU PROCESO DE TITULACIÓN",1,True,False,False,False,False,False,6.274158080271322
73202,9784,3,Convivencia Escolar,5260000,5260000.0,Implementación completa: 100%,False,False,5260000,5260000.0,Convivencia Escolar,Implementación completa: 100%,9784,LICEO TÉCNICO INDUSTRIAL LA CISTERNA,Particular subvencionado,basica_media,302,"RESGUARDANDO EL BIENESTAR, SALUD Y AUTOCUIDADO DE LA COMUNIDAD",NOMINAR A UNA PERSONA ENCARGADA DEL ÁREA PSICOSOCIAL CON 6 HORAS  Y UNA PERSONA ENCARGADA DE SEGURIDAD ESCOLAR CON 3 HORAS DESTINADAS A LA IMPLEMENTACIÓN DEL PLAN INTEGRAL DE SEGURIDAD ESCOLAR ASÍ COMO DEL PROCOLO DE DESREGULACIÓN EMOCIONAL Y LA IMPLEMENTACIÓN DE UNA SALA  DE PRIMEROS AUXILIOS Y PARA LA CONTENCIÓN DE ESTUDIANTES,1,True,False,False,False,False,False,6.720985826719222
73203,9784,3,Convivencia Escolar,13500000,13500000.0,Implementación completa: 100%,False,False,13500000,13500000.0,Convivencia Escolar,Implementación completa: 100%,9784,LICEO TÉCNICO INDUSTRIAL LA CISTERNA,Particular subvencionado,basica_media,302,RESGUARDANDO UNA BUENA CONVIVENCIA ESCOLAR,NOMINAR A UN PROFESOR ENCARGADO DE CONVIVENCIA ESCOLAR CON 44 HORAS DESTINADAS AL DISEÑO E IMPLEMENTACIÓN DE UN PLAN DE GESTIÓN DE LA CONVIVENCIA QUE CONSIDERE ACTIVIDADES CON LOS ESTUDIANTES Y LA CONUNIDAD EDUCATIVA,1,True,False,False,False,False,False,7.130333800664967
73204,9784,3,Gestión de Recursos,12300000,12300000.0,Implementación avanzada: 75% a 99%,False,False,12300000,12300000.0,Gestión de Recursos,Implementación avanzada: 75% a 99%,9784,LICEO TÉCNICO INDUSTRIAL LA CISTERNA,Particular subvencionado,basica_media,302,"ADQUISICIÓN, REPOSICIÓN Y MANTENCIÓN DE RECURSOS EDUCATIVOS","ADQUIRIR, REPARAR  Y MANTENER  RECURSOS EDUCATIVOS  PARA LAS ESPECIALIDADES, MATERIAL FUNGIBLE, HERRAMIENTAS, INSTRUMENTOS, PARTES Y PIEZAS DE VEHICULOS, MOTORES, CONSTRUCCIÓN DE MAQUETAS, ENTRE OTROS",1,False,False,True,False,False,True,7.089905146747891
73205,9784,3,Gestión de Recursos,145000000,145000000.0,Implementación avanzada: 75% a 99%,False,False,145000000,145000000.0,Gestión de Recursos,Implementación avanzada: 75% a 99%,9784,LICEO TÉCNICO INDUSTRIAL LA CISTERNA,Particular subvencionado,basica_media,302,ADQUISICIÓN DE RECURSOS TECNOLÓGICOS Y SOPORTE TÉCNICO PARA EL BUEN DESARROLLO DEL PME,"COMPRAR, REPARAR Y MANTENER LOS EQUIPOS TECNOLÓGICOS Y PAGINA WEB DEL ESTABLECIMIENTO, ADQUISICIÓN DE PIZARRAS INTERACTIVAS PARA TODAS LAS SALAS  JUNTO AL  SISTEMA DE SOFTWARE MASTERCLASS Y TODO LO NECESARIO PARA EL BUEN DESARROLLO DEL PME",1,False,False,True,False,False,True,8.16136800523011
73206,9784,3,Gestión de Recursos,8700000,8700000.0,Implementación completa: 100%,False,False,8700000,8700000.0,Gestión de Recursos,Implementación completa: 100%,9784,LICEO TÉCNICO INDUSTRIAL LA CISTERNA,Particular subvencionado,basica_media,302,CONTRATACIÓN DE PROFESIONALES DE APOYO,"CONTRATACIÓN DE PROFESIONALES DE APOYO QUE FORTALEZCAN LA GESTIÓN EDUCATIVA EN LAS DIFERENTES DIMENSIONES DEL PME (COORDINADOR SEP, ABOGADO, PSICOLOGO, ENTRE OTROS)",1,True,False,False,False,False,False,6.939519302537522
73207,9784,3,Gestión Pedagógica,4650000,4650000.0,Implementación avanzada: 75% a 99%,False,False,4650000,4650000.0,Gestión Pedagógica,Implementación avanzada: 75% a 99%,9784,LICEO TÉCNICO INDUSTRIAL LA CISTERNA,Particular subvencionado,basica_media,302,TALLERES DE REFORZAMIENTO Y NIVELACIÓN,"SE REALIZARAN 8 HORAS DE TALLER DE REFORZAMIENTO DE LENGUAJE Y 8 HORAS DE TALLER DE REFORZAMIENTO DE MATEMÁTICA, ADEMAS DE 12 HORAS DE NIVELACIÓN  EN 1ERO Y 2DO MEDIO PARA AQUELLOS ESTUDIANTES QUE PRESENTAN MAYOR DIFICULTAD DE APRENDIZAJE.",1,False,False,True,False,False,True,6.667453046286607
73208,9784,3,Gestión Pedagógica,350000,350000.0,Implementación adecuada: 50% a 74%,False,False,350000,350000.0,Gestión Pedagógica,Implementación adecuada: 50% a 74%,9784,LICEO TÉCNICO INDUSTRIAL LA CISTERNA,Particular subvencionado,basica_media,302,ACOMPAÑAMIENTO DOCENTE,"REALIZAR ACOMPAÑAMIENTO DE AULA PERMANENTE A LAS SALAS DE CLASES PARA MONITOREAR EL TRABAJO DE PROFESORES Y ALUMNOS, ADEMÁS DE VERIFICAR EL CUMPLIMIENTO DE LA COBERTURA CURRICULAR",1,False,False,True,False,False,True,5.54406928518988
73209,9784,3,Gestión Pedagógica,12000000,12000000.0,Implementación completa: 100%,False,False,12000000,12000000.0,Gestión Pedagógica,Implementación completa: 100%,9784,LICEO TÉCNICO INDUSTRIAL LA CISTERNA,Particular subvencionado,basica_media,302,"CULTIVEMOS EL ARTE, EL DEPORTE Y ACONDICIONAMIENTO FÍSICO","REALIZAR TALLERES DE ARTE(6 HORAS) , DEPORTE (10 HORAS) Y ACONDICIONAMIENTO FÍSICO( 3HORAS), PARA LOS ESTUDIANTES DE TODOS LOS NIVELES DE ENSEÑANZA MEJORANDO CON ELLO SU RENDIMIENTO Y DESARROLLO PERSONAL",1,True,False,False,False,False,False,7.07918128223883
73210,9784,3,Gestión Pedagógica,2500000,2500000.0,Implementación adecuada: 50% a 74%,False,False,2500000,2500000.0,Gestión Pedagógica,Implementación adecuada: 50% a 74%,9784,LICEO TÉCNICO INDUSTRIAL LA CISTERNA,Particular subvencionado,basica_media,302,SALIDAS PEDAGÓGICAS,"REALZAR SALIDAS CULTURALES, DEPORTIVAS, PEDAGÓGICAS, DE CONOCIMIENTO PERSONAL, PROFESIONAL Y DE ESTUDIOS SUPERIORES",1,False,False,True,False,False,True,6.397940182389796
73211,9784,3,Liderazgo,500000,500000.0,Implementación avanzada: 75% a 99%,False,False,500000,500000.0,Liderazgo,Implementación avanzada: 75% a 99%,9784,LICEO TÉCNICO INDUSTRIAL LA CISTERNA,Particular subvencionado,basica_media,302,ANÁLISIS DE RESULTADOS INSTITUCIONALES,EL DIRECTOR Y REPRESENTANTE LEGAL REFLEXIONAN EN CONJUNTO CON LOS PROFESORES ANALIZAN LOS RESULTADOS INSTITUCIONALES PARA GENERAR REMEDIALES Y ACCIONES PARA MEJORARLOS,1,False,False,True,False,False,True,5.698970872924114
73212,9784,3,Liderazgo,3200000,3200000.0,Implementación adecuada: 50% a 74%,False,False,3200000,3200000.0,Liderazgo,Implementación adecuada: 50% a 74%,9784,LICEO TÉCNICO INDUSTRIAL LA CISTERNA,Particular subvencionado,basica_media,302,PLAN DE CO -CAPACITACIÓN,DIRECTOR Y JEFE TÉCNICO GESTIONAN UN PLAN DE CO-CAPACITACIÓN  Y CAPACITACIÓN PARA EL EQUIPO DOCENTE Y ASÍ PROMOVER LA  ADQUISIÓN DE CONOCIMIENTO  Y   EL INTERCAMBIO DE EXPERIENCIAS PEDAGÓGICAS,1,False,False,True,False,False,True,6.50515011403691
73213,9786,3,Convivencia Escolar,8000000,8000000.0,Implementación adecuada: 50% a 74%,False,False,8000000,8000000.0,Convivencia Escolar,Implementación adecuada: 50% a 74%,9786,ROSA MARCKMANN DE GONZALEZ,Particular subvencionado,basica_media,614,Premiación de asistencia,"Se entregan premios, reconocimientos y o estímulos a los alumnos en forma individual y por curso o cursos a quienes alcancen una mejora significativa en la asistencia o a quien o quienes alcanzan metas de asistencia.",1,False,False,True,False,False,True,6.903090041278751
73214,9786,3,Convivencia Escolar,1000000,1000000.0,Implementación adecuada: 50% a 74%,False,False,1000000,1000000.0,Convivencia Escolar,Implementación adecuada: 50% a 74%,9786,ROSA MARCKMANN DE GONZALEZ,Particular subvencionado,basica_media,614,Plan de seguimiento de asistencia al proceso educativo,Convivencia Escolar desarrolla e implementa un plan de monitoreo diario de asistencia y comunicación efectiva con los apoderados para lograr que los estudiantes asistan a clases y puedan desarrollar el proceso educativo en forma óptima.,1,False,False,True,False,False,True,6.0000004342942646
73215,9786,3,Convivencia Escolar,0,0.0,Implementación completa: 100%,False,False,0,0.0,Convivencia Escolar,Implementación completa: 100%,9786,ROSA MARCKMANN DE GONZALEZ,Particular subvencionado,basica_media,614,Centro de alumnos,Se asignan horas a un docente para que ejerza como guía del Centro de Estudiantes con la finalidad de promover la participación democrática y activa de los estudiantes en el Centro de Alumnos y directivas de curso.,1,True,False,False,True,False,True,0.0
73216,9786,3,Convivencia Escolar,4000000,4000000.0,Implementación completa: 100%,False,False,4000000,4000000.0,Convivencia Escolar,Implementación completa: 100%,9786,ROSA MARCKMANN DE GONZALEZ,Particular subvencionado,basica_media,614,Orientación en el desarrollo de habilidades emocionales,"Los docentes acompañan a los estudiantes en el proceso de Revinculación con la comunidad educativa, en el desarrollo de estrategias de resiliencia y en el seguimiento a su vinculación por medio de la asistencia. Además ayudan a fortalecer el vínculo de los apoderados por medio de  entrevistas personalizadas",1,True,False,False,False,False,False,6.6020600999015695
73217,9786,3,Convivencia Escolar,11000000,11000000.0,Implementación completa: 100%,False,False,11000000,11000000.0,Convivencia Escolar,Implementación completa: 100%,9786,ROSA MARCKMANN DE GONZALEZ,Particular subvencionado,basica_media,614,Mejoramiento de espacios para la convivencia y la seguridad,"Contratación de un Técnico de enfermería y mejoramiento de los espacios educativos y comunes para una convivencia sana y segura, para el  crecimiento en la identidad, sentido de pertenencia y confianza, que fortalezca el desarrollo de la labor educativa.",1,True,False,False,False,False,False,7.04139272463954
73218,9786,3,Convivencia Escolar,8000000,8000000.0,Implementación completa: 100%,False,False,8000000,8000000.0,Convivencia Escolar,Implementación completa: 100%,9786,ROSA MARCKMANN DE GONZALEZ,Particular subvencionado,basica_media,614,Encuentros de integración y autocuidado,Se realizan actividades para el autocuidado e integración de los funcionarios a través de una metodología lúdica y participativa para promover la cultura institucional y un clima laboral positivo,1,True,False,False,False,False,False,6.903090041278751
73219,9786,3,Convivencia Escolar,0,0.0,Implementación completa: 100%,False,False,0,0.0,Convivencia Escolar,Implementación completa: 100%,9786,ROSA MARCKMANN DE GONZALEZ,Particular subvencionado,basica_media,614,Acciones de prevención.,"Desarrollar acciones con foco en la prevención, la promoción de un buen clima de convivencia, la contención emocional y el desarrollo de habilidades socioemocionales por medio del seguimiento de la cobertura de Orientación, Sesiones de Prevención de Violencia Escolar, Bullying, Ciberbullying, Prevención de Suicidio, Consumo de Drogas y Prevención Abuso Sexual.",1,True,False,False,True,False,True,0.0
73220,9786,3,Convivencia Escolar,10000000,10000000.0,Implementación completa: 100%,False,False,10000000,10000000.0,Convivencia Escolar,Implementación completa: 100%,9786,ROSA MARCKMANN DE GONZALEZ,Particular subvencionado,basica_media,614,"Actividades culturales, pedagógicas y recreativas institucionales","Realización de actividades culturales, pedagógicas y recreativas orientadas a fortalecer en estudiantes y apoderados su vinculación al colegio y adhesión a los sellos institucionales con foco en el sello de Convivencia Escolar y en la promoción de la participación ciudadana y fortalecimiento de los aprendizajes de los estudiantes.",1,True,False,False,False,False,False,7.000000043429446
73221,9786,3,Convivencia Escolar,0,0.0,Implementación completa: 100%,False,False,0,0.0,Convivencia Escolar,Implementación completa: 100%,9786,ROSA MARCKMANN DE GONZALEZ,Particular subvencionado,basica_media,614,Contratación de Equipo de Convivencia Escolar,"Contratación de personal idóneo para que desarrollen acciones de prevención de la violencia escolar, prevención en salud mental y acciones de mejoramiento de las relaciones entre los  miembros de la comunidad educativa, asegurando un ambiente de amabilidad y respeto.",1,True,False,False,True,False,True,0.0
73222,9786,3,Gestión de Recursos,0,0.0,Implementación adecuada: 50% a 74%,False,False,0,0.0,Gestión de Recursos,Implementación adecuada: 50% a 74%,9786,ROSA MARCKMANN DE GONZALEZ,Particular subvencionado,basica_media,614,Talleres de capacitación interna y externa.,"Realización de talleres con foco en los Estándares Indicativos de Desempeño, en herramientas para el manejo emocional de los estudiantes y el desarrollo de habilidades que permitan a los funcionarios instalar prácticas que agreguen valor en el desempeño de sus funciones.",1,False,False,True,True,True,True,0.0
73223,9786,3,Gestión de Recursos,43000000,43000000.0,Implementación completa: 100%,False,False,43000000,43000000.0,Gestión de Recursos,Implementación completa: 100%,9786,ROSA MARCKMANN DE GONZALEZ,Particular subvencionado,basica_media,614,"Insumos computacionales, de internet y audiovisuales","El establecimiento adquiere diversas plataformas, insumos tecnológicos de internet y elementos audiovisuales, que permiten establecer espacios virtuales vinculantes para el fortalecimiento del aprendizaje de nuestros estudiantes.",1,True,False,False,False,False,False,7.633468465679458
73224,9786,3,Gestión de Recursos,0,0.0,Implementación completa: 100%,False,False,0,0.0,Gestión de Recursos,Implementación completa: 100%,9786,ROSA MARCKMANN DE GONZALEZ,Particular subvencionado,basica_media,614,Atención a alumnos TEA y con DEC,"Los funcionarios del colegio son capacitados por el equipo PIE  para que adquieran los conocimientos mínimos y las estrategias para la adecuada atención a alumnos TEA y para el abordaje de las desregulaciones emocionales y conductuales, con la finalidad de resguardar la integridad física y psicológica de todos los estudiantes durante la jornada escolar.",1,True,False,False,True,False,True,0.0
73225,9786,3,Gestión de Recursos,23000000,23000000.0,Implementación completa: 100%,False,False,23000000,23000000.0,Gestión de Recursos,Implementación completa: 100%,9786,ROSA MARCKMANN DE GONZALEZ,Particular subvencionado,basica_media,614,Adquisición de material educativo y pedagógico,"La institución adquiere recursos educativos, pedagógicos y reproducción de documentos que permiten a la comunidad educativa contar con los medios necesarios para implementar metodologías activo-participativas para para potenciar el aprendizaje de los estudiantes.",1,True,False,False,False,False,False,7.361727854899962
73226,9786,3,Gestión de Recursos,12000000,12000000.0,Implementación avanzada: 75% a 99%,False,False,12000000,12000000.0,Gestión de Recursos,Implementación avanzada: 75% a 99%,9786,ROSA MARCKMANN DE GONZALEZ,Particular subvencionado,basica_media,614,Adquisición de Insumos Varios para el desarrollo de prácticas docentes,El establecimiento adquiere materiales varios para facilitar los procesos de aprendizaje de los estudiantes.,1,False,False,True,False,False,True,7.07918128223883
73227,9786,3,Gestión Pedagógica,0,0.0,Implementación completa: 100%,False,False,0,0.0,Gestión Pedagógica,Implementación completa: 100%,9786,ROSA MARCKMANN DE GONZALEZ,Particular subvencionado,basica_media,614,Implementación de pauta de revisión de construcción de instrumentos evaluativos,Equipo Técnico Pedagógico aplica la pauta de revisión de la calidad de los instrumentos de evaluación en todas las asignaturas con la finalidad de asegurar que las        habilidades sean concordantes con el OA de aprendizaje.,1,True,False,False,True,False,True,0.0
73228,9786,3,Gestión Pedagógica,0,0.0,Implementación parcial: 25% a 49%,False,False,0,0.0,Gestión Pedagógica,Implementación parcial: 25% a 49%,9786,ROSA MARCKMANN DE GONZALEZ,Particular subvencionado,basica_media,614,Fomento del trabajo colaborativo docente a partir del análisis de resultados,"Se establecen reuniones de trabajo colaborativo entre docentes, que realizan el análisis de resultados de evaluaciones para detectar dificultades en el desempeño académico del estudiante y puedan tomar decisiones en la elaboración de planes remediales individuales y/o grupales, y mejorar las prácticas docentes.",1,False,False,True,True,True,True,0.0
73229,9786,3,Gestión Pedagógica,0,0.0,Implementación completa: 100%,False,False,0,0.0,Gestión Pedagógica,Implementación completa: 100%,9786,ROSA MARCKMANN DE GONZALEZ,Particular subvencionado,basica_media,614,Apoyo fonológico para estudiantes de prekínder a 2° básico,"El equipo PIE desarrolla talleres en las salas de clase con el objetivo de identificar tempranamente a estudiantes que presenten dificultades de lenguaje y comunicación, y potenciar su desarrollo lingüístico y su participación en diferentes contextos sociales y educativos.",1,True,False,False,True,False,True,0.0
73230,9786,3,Gestión Pedagógica,0,0.0,Implementación avanzada: 75% a 99%,False,False,0,0.0,Gestión Pedagógica,Implementación avanzada: 75% a 99%,9786,ROSA MARCKMANN DE GONZALEZ,Particular subvencionado,basica_media,614,Realizar talleres de reforzamiento,"Se contratan horas de docentes para que, a partir de un diagnóstico que detecta a los estudiantes de 1° a 7° con OA y/o habilidades matemáticas y de lenguaje descendidas, realicen talleres personalizados de reforzamiento., haciendo un seguimiento del progreso de estos durante la  trayectoria del taller.",1,False,False,True,True,True,True,0.0
73231,9786,3,Gestión Pedagógica,0,0.0,Implementación completa: 100%,False,False,0,0.0,Gestión Pedagógica,Implementación completa: 100%,9786,ROSA MARCKMANN DE GONZALEZ,Particular subvencionado,basica_media,614,Contratar horas docente de apoyo a la Unidad Técnica Pedagógica,"Contratar horas docentes para coordinar el trabajo pedagógico y realizar un acompañamiento oportuno a los docentes, asegurando que se elaboren o adapten planificaciones que especifiquen los Objetivos de Aprendizaje, las actividades de enseñanza y las estrategias de evaluación formativas y sumativas, considerando el enfoque educativo del colegio.",1,True,False,False,True,False,True,0.0
73232,9786,3,Gestión Pedagógica,0,0.0,Implementación completa: 100%,False,False,0,0.0,Gestión Pedagógica,Implementación completa: 100%,9786,ROSA MARCKMANN DE GONZALEZ,Particular subvencionado,basica_media,614,Contratar asistentes de la educación,"Se contratan asistentes de aula para los niveles de primero y segundo básico para permitir al  docente enfocarse en su quehacer pedagógico, que requieren preparación, distribución y recolección de material, participar y dar apoyo en actividades curriculares, apoyando en las labores para promover el trabajo autónomo e independiente de los estudiantes.",1,True,False,False,True,False,True,0.0
73233,9786,3,Gestión Pedagógica,7500000,7500000.0,Implementación completa: 100%,False,False,7500000,7500000.0,Gestión Pedagógica,Implementación completa: 100%,9786,ROSA MARCKMANN DE GONZALEZ,Particular subvencionado,basica_media,614,Acompañamiento a docentes para fortalecimiento de prácticas pedagógicas.,"Fortalecer la capacidad profesional docente para analizar, reflexionar y  evaluar sus prácticas profesionales que permitan la mejora de aprendizaje  de estudiantes.",1,True,False,False,False,False,False,6.875061321297627
73234,9786,3,Gestión Pedagógica,0,0.0,Implementación completa: 100%,False,False,0,0.0,Gestión Pedagógica,Implementación completa: 100%,9786,ROSA MARCKMANN DE GONZALEZ,Particular subvencionado,basica_media,614,Implementar y dar seguimiento del plan de Transición y Trayectoria,Implementación del Plan de Articulación social y curricular para favorecer la transición de los niños a la enseñanza básica asegurando los aprendizajes mínimos para estos.,1,True,False,False,True,False,True,0.0
73235,9786,3,Liderazgo,0,0.0,Implementación parcial: 25% a 49%,False,False,0,0.0,Liderazgo,Implementación parcial: 25% a 49%,9786,ROSA MARCKMANN DE GONZALEZ,Particular subvencionado,basica_media,614,Promover los sellos institucionales,"Se realiza un plan de promoción de una cultura de altas expectativas, con foco en la mejora continua, a través de la instalación de los sellos institucionales en toda la comunidad escolar.",1,False,False,True,True,True,True,0.0
73236,9786,3,Liderazgo,0,0.0,Implementación parcial: 25% a 49%,False,False,0,0.0,Liderazgo,Implementación parcial: 25% a 49%,9786,ROSA MARCKMANN DE GONZALEZ,Particular subvencionado,basica_media,614,Pauta de evaluación de desempeño,Se elabora cooperativamente una pauta de evaluación de desempeño asociada a los sellos institucionales con una aplicación piloto de la pauta de evaluación de desempeño durante el 2024,1,False,False,True,True,True,True,0.0
73237,9786,3,Liderazgo,0,0.0,Implementación completa: 100%,False,False,0,0.0,Liderazgo,Implementación completa: 100%,9786,ROSA MARCKMANN DE GONZALEZ,Particular subvencionado,basica_media,614,Coordinación SEP,"Contratación de un asistente de la educación con el propósito de mantener la plataforma   PME al día, colaborar con el seguimiento y monitoreo de las acciones el PME.",1,True,False,False,True,False,True,0.0
73238,9786,3,Liderazgo,32000000,32000000.0,Implementación completa: 100%,False,False,32000000,32000000.0,Liderazgo,Implementación completa: 100%,9786,ROSA MARCKMANN DE GONZALEZ,Particular subvencionado,basica_media,614,Fortalecimiento de la gestión pedagógica para la mejora continua,"Fortalecer gestión educativa a través de asignación eficiente de recursos financieros asegurando distribución equitativa y seguimiento continuo. Incluye la coordinaciónentre sostenedores y equipos directivos, gestión del presupuesto, monitoreo de fondos, evaluación y ajustes. Promoción de cambios estructurales administrativos, optimizando metodologías, recursos pedagógicos e infraestructura.",1,True,False,False,False,False,False,7.505149991891608
73239,9786,3,Liderazgo,140000000,140000000.0,Implementación completa: 100%,False,False,140000000,140000000.0,Liderazgo,Implementación completa: 100%,9786,ROSA MARCKMANN DE GONZALEZ,Particular subvencionado,basica_media,614,Gestión de administración de Personal,El director elabora un presupuesto anual de remuneraciones del personal asociado a la      implementación del PME con la finalidad de asegurar los recursos humanos para el cumplimiento del Plan de Mejoramiento.,1,True,False,False,False,False,False,8.146128038780342
73240,9788,3,Convivencia Escolar,3465000,3465000.0,Implementación completa: 100%,False,False,3465000,3465000.0,Convivencia Escolar,Implementación completa: 100%,9788,ESCUELA PARTICULAR GRACIELA L.DE IBANEZ,Particular subvencionado,basica_media,436,Actividades de Participación de la Comunidad Escola,Planificación y organización de actividades que fomenten la sana convivencia en las cuales se articulará la participación de todos los miembros de la Comunidad Escolar.,1,True,False,False,False,False,False,6.53970336428532
73241,9788,3,Convivencia Escolar,27720000,27720000.0,Implementación completa: 100%,False,False,27720000,27720000.0,Convivencia Escolar,Implementación completa: 100%,9788,ESCUELA PARTICULAR GRACIELA L.DE IBANEZ,Particular subvencionado,basica_media,436,Seguimiento y monitoreo al Plan de Convivencia Escolar,- Encargada de Convivencia Escolar monitorea y realiza seguimiento del Plan Anual de Convivencia Escolar y de cada uno de los planes de la Política Educativa vigente para conducir a la toma de decisiones oportunas en virtud de asegurar el cumplimiento del plan de Reactivación de la Enseñanza en sus ejes de Convivencia y Salud Mental y Asistencia y  Revinculación.,1,True,False,False,False,False,False,7.4427932416069575
73242,9788,3,Convivencia Escolar,11550000,11550000.0,Implementación completa: 100%,False,False,11550000,11550000.0,Convivencia Escolar,Implementación completa: 100%,9788,ESCUELA PARTICULAR GRACIELA L.DE IBANEZ,Particular subvencionado,basica_media,436,Plan de Formación Ciudadana,"El establecimiento consolida plan de acción anual de Formación Ciudadana para dar cumplimiento al requerimiento de la ley 20911, asignando un coordinador.",1,True,False,False,False,False,False,7.0625820218294155
73243,9788,3,Convivencia Escolar,0,0.0,Implementación completa: 100%,False,False,0,0.0,Convivencia Escolar,Implementación completa: 100%,9788,ESCUELA PARTICULAR GRACIELA L.DE IBANEZ,Particular subvencionado,basica_media,436,Fortalecimiento del Eje de Convivencia y Salud Mental,Consolidación del eje de convivencia y salud mental con el objetivo de garantizar la protección y bienestar socioemocional de la comunidad Educativa.,1,True,False,False,True,False,True,0.0
73244,9788,3,Gestión de Recursos,11550000,11550000.0,Implementación completa: 100%,False,False,11550000,11550000.0,Gestión de Recursos,Implementación completa: 100%,9788,ESCUELA PARTICULAR GRACIELA L.DE IBANEZ,Particular subvencionado,basica_media,436,PERFECCIONAMIENTO DOCENTE,Contratación  de plataformas de gestión curricular y métodos de trabajo pedagógicamente innovadores que requieren capacitación y formación continua para su cabal implementación.,1,True,False,False,False,False,False,7.0625820218294155
73245,9788,3,Gestión de Recursos,42126000,42126000.0,Implementación completa: 100%,False,False,42126000,42126000.0,Gestión de Recursos,Implementación completa: 100%,9788,ESCUELA PARTICULAR GRACIELA L.DE IBANEZ,Particular subvencionado,basica_media,436,Personal profesional de apoyo al desarrollo de los estudiantes,"Contratación de personal de apoyo a la labor administrativa, docente y desarrollo de los estudiantes, tales como: Psicóloga, docentes y terapeuta ocupacional.",1,True,False,False,False,False,False,7.624550233727735
73246,9788,3,Gestión de Recursos,16830000,16830000.0,Implementación completa: 100%,False,False,16830000,16830000.0,Gestión de Recursos,Implementación completa: 100%,9788,ESCUELA PARTICULAR GRACIELA L.DE IBANEZ,Particular subvencionado,basica_media,436,Movilización comunidad escolar,Contratación de transporte para salidas pedagógicas apoyando la formación integral de los estudiantes.,1,True,False,False,False,False,False,7.226084141780605
73247,9788,3,Gestión de Recursos,19110000,19110000.0,Implementación completa: 100%,False,False,19110000,19110000.0,Gestión de Recursos,Implementación completa: 100%,9788,ESCUELA PARTICULAR GRACIELA L.DE IBANEZ,Particular subvencionado,basica_media,436,"Asesoría , acompañamiento y monitoreo de recursos.",- Acompañamiento y asesoría financiera para monitoreo y rendición de cuentas de recursos  SEP.,1,True,False,False,False,False,False,7.281260709781045
73248,9788,3,Gestión de Recursos,17325000,17325000.0,Implementación completa: 100%,False,False,17325000,17325000.0,Gestión de Recursos,Implementación completa: 100%,9788,ESCUELA PARTICULAR GRACIELA L.DE IBANEZ,Particular subvencionado,basica_media,436,"Protección, sanitización e higiene de E.E.","- Disposición del equipamiento necesario en la prevención, limpieza, sanitización y desinfección , en el actual contexto de la salud pública, para favorecer la buena convivencia, asistencia y permanencia de los estudiantes y demás miembros de la comunidad educativa,  garantizando condiciones de seguridad sanitaria y protección de la comunidad escolar.",1,True,False,False,False,False,False,7.238673268351346
73249,9788,3,Gestión de Recursos,4042500,4042500.0,Implementación completa: 100%,False,False,4042500,4042500.0,Gestión de Recursos,Implementación completa: 100%,9788,ESCUELA PARTICULAR GRACIELA L.DE IBANEZ,Particular subvencionado,basica_media,436,Renovación y reparación de materiales y recursos didácticos.,- Compra y/o reparación de recursos materiales (mobiliario y otros) y de recursos didácticos en apoyo de los aprendizajes de todos los estudiantes y de la labor docente.,1,True,False,False,False,False,False,6.606650136010579
73250,9788,3,Gestión Pedagógica,13335000,13335000.0,Implementación completa: 100%,False,False,13335000,13335000.0,Gestión Pedagógica,Implementación completa: 100%,9788,ESCUELA PARTICULAR GRACIELA L.DE IBANEZ,Particular subvencionado,basica_media,436,Plan de acompañamiento  y retroalimentación docente.,"UTP genera e implementa plan integral de acompañamiento docente que incluye diversas instancias, tales como:   - acompañamiento al aula y retroalimentación  -Reuniones de nivel.  - capacitaciones y autoperfeccionamiento.",1,True,False,False,False,False,False,7.124993052593909
73251,9788,3,Gestión Pedagógica,0,0.0,Implementación completa: 100%,False,False,0,0.0,Gestión Pedagógica,Implementación completa: 100%,9788,ESCUELA PARTICULAR GRACIELA L.DE IBANEZ,Particular subvencionado,basica_media,436,Trabajo colaborativo y de co enseñanza.,"Se fortalecerá el trabajo colaborativo y de codocencia, ya instalado, propiciando la articulación, planificación e implementación de estrategias de atención a la diversidad de los estudiantes.",1,True,False,False,True,False,True,0.0
73252,9788,3,Gestión Pedagógica,20790000,20790000.0,Implementación completa: 100%,False,False,20790000,20790000.0,Gestión Pedagógica,Implementación completa: 100%,9788,ESCUELA PARTICULAR GRACIELA L.DE IBANEZ,Particular subvencionado,basica_media,436,Monitoreo de resultados institucionales.,Se evalúan  los procesos pedagógicos desarrollados al interior del  establecimiento por parte de UTP. Para ello se considerarán los resultados de las evaluaciones estandarizadas DIA.  En función de los insumos antes mencionados el equipo de Gestión analiza los datos obtenidos y toma de decisiones oportunas que impacten directamente en la calidad de los aprendizajes.,1,True,False,False,False,False,False,7.317854510221054
73253,9788,3,Gestión Pedagógica,0,0.0,Implementación completa: 100%,False,False,0,0.0,Gestión Pedagógica,Implementación completa: 100%,9788,ESCUELA PARTICULAR GRACIELA L.DE IBANEZ,Particular subvencionado,basica_media,436,Jornada de Reflexión y/o consejo de profesores,"EGE, docentes y asistentes de la educación se reúnen para participar en talleres de jornadas de reflexión que permitan potenciar su desarrollo personal y socioemocional y compartir prácticas y estrategias diversificadas de enseñanza en el aula que potencien su desarrollo  profesional que conduzca a la mejora continua de los aprendizajes.",1,True,False,False,True,False,True,0.0
73254,9788,3,Gestión Pedagógica,34650000,34650000.0,Implementación completa: 100%,False,False,34650000,34650000.0,Gestión Pedagógica,Implementación completa: 100%,9788,ESCUELA PARTICULAR GRACIELA L.DE IBANEZ,Particular subvencionado,basica_media,436,Nivelación Pedagógica.,"Implementación de nivelación académica para estudiantes de bajo rendimiento escolar del primer ciclo básico (lenguaje y matemáticas) y el desarrollo de habilidades comprensiva de todo el segundo ciclo básico, con la finalidad de asegurar que alcancen el logro de los objetivos de aprendizajes señalados como basales en el Plan de Reactivación de la enseñanza.",1,True,False,False,False,False,False,7.539703251481576
73255,9788,3,Liderazgo,0,0.0,Implementación completa: 100%,False,False,0,0.0,Liderazgo,Implementación completa: 100%,9788,ESCUELA PARTICULAR GRACIELA L.DE IBANEZ,Particular subvencionado,basica_media,436,Reuniones EGE,"Director y EGE realizan reuniones semanales con la finalidad de sistematizar, monitorear, analizar y evaluar todo el quehacer educativo, que permita la toma de decisiones oportuna para alcanzar las metas institucionales propuestas y asegurar el logro de los OA Basales,  según indica el Plan de Reactivación de la Enseñanza.",1,True,False,False,True,False,True,0.0
73256,9788,3,Liderazgo,10972500,10972500.0,Implementación completa: 100%,False,False,10972500,10972500.0,Liderazgo,Implementación completa: 100%,9788,ESCUELA PARTICULAR GRACIELA L.DE IBANEZ,Particular subvencionado,basica_media,436,Monitoreo de PME,El EGE monitorea permanentemente la ejecución de las acciones dispuestas en el PME.,1,True,False,False,False,False,False,7.0403056290972765
73257,9789,3,Convivencia Escolar,2000000,2000000.0,Implementación completa: 100%,False,False,2000000,2000000.0,Convivencia Escolar,Implementación completa: 100%,9789,ESCUELA PARTICULAR PABLO GOYENECHE IVER,Particular subvencionado,basica_media,143,Taller de ajedrez,"Como una forma de desarrollar el pensamiento lógico, la tolerancia a la frustración, la concentración, la memoria y las capacidades volitivas de los estudiantes, así como su interacción con compañeros de distintos cursos, se organizará un taller de ajedrez semanal donde se aprenderá desde el movimiento de las piezas hasta el dominio de los principios básicos de la estrategia y tácticas en ajedrez.",1,True,False,False,False,False,False,6.301030212811168
73258,9789,3,Convivencia Escolar,8000000,8000000.0,Implementación avanzada: 75% a 99%,False,False,8000000,8000000.0,Convivencia Escolar,Implementación avanzada: 75% a 99%,9789,ESCUELA PARTICULAR PABLO GOYENECHE IVER,Particular subvencionado,basica_media,143,Plan de convivencia,"Se desarrollará un plan de convivencia que contempla un diagnóstico de la convivencia escolar, modificaciones y difusión del reglamento de convivencia, consejos de curso con temáticas relacionadas con las necesidades de los estudiantes, clases de Religión y Orientación con foco en la convivencia escolar, campeonatos, recreos entretenidos y  días locos .",1,False,False,True,False,False,True,6.903090041278751
73259,9789,3,Gestión de Recursos,10000000,10000000.0,Implementación avanzada: 75% a 99%,False,False,10000000,10000000.0,Gestión de Recursos,Implementación avanzada: 75% a 99%,9789,ESCUELA PARTICULAR PABLO GOYENECHE IVER,Particular subvencionado,basica_media,143,Implementación de recursos.,Para optimizar el quehacer educativo se implementarán recursos para las actividades escolares y extraescolares y mejoras de mobiliario e infraestructura relacionadas con procesos SEP  de acuerdo a las necesidades de distintos estamentos y equipos de la escuela.,1,False,False,True,False,False,True,7.000000043429446
73260,9789,3,Gestión de Recursos,5000000,5000000.0,Implementación avanzada: 75% a 99%,False,False,5000000,5000000.0,Gestión de Recursos,Implementación avanzada: 75% a 99%,9789,ESCUELA PARTICULAR PABLO GOYENECHE IVER,Particular subvencionado,basica_media,143,"Talleres, conversatorios pedagógicos, trabajo colaborativo y capacitaciones.","Con el propósito de mejorar las prácticas, el quehacer pedagógico y el desarrollo profesional docente, se desarrollarán talleres, capacitaciones, perfeccionamientos y conversatorios pedagógicos, en conjunto con el trabajo colaborativo (o en redes de apoyo) entre equipo PIE (o practicantes) y docentes.",1,False,False,True,False,False,True,6.698970091194907
73261,9789,3,Gestión Pedagógica,2000000,0.0,Implementación avanzada: 75% a 99%,False,False,2000000,0.0,Gestión Pedagógica,Implementación avanzada: 75% a 99%,9789,ESCUELA PARTICULAR PABLO GOYENECHE IVER,Particular subvencionado,basica_media,143,DIA aprendizaje,"Con el propósito de fortalecer el desarrollo de las asignaturas de Lenguaje y Matemática a través de las mediciones externas se aplicará la evaluación DIA en sus tres etapas: diagnóstico, monitoreo y cierre. Insumos con los cuales se realizarán los siguientes procesos: Tabulación y análisis de datos, propuestas y compromisos para la mejora.",1,False,False,True,False,False,True,6.301030212811168
73262,9789,3,Gestión Pedagógica,17000000,17000000.0,Implementación avanzada: 75% a 99%,False,False,17000000,17000000.0,Gestión Pedagógica,Implementación avanzada: 75% a 99%,9789,ESCUELA PARTICULAR PABLO GOYENECHE IVER,Particular subvencionado,basica_media,143,Acompañamiento al docente,"Con el propósito de fortalecer las estrategias diversificadas y las habilidades de orden superior se realizarán procesos de acompañamiento bimestral en el aula, por parte del Equipo de Gestión, Equipo PIE y profesores de Lenguaje y Matemática, que contemplan los siguientes procesos: observación de clases, retroalimentación, tabulación y análisis de datos, propuestas y compromisos para la mejora.",1,False,False,True,False,False,True,7.230448946925008
73263,9789,3,Gestión Pedagógica,3000000,3000000.0,Implementación avanzada: 75% a 99%,False,False,3000000,3000000.0,Gestión Pedagógica,Implementación avanzada: 75% a 99%,9789,ESCUELA PARTICULAR PABLO GOYENECHE IVER,Particular subvencionado,basica_media,143,Planes Lector y Matemático,"Con el propósito de potenciar la comprensión lectora y matemática, los departamentos de ambas asignaturas desarrollarán planes que contemplen el dominio lector y el cálculo mental hasta alcanzar la comprensión lectora y la resolución de problemas, siendo evaluados bimestralmente para desarrollar los siguientes procesos: Tabulación y análisis de datos, propuestas y compromisos para la mejora.",1,False,False,True,False,False,True,6.477121399484465
73264,9789,3,Liderazgo,2000000,2000000.0,Implementación avanzada: 75% a 99%,False,False,2000000,2000000.0,Liderazgo,Implementación avanzada: 75% a 99%,9789,ESCUELA PARTICULAR PABLO GOYENECHE IVER,Particular subvencionado,basica_media,143,Hoja de ruta,"El Director lidera y/u orienta el trabajo de los distintos equipos aunando orientaciones y prioridades de la escuela con nuestras metas educativas consignadas en la cuenta pública 2024 en cuanto a aprendizaje, convivencia y participación democrática.",1,False,False,True,False,False,True,6.301030212811168
73265,9789,3,Liderazgo,7000000,7000000.0,Implementación avanzada: 75% a 99%,False,False,7000000,7000000.0,Liderazgo,Implementación avanzada: 75% a 99%,9789,ESCUELA PARTICULAR PABLO GOYENECHE IVER,Particular subvencionado,basica_media,143,Trabajo en equipo.,El Director promoverá el desarrollo de equipos educativos y el trabajo colaborativo optimizando los recursos humanos en pro de la mejora continua de los aprendizajes.,1,False,False,True,False,False,True,6.845098102056321
73296,9797,3,Convivencia Escolar,12000000,12000000.0,Implementación completa: 100%,False,False,12000000,12000000.0,Convivencia Escolar,Implementación completa: 100%,9797,COLEGIO ADVENTISTA LA CISTERNA,Particular subvencionado,basica_media,606,"Actividades socioemocionales, espirituales, cultura de autocuidado y prevención de riesgos.","Fortalecer la sana convivencia incentivando el cuidado de la salud mental y emocional en tiempo de reactivación educativa, fomentando la obediencia, el respeto, la responsabilidad ,la solidaridad, la laboriosidad y la empatía entre los miembros de la comunidad educativa.  Promoviendo el modelo educativo del sistema Adventista MEI-SEA.",1,True,False,False,False,False,False,7.07918128223883
73297,9797,3,Convivencia Escolar,10000000,10000000.0,Implementación completa: 100%,False,False,10000000,10000000.0,Convivencia Escolar,Implementación completa: 100%,9797,COLEGIO ADVENTISTA LA CISTERNA,Particular subvencionado,basica_media,606,Programa de sexualidad y afectividad,"Implementar plan de sexualidad, afectividad y género, asociado al PEI de la institución y a los valores bíblico cristiano adventista contenidos en el MEI SEA",1,True,False,False,False,False,False,7.000000043429446
73298,9797,3,Convivencia Escolar,15000000,15000000.0,Implementación completa: 100%,False,False,15000000,15000000.0,Convivencia Escolar,Implementación completa: 100%,9797,COLEGIO ADVENTISTA LA CISTERNA,Particular subvencionado,basica_media,606,"Charlas, exposiciones y ferias.","Implementar una serie de actividades que potencien las relaciones socioafectivas y de convivencia escolar positivas entre los actores de la comunidad escolar, fomentando las sanas relaciones interpersonales , la salud mental y autoestima en el contexto de la reactivación educativa.",1,True,False,False,False,False,False,7.176091288008646
73299,9797,3,Gestión de Recursos,1000000,0.0,Implementación completa: 100%,False,False,1000000,0.0,Gestión de Recursos,Implementación completa: 100%,9797,COLEGIO ADVENTISTA LA CISTERNA,Particular subvencionado,basica_media,606,Planificación presupuestartia,Elaborar anualmente un presupuesto financiero que planifique y controle los gastos del establecimiento. Gestionar la compra de los recursos necesarios.,1,True,False,False,False,False,False,6.0000004342942646
73300,9797,3,Gestión de Recursos,5000000,0.0,Implementación completa: 100%,False,False,5000000,0.0,Gestión de Recursos,Implementación completa: 100%,9797,COLEGIO ADVENTISTA LA CISTERNA,Particular subvencionado,basica_media,606,Perfeccionamiento a comunidad educativa,"Perfeccionamiento a la comunidad educativa a través de asesorías, capacitaciones, talleres, charlas, y asistencia técnico pedagógica, tanto internas como externas. Encuentro de líderes estudiantiles, triple A, centro de alumnos, FEGCR, Mission Trip, Congresos Juveniles entre otros.",1,True,False,False,False,False,False,6.698970091194907
73301,9797,3,Gestión de Recursos,17000000,17000000.0,Implementación completa: 100%,False,False,17000000,17000000.0,Gestión de Recursos,Implementación completa: 100%,9797,COLEGIO ADVENTISTA LA CISTERNA,Particular subvencionado,basica_media,606,"Adquisición y mejoras en recursos tics, audiovisuales y computación","Adquisición y mejoras de recursos audiovisuales y de computación para llevar a cabo clases y actividades de evaluación, internet y soporte.",1,True,False,False,False,False,False,7.230448946925008
73302,9797,3,Gestión de Recursos,8000000,8000000.0,Implementación completa: 100%,False,False,8000000,8000000.0,Gestión de Recursos,Implementación completa: 100%,9797,COLEGIO ADVENTISTA LA CISTERNA,Particular subvencionado,basica_media,606,Sistema de incentivos para la motivación escolar,"Reconocimientos mensuales que orienten a la participación y la motivación de las actividades pedagógicas, formativas, sociales y espirituales de los estudiantes, sus familias y el personal de la comunidad, en el contexto de la mejora del aprendizaje.",1,True,False,False,False,False,False,6.903090041278751
73303,9797,3,Gestión de Recursos,84000000,14000000.0,Implementación completa: 100%,False,False,84000000,14000000.0,Gestión de Recursos,Implementación completa: 100%,9797,COLEGIO ADVENTISTA LA CISTERNA,Particular subvencionado,basica_media,606,"Contratación de personal, especialistas y conformación de equipos de aula","Contratar personal multidisciplinario para mejorar la gestión educativa, y los aprendizajes de los estudiantes de manera integral, incremento de vulnerabilidad al 74%",1,True,False,False,False,False,False,7.924279291232054
73304,9797,3,Gestión de Recursos,25000000,25000000.0,Implementación completa: 100%,False,False,25000000,25000000.0,Gestión de Recursos,Implementación completa: 100%,9797,COLEGIO ADVENTISTA LA CISTERNA,Particular subvencionado,basica_media,606,Recursos educativos e indicadores de calidad educativa,"Adquirir recurso educativo y financiar proyectos de mejora del autoestima, convivencia escolar, plan lector editorial Aces, vida saludable, libros sexualidad y género, libro asignatura religión. plataforma pleno y compartir, textos método Matte de lectoescritura santillana, agendas doc. y estudiantes. Plataformas, Edugestor , streaming zoom, classroom, Eclass, entre otros",1,True,False,False,False,False,False,7.397940026043816
73305,9797,3,Gestión Pedagógica,70000000,0.0,Implementación completa: 100%,False,False,70000000,0.0,Gestión Pedagógica,Implementación completa: 100%,9797,COLEGIO ADVENTISTA LA CISTERNA,Particular subvencionado,basica_media,606,Apoyo a estudiantes con NEE en el contexto de la reactivación educativa.,"Apoyo a los estudiantes que presentan NEE o rezago en los aprendizajes, y que no pertenecen al Programa de Integración Escolar; con otros profesionales de la educación, tales como: psicopedagogas, técnicos diferenciales, psicólogos, co-docentes, asistentes de  aula, entre otros.",1,True,False,False,False,False,False,7.845098046218464
73306,9797,3,Gestión Pedagógica,20000000,20000000.0,Implementación completa: 100%,False,False,20000000,20000000.0,Gestión Pedagógica,Implementación completa: 100%,9797,COLEGIO ADVENTISTA LA CISTERNA,Particular subvencionado,basica_media,606,"Talleres, academias y reforzamiento de aprendizajes para los estudiantes.","Destinar horas de contratación para reforzar las asignaturas troncales según el requerimiento. Crear talleres que permitan la participación de la comunidad en actividades extraescolares con sentido de pertenencia, esparcimiento y desarrollo social y afectivo.",1,True,False,False,False,False,False,7.301030017378705
73307,9797,3,Gestión Pedagógica,3200000,3200000.0,Implementación completa: 100%,False,False,3200000,3200000.0,Gestión Pedagógica,Implementación completa: 100%,9797,COLEGIO ADVENTISTA LA CISTERNA,Particular subvencionado,basica_media,606,Acompañamiento y retroalimentación pedagógica en el aula (ADECO 2024),Liderar y gestionar el fortalecimiento del acompañamiento como una acción permanente a los docentes de aula mediante la observación de clases y la retroalimentación de las prácticas pedagógicas con el  fin de desarrollar mejoras en las prácticas educativas.,1,True,False,False,False,False,False,6.50515011403691
73308,9797,3,Gestión Pedagógica,1000000,1000000.0,Implementación completa: 100%,False,False,1000000,1000000.0,Gestión Pedagógica,Implementación completa: 100%,9797,COLEGIO ADVENTISTA LA CISTERNA,Particular subvencionado,basica_media,606,"Implementar plan de articulación y transición, decreto 373 educación parvularia","Se implementa un plan de articulación y transición en los niveles de NT1 a 1° EGB, que permite la transferencia de forma gradual y armoniosa de los estudiantes y sus procesos de aprendizajes.",1,True,False,False,False,False,False,6.0000004342942646
73309,9797,3,Liderazgo,32000000,32000000.0,Implementación completa: 100%,False,False,32000000,32000000.0,Liderazgo,Implementación completa: 100%,9797,COLEGIO ADVENTISTA LA CISTERNA,Particular subvencionado,basica_media,606,Monitoreo de Evaluación de los aprendizajes de los estudiantes por medio de plataformas de apoyo.,"Consolidar sistema de recopilación de la información de los avances de los estudiantes, a través de la aplicación de evaluaciones online. Contratación de evaluaciones de nivel  Santillana, Aplicación de evaluaciones DIA. Programa Richmond, Método Matte, Compartir con letópolis y matemáticamente entre otros",1,True,False,False,False,False,False,7.505149991891608
73310,9797,3,Liderazgo,6000000,6000000.0,Implementación completa: 100%,False,False,6000000,6000000.0,Liderazgo,Implementación completa: 100%,9797,COLEGIO ADVENTISTA LA CISTERNA,Particular subvencionado,basica_media,606,Reuniones con el sostenedor para fortalecer el liderazgo y la gestión educativa.,"Reuniones mensuales con el  sostenedor  de análisis de resultados y prácticas de mejoramiento dentro de la comunidad escolar, para luego  motivar y comprometer a los docentes , apoderados (consejo escolar) y estudiantes en la participación activa dentro del proceso de  resultados educativos para mejora del aprendizaje en el contexto de la reactivación educativa.",1,True,False,False,False,False,False,6.7781513227660515
73311,9797,3,Liderazgo,3200000,3200000.0,Implementación completa: 100%,False,False,3200000,3200000.0,Liderazgo,Implementación completa: 100%,9797,COLEGIO ADVENTISTA LA CISTERNA,Particular subvencionado,basica_media,606,lineamientos definidos y organización interna,"Consolidar lineamientos definidos y claros, a través de un plan semanal entre el director, el equipo directivo y técnico pedagógico, para trabajar el el cumplimiento de metas de eficiencia interna y optimización de los tiempos.   Consolidar Plan semanal de acciones y actividades pedagógicas socializada con los colaboradores  de la comunidad educativa.",1,True,False,False,False,False,False,6.50515011403691
73312,9797,3,Liderazgo,12000000,12000000.0,Implementación completa: 100%,False,False,12000000,12000000.0,Liderazgo,Implementación completa: 100%,9797,COLEGIO ADVENTISTA LA CISTERNA,Particular subvencionado,basica_media,606,Fortalecimiento del equipo técnico pedagógico,"Contratación de horas destinadas a la colaboración a la unidad técnica   pedagógica, para el acompañamiento de los procesos y programas implementados por la utp  y los avances en los aprendizajes de los estudiantes y favorecer el desarrollo profesional de los docentes.",1,True,False,False,False,False,False,7.07918128223883
73410,9801,3,Convivencia Escolar,500000,500000.0,Implementación completa: 100%,False,False,500000,500000.0,Convivencia Escolar,Implementación completa: 100%,9801,COLEGIO POLIV. SAINT ORLAND,Particular subvencionado,basica_media,715,Fortalece Plan de Formación Ciudadana,Fortalecer a las directivas de los cursos para que cumplan un rol de liderazgo positivo activo en sus cursos.  Fortalecer el centro de estudiantes del establecimiento con el objetivo de que sean líderes representativos de sus compañeros haciendo valer sus derecho pero también cumpliendo con sus deberes. (9.4),1,True,False,False,False,False,False,5.698970872924114
73411,9801,3,Convivencia Escolar,15000000,15000000.0,Implementación completa: 100%,False,False,15000000,15000000.0,Convivencia Escolar,Implementación completa: 100%,9801,COLEGIO POLIV. SAINT ORLAND,Particular subvencionado,basica_media,715,Motivación escolar,"Fortalecer las estrategias que permitan la vinculación de los/as estudiantes con la comunidad educativa de manera permanente mediante la participación en: festival de la voz , cuecazo, ferias departamentos, reconocimientos,  espacios de dispersión entre clases, (bingo, zumbatón, yoga, manualidades entre otros). (9.1)",1,True,False,False,False,False,False,7.176091288008646
73412,9801,3,Convivencia Escolar,3500000,3500000.0,Implementación completa: 100%,False,False,3500000,3500000.0,Convivencia Escolar,Implementación completa: 100%,9801,COLEGIO POLIV. SAINT ORLAND,Particular subvencionado,basica_media,715,"Fortalecer una cultura sana , de seguridad , de autocuidado, Sexualidad y vida saludable","Promover el desarrollo de una cultura preventiva y de autocuidado de forma sistemática en la comunidad educativa, mediante la   aplicación de los planes institucionales e instituciones externas(Matrona-prevencionista-carabineros-investigaciones- testimonios-SENDA) (7.4)",1,True,False,False,False,False,False,6.5440681684343955
73413,9801,3,Convivencia Escolar,8140000,8140000.0,Implementación completa: 100%,False,False,8140000,8140000.0,Convivencia Escolar,Implementación completa: 100%,9801,COLEGIO POLIV. SAINT ORLAND,Particular subvencionado,basica_media,715,Comunidad Activa,"Contar con plataforma para difundir PEI, actividades, talleres, resultados de aprendizajes, entre otros. (7.5)",1,True,False,False,False,False,False,6.910624458242329
73414,9801,3,Gestión de Recursos,22360000,22360000.0,Implementación completa: 100%,False,False,22360000,22360000.0,Gestión de Recursos,Implementación completa: 100%,9801,COLEGIO POLIV. SAINT ORLAND,Particular subvencionado,basica_media,715,Adquirir y/u optimizar los recursos en las distintas áreas.,"Gestionar la adquisición y reemplazo de los recursos recreativos, tecnológicos, formativos, pedagógicos, programáticos y extraprogramáticos del establecimiento, considerando colación, transporte  y vestuario exclusivo que represente la actividad, con el fin de favorecer un clima que propicie el aprendizaje de los estudiantes y la identidad del colegio. (12.2)",1,True,False,False,False,False,False,7.349471818637215
73415,9801,3,Gestión de Recursos,35000000,35000000.0,Implementación completa: 100%,False,False,35000000,35000000.0,Gestión de Recursos,Implementación completa: 100%,9801,COLEGIO POLIV. SAINT ORLAND,Particular subvencionado,basica_media,715,Planificar el uso de recursos,"Adquirir Materiales, insumos y reproducción de documentos con el objetivo de potenciar el desarrollo óptimo de los aprendizajes de los estudiantes y el buen funcionamiento de las actividades educativas. (12.2)",1,True,False,False,False,False,False,7.5440680567586895
73416,9801,3,Gestión de Recursos,0,0.0,Implementación completa: 100%,False,False,0,0.0,Gestión de Recursos,Implementación completa: 100%,9801,COLEGIO POLIV. SAINT ORLAND,Particular subvencionado,basica_media,715,Fortalecer lazos,Participación de todos los estamentos en los diferentes espacios de encuentro para fortalecer los lazos del personal del establecimiento. (10.5),1,True,False,False,True,False,True,0.0
73417,9801,3,Gestión de Recursos,249000000,249000000.0,Implementación completa: 100%,False,False,249000000,249000000.0,Gestión de Recursos,Implementación completa: 100%,9801,COLEGIO POLIV. SAINT ORLAND,Particular subvencionado,basica_media,715,Conformación de equipos de trabajo,"Fortalecer los  distintos estamentos del establecimiento, mediante la contratación de coordinadores, monitores , departamento DIE, asistentes de aula. (10.2)",1,True,False,False,False,False,False,8.396199348839891
73418,9801,3,Gestión Pedagógica,500000,500000.0,Implementación completa: 100%,False,False,500000,500000.0,Gestión Pedagógica,Implementación completa: 100%,9801,COLEGIO POLIV. SAINT ORLAND,Particular subvencionado,basica_media,715,Recuperación de aprendizaje,"Analizar datos recopilados a través del monitoreo de los estudiantes que presentan brechas de aprendizajes, mediante evaluaciones externas/internas  donde se apoyarán  mediante co-docencias y departamento DIE  a los estudiantes más descendidos. ( 6.1)",1,True,False,False,False,False,False,5.698970872924114
73419,9801,3,Gestión Pedagógica,0,0.0,Implementación completa: 100%,False,False,0,0.0,Gestión Pedagógica,Implementación completa: 100%,9801,COLEGIO POLIV. SAINT ORLAND,Particular subvencionado,basica_media,715,Potenciar habilidades,"Trabajar las  habilidades propuestas por el Ministerio de Educación en los planes y programas en las  asignaturas de Historia y Ciencias durante el año lectivo, en todos niveles, para fortalecer el proceso de enseñanza aprendizaje en los estudiantes. ( 5.1)",1,True,False,False,True,False,True,0.0
73420,9801,3,Gestión Pedagógica,2000000,2000000.0,Implementación completa: 100%,False,False,2000000,2000000.0,Gestión Pedagógica,Implementación completa: 100%,9801,COLEGIO POLIV. SAINT ORLAND,Particular subvencionado,basica_media,715,"Orientar a los estudiantes en su Continuidad de estudios, desarrollo profesional y vocacional.","Apoyar y motivar a los estudiantes en su desarrollo escolar y prevenir el riesgo de deserción, en continua orientación escolar, mediante la atención de los/las estudiantes y sus familias por parte de un equipo multidisciplinario, con la finalidad de asegurar la continuidad escolar y su proyección a la enseñanza superior. (6.4)",1,True,False,False,False,False,False,6.301030212811168
73421,9801,3,Gestión Pedagógica,0,0.0,Implementación completa: 100%,False,False,0,0.0,Gestión Pedagógica,Implementación completa: 100%,9801,COLEGIO POLIV. SAINT ORLAND,Particular subvencionado,basica_media,715,Estrategias Metodológicas,"Generar espacios para compartir, enseñar y fortalecer estrategias metodológicas de enseñanza aprendizaje y trabajo interdisciplinario entre las reuniones de departamento, GPT, Coordinación, codocentes,  Equipo DIE y asistentes de Aula, (departamento de arte trabajará una vez al mes), logrando fortalecer los aprendizajes de los estudiantes. (5.2)",1,True,False,False,True,False,True,0.0
73422,9801,3,Liderazgo,56000000,56000000.0,Implementación completa: 100%,False,False,56000000,56000000.0,Liderazgo,Implementación completa: 100%,9801,COLEGIO POLIV. SAINT ORLAND,Particular subvencionado,basica_media,715,Fortalecimiento de la gestión para la mejora continua,"Fortalecer gestión educativa a través de asignación eficiente de recursos financieros asegurando distribución equitativa y seguimiento continuo. Incluye la coordinación entre sostenedores y equipos directivos, gestión del presupuesto, monitoreo de fondos, evaluación y ajustes. Promoción de cambios estructurales administrativos ,optimizando metodologías, recursos pedagógicos e infraestructura.1.6",1,True,False,False,False,False,False,7.748188034761459
73423,9801,3,Liderazgo,0,0.0,Implementación completa: 100%,False,False,0,0.0,Liderazgo,Implementación completa: 100%,9801,COLEGIO POLIV. SAINT ORLAND,Particular subvencionado,basica_media,715,Liderar una conducción efectiva con los diferentes estamentos,"Generar canales fluidos  que permitan un trabajo colaborativo con la comunidad educativa en la entrega de información oportuna mediante reuniones de consejo de nivel, equipo directivo, coordinadoras, equipo convivencia escolar, equipo DIE , Inspectoría y consejo de profesores (2.2)",1,True,False,False,True,False,True,0.0
73439,9804,3,Convivencia Escolar,500000,500000.0,Implementación avanzada: 75% a 99%,False,False,500000,500000.0,Convivencia Escolar,Implementación avanzada: 75% a 99%,9804,ESCUELA PABLO DE TARSO,Particular subvencionado,basica_media,195,Aplicación de encuestas de satisfacción,"En el mes de diciembre se aplicará una encuesta de satisfacción a todos los apoderados del colegio, en materia de Convivencia y clima escolar.",1,False,False,True,False,False,True,5.698970872924114
73440,9804,3,Convivencia Escolar,4000000,4000000.0,Implementación avanzada: 75% a 99%,False,False,4000000,4000000.0,Convivencia Escolar,Implementación avanzada: 75% a 99%,9804,ESCUELA PABLO DE TARSO,Particular subvencionado,basica_media,195,Capacitación de convivencia escolar,Capacitación del equipo de convivencia y docentes con el fin de actualizar conocimientos relacionados con la convivencia escolar,1,False,False,True,False,False,True,6.6020600999015695
73441,9804,3,Convivencia Escolar,10000000,10000000.0,Implementación avanzada: 75% a 99%,False,False,10000000,10000000.0,Convivencia Escolar,Implementación avanzada: 75% a 99%,9804,ESCUELA PABLO DE TARSO,Particular subvencionado,basica_media,195,Promoción de sellos y celebración de hitos,"Se desarrollan actividades donde se da a conocer y fomenta el ´proyecto educativo, Reglamentos Institucionales y Protocolos.",1,False,False,True,False,False,True,7.000000043429446
73442,9804,3,Convivencia Escolar,10000000,10000000.0,Implementación avanzada: 75% a 99%,False,False,10000000,10000000.0,Convivencia Escolar,Implementación avanzada: 75% a 99%,9804,ESCUELA PABLO DE TARSO,Particular subvencionado,basica_media,195,Incorporando Planes Obligatorios,"Con el objetivo de promocionar la participación, el buen trato, el bienestar, la salud mental, el colegio organiza diferentes actividades conmemorativas y los vincula con los planes obligatorios",1,False,False,True,False,False,True,7.000000043429446
73443,9804,3,Gestión de Recursos,20000000,20000000.0,Implementación avanzada: 75% a 99%,False,False,20000000,20000000.0,Gestión de Recursos,Implementación avanzada: 75% a 99%,9804,ESCUELA PABLO DE TARSO,Particular subvencionado,basica_media,195,Mejorando la administración y Gestión,"A través de la contratación de servicios de administración y finanzas externos se mejorarán los procesos de adquisiciones rendiciones de cuentas, planificación de compras administración de personas o RR.HH. de con el fi de optimizar los recursos del plan.",1,False,False,True,False,False,True,7.301030017378705
73444,9804,3,Gestión de Recursos,25000000,25000000.0,Implementación avanzada: 75% a 99%,False,False,25000000,25000000.0,Gestión de Recursos,Implementación avanzada: 75% a 99%,9804,ESCUELA PABLO DE TARSO,Particular subvencionado,basica_media,195,Adquisición y mejora de espacios educativos.,"se adquieren recursos tecnológicos, materiales y de didácticos y elementos para mejorar espacios lúdicos, sensoriales  y educativos",1,False,False,True,False,False,True,7.397940026043816
73445,9804,3,Gestión Pedagógica,500000,500000.0,Implementación avanzada: 75% a 99%,False,False,500000,500000.0,Gestión Pedagógica,Implementación avanzada: 75% a 99%,9804,ESCUELA PABLO DE TARSO,Particular subvencionado,basica_media,195,Acompañamiento Docente,"Desde coordinación académica, se generan espacios para acompañar y retroalimentar a los docentes en la incorporación de las indicaciones en  gestión curricular y enseñanza y aprendizaje en el aula.",1,False,False,True,False,False,True,5.698970872924114
73446,9804,3,Gestión Pedagógica,500000,500000.0,Implementación avanzada: 75% a 99%,False,False,500000,500000.0,Gestión Pedagógica,Implementación avanzada: 75% a 99%,9804,ESCUELA PABLO DE TARSO,Particular subvencionado,basica_media,195,Articulación para la Inclusión,Se realiza trabajo articulado entre profesionales del equipo PIE y docentes para fortalecer la entrega del curriculum centrado en el decreto 67,1,False,False,True,False,False,True,5.698970872924114
73447,9804,3,Gestión Pedagógica,1000000,1000000.0,Implementación avanzada: 75% a 99%,False,False,1000000,1000000.0,Gestión Pedagógica,Implementación avanzada: 75% a 99%,9804,ESCUELA PABLO DE TARSO,Particular subvencionado,basica_media,195,Plan Lector,Desarrollo de un programa de fomento lector para incentivar la lecto-escritura a través de herramientas tecnológicas.,1,False,False,True,False,False,True,6.0000004342942646
73448,9804,3,Gestión Pedagógica,10000000,10000000.0,Implementación avanzada: 75% a 99%,False,False,10000000,10000000.0,Gestión Pedagógica,Implementación avanzada: 75% a 99%,9804,ESCUELA PABLO DE TARSO,Particular subvencionado,basica_media,195,Fortaleciendo el Aprendizaje,Capacitación en instrumentos de evaluación,1,False,False,True,False,False,True,7.000000043429446
73449,9804,3,Liderazgo,2500000,2500000.0,Implementación completa: 100%,False,False,2500000,2500000.0,Liderazgo,Implementación completa: 100%,9804,ESCUELA PABLO DE TARSO,Particular subvencionado,basica_media,195,Socialización de valores Institucionales,"Difusión del PEI, Reglamentos y protocolos institucionales.",1,True,False,False,False,False,False,6.397940182389796
73450,9804,3,Liderazgo,5000000,5000000.0,Implementación completa: 100%,False,False,5000000,5000000.0,Liderazgo,Implementación completa: 100%,9804,ESCUELA PABLO DE TARSO,Particular subvencionado,basica_media,195,Escuela de Verano,"Fidelizar y comprometer a las familias en el cuidado del colegio, conformación de comunidad.",1,True,False,False,False,False,False,6.698970091194907
73451,9804,3,Liderazgo,500000,500000.0,Implementación completa: 100%,False,False,500000,500000.0,Liderazgo,Implementación completa: 100%,9804,ESCUELA PABLO DE TARSO,Particular subvencionado,basica_media,195,Evaluación Permanente,Monitoreo y seguimiento el plan de mejoramientos educativo,1,True,False,False,False,False,False,5.698970872924114
73463,9807,3,Convivencia Escolar,7000000,7000000.0,Implementación avanzada: 75% a 99%,False,False,7000000,7000000.0,Convivencia Escolar,Implementación avanzada: 75% a 99%,9807,ESCUELA PARTICULAR LOCARNO,Particular subvencionado,basica_media,102,Actividades de formación ciudadana,"Implementar instancias formativas transversales a través de actividades de formación ciudadana propuestas en el calendario escolar, que se evaluarán trimestralmente",1,False,False,True,False,False,True,6.845098102056321
73464,9807,3,Convivencia Escolar,7000000,7000000.0,Implementación adecuada: 50% a 74%,False,False,7000000,7000000.0,Convivencia Escolar,Implementación adecuada: 50% a 74%,9807,ESCUELA PARTICULAR LOCARNO,Particular subvencionado,basica_media,102,Comité de Convivencia Escolar,Prevenir situaciones de riesgo que puedan afectar la convivencia escolar  Investigar y resolver situaciones de convivencia escolar  Apoyar a los estudiantes involucrados en situaciones de convivencia escolar  Monitorear la convivencia escolar y evaluar la efectividad de las medidas implementadas,1,False,False,True,False,False,True,6.845098102056321
73465,9807,3,Gestión de Recursos,7000000,7000000.0,Implementación adecuada: 50% a 74%,False,False,7000000,7000000.0,Gestión de Recursos,Implementación adecuada: 50% a 74%,9807,ESCUELA PARTICULAR LOCARNO,Particular subvencionado,basica_media,102,Desarrollo de Estrategias de Optimización de Recursos,Aprovechar al máximo los recursos disponibles en la unidad educativa para:        Reducir costos operativos.      Mejorar la calidad educativa.      Garantizar la sostenibilidad financiera.,1,False,False,True,False,False,True,6.845098102056321
73466,9807,3,Gestión de Recursos,5000000,5000000.0,Implementación adecuada: 50% a 74%,False,False,5000000,5000000.0,Gestión de Recursos,Implementación adecuada: 50% a 74%,9807,ESCUELA PARTICULAR LOCARNO,Particular subvencionado,basica_media,102,Creación de un Banco de Recursos Educativos Comunitario,Recepción de recursos educativos  Clasificación y organización  Catalogación y registro  Difusión y promoción  Préstamo y uso de recursos  Mantenimiento y actualización,1,False,False,True,False,False,True,6.698970091194907
73467,9807,3,Gestión Pedagógica,48000000,48000000.0,Implementación avanzada: 75% a 99%,False,False,48000000,48000000.0,Gestión Pedagógica,Implementación avanzada: 75% a 99%,9807,ESCUELA PARTICULAR LOCARNO,Particular subvencionado,basica_media,102,Reflexión de la acción pedagógica con retroalimentación,"Reflexión Pedagógica que promueva el trabajo colaborativo para establecer nuevas estrategias educativas que fomenten prácticas efectivas y diversificadas dentro del aula; basado en un acompañamiento semestral, focalizado en la interacción pedagógica entre el estudiante y el docente como en la retroalimentación, para la mejora en los aprendizajes y el  fortalecimiento del desarrollo integral docent",1,False,False,True,False,False,True,7.681241246423389
73468,9807,3,Gestión Pedagógica,7000000,7000000.0,Implementación adecuada: 50% a 74%,False,False,7000000,7000000.0,Gestión Pedagógica,Implementación adecuada: 50% a 74%,9807,ESCUELA PARTICULAR LOCARNO,Particular subvencionado,basica_media,102,Apoyo a la inclusión,"Apoyo sistemático a los estudiantes que presentan mayor brecha en sus aprendizajes así como en el manejo de las emociones, con foco en lectura, matemática y en la resolución de conflictos para el aprendizaje",1,False,False,True,False,False,True,6.845098102056321
73469,9807,3,Liderazgo,7000000,7000000.0,Implementación adecuada: 50% a 74%,False,False,7000000,7000000.0,Liderazgo,Implementación adecuada: 50% a 74%,9807,ESCUELA PARTICULAR LOCARNO,Particular subvencionado,basica_media,102,"Vinculación PEI-PME de estudiantes, padres y apoderados","Implementar mecanismos de participación de estudiantes, padres y apoderados en el proceso de ejecución del PEI y PME",1,False,False,True,False,False,True,6.845098102056321
73470,9807,3,Liderazgo,7000000,7000000.0,Implementación avanzada: 75% a 99%,False,False,7000000,7000000.0,Liderazgo,Implementación avanzada: 75% a 99%,9807,ESCUELA PARTICULAR LOCARNO,Particular subvencionado,basica_media,102,Fomento académico y cultural,"Promoción de las artes a través del fomento lector enmarcada en actividades culturales e instancias de difusión y exposición que promuevan el conocimiento, la lectura y el desarrollo cultural de los estudiantes.",1,False,False,True,False,False,True,6.845098102056321
73471,9808,3,Convivencia Escolar,10000000,10000000.0,Implementación avanzada: 75% a 99%,False,False,10000000,10000000.0,Convivencia Escolar,Implementación avanzada: 75% a 99%,9808,ESCUELA PARTICULAR GUIA ESTUDIANTIL,Particular subvencionado,basica_media,275,SENTIDO DE PERTENENCIA Y COMUNIDAD POR MEDIO DE LA PARTICIPACIÓN CONSTRUCTIVA Y DEMOCRÁTICA.,"El Equipo directivo junto a Convivencia Escolar y a las y los docentes, motivan a las y los estudiantes a participar activamente en las diversas instancias deporivas  del establecimiento, fortaleciendo el pensamiento crítico, el desarrollo de un liderazgo positivo e inclusivo, el compromiso con el cuidado del medio ambiente y la formación ciudadana.",1,False,False,True,False,False,True,7.000000043429446
73472,9808,3,Convivencia Escolar,25000000,25000000.0,Implementación avanzada: 75% a 99%,False,False,25000000,25000000.0,Convivencia Escolar,Implementación avanzada: 75% a 99%,9808,ESCUELA PARTICULAR GUIA ESTUDIANTIL,Particular subvencionado,basica_media,275,fortalecerel sentido de pertenencia y compromiso institucional.,"Potenciaractividades,procedimientos yprácticasquepermitanlaformación integraldelasylosestudiantes,enun ambientedesanaconvivencia, organizado,participativoyseguro",1,False,False,True,False,False,True,7.397940026043816
73473,9808,3,Convivencia Escolar,3000000,3000000.0,Implementación avanzada: 75% a 99%,False,False,3000000,3000000.0,Convivencia Escolar,Implementación avanzada: 75% a 99%,9808,ESCUELA PARTICULAR GUIA ESTUDIANTIL,Particular subvencionado,basica_media,275,Difusión de faltas y normas básicas.,Socialización reglamento interno  y de convivencia escolar con  la comunidad educativa.,1,False,False,True,False,False,True,6.477121399484465
73474,9808,3,Convivencia Escolar,5000000,5000000.0,Implementación avanzada: 75% a 99%,False,False,5000000,5000000.0,Convivencia Escolar,Implementación avanzada: 75% a 99%,9808,ESCUELA PARTICULAR GUIA ESTUDIANTIL,Particular subvencionado,basica_media,275,-Actualizar el manual de convivencia,implementar estrategias de trabajo colaborativo.,1,False,False,True,False,False,True,6.698970091194907
73475,9808,3,Gestión de Recursos,10000000,10000000.0,Implementación avanzada: 75% a 99%,False,False,10000000,10000000.0,Gestión de Recursos,Implementación avanzada: 75% a 99%,9808,ESCUELA PARTICULAR GUIA ESTUDIANTIL,Particular subvencionado,basica_media,275,FORTALECIMIENTO AL PROCESO DE ENSEÑANZA DE OBJ. DE APRENDIZAJES DEPORTIVOS,"Acción destinada a fortalecer los procesos de aprendizaje vinculados a habilidades y destrezas motrices, contenidas en las Bases Curriculares vigentes, y que son propias de una formación integral, inclusiva y preventiva",1,False,False,True,False,False,True,7.000000043429446
73476,9808,3,Gestión de Recursos,20000000,10000000.0,Implementación avanzada: 75% a 99%,False,False,20000000,10000000.0,Gestión de Recursos,Implementación avanzada: 75% a 99%,9808,ESCUELA PARTICULAR GUIA ESTUDIANTIL,Particular subvencionado,basica_media,275,Monitoreo y seguimiento de las acciones del Plan del Mejoramiento Educativo,Definir un plan de gastos anual de acuerdo con las acciones comprometidas en el PME,1,False,False,True,False,False,True,7.301030017378705
73477,9808,3,Gestión Pedagógica,10000000,10000000.0,Implementación avanzada: 75% a 99%,False,False,10000000,10000000.0,Gestión Pedagógica,Implementación avanzada: 75% a 99%,9808,ESCUELA PARTICULAR GUIA ESTUDIANTIL,Particular subvencionado,basica_media,275,TRABAJO COLABORATIVO E INNOVACIÓN,"UTP y los docentes fgeneran estrategias innovadoras para la reactivación de aprendizajes, enfocando el trabajo en proyectos colaborativos o interdisciplinarios, reconociendo y aprendiendo de prácticas pedagógicas exitosas, potenciando la lectura comprensiva, habilidades matemáticas y desarrollo del pensamiento crítico, para que todos los estudiantes mejoren resultados de aprendizaje.",1,False,False,True,False,False,True,7.000000043429446
73478,9808,3,Gestión Pedagógica,10000000,0.0,Implementación avanzada: 75% a 99%,False,False,10000000,0.0,Gestión Pedagógica,Implementación avanzada: 75% a 99%,9808,ESCUELA PARTICULAR GUIA ESTUDIANTIL,Particular subvencionado,basica_media,275,EQUIPOS DE AULA PARA LA CO-DOCENCIA,"PIE, lidera la organización de jornadas o reuniones de intercambio de experiencias de buenas prácticas de co-enseñanza para que los equipos de aula sistematicen sus experiencias, identificando fortalezas, debilidades y evaluando el grado de articulación, enfoque de trabajo, y resultados de aprendizaje logrados por los estudiantes que atienden.",1,False,False,True,False,False,True,7.000000043429446
73479,9808,3,Gestión Pedagógica,16000000,16000000.0,Implementación avanzada: 75% a 99%,False,False,16000000,16000000.0,Gestión Pedagógica,Implementación avanzada: 75% a 99%,9808,ESCUELA PARTICULAR GUIA ESTUDIANTIL,Particular subvencionado,basica_media,275,El equipo técnico-pedagógico y los docentes identifican tempranamente a los estudiantes que presenta,"El equipo de Gestión junto a los docentes, definen estrategias para velar por el adecuado desarrollo académico, afectivo y social de todas y todos los estudiantes, tomando en cuenta sus diversas necesidades, habilidades características e intereses, poniendo atención a los que necesiten espacios diferenciados para valorar, potenciar y expresar su individualidad",1,False,False,True,False,False,True,7.204120009799329
73480,9808,3,Gestión Pedagógica,20000000,20000000.0,Implementación avanzada: 75% a 99%,False,False,20000000,20000000.0,Gestión Pedagógica,Implementación avanzada: 75% a 99%,9808,ESCUELA PARTICULAR GUIA ESTUDIANTIL,Particular subvencionado,basica_media,275,"El equipo directivo, en conjunto con los docentes, implementan estrategias efectivas para potenciar","El equipo de Gestión junto a los docentes, definen estrategias para velar por el adecuado desarrollo académico, afectivo y social de todas y todos los estudiantes, tomando en cuenta sus diversas necesidades, habilidades características e intereses, poniendo atención a los que necesiten espacios diferenciados para valorar, potenciar y expresar su individualidad.",1,False,False,True,False,False,True,7.301030017378705
73481,9808,3,Gestión Pedagógica,35000000,10000000.0,Implementación avanzada: 75% a 99%,False,False,35000000,10000000.0,Gestión Pedagógica,Implementación avanzada: 75% a 99%,9808,ESCUELA PARTICULAR GUIA ESTUDIANTIL,Particular subvencionado,basica_media,275,El director y el equipo técnico-pedagógico coordinan la implementación efectiva de las Bases Curricu,"El director junto a la Unidades Técnico Pedagógicas, monitorean la planificación, implementación y evaluación del proceso de enseñanza-aprendizaje por medio del acompañamiento docente, desarrollando comunidades de aprendizaje docente en las que se incorpora el acompañamiento entre pares.",1,False,False,True,False,False,True,7.5440680567586895
73482,9808,3,Liderazgo,5000000,5000000.0,Implementación completa: 100%,False,False,5000000,5000000.0,Liderazgo,Implementación completa: 100%,9808,ESCUELA PARTICULAR GUIA ESTUDIANTIL,Particular subvencionado,basica_media,275,Funciones y gestión,"Afianzar cumplimiento de roles y funciones del personal docente y no docente, implementando de manera efectiva, el reglamento de roles y funciones.",1,True,False,False,False,False,False,6.698970091194907
73483,9808,3,Liderazgo,30000000,25000000.0,Implementación completa: 100%,False,False,30000000,25000000.0,Liderazgo,Implementación completa: 100%,9808,ESCUELA PARTICULAR GUIA ESTUDIANTIL,Particular subvencionado,basica_media,275,Identificar los avances y dificultades de la práctica pedagógica,Llevar a cabo al menos una vez al mes una sesión de consejo de profesores para reflexionar sobre el desarrollo de las prácticas y los resultados formativos de aprendizaje de sus estudiantes,1,True,False,False,False,False,False,7.477121269196145
73484,9809,3,Convivencia Escolar,6000000,6000000.0,Implementación avanzada: 75% a 99%,False,False,6000000,6000000.0,Convivencia Escolar,Implementación avanzada: 75% a 99%,9809,ESCUELA PARTICULAR SAINT PHILLIP OF NERY,Particular subvencionado,basica_media,249,Actividades académicas y premiación a estudiantes,"Durante el año se realizan variadas actividades académicas y premiaciones a los estudiantes que participan de ellas y/o destacan en su rendimiento, asistencia, constancia y perseverancia semestralmente, con el fin de motivar en su quehacer educativo.",1,False,False,True,False,False,True,6.7781513227660515
73485,9809,3,Convivencia Escolar,2000000,2000000.0,Implementación completa: 100%,False,False,2000000,2000000.0,Convivencia Escolar,Implementación completa: 100%,9809,ESCUELA PARTICULAR SAINT PHILLIP OF NERY,Particular subvencionado,basica_media,249,Implementar sala de contención,"Se implementa sala de contención para utilizar con toda la comunidad educativa que presente desregulación emocional, con el fin de regresar la calma a cada uno de ellos y poder continuar con su proceso pedagógico y/o continuidad en jornada escolar.",1,True,False,False,False,False,False,6.301030212811168
73486,9809,3,Convivencia Escolar,1000000,1000000.0,Implementación avanzada: 75% a 99%,False,False,1000000,1000000.0,Convivencia Escolar,Implementación avanzada: 75% a 99%,9809,ESCUELA PARTICULAR SAINT PHILLIP OF NERY,Particular subvencionado,basica_media,249,Charlas de especialistas,"Con el fin de capacitar a la comunidad en temáticas atingentes a nuestra realidad, se realizan charlas relacionadas con: CONTENCIÓN EMOCIONAL, DIVERSIDAD, PREVENCIÓN, AUTOESTIMA,INCLUSIÓN, SEXUALIDAD, AUTISMO, entre otras.",1,False,False,True,False,False,True,6.0000004342942646
73487,9809,3,Convivencia Escolar,10000000,10000000.0,Implementación parcial: 25% a 49%,False,False,10000000,10000000.0,Convivencia Escolar,Implementación parcial: 25% a 49%,9809,ESCUELA PARTICULAR SAINT PHILLIP OF NERY,Particular subvencionado,basica_media,249,Actividades curriculares,"Con el fin de fortalecer la convivencia escolar, la integración, inclusión, formación valórica y académica de los estudiantes, se realizan actividades curriculares tales como: exposiciones temáticas, salidas pedagógicas, participación de eventos culturales, entre otras.",1,False,False,True,False,False,True,7.000000043429446
73488,9809,3,Convivencia Escolar,10700000,10700000.0,Implementación avanzada: 75% a 99%,False,False,10700000,10700000.0,Convivencia Escolar,Implementación avanzada: 75% a 99%,9809,ESCUELA PARTICULAR SAINT PHILLIP OF NERY,Particular subvencionado,basica_media,249,Apoyo emocional,"Convivencia escolar programa reuniones y/o entrevistas a Docentes de la comunidad educativa, asistentes de la educación, Padres y/o Apoderados, estudiantes con el fin de fortalecer emocionalmente a la comunidad, realizando derivaciones en caso de ser necesario.",1,False,False,True,False,False,True,7.029383818273477
73489,9809,3,Convivencia Escolar,6000000,6000000.0,Implementación avanzada: 75% a 99%,False,False,6000000,6000000.0,Convivencia Escolar,Implementación avanzada: 75% a 99%,9809,ESCUELA PARTICULAR SAINT PHILLIP OF NERY,Particular subvencionado,basica_media,249,Celebraciones de actividades tradicionales,"Con el fin de fortalecer la convivencia escolar y la identidad con el colegio generando sentido de pertenencia y motivación para la participación de toda la comunidad educativa, la encargada de convivencia realiza celebraciones tradicionales tales como: FESTIVAL DE LA VOZ, FIESTAS PATRIAS, FIESTA DE ANIVERSARIO, FIESTA DE LA PRIMAVERA, CIERRE AÑO ACADÉMICO, ENTRE OTRAS.",1,False,False,True,False,False,True,6.7781513227660515
73490,9809,3,Gestión de Recursos,2000000,2000000.0,Implementación completa: 100%,False,False,2000000,2000000.0,Gestión de Recursos,Implementación completa: 100%,9809,ESCUELA PARTICULAR SAINT PHILLIP OF NERY,Particular subvencionado,basica_media,249,Fomento del uso de la Biblioteca CRA,"La encargada de CRA, realiza actividades periódicas para mantener a la comunidad educativa en conocimiento y actualización del trabajo a realizar en CRA, ejemplo : DÍA DEL LIBRO, LECTURA DE CUENTOS, CREACIÓN DE TEXTOS LITERARIOS, entre otras. Estas actividades se realizan tanto individual como grupo curso, con Estudiantes y Docentes.",1,True,False,False,False,False,False,6.301030212811168
73491,9809,3,Gestión de Recursos,16000000,16000000.0,Implementación completa: 100%,False,False,16000000,16000000.0,Gestión de Recursos,Implementación completa: 100%,9809,ESCUELA PARTICULAR SAINT PHILLIP OF NERY,Particular subvencionado,basica_media,249,Mantención de equipos tecnológicos,"Coordinador de enlaces apoya el trabajo docente, a través de la mantención de tecnologías en la sala de clases, mantención de laboratorio, redes inalámbricas y todo aquello que sea atingente y requiera la institución para la gestión educativa, coordinando visitas técnicas.",1,True,False,False,False,False,False,7.204120009799329
73492,9809,3,Gestión de Recursos,5000000,5000000.0,Implementación inicial: 1% a 24%,False,False,5000000,5000000.0,Gestión de Recursos,Implementación inicial: 1% a 24%,9809,ESCUELA PARTICULAR SAINT PHILLIP OF NERY,Particular subvencionado,basica_media,249,Implementación de techo fijo y mantención de luminaria en multicancha,"Se implementa un techo nuevo con modalidad fija y se realiza mantención de luminaria, para realizar actividades al aire libre, con el fin de mantener y fomentar una vida sana para nuestra comunidad educativa.",1,False,False,True,False,False,True,6.698970091194907
73493,9809,3,Gestión de Recursos,90000000,90000000.0,Implementación adecuada: 50% a 74%,False,False,90000000,90000000.0,Gestión de Recursos,Implementación adecuada: 50% a 74%,9809,ESCUELA PARTICULAR SAINT PHILLIP OF NERY,Particular subvencionado,basica_media,249,Área administrativa,"El equipo directivo (Sostenedor y Directora) garantizan la adecuada atención y equipamiento necesarios para el Desarrollo de Plan de Mejora, velando por la implementación oportuna de las necesidades atingentes en la comunidad.",1,False,False,True,False,False,True,7.954242514264819
73494,9809,3,Gestión de Recursos,15000000,15000000.0,Implementación avanzada: 75% a 99%,False,False,15000000,15000000.0,Gestión de Recursos,Implementación avanzada: 75% a 99%,9809,ESCUELA PARTICULAR SAINT PHILLIP OF NERY,Particular subvencionado,basica_media,249,Labores administrativas menores área SEP,"Secretaria realiza actividades periódicas tales como, CONTROL DE ATRASOS, CONTROL DE LICENCIAS MÉDICAS, IMPRESIÓN Y FOTOCOPIADO DE MATERIAL DE TRABAJO PARA LA COMUNIDAD, ENTRE OTRAS, con el fin de mantener un buen desarrollo y funcionamiento de nuestro Plan de mejora.",1,False,False,True,False,False,True,7.176091288008646
73495,9809,3,Gestión de Recursos,19000000,19000000.0,Implementación completa: 100%,False,False,19000000,19000000.0,Gestión de Recursos,Implementación completa: 100%,9809,ESCUELA PARTICULAR SAINT PHILLIP OF NERY,Particular subvencionado,basica_media,249,Asistente de párvulos,"El establecimiento mantiene la contratación en los niveles de transición, técnicos en párvulos con el fin de fortalecer la labor académica de acuerdo a las prioridades del PEI y necesidades pedagógicas de los estudiantes",1,True,False,False,False,False,False,7.278753623810433
73496,9809,3,Gestión Pedagógica,22000000,22000000.0,Implementación avanzada: 75% a 99%,False,False,22000000,22000000.0,Gestión Pedagógica,Implementación avanzada: 75% a 99%,9809,ESCUELA PARTICULAR SAINT PHILLIP OF NERY,Particular subvencionado,basica_media,249,Talleres educativos,"Los estudiantes participan en diversos talleres creados con el fin de desarrollar y nivelar los aprendizajes de los educandos, a cargo de Docentes que realizan estrategias y monitoreo de los  resultados logrados por los estudiantes durante su proceso pedagógico (Lenguaje, Matemáticas, Música, Inglés, Deportes, Artes, Danza).",1,False,False,True,False,False,True,7.342422700562864
73497,9809,3,Gestión Pedagógica,3000000,3000000.0,Implementación avanzada: 75% a 99%,False,False,3000000,3000000.0,Gestión Pedagógica,Implementación avanzada: 75% a 99%,9809,ESCUELA PARTICULAR SAINT PHILLIP OF NERY,Particular subvencionado,basica_media,249,Acompañamiento a estudiantes,"Unidad Técnico pedagógica y Convivencia escolar realizaran acompañamiento a los estudiantes con aprendizajes descendidos, problemas de repitencia y/o socioemocionales  respectivos con el fin de obtener mejoras en sus procesos educativos.",1,False,False,True,False,False,True,6.477121399484465
73498,9809,3,Gestión Pedagógica,500000,500000.0,Implementación avanzada: 75% a 99%,False,False,500000,500000.0,Gestión Pedagógica,Implementación avanzada: 75% a 99%,9809,ESCUELA PARTICULAR SAINT PHILLIP OF NERY,Particular subvencionado,basica_media,249,Apoyo Social,"Encargada de convivencia previa entrevista con Estudiantes y Apoderados, realiza derivaciones a redes de apoyo social como por ejemplo: PIE, OPD, TRIBUNALES DE FAMILIA, entre otros, con el fin de asegurar la integridad de cada estudiante.",1,False,False,True,False,False,True,5.698970872924114
73499,9809,3,Gestión Pedagógica,500000,500000.0,Implementación avanzada: 75% a 99%,False,False,500000,500000.0,Gestión Pedagógica,Implementación avanzada: 75% a 99%,9809,ESCUELA PARTICULAR SAINT PHILLIP OF NERY,Particular subvencionado,basica_media,249,Apoyo profesional,Se realizan derivaciones a redes externas (Ej. CESFAM) a estudiantes que han sido detectados con dificultades FONOAUDIOLOGICAS y PSICOLOGICAS.,1,False,False,True,False,False,True,5.698970872924114
73500,9809,3,Gestión Pedagógica,3500000,3500000.0,Implementación avanzada: 75% a 99%,False,False,3500000,3500000.0,Gestión Pedagógica,Implementación avanzada: 75% a 99%,9809,ESCUELA PARTICULAR SAINT PHILLIP OF NERY,Particular subvencionado,basica_media,249,Apoyo y acompañamiento a los docentes,"Unidad Técnico pedagógica y Directora, realizan acompañamientos al 80% de los docentes que trabajan en nuestro establecimiento, a lo menos en dos ocasiones durante el año académico, reuniéndose con ellos luego de cada acompañamiento, para retroalimentar al Docente, con el fin de orientar, destacar y/o mejorar sus prácticas pedagógicas, para fortalecer el proceso educativo.",1,False,False,True,False,False,True,6.5440681684343955
73501,9809,3,Gestión Pedagógica,9300000,9300000.0,Implementación avanzada: 75% a 99%,False,False,9300000,9300000.0,Gestión Pedagógica,Implementación avanzada: 75% a 99%,9809,ESCUELA PARTICULAR SAINT PHILLIP OF NERY,Particular subvencionado,basica_media,249,Atención Psicopedagógica,"Los estudiantes que presentan dificultades de aprendizaje son derivados y atendidos por la psicopedagoga, quien buscará promover el desarrollo de habilidades para lograr avances en el proceso educativo de los estudiantes, trabajando con los estudiantes en sus salas de clases, en las asignaturas de Lenguaje y Matemáticas.",1,False,False,True,False,False,True,6.968482995252264
73502,9809,3,Liderazgo,1000000,1000000.0,Implementación parcial: 25% a 49%,False,False,1000000,1000000.0,Liderazgo,Implementación parcial: 25% a 49%,9809,ESCUELA PARTICULAR SAINT PHILLIP OF NERY,Particular subvencionado,basica_media,249,Mejoras educativas,"Unidad Técnico Pedagógica diseña un calendario para realizar reuniones con el fin de sintetizar los espacios de reflexión del proceso educativo, potenciando en conjunto (Docente de aula, UTP y Psicopedagoga) el quehacer pedagógico en cada área y nivel educativo.",1,False,False,True,False,False,True,6.0000004342942646
73503,9809,3,Liderazgo,2000000,2000000.0,Implementación avanzada: 75% a 99%,False,False,2000000,2000000.0,Liderazgo,Implementación avanzada: 75% a 99%,9809,ESCUELA PARTICULAR SAINT PHILLIP OF NERY,Particular subvencionado,basica_media,249,Consejos pedagógicos,"El equipo de gestión diseña un calendario de consejos pedagógicos de acuerdo a las necesidades y lineamientos técnicos, los cuales van en pro de mejorar los resultados de aprendizaje de los estudiantes y avanzar en nuestro quehacer pedagógico.",1,False,False,True,False,False,True,6.301030212811168
73504,9809,3,Liderazgo,4000000,4000000.0,Implementación avanzada: 75% a 99%,False,False,4000000,4000000.0,Liderazgo,Implementación avanzada: 75% a 99%,9809,ESCUELA PARTICULAR SAINT PHILLIP OF NERY,Particular subvencionado,basica_media,249,Capacitación Webclass,Durante el transcurso del año escolar se realizarán capacitaciones a EGE y cuerpo Docente referentes al uso de la plataforma Webclass,1,False,False,True,False,False,True,6.6020600999015695
73505,9809,3,Liderazgo,4000000,4000000.0,Implementación adecuada: 50% a 74%,False,False,4000000,4000000.0,Liderazgo,Implementación adecuada: 50% a 74%,9809,ESCUELA PARTICULAR SAINT PHILLIP OF NERY,Particular subvencionado,basica_media,249,Capacitación del equipo de gestión y docentes,"Se capacita al equipo de gestión y docentes en diversas áreas de trabajo, de acuerdo a las necesidades que se detectan en el proceso anual.",1,False,False,True,False,False,True,6.6020600999015695
73534,9811,3,Convivencia Escolar,20000000,20000000.0,Implementación completa: 100%,False,False,20000000,20000000.0,Convivencia Escolar,Implementación completa: 100%,9811,ESCUELA PART. REPUBLICA ALEMANIA FEDERAL,Particular subvencionado,basica_media,1592,POTENCIANDO UNA BUENA Y SANA CONVIVENCIA,"Se fortalecerá la buena y sana convivencia a través de la atención directa, personalizada y /o grupal de nuestros estudiantes, utilizando métodos, técnicas y estrategias que les permitan entender y contener sus emociones, resolver pacíficamente sus conflictos e interactuar de manera empática y asertiva con su entorno.",1,True,False,False,False,False,False,7.301030017378705
73535,9811,3,Convivencia Escolar,10000000,10000000.0,Implementación completa: 100%,False,False,10000000,10000000.0,Convivencia Escolar,Implementación completa: 100%,9811,ESCUELA PART. REPUBLICA ALEMANIA FEDERAL,Particular subvencionado,basica_media,1592,RELACIONÁNDONOS ARMONIOSAMENTE,"A través de variadas actividades que potencien el desarrollo del sentido de pertenencia a la institución, docentes, asistentes, estudiantes y apoderados participarán en actividades curriculares y extracurriculares como: celebraciones de Actos Cívicos, Fiestas Patrias, Aniversario de la Escuela, Día de la Solidaridad y Día del Estudiante, entre otras.",1,True,False,False,False,False,False,7.000000043429446
73536,9811,3,Convivencia Escolar,20000000,20000000.0,Implementación completa: 100%,False,False,20000000,20000000.0,Convivencia Escolar,Implementación completa: 100%,9811,ESCUELA PART. REPUBLICA ALEMANIA FEDERAL,Particular subvencionado,basica_media,1592,PROMOVIENDO BIENESTAR SOCIOEMOCIONAL,"Para fortalecer el ámbito socioemocional de los miembros de esta comunidad educativa (estudiantes, docentes, asistentes, padres y apoderados), se diseñarán estrategias que favorezcan la adquisición de habilidades que les permitan aplicar en su vida diaria las cinco dimensiones que lo componen: autoconocimiento, autorregulación, autonomía, empatía y colaboración.",1,True,False,False,False,False,False,7.301030017378705
73537,9811,3,Gestión de Recursos,130000000,130000000.0,Implementación completa: 100%,False,False,130000000,130000000.0,Gestión de Recursos,Implementación completa: 100%,9811,ESCUELA PART. REPUBLICA ALEMANIA FEDERAL,Particular subvencionado,basica_media,1592,ATENDIENDO LA DIVERSIDAD,"Se brindará apoyo pedagógico personalizado a niños y niñas de primer ciclo básico que presenten NEE. Estarán a cargo de docentes y asistentes, que utilizarán como principal recurso el Domo de la diversidad. Se contará además, con asistentes de apoyo en 1°, 2° y 3° básicos, y codocentes en niveles superiores quienes contribuirán además, con el bienestar de cada estudiante.",1,True,False,False,False,False,False,8.113943355647564
73538,9811,3,Gestión de Recursos,80000000,80000000.0,Implementación completa: 100%,False,False,80000000,80000000.0,Gestión de Recursos,Implementación completa: 100%,9811,ESCUELA PART. REPUBLICA ALEMANIA FEDERAL,Particular subvencionado,basica_media,1592,CREANDO AMBIENTES FACILITADORES DE BUENOS APRENDIZAJES,"Se mejorará el entorno y se adquirirán elementos necesarios para promover bienestar, aprendizajes significativos y seguridad en todos(as) los(as) estudiantes. Con esta acción se pretende mejorar el rendimiento académico en un clima de buena y sana convivencia.",1,True,False,False,False,False,False,7.903089992420624
73539,9811,3,Gestión de Recursos,80000000,80000000.0,Implementación completa: 100%,False,False,80000000,80000000.0,Gestión de Recursos,Implementación completa: 100%,9811,ESCUELA PART. REPUBLICA ALEMANIA FEDERAL,Particular subvencionado,basica_media,1592,POTENCIANDO MEJORA EN LOS APRENDIZAJES,"Se gestionará la adquisición y reparación de los recursos pedagógicos necesarios para apoyar los procesos de aprendizaje de todos los estudiantes (especialmente los prioritarios) y los procesos de gestión institucional. Estos recursos serán adquiridos en los tiempos adecuados, según necesidades observadas y/o manifestadas.",1,True,False,False,False,False,False,7.903089992420624
73540,9811,3,Gestión Pedagógica,10000000,10000000.0,Implementación completa: 100%,False,False,10000000,10000000.0,Gestión Pedagógica,Implementación completa: 100%,9811,ESCUELA PART. REPUBLICA ALEMANIA FEDERAL,Particular subvencionado,basica_media,1592,ARTICULANDO EL CURRICULUM CON EL CRA,"Se elaborará un Plan de trabajo Anual, el cual contemple actividades curriculares que fomenten el interés por la información, el conocimiento en diferentes áreas y el placer por la lectura en el Centro de Recursos para el Aprendizaje (CRA).",1,True,False,False,False,False,False,7.000000043429446
73541,9811,3,Gestión Pedagógica,20000000,20000000.0,Implementación completa: 100%,False,False,20000000,20000000.0,Gestión Pedagógica,Implementación completa: 100%,9811,ESCUELA PART. REPUBLICA ALEMANIA FEDERAL,Particular subvencionado,basica_media,1592,PROMOVIENDO EL GUSTO POR LA LECTURA,"Se generarán instancias para encantar a las y los estudiantes con los recursos y rincones acogedores con los que cuenta el CRA. Se potenciará dicho espacio a través de actividades que estimulen la asistencia de niños y niñas, de manera libre y voluntaria, durante los recreos.",1,True,False,False,False,False,False,7.301030017378705
73542,9811,3,Gestión Pedagógica,10000000,10000000.0,Implementación completa: 100%,False,False,10000000,10000000.0,Gestión Pedagógica,Implementación completa: 100%,9811,ESCUELA PART. REPUBLICA ALEMANIA FEDERAL,Particular subvencionado,basica_media,1592,MONITOREANDO LA COBERTURA CURRICULAR,"Se revisarán planificaciones y leccionarios. Se preparará material pedagógico audiovisual y tangible, para abordar de manera sistemática los niveles de aprendizajes de las y los estudiantes. El Cuerpo Docente se reunirá periódicamente para analizar y reflexionar sobre los resultados académicos, evaluar la cobertura curricular y planificar acciones para el siguiente periodo.",1,True,False,False,False,False,False,7.000000043429446
73543,9811,3,Gestión Pedagógica,20000000,20000000.0,Implementación completa: 100%,False,False,20000000,20000000.0,Gestión Pedagógica,Implementación completa: 100%,9811,ESCUELA PART. REPUBLICA ALEMANIA FEDERAL,Particular subvencionado,basica_media,1592,REACTIVANDO APRENDIZAJES,"Se atenderá la recuperación de aprendizajes considerando los objetivos basales y complementarios. Se contemplará el desarrollo de habilidades socioemocionales y de las diferentes áreas del currículum. Se utilizarán recursos didácticos, metodologías para medir procesos, material pedagógico y evaluaciones diferenciadas. Se contará además, con docentes y asistentes para apoyar en lecto escritura.",1,True,False,False,False,False,False,7.301030017378705
73544,9811,3,Gestión Pedagógica,10000000,10000000.0,Implementación completa: 100%,False,False,10000000,10000000.0,Gestión Pedagógica,Implementación completa: 100%,9811,ESCUELA PART. REPUBLICA ALEMANIA FEDERAL,Particular subvencionado,basica_media,1592,IMPLEMENTANDO ESTRATEGIAS DE TRANSICIÓN EDUCATIVA,"Educadoras de Párvulos junto a Docentes de primero y segundo básico se reunirán para analizar la transición curricular de los textos de estudio, compartir estrategias evaluativas y transferir instancias que validen el juego y las situaciones lúdicas en el aula. Se planificarán experiencias que impliquen el trabajo en equipo y la solidaridad entre los niveles de kínder y primero básico.",1,True,False,False,False,False,False,7.000000043429446
73545,9811,3,Gestión Pedagógica,10000000,10000000.0,Implementación completa: 100%,False,False,10000000,10000000.0,Gestión Pedagógica,Implementación completa: 100%,9811,ESCUELA PART. REPUBLICA ALEMANIA FEDERAL,Particular subvencionado,basica_media,1592,EVALUANDO PROCESOS PEDAGÓGICOS,"Se monitorearán procesos pedagógicos de los y las estudiantes. Se llevará un registro de las evaluaciones diagnósticas, formativas y sumativas con el objeto de adoptar decisiones que permitan promover el progreso del aprendizaje y retroalimentar los procesos de enseñanza. Se     llevará a cabo un plan de acompañamiento para niños y niñas que manifiesten dificultades para aprender.",1,True,False,False,False,False,False,7.000000043429446
73546,9811,3,Liderazgo,40000000,40000000.0,Implementación completa: 100%,False,False,40000000,40000000.0,Liderazgo,Implementación completa: 100%,9811,ESCUELA PART. REPUBLICA ALEMANIA FEDERAL,Particular subvencionado,basica_media,1592,INCENTIVANDO NUESTRO QUEHACER,"Al término de cada semestre se brindará un incentivo económico a docentes y asistentes de  la educación, de acuerdo al desempeño laboral evidenciado. Se medirá a través de una pauta de evaluación previamente consensuada.",1,True,False,False,False,False,False,7.602060002185325
73547,9811,3,Liderazgo,10000000,10000000.0,Implementación completa: 100%,False,False,10000000,10000000.0,Liderazgo,Implementación completa: 100%,9811,ESCUELA PART. REPUBLICA ALEMANIA FEDERAL,Particular subvencionado,basica_media,1592,RETROALIMENTANDO PRÁCTICAS PEDAGÓGICAS,"Se acompañará en el aula a los docentes que formen partes de esta comunidad, para brindarles una retroalimentación reflexiva de sus prácticas, que les permita: tomar decisiones sobre acciones futuras, potenciar los resultados de aprendizajes de los y las estudiantes y establecer compromisos de mejora. Se consensuará la revisión y sociabilización de una pauta de acompañamiento y retroalimentación.",1,True,False,False,False,False,False,7.000000043429446
73548,9811,3,Liderazgo,20000000,20000000.0,Implementación completa: 100%,False,False,20000000,20000000.0,Liderazgo,Implementación completa: 100%,9811,ESCUELA PART. REPUBLICA ALEMANIA FEDERAL,Particular subvencionado,basica_media,1592,FORTALECIENDO EL DESARROLLO PROFESIONAL DOCENTE,"Los Docentes conformarán Comunidades de Aprendizaje Profesional para trabajar colaborativamente y reflexionar en cómo mejorar el aprendizaje de las y los estudiantes. Participarán en reuniones de nivel para transferir estrategias conducentes al aprendizaje de nuevas metodologías. Según las necesidades de desarrollo profesional docente se realizarán capacitaciones, charlas y/o talleres.",1,True,False,False,False,False,False,7.301030017378705
73549,9811,3,Liderazgo,50000000,50000000.0,Implementación completa: 100%,False,False,50000000,50000000.0,Liderazgo,Implementación completa: 100%,9811,ESCUELA PART. REPUBLICA ALEMANIA FEDERAL,Particular subvencionado,basica_media,1592,DESARROLLANDO OTRAS HABILIDADES,"Implementación de talleres Curriculares y Extracurriculares.  Los primeros, para reforzar objetivos de aprendizaje en: lenguaje, matemática, inglés, ed. física y Tics. Y los segundos, diseñados para desarrollar habilidades artísticas, deportivas y sociales, a través de: fútbol, básquetbol, natación, taekwondo, banda, ajedrez, teatro, coro, lucha greco-romana y orquesta, entre otros.",1,True,False,False,False,False,False,7.698970013021908
73550,9811,3,Liderazgo,10000000,10000000.0,Implementación completa: 100%,False,False,10000000,10000000.0,Liderazgo,Implementación completa: 100%,9811,ESCUELA PART. REPUBLICA ALEMANIA FEDERAL,Particular subvencionado,basica_media,1592,ALCANZANDO NUESTRAS METAS INSTITUCIONALES,"Se velará por el resguardo de los aprendizajes de todos(as) los(as) estudiantes. Para ello, se implementarán medidas que garanticen el cumplimiento de cada meta institucional, como: mejorar el rendimiento académico, las prácticas docentes, la asistencia a clases, mantener una adecuada convivencia escolar, y aumentar la participación de la familia en el proceso educativo.",1,True,False,False,False,False,False,7.000000043429446
73611,9827,3,Convivencia Escolar,7000000,7000000.0,Implementación completa: 100%,False,False,7000000,7000000.0,Convivencia Escolar,Implementación completa: 100%,9827,COLEGIO IDOP LIMITADA,Particular subvencionado,basica_media,1057,"Rol Activo Ante Situaciones, Casos Y Hechos De Convivencia Escolar","El departamento de convivencia escolar, realizaran un monitoreo y seguimiento del manual de convivencia escolar llevando acabo registro de las reuniones y entrevista con los estudiantes y apoderados de cada caso que se presente para activar los protocolos y el plan de convivencia escolar, al término de cada semestre se realizara un análisis de los casos atendidos.",1,True,False,False,False,False,False,6.845098102056321
73612,9827,3,Convivencia Escolar,20000000,20000000.0,Implementación completa: 100%,False,False,20000000,20000000.0,Convivencia Escolar,Implementación completa: 100%,9827,COLEGIO IDOP LIMITADA,Particular subvencionado,basica_media,1057,"Talleres Formativos Artísticos, Deportivos Y Recreativos.","Se contratará profesionales y /o horas de profesionales para la implementación de talleres artísticos y deportivos, y se adquirirá implementos necesarios para su ejecución como instrumentos musicales, indumentaria, etc, presentando cada uno de los encargados de los talleres un proyecto y planificación de su taller, llevando una bitácora de trabajo con la asistencia y actividades realizadas.",1,True,False,False,False,False,False,7.301030017378705
73613,9827,3,Convivencia Escolar,25000000,25000000.0,Implementación completa: 100%,False,False,25000000,25000000.0,Convivencia Escolar,Implementación completa: 100%,9827,COLEGIO IDOP LIMITADA,Particular subvencionado,basica_media,1057,Liderazgo Y Rol Formativo De Los Educadores.,"Se realizará un seguimiento a los estudiantes en los diversos procesos formativos, manteniendo el vinculo constante entre colegio y familia, contribuyendo a la formación integral, contención emocional y comunicación efectiva a través de reuniones de apoderados, estudiantes y otros medios de comunicación.",1,True,False,False,False,False,False,7.397940026043816
73614,9827,3,Convivencia Escolar,22000000,22000000.0,Implementación completa: 100%,False,False,22000000,22000000.0,Convivencia Escolar,Implementación completa: 100%,9827,COLEGIO IDOP LIMITADA,Particular subvencionado,basica_media,1057,Formación integral de nuestros estudiantes y de la comunidad educativa,"Se realizarán talleres formativos y seguimiento a la comunidad escolar con orientadores, psicólogos, desarrollador personal etc.  para trabajar la comunicación, resolución de conflictos, sexualidad, convivencia, socioemocional, herramientas de parentalidad respetuosa /positiva como el establecimiento de límites y hábitos de estudios etc.",1,True,False,False,False,False,False,7.342422700562864
73615,9827,3,Convivencia Escolar,5000000,5000000.0,Implementación completa: 100%,False,False,5000000,5000000.0,Convivencia Escolar,Implementación completa: 100%,9827,COLEGIO IDOP LIMITADA,Particular subvencionado,basica_media,1057,Ejecución del proyecto pastoral.,"Se contará con personal a cargo de organizar y ejecutar el plan pastoral, para fortalecer el sentido de pertenencia con nuestro Sello Católico, educar en valores cristiano católicos, como la solidaridad, los principios de nuestro PEI, realizando actividades con la comunidad escolar, para esto se llevará un registro y una evaluación de las actividades para ver el impacto en nuestra comunidad.",1,True,False,False,False,False,False,6.698970091194907
73616,9827,3,Convivencia Escolar,5000000,5000000.0,Implementación completa: 100%,False,False,5000000,5000000.0,Convivencia Escolar,Implementación completa: 100%,9827,COLEGIO IDOP LIMITADA,Particular subvencionado,basica_media,1057,Reconociendo  valores y aptitudes en la participación de la comunidad.,Se realizarán premiaciones y actividades de participación para toda la comunidad educativa con el objetivo de integrar y premiar el esfuerzo de superación y compromiso por la institución realizando un proyecto de las actividades realizadas y una evaluación a través de encuestas de percepción en el que se realizará un informe semestral de resultados de las actividades realizadas.,1,True,False,False,False,False,False,6.698970091194907
73617,9827,3,Gestión de Recursos,15000000,15000000.0,Implementación completa: 100%,False,False,15000000,15000000.0,Gestión de Recursos,Implementación completa: 100%,9827,COLEGIO IDOP LIMITADA,Particular subvencionado,basica_media,1057,Mejorando La Gestión Y Administración De Recursos.,Se contratará profesionales de apoyo al equipo de administración financiera SEP para adquisición de implementos y materiales SEP orientados a la ejecución del PME y que favorezcan el funcionamiento administrativo y financiero El equipo de administración realizará la rendición de cuentas respectiva de los recursos de manera semestral y elaborará un informe de evaluación anual.,1,True,False,False,False,False,False,7.176091288008646
73618,9827,3,Gestión de Recursos,12000000,12000000.0,Implementación completa: 100%,False,False,12000000,12000000.0,Gestión de Recursos,Implementación completa: 100%,9827,COLEGIO IDOP LIMITADA,Particular subvencionado,basica_media,1057,"Perfeccionamiento de directivos, docentes y asistentes de la educación.","Planificación de ciclos de capacitaciones basadas en un diagnóstico de competencias para docentes, directivos y asistentes de la educación que resulten consensuadas e idóneas a sus necesidades y a las necesidades de sus estudiantes, haciendo seguimiento de las prácticas implementadas en el aula a partir de las capacitaciones realizadas.",1,True,False,False,False,False,False,7.07918128223883
73619,9827,3,Gestión de Recursos,15000000,15000000.0,Implementación completa: 100%,False,False,15000000,15000000.0,Gestión de Recursos,Implementación completa: 100%,9827,COLEGIO IDOP LIMITADA,Particular subvencionado,basica_media,1057,Implementación de recursos y espacios de aprendizaje.,"Se realizarán proyectos de necesidades de mejora de los espacios educativos, recursos didácticos y otros, a fin de implementar las modificaciones que requiere el establecimiento en función de las necesidades de los estudiantes. Se llevará un inventario con los recursos didácticos y un seguimiento de su uso.",1,True,False,False,False,False,False,7.176091288008646
73620,9827,3,Gestión de Recursos,55000000,55000000.0,Implementación completa: 100%,False,False,55000000,55000000.0,Gestión de Recursos,Implementación completa: 100%,9827,COLEGIO IDOP LIMITADA,Particular subvencionado,basica_media,1057,La Tecnología al servicio de nuestros estudiantes.,"Contratación de RRHH de apoyo, plataformas y recursos educacionales que potencien los aprendizajes de los estudiantes. En reuniones técnicas con docentes se analizará fortalezas tecnológicas y necesidades para apoyar el aprendizaje. Se adquirirán recursos tecnológicos para estudiantes, docentes y personal educativo que apoyen el proceso de aprendizaje.",1,True,False,False,False,False,False,7.740362697390507
73621,9827,3,Gestión de Recursos,10000000,10000000.0,Implementación completa: 100%,False,False,10000000,10000000.0,Gestión de Recursos,Implementación completa: 100%,9827,COLEGIO IDOP LIMITADA,Particular subvencionado,basica_media,1057,Impulsando Una Gestión Del Personal Para El Buen Desempeño.,Implementar un sistema de evaluación y cumplimiento de metas con indicadores que midan el desempeño docente a través de los resultados de aprendizaje de los alumnos y las buenas prácticas contenidas en el Marco de la buena enseñanza.,1,True,False,False,False,False,False,7.000000043429446
73622,9827,3,Gestión Pedagógica,20000000,20000000.0,Implementación completa: 100%,False,False,20000000,20000000.0,Gestión Pedagógica,Implementación completa: 100%,9827,COLEGIO IDOP LIMITADA,Particular subvencionado,basica_media,1057,Fortaleciendo el trabajo colaborativo y retroalimentación pedagógica.,"Se contará con extensión de horas docentes y de personal especializado para articular y promover estrategias pedagógicas formativas y académicas para el desarrollo de habilidades y metacognición a través del trabajo colaborativo con los docentes y codocentes de cada departamento de aprendizaje, gestionando la planificación y retroalimentación, creación de proyectos, materiales y atención a grupos",1,True,False,False,False,False,False,7.301030017378705
73623,9827,3,Gestión Pedagógica,25000000,25000000.0,Implementación avanzada: 75% a 99%,False,False,25000000,25000000.0,Gestión Pedagógica,Implementación avanzada: 75% a 99%,9827,COLEGIO IDOP LIMITADA,Particular subvencionado,basica_media,1057,Monitoreo en el aula y retroalimentación de estrategias,"Se realizará un acompañamiento docente a través de una pauta para observar ciertos indicadores, los cuales se consensuarán en reuniones técnicas con todos los docentes, se aplicará una pauta estandarizada en base al MBE, EID y PEI a cada docente y luego se realizará la retroalimentación en forma individual con orientaciones para la mejora.",1,False,False,True,False,False,True,7.397940026043816
73624,9827,3,Gestión Pedagógica,55000000,55000000.0,Implementación completa: 100%,False,False,55000000,55000000.0,Gestión Pedagógica,Implementación completa: 100%,9827,COLEGIO IDOP LIMITADA,Particular subvencionado,basica_media,1057,Monitoreo y Aseguramiento de la cobertura curricular,"Se contratará personal, horas de personal y plataforma de registro de evaluaciones para la revisión y retroalimentación de la implementación de planificaciones mensual y anual, por parte de Utp y Coordinador académico a través de reuniones mensuales con docentes y encargados de departamento, para el monitoreo y evaluación de la cobertura curricular.",1,True,False,False,False,False,False,7.740362697390507
73625,9827,3,Gestión Pedagógica,15000000,15000000.0,Implementación avanzada: 75% a 99%,False,False,15000000,15000000.0,Gestión Pedagógica,Implementación avanzada: 75% a 99%,9827,COLEGIO IDOP LIMITADA,Particular subvencionado,basica_media,1057,Fomento lecto - escritura,"Contratación de docente de lenguaje, junto al diseño de un plan de trabajo en el cual se  desarrollarán actividades de fomento, gusto e interés por la lectura, así como también actividades orientadas a la lectoescritura y el fortalecimiento de la comprensión lectora.",1,False,False,True,False,False,True,7.176091288008646
73626,9827,3,Gestión Pedagógica,40000000,40000000.0,Implementación completa: 100%,False,False,40000000,40000000.0,Gestión Pedagógica,Implementación completa: 100%,9827,COLEGIO IDOP LIMITADA,Particular subvencionado,basica_media,1057,Equipo Multidisciplinario.,"Se contratarán profesionales para formar un equipo multidisciplinario (psicopedagóga, terapeuta ocupacional, asistente social, fonoaudiologa, etc.) el cual elaborará una nómina de estudiantes con necesidades educativas, su diagnóstico y un plan de trabajo de cada profesional a fin de generar derivaciones a especialistas externos, seguimiento para monitorear el proceso de adecuación curricular.",1,True,False,False,False,False,False,7.602060002185325
73627,9827,3,Gestión Pedagógica,20000000,20000000.0,Implementación no efectuada: 0%,False,False,20000000,20000000.0,Gestión Pedagógica,Implementación no efectuada: 0%,9827,COLEGIO IDOP LIMITADA,Particular subvencionado,basica_media,1057,Fortaleciendo habilidades y competencias para una formación integral,"Contar con profesionales de la educación para reactivar y reforzar los aprendizajes descendidos y fortalecer las estrategias e instancias para el desarrollo de talentos y diversas habilidades cognitivas con el objetivo de potenciar los aprendizajes pedagógicos, formativos, emocionales y psicosociales. Para esto se realizará una planificación y se llevará una bitácora y un informe de evaluación.",1,False,False,True,False,False,True,7.301030017378705
73628,9827,3,Gestión Pedagógica,15000000,15000000.0,Implementación completa: 100%,False,False,15000000,15000000.0,Gestión Pedagógica,Implementación completa: 100%,9827,COLEGIO IDOP LIMITADA,Particular subvencionado,basica_media,1057,Plan de fomento al idioma inglés.,"Se contará con personal especializados en inglés, para potenciar el desarrollo del idioma inglés, y a su vez, las habilidades interculturales en los estudiantes en todos los niveles, utilizando distintas metodologías y estrategias pedagógicas relevantes que determine el equipo de inglés en coordinación con UTP. Se medirá el nivel de inglés según el Marco Común Europeo de Referencia.",1,True,False,False,False,False,False,7.176091288008646
73629,9827,3,Gestión Pedagógica,55000000,55000000.0,Implementación completa: 100%,False,False,55000000,55000000.0,Gestión Pedagógica,Implementación completa: 100%,9827,COLEGIO IDOP LIMITADA,Particular subvencionado,basica_media,1057,Apoyo a la acción docente (Asistentes de aula),"Se contará con asistentes de la educación en aula y codocentes, enfocados en las necesidades de aprendizaje de sus estudiantes, a partir de un plan de trabajo del docente titular según el diagnóstico del curso y la normalización de las clases dentro del aula conforme la planificación de UTP; quedando registro del apoyo en bitácoras y evaluar semestralmente el nivel de logros.",1,True,False,False,False,False,False,7.740362697390507
73630,9827,3,Gestión Pedagógica,20000000,20000000.0,Implementación completa: 100%,False,False,20000000,20000000.0,Gestión Pedagógica,Implementación completa: 100%,9827,COLEGIO IDOP LIMITADA,Particular subvencionado,basica_media,1057,Diversificación de Espacios Educativos,"Los docentes implementan proyectos pedagógicos, centrados en estrategias innovadoras y variadas, que consideren diferentes escenarios de aprendizaje, dentro y fuera del establecimiento, se contará con una planificación de las actividades y una evaluación formativa.",1,True,False,False,False,False,False,7.301030017378705
73631,9827,3,Liderazgo,25000000,25000000.0,Implementación completa: 100%,False,False,25000000,25000000.0,Liderazgo,Implementación completa: 100%,9827,COLEGIO IDOP LIMITADA,Particular subvencionado,basica_media,1057,Ajustando y articulando nuestro PEI y Planes por Normativa.,"Se realizarán reuniones y encuentros de trabajo para el análisis del P.E.I y planes por normativa para lograr un sentido de pertenencia en la comunidad escolar con la institución, producto de lo cual se elaborará un informe semestral de desempeño.",1,True,False,False,False,False,False,7.397940026043816
73632,9827,3,Liderazgo,25000000,25000000.0,Implementación completa: 100%,False,False,25000000,25000000.0,Liderazgo,Implementación completa: 100%,9827,COLEGIO IDOP LIMITADA,Particular subvencionado,basica_media,1057,"Elaboración, monitoreo y evaluación del PME","Se contratará una asesoría externa para apoyar al equipo de gestión en la construcción del plan de mejoramiento educativo, realizando un trabajo colaborativo en cada una de las etapas. Se llevará una planilla de monitoreo y seguimiento de la implementación para dar cumplimiento a lo propuesto en el PME y al finalizar cada semestre se entregará un informe de análisis del trabajo realizado.",1,True,False,False,False,False,False,7.397940026043816
73633,9827,3,Liderazgo,15000000,15000000.0,Implementación completa: 100%,False,False,15000000,15000000.0,Liderazgo,Implementación completa: 100%,9827,COLEGIO IDOP LIMITADA,Particular subvencionado,basica_media,1057,Impulsando El Liderazgo Y Seguimiento Sistemático De Metas Y Resultados.,"Contar con información cuantitativa y cualitativa de los avances y logros en dimensiones  académicas y socioemocionales, asegurando el logro de metas a través de análisis de datos, para una toma de decisiones oportuna y reprogramación de acciones que apunten hacia la mejora de los aprendizajes.",1,True,False,False,False,False,False,7.176091288008646
73666,9829,3,Convivencia Escolar,15000000,15000000.0,Implementación completa: 100%,False,False,15000000,15000000.0,Convivencia Escolar,Implementación completa: 100%,9829,COLEGIO BICENTENARIO DE EXCELENCIA MIGUEL DE CERVANTES,Particular subvencionado,basica_media,617,Fomento al sentido de pertenencia Bicentenario CMC,"Implementación de talleres deportivos, actividades artísticas, académicas y culturales, entre otras, las que fomenten el desarrollo del sentido de pertenencia, a través de la representatividad del Colegio en variadas actividades.   También Incorpora la Gestión de las comunicaciones del establecimiento, por medio de un CM, además del reconocimiento a estudiantes destacados en diversas áreas.",1,True,False,False,False,False,False,7.176091288008646
73667,9829,3,Convivencia Escolar,28000000,28000000.0,Implementación completa: 100%,False,False,28000000,28000000.0,Convivencia Escolar,Implementación completa: 100%,9829,COLEGIO BICENTENARIO DE EXCELENCIA MIGUEL DE CERVANTES,Particular subvencionado,basica_media,617,Participando en el Bicentenario,"Se implementan diversas acciones que contribuyan al desarrollo integral y socioemocional de los estudiantes, esencialmente prioritarios y preferentes; potenciando un clima sano a través de actividades internas o externas que promuevan la participación en actividades relacionadas a la ciudadanía, el arte, deporte, esparcimiento, concursos, entre otras, todas asociadas al plan de convivencia.",1,True,False,False,False,False,False,7.447158046852736
73668,9829,3,Gestión de Recursos,13000000,13000000.0,Implementación completa: 100%,False,False,13000000,13000000.0,Gestión de Recursos,Implementación completa: 100%,9829,COLEGIO BICENTENARIO DE EXCELENCIA MIGUEL DE CERVANTES,Particular subvencionado,basica_media,617,Material didáctico e impresiones para los estudiantes,"Los estudiantes, principalmente prioritarios y preferentes, tendrán acceso a material pedagógico impreso y material didáctico - educativo, insumo escolar y tecnológico que requieran para mejorar y potenciar sus aprendizaje, apoyando las responsabilidades académicas para facilitarles el proceso escolar, pudiéndoles aminorar barreras de acceso al aprendizaje y al estudio.",1,True,False,False,False,False,False,7.113943385714103
73669,9829,3,Gestión de Recursos,15000000,15000000.0,Implementación completa: 100%,False,False,15000000,15000000.0,Gestión de Recursos,Implementación completa: 100%,9829,COLEGIO BICENTENARIO DE EXCELENCIA MIGUEL DE CERVANTES,Particular subvencionado,basica_media,617,Fortalecimiento de los espacios educativos y formativos,"Se fomentan y fortifican los diversos espacios del establecimiento para brindar ambientes de aprendizajes significativos, que sean estos: acogedores, seguros, agradables y con insumos renovados y modernos que estén al alcance de todos, primordialmente prioritarios y preferentes. Encausando los apoyos en las áreas: Técnico profesional, Ciencias, actividades cívicas, Matemática u otra requerida.",1,True,False,False,False,False,False,7.176091288008646
73670,9829,3,Gestión de Recursos,12000000,12000000.0,Implementación completa: 100%,False,False,12000000,12000000.0,Gestión de Recursos,Implementación completa: 100%,9829,COLEGIO BICENTENARIO DE EXCELENCIA MIGUEL DE CERVANTES,Particular subvencionado,basica_media,617,CRA y Plan Lector,"Se apoya el logro de las metas de aprendizajes asociados a las habilidades lectoras desde, el CRA y el Plan Lector, para mantener y potenciar los resultados de la lectura, ampliando con estrategias las habilidades que el alumnado requiera para la satisfacción de las diversas mediciones externas.",1,True,False,False,False,False,False,7.07918128223883
73671,9829,3,Gestión de Recursos,25000000,25000000.0,Implementación completa: 100%,False,False,25000000,25000000.0,Gestión de Recursos,Implementación completa: 100%,9829,COLEGIO BICENTENARIO DE EXCELENCIA MIGUEL DE CERVANTES,Particular subvencionado,basica_media,617,Colegio sustentable,"Se aseguran los recursos financieros y las labores administrativas para dar sustento al PEI y el cumplimiento a la normativa vigente, considerando estrategias eficientes, que respondan al buen uso y el reporte de los recursos del Estado y;  que proyecten una comunidad educativa ordenada, segura, sin sanciones ni perjuicios hacia los alumnos.",1,True,False,False,False,False,False,7.397940026043816
73672,9829,3,Gestión de Recursos,8000000,8000000.0,Implementación completa: 100%,False,False,8000000,8000000.0,Gestión de Recursos,Implementación completa: 100%,9829,COLEGIO BICENTENARIO DE EXCELENCIA MIGUEL DE CERVANTES,Particular subvencionado,basica_media,617,Valoración del buen desempeño por logro de metas,"Programa de incentivo que transmita la mejora continua y el fortalecimiento del PEI a través de los resultados, de: eficiencia interna, aprendizajes, cumplimiento de la normativa, desempeño laboral y del Perfil Cervantino. Todo, para potenciar la calidad del aprendizaje, académicos y formativo, principalmente de los estudiantes prioritarios y preferentes y nuestro PEI.",1,True,False,False,False,False,False,6.903090041278751
73673,9829,3,Gestión de Recursos,30000000,30000000.0,Implementación completa: 100%,False,False,30000000,30000000.0,Gestión de Recursos,Implementación completa: 100%,9829,COLEGIO BICENTENARIO DE EXCELENCIA MIGUEL DE CERVANTES,Particular subvencionado,basica_media,617,Potenciando la asistencia a clases,"La unidad de inspectoría general desarrollará un plan con seguimiento-monitoreo y evaluación de la asistencia a clases, principalmente en los alumnos preferentes y prioritarios. Esta actividad contribuirá a disminuir el ausentismo escolar, por medio de la articulación de diversas estrategias que involucre a todos los actores educativos, detectando tempranamente los casos de ausentismo para ser apo",1,True,False,False,False,False,False,7.477121269196145
73674,9829,3,Gestión de Recursos,60000000,60000000.0,Implementación completa: 100%,False,False,60000000,60000000.0,Gestión de Recursos,Implementación completa: 100%,9829,COLEGIO BICENTENARIO DE EXCELENCIA MIGUEL DE CERVANTES,Particular subvencionado,basica_media,617,Mecanismos tecnológicos para la gestión educativa,"Se facilitan diversas plataformas, Big tablet y todo medio tecnológico, como herramientas para accionar tácticas que potencien los aprendizajes y la formación de los estudiantes para la era del S. XXI.  Atendiendo las necesidades básicas, tanto para los nativos digitales, como también; la estimulación y fortalecimiento hacia una cultura digital Cervantina para proyectar ciudadanos digitales.",1,True,False,False,False,False,False,7.778151257621885
73675,9829,3,Gestión Pedagógica,22000000,22000000.0,Implementación completa: 100%,False,False,22000000,22000000.0,Gestión Pedagógica,Implementación completa: 100%,9829,COLEGIO BICENTENARIO DE EXCELENCIA MIGUEL DE CERVANTES,Particular subvencionado,basica_media,617,Codocencias,Realización de co-docencias y talleres de reforzamiento para la mejora de los aprendizajes en las asignaturas de Lenguaje y Matemática en los niveles 1° y 2° medios.  También considera la co-docencia en asignaturas de la especialidad de Atención de Enfermería para talleres prácticos.,1,True,False,False,False,False,False,7.342422700562864
73676,9829,3,Gestión Pedagógica,20000000,20000000.0,Implementación completa: 100%,False,False,20000000,20000000.0,Gestión Pedagógica,Implementación completa: 100%,9829,COLEGIO BICENTENARIO DE EXCELENCIA MIGUEL DE CERVANTES,Particular subvencionado,basica_media,617,Acompañamiento Docente,"Realización de visitas al aula para mejorar las competencias profesionales y técnicas de los y las docentes.  Considera la realización del Proyecto ADECO y la contratación de un profesional para el cargo de Gestor Metodológico y Didáctico, que contribuya al acompañamiento docente y levante prácticas pedagógicas innovadoras",1,True,False,False,False,False,False,7.301030017378705
73677,9829,3,Gestión Pedagógica,9000000,9000000.0,Implementación avanzada: 75% a 99%,False,False,9000000,9000000.0,Gestión Pedagógica,Implementación avanzada: 75% a 99%,9829,COLEGIO BICENTENARIO DE EXCELENCIA MIGUEL DE CERVANTES,Particular subvencionado,basica_media,617,Apoyo a la inclusión,Acompañamiento de un profesional al apoyo del proceso educativo de todos los y las estudiantes que presenten NEE y que por cupos PIE no se encuentren en el programa.  Este apoyo es sólo de carácter pedagógico.,1,False,False,True,False,False,True,6.954242557694265
73678,9829,3,Gestión Pedagógica,28000000,8000000.0,Implementación completa: 100%,False,False,28000000,8000000.0,Gestión Pedagógica,Implementación completa: 100%,9829,COLEGIO BICENTENARIO DE EXCELENCIA MIGUEL DE CERVANTES,Particular subvencionado,basica_media,617,Articulación de nivelación y apoyos para la retención escolar,"Coordinación de apoyos necesarios para identificar tempranamente a los estudiantes en riesgo de deserción escolar y brechas de aprendizajes, generando diversos soportes que faciliten el éxito del proceso educativo.   También considera la nivelación de los y las estudiantes que ingresan a 1° medios, quienes participan de clases de 5 asignaturas durante una semana antes del inicio del año escolar.",1,True,False,False,False,False,False,7.447158046852736
73679,9829,3,Liderazgo,13000000,13000000.0,Implementación avanzada: 75% a 99%,False,False,13000000,13000000.0,Liderazgo,Implementación avanzada: 75% a 99%,9829,COLEGIO BICENTENARIO DE EXCELENCIA MIGUEL DE CERVANTES,Particular subvencionado,basica_media,617,Sistematización de resultados para el liderazgo,Coordinación y registros de las diversas acciones que permitan generar la sistematización de los resultados para la toma de decisiones oportunas.,1,False,False,True,False,False,True,7.113943385714103
73680,9829,3,Liderazgo,15000000,10000000.0,Implementación completa: 100%,False,False,15000000,10000000.0,Liderazgo,Implementación completa: 100%,9829,COLEGIO BICENTENARIO DE EXCELENCIA MIGUEL DE CERVANTES,Particular subvencionado,basica_media,617,Liderazgo de la EMTP,"Se considera el recurso humano que nos permita mejorar las tasas de titulación de las especialidades impartidas, como también la constitución del Consejo Asesor Empresarial, con el fin de mejorar la oferta educativa, así también las competencias de los docentes del área TP que se vincule con el mundo empresarial y de respuestas a los requerimientos a las necesidades del mercado laboral.",1,True,False,False,False,False,False,7.176091288008646
73681,9829,3,Liderazgo,17500000,17000000.0,Implementación completa: 100%,False,False,17500000,17000000.0,Liderazgo,Implementación completa: 100%,9829,COLEGIO BICENTENARIO DE EXCELENCIA MIGUEL DE CERVANTES,Particular subvencionado,basica_media,617,Liderazgo Bicentenario CMC con la comunidad,"Realización de capacitaciones docentes y asistentes de la educación, encuentros o actos organizados por el establecimiento para estudiantes, donde se consolide el liderazgo del establecimiento en los ámbitos educativos, convivencia escolar, pedagógico y deportivos-culturales, en virtud a los estándares bicentenario y posicionamiento de marca",1,True,False,False,False,False,False,7.243038073503121
73864,9859,3,Convivencia Escolar,18000000,18000000.0,Implementación completa: 100%,False,False,18000000,18000000.0,Convivencia Escolar,Implementación completa: 100%,9859,COLEGIO PARTICULAR VILLA JESUS,Particular subvencionado,basica_media,778,FORTALECIENDO EN EL PERSONAL LA IDENTIDAD INSTITUCIONAL Y EL AUTOCUIDADO,"Fomentando la identidad institucional y con el PEI, estimulando el trabajo en equipo y la entrega de herramientas necesarias para la labor educativa, por medio de actividades para el personal del establecimiento, como en encuentros, de bienestar individual, autocuidado físico y emocional, jornadas reflexivas, charlas, talleres, capacitaciones, retiros, entre otros, a lo menos una vez en el año.",1,True,False,False,False,False,False,7.255272529230776
73865,9859,3,Convivencia Escolar,15000000,15000000.0,Implementación completa: 100%,False,False,15000000,15000000.0,Convivencia Escolar,Implementación completa: 100%,9859,COLEGIO PARTICULAR VILLA JESUS,Particular subvencionado,basica_media,778,MEDIOS DE COMUNICACIÓN FORMALES PARA LA COMUNIDAD,"Informando a la comunidad escolar y cada uno de sus estamentos, a través de medios formales, como la libreta de comunicaciones, plataforma Lirmi, Mateonet, página web, Instagram, correo institucional y Classroom, de manera de fomentar el vínculo informativo entre el establecimiento y el hogar.",1,True,False,False,False,False,False,7.176091288008646
73866,9859,3,Convivencia Escolar,7000000,7000000.0,Implementación completa: 100%,False,False,7000000,7000000.0,Convivencia Escolar,Implementación completa: 100%,9859,COLEGIO PARTICULAR VILLA JESUS,Particular subvencionado,basica_media,778,APOYANDO A LA INSTITUCIÓN EN TEMAS DE INTERÉS,"Apoyando y guiando a apoderados y estudiantes de diferentes niveles del establecimiento, en temas de interés, de acuerdo a la etapa de desarrollo, por medio de talleres y/o charlas, actividades recreativas, misas, obras de teatro, entre otros, de manera de potenciar la sana convivencia y el buen trato en todos los integrantes de la comunidad.",1,True,False,False,False,False,False,6.845098102056321
73867,9859,3,Convivencia Escolar,6000000,6000000.0,Implementación completa: 100%,False,False,6000000,6000000.0,Convivencia Escolar,Implementación completa: 100%,9859,COLEGIO PARTICULAR VILLA JESUS,Particular subvencionado,basica_media,778,ESTIMULANDO EL SENTIDO DE IDENTIDAD INSTITUCIONAL,"Estimulando el sentido de identidad institucional, en todos los estamentos de la comunidad educativa, por medio de la participación de estudiantes, padres y/o apoderados, así como funcionarios, en ceremonias como la de inicio del año escolar, día del estudiante, efemérides, día de la actividad física, semana de la chilenidad, misa aniversario, actos, liturgias, graduaciones, entre otros.",1,True,False,False,False,False,False,6.7781513227660515
73868,9859,3,Convivencia Escolar,2000000,2000000.0,Implementación completa: 100%,False,False,2000000,2000000.0,Convivencia Escolar,Implementación completa: 100%,9859,COLEGIO PARTICULAR VILLA JESUS,Particular subvencionado,basica_media,778,FOMENTANDO LA CULTURA CÍVICA,"Estimulando la cultura cívica, en nuestros estudiantes, así como en sus familias, por medio de la activa participación en actividades institucionales, como Reuniones de apoderados, elección de directivas de estudiantes y de apoderados de cada uno de los cursos, de C.AA. y C.PP.AA., visita al Palacio de La Moneda, salida a Valparaíso, día de los Pueblos Originarios, semana de la chilenidad, etc.",1,True,False,False,False,False,False,6.301030212811168
73869,9859,3,Gestión de Recursos,45000000,45000000.0,Implementación completa: 100%,False,False,45000000,45000000.0,Gestión de Recursos,Implementación completa: 100%,9859,COLEGIO PARTICULAR VILLA JESUS,Particular subvencionado,basica_media,778,MATERIALES TECNOLOGICOS Y FOTOCOPIABLES,"Abastecer, mantener y renovar los dispositivos tecnológicos, de amplificación y fotocopiables que se requieran en el establecimiento para dar cumplimiento al PME y proporcionar a los estudiantes los materiales fotocopiable que se necesitan en cada una de las asignaturas y niveles. A su vez contar con los recursos tecnológicos que permitan desarrollar las clases de forma más innovadora.",1,True,False,False,False,False,False,7.653212523426332
73870,9859,3,Gestión de Recursos,5000000,5000000.0,Implementación completa: 100%,False,False,5000000,5000000.0,Gestión de Recursos,Implementación completa: 100%,9859,COLEGIO PARTICULAR VILLA JESUS,Particular subvencionado,basica_media,778,ELEMENTOS PARA RESGUARDAR LOS ESPACIOS COMUNES,"Adquirir y brindar a la comunidad educativa todos los elementos y productos que contribuyan a la desinfección contra las bacterias y virus causantes de diversas enfermedades, así como de elementos de protección como mascarillas, de manera evitar que los estudiantes y personal estén tan expuesto a contagios, para que logren una buena asistencias a clases y dar tranquilidad a sus familias.",1,True,False,False,False,False,False,6.698970091194907
73871,9859,3,Gestión de Recursos,20000000,20000000.0,Implementación completa: 100%,False,False,20000000,20000000.0,Gestión de Recursos,Implementación completa: 100%,9859,COLEGIO PARTICULAR VILLA JESUS,Particular subvencionado,basica_media,778,PLATAFORMAS QUE CONTRIBUYEN AL QUEHACER EDUCATIVO,"Apoyando a los docentes, estudiantes y padres y/o apoderados con diferentes plataformas tecnológicas que permiten mejorar los aprendizajes de los estudiantes, colaborar con la entrega oportuna de información académica de los estudiantes a sus familias, como también complementar el quehacer docente.  Como Kidnit, Mateonet, Lirmi entre otros.",1,True,False,False,False,False,False,7.301030017378705
73872,9859,3,Gestión de Recursos,70000000,70000000.0,Implementación completa: 100%,False,False,70000000,70000000.0,Gestión de Recursos,Implementación completa: 100%,9859,COLEGIO PARTICULAR VILLA JESUS,Particular subvencionado,basica_media,778,MEJORANDO NUESTROS RECURSOS PEDAGÓGICOS Y ESPACIOS,"Proporcionar textos y materiales didácticos que apoyan los aprendizaje de los estudiantes  y que contribuyen a potenciar la enseñanza, como los libros del método singapur, textos caligrafix, textos trazos y líneas, libretas de comunicaciones, así como los recursos didácticos que se requieran en las distintas asignaturas. Además facilitar el mobiliario requerido para talleres, renovación de espacio",1,True,False,False,False,False,False,7.845098046218464
73873,9859,3,Gestión de Recursos,200000000,200000000.0,Implementación completa: 100%,False,False,200000000,200000000.0,Gestión de Recursos,Implementación completa: 100%,9859,COLEGIO PARTICULAR VILLA JESUS,Particular subvencionado,basica_media,778,FORTALECIENDO EL EQUIPO DE TRABAJO PARA LA CONCRECIÓN DEL PME,"Potenciando el equipo humano por medio del aumento de horas y/o de la contratación de diferentes especialistas que apoyen en el proceso educativo de los estudiantes, durante el año escolar, con el fin de la mejora de los aprendizajes y la concreción del PME.",1,True,False,False,False,False,False,8.301029997835453
73874,9859,3,Gestión Pedagógica,2500000,2500000.0,Implementación completa: 100%,False,False,2500000,2500000.0,Gestión Pedagógica,Implementación completa: 100%,9859,COLEGIO PARTICULAR VILLA JESUS,Particular subvencionado,basica_media,778,TALLERES DE APOYO PARA LOS ESTUDIANTES CON NEE,"Se establecen talleres para apoyar a los estudiantes que presentan NEE, los que son desarrollados por un equipo multidisciplinario compuesto por Psicólogas, Fonoaudióloga, Educadora Diferencial y Psicopedagoga, quienes atienden a los estudiantes en jornada alterna para realizar tratamientos y/o acompañamientos en los procesos educativos. Además se desarrollan reuniones de articulación con docentes",1,True,False,False,False,False,False,6.397940182389796
73875,9859,3,Gestión Pedagógica,10000000,10000000.0,Implementación completa: 100%,False,False,10000000,10000000.0,Gestión Pedagógica,Implementación completa: 100%,9859,COLEGIO PARTICULAR VILLA JESUS,Particular subvencionado,basica_media,778,TALLERES EXTRAPROGRAMÁTICOS,"Brindar y difundir a los estudiantes diferentes tipos de talleres extraprogramáticos, que respondan a variados intereses y que permitan contribuir al desarrollo integral de ellos. Talleres de índole artísticos, deportivos y de formación católica, de los cuales se realizará un muestra de su trabajo al finalizar cada semestre, además se promoverá la participación en campeonatos externos.",1,True,False,False,False,False,False,7.000000043429446
73876,9859,3,Gestión Pedagógica,1000000,1000000.0,Implementación completa: 100%,False,False,1000000,1000000.0,Gestión Pedagógica,Implementación completa: 100%,9859,COLEGIO PARTICULAR VILLA JESUS,Particular subvencionado,basica_media,778,"FOMENTANDO LA LECTURA, ESCRITURA Y COMPRENSIÓN LECTORA","Esta acción se enfoca en desarrollar y fomentar la lectura, la escritura y la comprensión lectora en los estudiantes desde Pre básica a 8° básico, a través de la implementación de un plan que involucra diferentes actividades entre ellas medición de velocidad lectora, implemento para el trabajo de la escritura y caligrafía, visitas al CRA, programa kidnit, entre otras.",1,True,False,False,False,False,False,6.0000004342942646
73877,9859,3,Gestión Pedagógica,500000,500000.0,Implementación avanzada: 75% a 99%,False,False,500000,500000.0,Gestión Pedagógica,Implementación avanzada: 75% a 99%,9859,COLEGIO PARTICULAR VILLA JESUS,Particular subvencionado,basica_media,778,MEJORANDO NUESTRAS PRÁCTICAS,"Fortalecer la práctica docente, por medio de acompañamientos al aula  desde UTP, Dirección o pares al menos dos veces durante el año, así como desarrollar reuniones de coordinación entre docentes del mismo nivel, como con las asistentes de la educación, fomentando el trabajo colaborativo, potenciar prácticas exitosas y establecer remediales oportunas que favorezcan los aprendizajes de los alumnos.",1,False,False,True,False,False,True,5.698970872924114
73878,9859,3,Gestión Pedagógica,2000000,2000000.0,Implementación completa: 100%,False,False,2000000,2000000.0,Gestión Pedagógica,Implementación completa: 100%,9859,COLEGIO PARTICULAR VILLA JESUS,Particular subvencionado,basica_media,778,TALLERES PARA MEJORAR EL NIVEL DE APRENDIZAJE,"Se implementan talleres de apoyo pedagógico para reforzar y nivelar los aprendizajes de los estudiantes que lo requieran o para los cursos que lo necesitan, por medio de talleres de carácter pedagógico, principalmente en las asignaturas de Lenguaje y Matemáticas, como para pre básica a través del taller de estimulación del lenguaje. Como a su vez reforzar y practicar evaluaciones SIMCE.",1,True,False,False,False,False,False,6.301030212811168
73879,9859,3,Gestión Pedagógica,18000000,18000000.0,Implementación completa: 100%,False,False,18000000,18000000.0,Gestión Pedagógica,Implementación completa: 100%,9859,COLEGIO PARTICULAR VILLA JESUS,Particular subvencionado,basica_media,778,APRENDIENDO A TRAVÉS DE SALIDAS PEDAGÓGICAS,"Los estudiantes de todos los cursos refuerzan y apoyan sus contenidos y aprendizajes, por medio de las experiencias que brindan las salidas pedagógicas, estimulando y motivando los procesos educativos, generando un impacto significativo en ellos.",1,True,False,False,False,False,False,7.255272529230776
73880,9859,3,Gestión Pedagógica,1000000,1000000.0,Implementación completa: 100%,False,False,1000000,1000000.0,Gestión Pedagógica,Implementación completa: 100%,9859,COLEGIO PARTICULAR VILLA JESUS,Particular subvencionado,basica_media,778,PROMOVIENDO EL USO DE HERRAMIENTAS TECNOLÓGICAS,"Fomentando y promoviendo en los estudiantes el uso de herramientas tecnológicas en la realización de sus trabajos, presentaciones y evaluaciones en las diferentes asignaturas, por medio de la visita al laboratorio de computación para aprender dicho uso, al menos una vez al mes y para todos los niveles educativos del establecimiento.",1,True,False,False,False,False,False,6.0000004342942646
73881,9859,3,Liderazgo,2000000,2000000.0,Implementación completa: 100%,False,False,2000000,2000000.0,Liderazgo,Implementación completa: 100%,9859,COLEGIO PARTICULAR VILLA JESUS,Particular subvencionado,basica_media,778,INTERCAMBIANDO CONOCIMIENTOS Y EXPERIENCIAS DESDE NUESTRA REALIDAD,"Instaurando momentos de intercambio, aprendizaje, análisis y reflexión desde el interior de la institución, en consejos y/o talleres, impartidos por docentes, especialistas o directivos, durante el año, para así ampliar conocimientos y apuntar a las necesidades de los estudiantes, dando respuesta a nuestra realidad.",1,True,False,False,False,False,False,6.301030212811168
73882,9859,3,Liderazgo,20000000,20000000.0,Implementación completa: 100%,False,False,20000000,20000000.0,Liderazgo,Implementación completa: 100%,9859,COLEGIO PARTICULAR VILLA JESUS,Particular subvencionado,basica_media,778,CAPACITANDO A NUESTRO PERSONAL,"Potenciar el perfeccionamiento profesional, en el personal del establecimiento, por medio de cursos, talleres y/o capacitaciones, dirigidos hacia diferentes aspectos del quehacer educativo y que éstas permitan la entrega de nuevas herramientas que apunten a la mejora de los aprendizajes de nuestros estudiantes.",1,True,False,False,False,False,False,7.301030017378705
73883,9859,3,Liderazgo,18000000,18000000.0,Implementación avanzada: 75% a 99%,False,False,18000000,18000000.0,Liderazgo,Implementación avanzada: 75% a 99%,9859,COLEGIO PARTICULAR VILLA JESUS,Particular subvencionado,basica_media,778,PREMIANDO PARA ESTIMULAR LA MEJORA DE LOGROS,"Estimulando la mejora de logros en estudiantes de los primeros lectores, estudiantes prioritarios, destacados por asistencia individual y por curso, por mejor rendimiento, Espíritu Villa Jesús, Perseverancia, así como por desempeño de docentes y asistentes de la educación, por medio de la entrega de estímulos o premios para fomentar la mejora constante como lo señala nuestro PEI",1,False,False,True,False,False,True,7.255272529230776
73884,9859,3,Liderazgo,5000000,5000000.0,Implementación completa: 100%,False,False,5000000,5000000.0,Liderazgo,Implementación completa: 100%,9859,COLEGIO PARTICULAR VILLA JESUS,Particular subvencionado,basica_media,778,SOCIALIZANDO EL PEI,"Potenciando la socialización e internalización de diferentes aspectos del PEI, de manera participativa con representantes de todos los estamentos de la comunidad educativa durante el año escolar, de manera de realizar su difusión al resto de la comunidad.",1,True,False,False,False,False,False,6.698970091194907
87717,11914,3,Convivencia Escolar,10000000,10000000.0,Implementación completa: 100%,False,False,10000000,10000000.0,Convivencia Escolar,Implementación completa: 100%,11914,ESCUELA BASICA Nº128 SAN RAMON,Particular subvencionado,basica_media,343,IMPLEMENTACIÓN DEL REGLAMENTO INTERNO (RICE),"Consolidar la implementación del Reglamento Interno de Convivencia Escolar (RICE), de modo de avanzar hacia el desarrollo de una convivencia sana y armónica entre todos los actores de la comunidad, de acuerdo a la normativa. Esto incluirá el análisis semestral de la implementación del RICE para futuras modificaciones.",1,True,False,False,False,False,False,7.000000043429446
87718,11914,3,Convivencia Escolar,10000000,10000000.0,Implementación completa: 100%,False,False,10000000,10000000.0,Convivencia Escolar,Implementación completa: 100%,11914,ESCUELA BASICA Nº128 SAN RAMON,Particular subvencionado,basica_media,343,FORMACIÓN DEMOCRÁTICA Y PARTICIPACIÓN DE LAS Y LOS ESTUDIANTES,"Potenciar el funcionamiento del Centro de Estudiantes y Consejos de Curso, fortaleciendo sus programas de trabajo y permitiendo la adquisición de habilidades necesarias para la vida democrática, el desarrollo de la autonomía y el pensamiento reflexivo.",1,True,False,False,False,False,False,7.000000043429446
87719,11914,3,Gestión de Recursos,25000000,25000000.0,Implementación completa: 100%,False,False,25000000,25000000.0,Gestión de Recursos,Implementación completa: 100%,11914,ESCUELA BASICA Nº128 SAN RAMON,Particular subvencionado,basica_media,343,FORTALECIMIENTO DEL MONITOREO DE RESPONSABILIDADES PROFESIONALES Y TECNICAS,Monitorear e incentivar la ejecución de las responsabilidades laborales del personal docente y asistentes de la educación con la finalidad de fortalecer el apoyo a la implementación de todos los procesos de la gestión educativa.,1,True,False,False,False,False,False,7.397940026043816
87720,11914,3,Gestión de Recursos,25000000,25000000.0,Implementación completa: 100%,False,False,25000000,25000000.0,Gestión de Recursos,Implementación completa: 100%,11914,ESCUELA BASICA Nº128 SAN RAMON,Particular subvencionado,basica_media,343,RECURSOS HUMANOS Y TECNOLÓGICOS,"Gestionar la organización y adquisición de los recursos óptimos y adecuados a las diversas necesidades educativas, con el fin de apoyar y mejorar el proceso de enseñanza aprendizaje.",1,True,False,False,False,False,False,7.397940026043816
87721,11914,3,Gestión Pedagógica,5000000,5000000.0,Implementación completa: 100%,False,False,5000000,5000000.0,Gestión Pedagógica,Implementación completa: 100%,11914,ESCUELA BASICA Nº128 SAN RAMON,Particular subvencionado,basica_media,343,ARTICULACIÓN PEDAGÓGICA PARA EL DESARROLLO DE HABILIDADES DEL SIGLO XXI,"Fortalecer la implementación del trabajo colaborativo entre docentes para desarrollar en nuestros estudiantes las habilidades necesarias del siglo XXI, focalizadas en comprensión lectora y resolución de problemas (Plan lector, articulación de asignaturas, ABP, apoyo a la lectura, entre otros) con el fin de disminuir la brechas de aprendizaje.",1,True,False,False,False,False,False,6.698970091194907
87722,11914,3,Gestión Pedagógica,5000000,5000000.0,Implementación completa: 100%,False,False,5000000,5000000.0,Gestión Pedagógica,Implementación completa: 100%,11914,ESCUELA BASICA Nº128 SAN RAMON,Particular subvencionado,basica_media,343,MONITOREO A LA IMPLEMENTACIÓN CURRICULAR Y A LOS RESULTADOS DE APRENDIZAJE,"Consolidar un seguimiento de la implementación curricular, considerando alcanzar el currículum extendido. Este se llevará a cabo a partir de un instrumento de monitoreo que incluirá períodos del año para abordar los OA, indicadores de evaluación, % de logro de cobertura curricular. La información obtenida se sistematizará y se utilizará para el análisis y toma de decisiones oportunas.",1,True,False,False,False,False,False,6.698970091194907
87723,11914,3,Gestión Pedagógica,5000000,5000000.0,Implementación completa: 100%,False,False,5000000,5000000.0,Gestión Pedagógica,Implementación completa: 100%,11914,ESCUELA BASICA Nº128 SAN RAMON,Particular subvencionado,basica_media,343,ESTRATEGIA DE TRANSICIÓN EDUCATIVA,Consolidar la implementación del plan de articulación de educación Parvularia a educación básica con la finalidad de potenciar la trayectoria entre ambos niveles que promueva el desarrollo integral de habilidades y actitudes en las y los estudiantes.,1,True,False,False,False,False,False,6.698970091194907
87724,11914,3,Gestión Pedagógica,10000000,10000000.0,Implementación completa: 100%,False,False,10000000,10000000.0,Gestión Pedagógica,Implementación completa: 100%,11914,ESCUELA BASICA Nº128 SAN RAMON,Particular subvencionado,basica_media,343,TALLERES CURRICULARES Y EXTRA-PROGRAMÁTICOS PARA EL APRENDIZAJE INTEGRAL DE LOS ESTUDIANTES,"Organizar, fomentar y ejecutar diferentes talleres curriculares (TAE y TLE) y extra- programáticos de los estudiantes desde Educación Parvularia hasta a 8° Básico, con el fin de estimular y desarrollar la diversidad de intereses, necesidades y habilidades, fortaleciendo la formación integral de los estudiantes.",1,True,False,False,False,False,False,7.000000043429446
87725,11914,3,Gestión Pedagógica,5000000,5000000.0,Implementación completa: 100%,False,False,5000000,5000000.0,Gestión Pedagógica,Implementación completa: 100%,11914,ESCUELA BASICA Nº128 SAN RAMON,Particular subvencionado,basica_media,343,COMUNIDAD DE APRENDIZAJE,Consolidar instancias de capacitación y autoperfeccionamiento con el equipo Docente y Asistente de la Educación en las cuales se analizan los desafíos pedagógicos y se transfieren al aula estrategias metodológicas de las asignaturas para fortalecer el proceso de aprendizaje de nuestros estudiantes.,1,True,False,False,False,False,False,6.698970091194907
87726,11914,3,Liderazgo,5000000,5000000.0,Implementación completa: 100%,False,False,5000000,5000000.0,Liderazgo,Implementación completa: 100%,11914,ESCUELA BASICA Nº128 SAN RAMON,Particular subvencionado,basica_media,343,Acompañamiento al aula (observación y retroalimentación),"Instalar un proceso de acompañamiento al aula, mediante la observación de clases y la retroalimentación de la práctica docente. Esto servirá para generar temas e instancias de capacitación y/o autoperfeccionamiento docente. (Proyecto ADECO 2024)",1,True,False,False,False,False,False,6.698970091194907
87727,11914,3,Liderazgo,10000000,10000000.0,Implementación completa: 100%,False,False,10000000,10000000.0,Liderazgo,Implementación completa: 100%,11914,ESCUELA BASICA Nº128 SAN RAMON,Particular subvencionado,basica_media,343,ASESORÍA A LA IMPLEMENTACIÓN AL PME,Implementar el sistema de monitoreo del estado de avance de los procesos de la gestión escolar del establecimiento; para el desarrollo eficiente de esta iniciativa se incluye apoyo externo especializado en el control de la gestión escolar.,1,True,False,False,False,False,False,7.000000043429446
87728,11914,3,Liderazgo,5000000,5000000.0,Implementación completa: 100%,False,False,5000000,5000000.0,Liderazgo,Implementación completa: 100%,11914,ESCUELA BASICA Nº128 SAN RAMON,Particular subvencionado,basica_media,343,AMBIENTE CULTURAL Y ACADÉMICAMENTE ESTIMULANTE,"Consolidar la realización de actividades que potencian sistemáticamente un ambiente de sana convivencia , cultural y académicamente estimulante (CRA, ferias, salas temáticas, etc), con un aumento progresivo de las exigencias en todas las áreas, con reconocimientos y estímulos al esfuerzo y a los logros para todos los alumnos de la comunidad escolar. Todos estos elementos se vinculan con el sello d",1,True,False,False,False,False,False,6.698970091194907
87729,11918,3,Convivencia Escolar,1000000,1000000.0,Implementación avanzada: 75% a 99%,False,False,1000000,1000000.0,Convivencia Escolar,Implementación avanzada: 75% a 99%,11918,FROILAN YAÑEZ DE LA BARRA,Particular subvencionado,basica_media,298,Apoyando a la salud mental de todos,"Se organizan y efectúan talleres de conocimiento y de sensibilización referidos a salud mental y suicibilidad a los integrantes de la comunidad educativa, con apoyo de profesionales externos.",1,False,False,True,False,False,True,6.0000004342942646
87730,11918,3,Convivencia Escolar,500000,500000.0,Implementación avanzada: 75% a 99%,False,False,500000,500000.0,Convivencia Escolar,Implementación avanzada: 75% a 99%,11918,FROILAN YAÑEZ DE LA BARRA,Particular subvencionado,basica_media,298,Reuniones de Monitores de convivencia,"En distintos momentos del años se realizarán reuniones participativas de monitores escolares de convivencia y encargada del área, para planificar acciones de prevención y actividades que involucren relacionarse con otras áreas del colegio, como centro de estudiantes, centro de padres, directivas de curso, etc.",1,False,False,True,False,False,True,5.698970872924114
87731,11918,3,Convivencia Escolar,300000,300000.0,Implementación avanzada: 75% a 99%,False,False,300000,300000.0,Convivencia Escolar,Implementación avanzada: 75% a 99%,11918,FROILAN YAÑEZ DE LA BARRA,Particular subvencionado,basica_media,298,Actualización Reglamento Interno,"Por medio de diferentes jornadas de trabajo  con los distintos estamentos, se revisa y actualiza el reglamento interno, socializándose a la comunidad a través de diferentes medios.",1,False,False,True,False,False,True,5.477122702365523
87732,11918,3,Convivencia Escolar,3000000,3000000.0,Implementación avanzada: 75% a 99%,False,False,3000000,3000000.0,Convivencia Escolar,Implementación avanzada: 75% a 99%,11918,FROILAN YAÑEZ DE LA BARRA,Particular subvencionado,basica_media,298,Actividades culturales y deportivas,"De acuerdo al calendario escolar y extraescolar se diseña un plan de trabajo que incorpore las diferentes actividades deportivas y culturales, propiciadas por los estudiantes de acuerdo a sus intereses , tanto internos como externos. Por medio de estas actividades internas logran apropiarse de los diferentes lugares del establecimiento, promoviendo a su vez la sana convivencia.",1,False,False,True,False,False,True,6.477121399484465
87733,11918,3,Gestión de Recursos,10000000,10000000.0,Implementación avanzada: 75% a 99%,False,False,10000000,10000000.0,Gestión de Recursos,Implementación avanzada: 75% a 99%,11918,FROILAN YAÑEZ DE LA BARRA,Particular subvencionado,basica_media,298,Reconocimiento e incentivo docente,"De acuerdo a los compromisos contraídos y al cumplimiento de las programaciones establecidas en la comunidad escolar cada docente tiene participación en cada una de ellas en forma efectiva y responsable. Además de sus cumplimientos contractuales de tal manera que, a través del año se hace evaluaciones del actuar y compromiso con la comunidad, lo que redunda en un incentivo anual.",1,False,False,True,False,False,True,7.000000043429446
87734,11918,3,Gestión de Recursos,10000000,10000000.0,Implementación avanzada: 75% a 99%,False,False,10000000,10000000.0,Gestión de Recursos,Implementación avanzada: 75% a 99%,11918,FROILAN YAÑEZ DE LA BARRA,Particular subvencionado,basica_media,298,Actualización material didáctico y tecnológico,"De acuerdo a las necesidades propuestas por las diversas áreas de la comunidad escolar se renueva, actualiza y se adquiere el material didáctico y tecnológico, para mejorar en las y los estudiantes los aprendizajes y autoestima.",1,False,False,True,False,False,True,7.000000043429446
87735,11918,3,Gestión Pedagógica,100000,100000.0,Implementación completa: 100%,False,False,100000,100000.0,Gestión Pedagógica,Implementación completa: 100%,11918,FROILAN YAÑEZ DE LA BARRA,Particular subvencionado,basica_media,298,Trabajo Colaborativo,"Generar los espacios y tiempos necesarios entre docentes con el objetivo de fomentar la reflexión e intercambio de experiencias en el aula que apunten a reforzar las prácticas pedagógicas y de colaboración, fortaleciendo el trabajo en equipo y la búsqueda de una mejora en los aprendizajes.",1,True,False,False,False,False,False,5.000004342923105
87736,11918,3,Gestión Pedagógica,3000000,3000000.0,Implementación completa: 100%,False,False,3000000,3000000.0,Gestión Pedagógica,Implementación completa: 100%,11918,FROILAN YAÑEZ DE LA BARRA,Particular subvencionado,basica_media,298,Actividades culturales y recreativas,"De acuerdo al calendario escolar se organizan diversas actividades culturales y recreativas que implican la participación activa de la comunidad, realzando aprendizaje significativo en las distintas áreas del currículo, mejorando además, la autodisciplina, colaboración, inclusión, autoestima, autocuidado, etc, que conllevan a reforzar la sana y adecuada convivencia entre pares.",1,True,False,False,False,False,False,6.477121399484465
87737,11918,3,Gestión Pedagógica,3000000,3000000.0,Implementación completa: 100%,False,False,3000000,3000000.0,Gestión Pedagógica,Implementación completa: 100%,11918,FROILAN YAÑEZ DE LA BARRA,Particular subvencionado,basica_media,298,Salidas pedagógicas,"Se organizan e implementan salidas pedagógicas en los distintos niveles y asignaturas del currículo, considerando el quehacer interdisciplinario que se le pueda dar, a fin de fortalecer los aprendizajes por medio de la experiencia y la práctica en terreno,  favoreciendo además la formación integral de las y los estudiantes.",1,True,False,False,False,False,False,6.477121399484465
87738,11918,3,Liderazgo,7000000,7000000.0,Implementación avanzada: 75% a 99%,False,False,7000000,7000000.0,Liderazgo,Implementación avanzada: 75% a 99%,11918,FROILAN YAÑEZ DE LA BARRA,Particular subvencionado,basica_media,298,Aulas temáticas,Equipar e implementar una sala temática de Matemática con los elementos adecuados que faciliten logros de aprendizajes significativos que redunden en mejores logro de resultados de evaluaciones externas y que redunden en una mayor cercanía y adherencia hacia la asigantura.,1,False,False,True,False,False,True,6.845098102056321
87739,11918,3,Liderazgo,20000000,20000000.0,Implementación completa: 100%,False,False,20000000,20000000.0,Liderazgo,Implementación completa: 100%,11918,FROILAN YAÑEZ DE LA BARRA,Particular subvencionado,basica_media,298,Adecuación de espacios educativos,"Facilitar y adecuar espacios, sombreando patio pequeño como incorporación de mobiliario,  para  el aprovechamiento del espacio libre y su uso en las diferentes actividades recreativas y de aprendizaje.",1,True,False,False,False,False,False,7.301030017378705
87740,11918,3,Liderazgo,1000000,1000000.0,Implementación completa: 100%,False,False,1000000,1000000.0,Liderazgo,Implementación completa: 100%,11918,FROILAN YAÑEZ DE LA BARRA,Particular subvencionado,basica_media,298,Plan de Orientación,"Se diseña e implementa un plan del área de orientación que contenga  actividades tendientes a fomentar el interés en la continuación de estudios superiores de nuestros estudiantes, vinculándonos con instituciones externas ad hoc  y se establecen redes que nos contribuyen en el soporte de toda la comunidad escolar en el área psicoemocional.",1,True,False,False,False,False,False,6.0000004342942646
87741,11918,3,Liderazgo,0,0.0,Implementación avanzada: 75% a 99%,False,False,0,0.0,Liderazgo,Implementación avanzada: 75% a 99%,11918,FROILAN YAÑEZ DE LA BARRA,Particular subvencionado,basica_media,298,Acompañamientos docentes,"Se realizarán visitas al aula en donde los profesores y profesoras son acompañados por sus pares y por el equipo de gestión, con el fin de diagnosticar y establecer las necesidades de mejora en el quehacer didáctico docente.",1,False,False,True,True,True,True,0.0
88048,11997,3,Convivencia Escolar,9000000,9000000.0,Implementación adecuada: 50% a 74%,False,False,9000000,9000000.0,Convivencia Escolar,Implementación adecuada: 50% a 74%,11997,ESCUELA JOSE IBAÑEZ,Particular subvencionado,basica_media,539,Talleres extracurriculares.,"Se implementarán  talleres extracurriculares que permitan abordar las necesidades e intereses de los/as estudiantes, en función de la potenciación de los IDPS.",1,False,False,True,False,False,True,6.954242557694265
88049,11997,3,Convivencia Escolar,3000000,3000000.0,Implementación adecuada: 50% a 74%,False,False,3000000,3000000.0,Convivencia Escolar,Implementación adecuada: 50% a 74%,11997,ESCUELA JOSE IBAÑEZ,Particular subvencionado,basica_media,539,Recreos entretenidos,"Se realizarán intervenciones en los  recreos de  ambas jornadas  con la finalidad de generar instancias de participación de los/as estudiantes, en función de la formación integral y  motivación por la asistencia a la jornada escolar.",1,False,False,True,False,False,True,6.477121399484465
88050,11997,3,Convivencia Escolar,2000000,2000000.0,Implementación completa: 100%,False,False,2000000,2000000.0,Convivencia Escolar,Implementación completa: 100%,11997,ESCUELA JOSE IBAÑEZ,Particular subvencionado,basica_media,539,Capacitación en convivencia y resolución de conflictos para asistentes de la educación.,Se contratarán los servicios ATE para la realización de  talleres dirigidos a asistentes de la educación que permitan un abordaje pedagógico de la convivencia escolar y la resolución de conflictos al interior de la comunidad educativa.,1,True,False,False,False,False,False,6.301030212811168
88051,11997,3,Convivencia Escolar,5000000,5000000.0,Implementación avanzada: 75% a 99%,False,False,5000000,5000000.0,Convivencia Escolar,Implementación avanzada: 75% a 99%,11997,ESCUELA JOSE IBAÑEZ,Particular subvencionado,basica_media,539,Talleres de desarrollo personal.,"Se implementarán talleres de desarrollo personal para estudiantes y familias en las áreas socioemocional, apoyo a la inclusión, participación y vida democrática, sexualidad, afectividad y género, formación ciudadana, convivencia y seguridad escolar, abordando las necesidades de cada nivel educativo.",1,False,False,True,False,False,True,6.698970091194907
88052,11997,3,Convivencia Escolar,16000000,16000000.0,Implementación avanzada: 75% a 99%,False,False,16000000,16000000.0,Convivencia Escolar,Implementación avanzada: 75% a 99%,11997,ESCUELA JOSE IBAÑEZ,Particular subvencionado,basica_media,539,Programa de Apoyo Socioemocional.,"Se contratarán los servicios ATE para la realización de  talleres dirigidos a estudiantes de prebásica y primero subciclo básico destinado a estimular actividades de desarrollo socioemocional, de acuerdo a la etapa de  desarrollo de cada nivel educativo.",1,False,False,True,False,False,True,7.204120009799329
88053,11997,3,Convivencia Escolar,15000000,15000000.0,Implementación avanzada: 75% a 99%,False,False,15000000,15000000.0,Convivencia Escolar,Implementación avanzada: 75% a 99%,11997,ESCUELA JOSE IBAÑEZ,Particular subvencionado,basica_media,539,Actividades recreativas y/o culturales,"Se desarrollarán  actividades recreativas y culturales  que permitan la promoción,  comprensión y contextualización de efemérides nacionales por parte de los/as estudiantes, para la promoción de una convivencia escolar sana, activa y participativa.",1,False,False,True,False,False,True,7.176091288008646
88054,11997,3,Convivencia Escolar,12000000,12000000.0,Implementación adecuada: 50% a 74%,False,False,12000000,12000000.0,Convivencia Escolar,Implementación adecuada: 50% a 74%,11997,ESCUELA JOSE IBAÑEZ,Particular subvencionado,basica_media,539,Premiación estudiantes destacados.,"Se realizará la premiación semestral de estudiantes destacados en el área de habilidades académica, esfuerzo, asistencia y espíritu institucional, en función de la promoción e integración  de los valores institucionales del Proyecto Educativo Institucional.",1,False,False,True,False,False,True,7.07918128223883
88055,11997,3,Gestión de Recursos,3000000,0.0,Implementación completa: 100%,False,False,3000000,0.0,Gestión de Recursos,Implementación completa: 100%,11997,ESCUELA JOSE IBAÑEZ,Particular subvencionado,basica_media,539,Plataforma de administración digital UTOPIE,"Se contratarán los servicios de la plataforma digital UTOPIE con la finalidad de optimizar los tiempos en la gestión administrativa del Programa de Integración Escolar,  entregando recursos que permitan avanzar en el apoyo otorgado a  los/as estudiantes con necesidades educativas especiales.",1,True,False,False,False,False,False,6.477121399484465
88056,11997,3,Gestión de Recursos,6000000,6000000.0,Implementación completa: 100%,False,False,6000000,6000000.0,Gestión de Recursos,Implementación completa: 100%,11997,ESCUELA JOSE IBAÑEZ,Particular subvencionado,basica_media,539,Adquisición de recursos educativos y/o tecnológicos para el uso pedagógico.,"Se facilitará la adquisición y renovación de recursos  para  el  uso pedagógico, que permita apoyar al proceso de enseñanza-aprendizaje de los estudiantes en los diferentes niveles educativos.",1,True,False,False,False,False,False,6.7781513227660515
88057,11997,3,Gestión de Recursos,6000000,6000000.0,Implementación completa: 100%,False,False,6000000,6000000.0,Gestión de Recursos,Implementación completa: 100%,11997,ESCUELA JOSE IBAÑEZ,Particular subvencionado,basica_media,539,Plan lector,"Se adquirirán textos para la lectura diaria  y complementaria, a fin de promover en los/as estudiantes el gusto por la lectura y   conocimiento de distintos tipos de texto, en  función del fortalecimiento de las habilidades lectoras.",1,True,False,False,False,False,False,6.7781513227660515
88058,11997,3,Gestión de Recursos,11000000,11000000.0,Implementación completa: 100%,False,False,11000000,11000000.0,Gestión de Recursos,Implementación completa: 100%,11997,ESCUELA JOSE IBAÑEZ,Particular subvencionado,basica_media,539,Plataforma digital de administración y gestión escolar.,"Se contratará una plataforma digital de administración escolar que permita gestionar y monitorear los procesos académicos y pedagógicos asociados al quehacer de la escuela, incluido el libro digital de clases, para optimizar el uso de los recursos de gestión escolar.",1,True,False,False,False,False,False,7.04139272463954
88059,11997,3,Gestión de Recursos,3000000,3000000.0,Implementación completa: 100%,False,False,3000000,3000000.0,Gestión de Recursos,Implementación completa: 100%,11997,ESCUELA JOSE IBAÑEZ,Particular subvencionado,basica_media,539,Lectura socioemocional.,"Se seleccionarán textos para la lectura de temáticas socioemocionales que otorguen continuidad a la implementación  del plan lector  en los niveles educativos, con la finalidad de promover la comprensión de temas vinculados  a la emocionalidad, el cuidado personal y el mejoramiento de la autoestima académica y motivación escolar, mediante lectura orientada  por el departamento de lenguaje.",1,True,False,False,False,False,False,6.477121399484465
88060,11997,3,Gestión de Recursos,6000000,6000000.0,Implementación completa: 100%,False,False,6000000,6000000.0,Gestión de Recursos,Implementación completa: 100%,11997,ESCUELA JOSE IBAÑEZ,Particular subvencionado,basica_media,539,Asesoría Carrera Docente.,"Se considerará la asesoría para la planta docente en torno a los alcances de la carrera docente y su impacto en progresión profesional, respecto a los tramos alcanzados y sus asignaciones.",1,True,False,False,False,False,False,6.7781513227660515
88061,11997,3,Gestión de Recursos,4315920,4315920.0,Implementación parcial: 25% a 49%,False,False,4315920,4315920.0,Gestión de Recursos,Implementación parcial: 25% a 49%,11997,ESCUELA JOSE IBAÑEZ,Particular subvencionado,basica_media,539,Profesional del área social.,"Se contará con el apoyo de una profesional del área social con el fin de generar oportunidades de apoyo a las necesidades sociales de los y las estudiantes y sus familias, con el fin de promover su permanencia  en el sistema escolar.",1,False,False,True,False,False,True,6.635073486618364
88062,11997,3,Gestión de Recursos,4315920,0.0,Implementación parcial: 25% a 49%,False,False,4315920,0.0,Gestión de Recursos,Implementación parcial: 25% a 49%,11997,ESCUELA JOSE IBAÑEZ,Particular subvencionado,basica_media,539,Asistente para PIE,Se contratarán los servicios de una asistente de PIE con el fin de generar apoyo en la organización y logística del funcionamiento de dicho organismo.,1,False,False,True,False,False,True,6.635073486618364
88063,11997,3,Gestión Pedagógica,4500000,4500000.0,Implementación completa: 100%,False,False,4500000,4500000.0,Gestión Pedagógica,Implementación completa: 100%,11997,ESCUELA JOSE IBAÑEZ,Particular subvencionado,basica_media,539,Talleres de capacitación Decreto 67,"Se contratarán los servicios ATE para la realización de dos talleres de capacitación dirigidos a docentes con la finalidad de fortalecer las prácticas de evaluación ejecutadas, reconociendo su vinculación con los criterios establecidos en el Decreto 67/2018.",1,True,False,False,False,False,False,6.653212610285218
88064,11997,3,Gestión Pedagógica,6000000,6000000.0,Implementación avanzada: 75% a 99%,False,False,6000000,6000000.0,Gestión Pedagógica,Implementación avanzada: 75% a 99%,11997,ESCUELA JOSE IBAÑEZ,Particular subvencionado,basica_media,539,Acompañamiento en proceso de análisis de resultados generales y por curso de las pruebas DIA .,"Se contratarán los servicios de una ATE para realizar análisis de los resultados de las distintas pruebas DIA aplicadas durante el año, con el fin de aplicar oportunamente las remediales que correspondan.",1,False,False,True,False,False,True,6.7781513227660515
88065,11997,3,Gestión Pedagógica,12000000,12000000.0,Implementación completa: 100%,False,False,12000000,12000000.0,Gestión Pedagógica,Implementación completa: 100%,11997,ESCUELA JOSE IBAÑEZ,Particular subvencionado,basica_media,539,Promoción del proceso lectoescritor para niveles de NT2 a 2° básico.,Se contratarán los servicios ATE para la realización de tres talleres de capacitación dirigidos a Educadora de Párvulos de NT2 y profesoras de primero y segundo básico en el conocimiento de método de lectoescritura.,1,True,False,False,False,False,False,7.07918128223883
88066,11997,3,Gestión Pedagógica,4500000,4500000.0,Implementación completa: 100%,False,False,4500000,4500000.0,Gestión Pedagógica,Implementación completa: 100%,11997,ESCUELA JOSE IBAÑEZ,Particular subvencionado,basica_media,539,Capacitación referida a la actualización del Marco para la Buena Enseñanza,"Se contratarán los servicios ATE para la realización de dos talleres de capacitación, dirigido al equipo docente con la finalidad de actualizar elementos referidos al Marco para la buena enseñanza considerando los criterios de evaluación de desempeño plasmados en las rúbricas del portafolio docente para orientar el quehacer pedagógico.",1,True,False,False,False,False,False,6.653212610285218
88067,11997,3,Gestión Pedagógica,7192350,7192350.0,Implementación avanzada: 75% a 99%,False,False,7192350,7192350.0,Gestión Pedagógica,Implementación avanzada: 75% a 99%,11997,ESCUELA JOSE IBAÑEZ,Particular subvencionado,basica_media,539,Gestión de aula.,"Se contará con un equipo  para apoyar la gestión pedagógica en el aula  de los niveles de Educación Parvularia y primer subciclo básico, que colabore en el fortalecimiento de los requerimientos pedagógicos y formativos de estos niveles.",1,False,False,True,False,False,True,6.856870873614421
88068,11997,3,Gestión Pedagógica,24779424,24779424.0,Implementación avanzada: 75% a 99%,False,False,24779424,24779424.0,Gestión Pedagógica,Implementación avanzada: 75% a 99%,11997,ESCUELA JOSE IBAÑEZ,Particular subvencionado,basica_media,539,Equipo de profesionales de apoyo,"Se implementará la colaboración de un equipo multidisciplinario de profesionales de apoyo a los estudiantes que presenten rezago en sus aprendizajes y/o necesidades socioemocionales,  y que no pertenecen al programa de Integración Escolar.",1,False,False,True,False,False,True,7.394091224468438
88069,11997,3,Gestión Pedagógica,10000000,10000000.0,Implementación adecuada: 50% a 74%,False,False,10000000,10000000.0,Gestión Pedagógica,Implementación adecuada: 50% a 74%,11997,ESCUELA JOSE IBAÑEZ,Particular subvencionado,basica_media,539,Salidas Pedagógicas.,"Se realizarán salidas pedagógicas para vincular los aprendizajes del aula  con elementos concretos y contextuales, atendiendo a la construcción de aprendizajes significativos.",1,False,False,True,False,False,True,7.000000043429446
88070,11997,3,Liderazgo,5000000,5000000.0,Implementación adecuada: 50% a 74%,False,False,5000000,5000000.0,Liderazgo,Implementación adecuada: 50% a 74%,11997,ESCUELA JOSE IBAÑEZ,Particular subvencionado,basica_media,539,Reconocimiento a estudiantes destacados,Semestralmente se premiará a los y las estudiantes que se destaquen en distintos aspectos que constituyen el perfil del estudiante de la Escuela José Ibáñez,1,False,False,True,False,False,True,6.698970091194907
88071,11997,3,Liderazgo,3500000,3500000.0,Implementación completa: 100%,False,False,3500000,3500000.0,Liderazgo,Implementación completa: 100%,11997,ESCUELA JOSE IBAÑEZ,Particular subvencionado,basica_media,539,Actualización Ley TEA,Se contratarán los servicios ATE para la realización de una capacitación  dirigida al personal del establecimiento en torno al acompañamiento y apoyo a estudiantes con Trastorno del Espectro Autista.,1,True,False,False,False,False,False,6.5440681684343955
88072,11997,3,Liderazgo,5000000,5000000.0,Implementación completa: 100%,False,False,5000000,5000000.0,Liderazgo,Implementación completa: 100%,11997,ESCUELA JOSE IBAÑEZ,Particular subvencionado,basica_media,539,Estándares profesionales docentes.,"Se contratarán los servicios ATE para la realización de un taller dirigido a docentes para la actualización en torno a los estándares de desempeño profesional docente y el conocimiento de las bases curriculares, en función del diseño pedagógico de aula.",1,True,False,False,False,False,False,6.698970091194907
88073,11997,3,Liderazgo,6000000,6000000.0,Implementación completa: 100%,False,False,6000000,6000000.0,Liderazgo,Implementación completa: 100%,11997,ESCUELA JOSE IBAÑEZ,Particular subvencionado,basica_media,539,Promoción  de la asistencia a clases.,"Se contratarán los servicios ATE para la realización de talleres dirigidos a los diferentes estamentos de la comunidad educativa,  para la promoción de la asistencia a clases y compromiso con el proceso escolar de los estudiantes.",1,True,False,False,False,False,False,6.7781513227660515
88074,11997,3,Liderazgo,2000000,2000000.0,Implementación completa: 100%,False,False,2000000,2000000.0,Liderazgo,Implementación completa: 100%,11997,ESCUELA JOSE IBAÑEZ,Particular subvencionado,basica_media,539,"Reuniones de análisis, seguimiento y monitoreo del Plan de Mejoramiento Educativo 2024","Se implementarán reuniones mensuales del equipo directivo orientadas al seguimiento, monitoreo  y  revisión en el cumplimiento  de indicadores de seguimiento del PME, para la toma de decisiones.",1,True,False,False,False,False,False,6.301030212811168
88075,11997,3,Liderazgo,4000000,4000000.0,Implementación parcial: 25% a 49%,False,False,4000000,4000000.0,Liderazgo,Implementación parcial: 25% a 49%,11997,ESCUELA JOSE IBAÑEZ,Particular subvencionado,basica_media,539,Incentivo para funcionarios.,"Se otorgará un incentivo económico al finalizar el año lectivo a aquellos directivos, docentes y asistentes de la educación que, de acuerdo a evaluación aplicada, hayan cumplido cabalmente con metas de acuerdo a  criterios predispuestos en las pautas de evaluación destinadas a cada estamento.",1,False,False,True,False,False,True,6.6020600999015695
88076,11997,3,Liderazgo,2000000,2000000.0,Implementación completa: 100%,False,False,2000000,2000000.0,Liderazgo,Implementación completa: 100%,11997,ESCUELA JOSE IBAÑEZ,Particular subvencionado,basica_media,539,Acompañamiento de aula,"Equipo directivo realizará acompañamiento de aula a los docentes del establecimiento, con la finalidad de detectar necesidades de mejora pedagógica y potenciar la labor docente  a través de la retroalimentación de lo observado.",1,True,False,False,False,False,False,6.301030212811168
101046,16827,3,Convivencia Escolar,500000,500000.0,Implementación avanzada: 75% a 99%,False,False,500000,500000.0,Convivencia Escolar,Implementación avanzada: 75% a 99%,16827,ESCUELA ESPECIAL Y DE PARVULOS PETIT PRINCE,Particular subvencionado,especial,77,Jornadas entretenidas,"Gestionar e implementar actividades en el establecimiento para enriquecer una buena convivencia y buen trato con los niños/as y familias : cuentacuentos, talleres, exposiciones, otros.",1,False,False,True,False,False,True,5.698970872924114
101047,16827,3,Convivencia Escolar,1800000,1800000.0,Implementación avanzada: 75% a 99%,False,False,1800000,1800000.0,Convivencia Escolar,Implementación avanzada: 75% a 99%,16827,ESCUELA ESPECIAL Y DE PARVULOS PETIT PRINCE,Particular subvencionado,especial,77,convivencia escolar,Se realiza curso de convivencia escolar a todo el personal del establecimiento para mejorar la convivencia y buen trato en la escuela.,1,False,False,True,False,False,True,6.255272746377951
101048,16827,3,Convivencia Escolar,3000000,3000000.0,Implementación completa: 100%,False,False,3000000,3000000.0,Convivencia Escolar,Implementación completa: 100%,16827,ESCUELA ESPECIAL Y DE PARVULOS PETIT PRINCE,Particular subvencionado,especial,77,Identidad institucional,"Propiciar la participación de toda la comunidad educativa con énfasis en la identidad y participación en hitos institucionales como aniversario colegio, premiaciones, celebraciones, día de la familia.",1,True,False,False,False,False,False,6.477121399484465
101049,16827,3,Gestión de Recursos,5000000,5000000.0,Implementación completa: 100%,False,False,5000000,5000000.0,Gestión de Recursos,Implementación completa: 100%,16827,ESCUELA ESPECIAL Y DE PARVULOS PETIT PRINCE,Particular subvencionado,especial,77,taller psicomotricidad,Realización de taller de psicomotricidad que fomente nuevos aprendizajes y desarrollo de habilidades motoras,1,True,False,False,False,False,False,6.698970091194907
101050,16827,3,Gestión de Recursos,2000000,2000000.0,Implementación avanzada: 75% a 99%,False,False,2000000,2000000.0,Gestión de Recursos,Implementación avanzada: 75% a 99%,16827,ESCUELA ESPECIAL Y DE PARVULOS PETIT PRINCE,Particular subvencionado,especial,77,recursos pedagógicos,"Adquisición de material didáctico, pedagógico y juegos necesarios para favorecer espacios de aprendizaje en los niños/as.",1,False,False,True,False,False,True,6.301030212811168
101051,16827,3,Gestión de Recursos,2000000,2000000.0,Implementación completa: 100%,False,False,2000000,2000000.0,Gestión de Recursos,Implementación completa: 100%,16827,ESCUELA ESPECIAL Y DE PARVULOS PETIT PRINCE,Particular subvencionado,especial,77,Salida y visita pedagógica,Realización de salida pedagógica y/o visita pedagógica al establecimiento para lograr aprendizajes significativos en los niños/as.,1,True,False,False,False,False,False,6.301030212811168
101052,16827,3,Gestión Pedagógica,0,0.0,Implementación avanzada: 75% a 99%,False,False,0,0.0,Gestión Pedagógica,Implementación avanzada: 75% a 99%,16827,ESCUELA ESPECIAL Y DE PARVULOS PETIT PRINCE,Particular subvencionado,especial,77,Mejoras en el aprendizaje,"Se realizan reuniones de coordinación y reflexión entre docentes y fonoaudióloga de todos los niveles, con el fin de mejorar los aprendizajes de los niños y niñas.",1,False,False,True,True,True,True,0.0
101053,16827,3,Gestión Pedagógica,0,0.0,Implementación completa: 100%,False,False,0,0.0,Gestión Pedagógica,Implementación completa: 100%,16827,ESCUELA ESPECIAL Y DE PARVULOS PETIT PRINCE,Particular subvencionado,especial,77,Acompañamiento docente,Se realizará observación y acompañamiento en el aula mediante la observación y retroalimentación en 2 períodos del año.,1,True,False,False,True,False,True,0.0
101054,16827,3,Gestión Pedagógica,1500000,1500000.0,Implementación avanzada: 75% a 99%,False,False,1500000,1500000.0,Gestión Pedagógica,Implementación avanzada: 75% a 99%,16827,ESCUELA ESPECIAL Y DE PARVULOS PETIT PRINCE,Particular subvencionado,especial,77,Capacitación docente,Se realiza capacitación al equipo docente y asistente de aula sobre diversas estrategias en el aula y según necesidades detectadas.,1,False,False,True,False,False,True,6.176091548585239
101055,16827,3,Liderazgo,1000000,1000000.0,Implementación completa: 100%,False,False,1000000,1000000.0,Liderazgo,Implementación completa: 100%,16827,ESCUELA ESPECIAL Y DE PARVULOS PETIT PRINCE,Particular subvencionado,especial,77,perfeccionamiento directivo,Realizar capacitación y/o asesoramiento para fortalecer liderazgo directivo.,1,True,False,False,False,False,False,6.0000004342942646
101056,16827,3,Liderazgo,1000000,1000000.0,Implementación avanzada: 75% a 99%,False,False,1000000,1000000.0,Liderazgo,Implementación avanzada: 75% a 99%,16827,ESCUELA ESPECIAL Y DE PARVULOS PETIT PRINCE,Particular subvencionado,especial,77,Planes institucionales,Coordinación y monitoreo plan fomento lector y de los distintos planes institucionales durante el año escolar.,1,False,False,True,False,False,True,6.0000004342942646
101057,16827,3,Liderazgo,600000,600000.0,Implementación completa: 100%,False,False,600000,600000.0,Liderazgo,Implementación completa: 100%,16827,ESCUELA ESPECIAL Y DE PARVULOS PETIT PRINCE,Particular subvencionado,especial,77,Comunicación escuela- familia,Afianzar mecanismo de comunicación familia- escuela mediante plataforma digital.,1,True,False,False,False,False,False,5.7781519742071765
115732,25017,3,Convivencia Escolar,5000000,5000000.0,Implementación avanzada: 75% a 99%,False,False,5000000,5000000.0,Convivencia Escolar,Implementación avanzada: 75% a 99%,25017,ESC. BAS. PATR. WILLINS HOOVER KURT,Particular subvencionado,basica_media,329,Plan de Actos y Premiaciones Hooverianas,"El establecimiento implementa un Plan de Premiaciones, reconocimiento de logros, actos, y participación en concursos.",1,False,False,True,False,False,True,6.698970091194907
115733,25017,3,Convivencia Escolar,5000000,5000000.0,Implementación avanzada: 75% a 99%,False,False,5000000,5000000.0,Convivencia Escolar,Implementación avanzada: 75% a 99%,25017,ESC. BAS. PATR. WILLINS HOOVER KURT,Particular subvencionado,basica_media,329,Plan de Gestión de la Convivencia Escolar,"Elaborar y monitorear de forma sistemática, la ejecución del Plan de Convivencia Escolar para el logro de los objetivos formativos.",1,False,False,True,False,False,True,6.698970091194907
115734,25017,3,Convivencia Escolar,25000000,25000000.0,Implementación avanzada: 75% a 99%,False,False,25000000,25000000.0,Convivencia Escolar,Implementación avanzada: 75% a 99%,25017,ESC. BAS. PATR. WILLINS HOOVER KURT,Particular subvencionado,basica_media,329,Mejorando Espacios para la Sana Convivencia,"Implementación y mejoramiento de espacios para generar un ambiente de sana convivencia que potencie los aprendizajes socioemocionales y espirituales, que vayan en ayuda del logro de los aprendizajes curriculares.",1,False,False,True,False,False,True,7.397940026043816
115735,25017,3,Convivencia Escolar,5000000,5000000.0,Implementación avanzada: 75% a 99%,False,False,5000000,5000000.0,Convivencia Escolar,Implementación avanzada: 75% a 99%,25017,ESC. BAS. PATR. WILLINS HOOVER KURT,Particular subvencionado,basica_media,329,Mejorando la Calidad de Vida Hooveriana,"Diseño y ejecución del Plan Integral de Mejoramiento de la calidad de vida de nuestra Comunidad Hooveriana, el cual contempla la ejecución de diversas acciones que permitan incrementar el logro de los distintos criterios que evalúa el DIA socioemocional y los IDPS.",1,False,False,True,False,False,True,6.698970091194907
115736,25017,3,Convivencia Escolar,4000000,4000000.0,Implementación avanzada: 75% a 99%,False,False,4000000,4000000.0,Convivencia Escolar,Implementación avanzada: 75% a 99%,25017,ESC. BAS. PATR. WILLINS HOOVER KURT,Particular subvencionado,basica_media,329,Plan de Apoyo Espiritual,"La unidad de Coordinación Espiritual, compuesta por la Encargada y los Pastores Asistentes, mejoran las acciones establecidas y planifican nuevas acciones, a fin de dar continuidad al objetivo de potenciar el sello educativo y la formación cristiana de nuestros estudiantes a través de la Asistencia Espiritual.",1,False,False,True,False,False,True,6.6020600999015695
115737,25017,3,Gestión de Recursos,15000000,15000000.0,Implementación avanzada: 75% a 99%,False,False,15000000,15000000.0,Gestión de Recursos,Implementación avanzada: 75% a 99%,25017,ESC. BAS. PATR. WILLINS HOOVER KURT,Particular subvencionado,basica_media,329,Plataformas de Gestión Académica,"Plataforma de Gestión Académica y Administrativa que facilita el manejo de la información necesaria para la toma de decisiones certera con implicancia en los aprendizajes. Aprovechamiento de los recursos propuestos para la gestión de matricula, asistencia, informe  de notas, anotaciones, certificados, repitencia, retención escolar, entre otros beneficios.",1,False,False,True,False,False,True,7.176091288008646
115738,25017,3,Gestión de Recursos,12000000,12000000.0,Implementación avanzada: 75% a 99%,False,False,12000000,12000000.0,Gestión de Recursos,Implementación avanzada: 75% a 99%,25017,ESC. BAS. PATR. WILLINS HOOVER KURT,Particular subvencionado,basica_media,329,Plan Local de Desarrollo Profesional,"El equipo directivo, en acuerdo con el Sostenedor, gestiona y financia instancias de desarrollo profesional y técnico, como capacitaciones, pasantías, mentorías o talleres de acuerdo con las necesidades y prioridades definidas. Con foco en la mejora de las prácticas docentes y mejora de los IDPS y DIA.",1,False,False,True,False,False,True,7.07918128223883
115739,25017,3,Gestión de Recursos,8000000,8000000.0,Implementación inicial: 1% a 24%,False,False,8000000,8000000.0,Gestión de Recursos,Implementación inicial: 1% a 24%,25017,ESC. BAS. PATR. WILLINS HOOVER KURT,Particular subvencionado,basica_media,329,Bono de Incentivo al Desempeño,"Bonificación entregada por protocolo para los funcionarios de acuerdo a metas institucionales y Pautas de Evaluación por área, enmarcadas en un plan de evaluaciones de desempeño Semestral.",1,False,False,True,False,False,True,6.903090041278751
115740,25017,3,Gestión de Recursos,60000000,60000000.0,Implementación avanzada: 75% a 99%,False,False,60000000,60000000.0,Gestión de Recursos,Implementación avanzada: 75% a 99%,25017,ESC. BAS. PATR. WILLINS HOOVER KURT,Particular subvencionado,basica_media,329,Extensiones Horarias SEP,Contratación de extensiones horarias para llevar a cabo las acciones comprometidas en el PME,1,False,False,True,False,False,True,7.778151257621885
115741,25017,3,Gestión de Recursos,12000000,12000000.0,Implementación avanzada: 75% a 99%,False,False,12000000,12000000.0,Gestión de Recursos,Implementación avanzada: 75% a 99%,25017,ESC. BAS. PATR. WILLINS HOOVER KURT,Particular subvencionado,basica_media,329,Insumos administrativos,Adquisición de insumos administrativos necesarios para la gestión y respaldo de las acciones planteadas en el PME,1,False,False,True,False,False,True,7.07918128223883
115742,25017,3,Gestión de Recursos,5000000,5000000.0,Implementación avanzada: 75% a 99%,False,False,5000000,5000000.0,Gestión de Recursos,Implementación avanzada: 75% a 99%,25017,ESC. BAS. PATR. WILLINS HOOVER KURT,Particular subvencionado,basica_media,329,Gastos operacionales para la ejecución de acciones,"Gastos en recursos operacionales para ejecución de las acciones del PME. Pago Bencina, Colaciones, Cargas de Tarjeta BIP y Estacionamiento, necesarios para la ejecución de  acciones del PME.",1,False,False,True,False,False,True,6.698970091194907
115743,25017,3,Gestión Pedagógica,6000000,6000000.0,Implementación avanzada: 75% a 99%,False,False,6000000,6000000.0,Gestión Pedagógica,Implementación avanzada: 75% a 99%,25017,ESC. BAS. PATR. WILLINS HOOVER KURT,Particular subvencionado,basica_media,329,Reforzando Aprendizajes,"Refuerzo de los aprendizajes académicos y socioemocionales a través de un Plan de Salidas pedagógicas y Talleres de Libre Elección, a fin de producir aprendizajes significativos.",1,False,False,True,False,False,True,6.7781513227660515
115744,25017,3,Gestión Pedagógica,2000000,2000000.0,Implementación avanzada: 75% a 99%,False,False,2000000,2000000.0,Gestión Pedagógica,Implementación avanzada: 75% a 99%,25017,ESC. BAS. PATR. WILLINS HOOVER KURT,Particular subvencionado,basica_media,329,Diversificando los Instrumentos de Evaluación,"Los docentes planifican y ejecutan instrumentos de evaluación diversificados, considerando que representen al menos el 40% de las calificaciones de la asignatura semestralmente.",1,False,False,True,False,False,True,6.301030212811168
115745,25017,3,Gestión Pedagógica,0,0.0,Implementación avanzada: 75% a 99%,False,False,0,0.0,Gestión Pedagógica,Implementación avanzada: 75% a 99%,25017,ESC. BAS. PATR. WILLINS HOOVER KURT,Particular subvencionado,basica_media,329,Monitoreo de los Aprendizajes,"El equipo de gestión, monitorea la cobertura curricular y el logro de los aprendizajes a través de mediciones en plataformas, en fase inicial, intermedia y final. En Lenguaje, Matemática, de 1° a 8° Básico a fin de generar las remediales necesarias para la mejora educativa",1,False,False,True,True,True,True,0.0
115746,25017,3,Gestión Pedagógica,2000000,2000000.0,Implementación avanzada: 75% a 99%,False,False,2000000,2000000.0,Gestión Pedagógica,Implementación avanzada: 75% a 99%,25017,ESC. BAS. PATR. WILLINS HOOVER KURT,Particular subvencionado,basica_media,329,Acompañamiento y Retroalimentación Docente,"Acompañamiento a docentes de PB a 8°, con foco en la identificación de prácticas exitosas que propendan al mejoramiento del logro de los aprendizajes.",1,False,False,True,False,False,True,6.301030212811168
115747,25017,3,Gestión Pedagógica,4000000,4000000.0,Implementación avanzada: 75% a 99%,False,False,4000000,4000000.0,Gestión Pedagógica,Implementación avanzada: 75% a 99%,25017,ESC. BAS. PATR. WILLINS HOOVER KURT,Particular subvencionado,basica_media,329,Plan de Reactivación de los Aprendizajes,"Un equipo docente, conformado por la Educadora Diferencial y el Docente Generalista, diseña y ejecuta el Plan de Reactivación de los Aprendizajes según el Decreto 67, para apoyar a estudiantes repitentes, en riesgo de repitencia y con brechas de aprendizaje, mediante estrategias pedagógicas inclusivas y diferenciadas que favorecen su nivelación y progreso académico.",1,False,False,True,False,False,True,6.6020600999015695
115748,25017,3,Gestión Pedagógica,2000000,2000000.0,Implementación adecuada: 50% a 74%,False,False,2000000,2000000.0,Gestión Pedagógica,Implementación adecuada: 50% a 74%,25017,ESC. BAS. PATR. WILLINS HOOVER KURT,Particular subvencionado,basica_media,329,Estrategias de Enseñanza y Aprendzajes activas,"Se estandarizarán prácticas exitosas de estrategias de enseñanza- aprendizaje activas hasta octavo, como por ejemplo: activación de conocimientos, rutinas de pensamiento, desafíos matemáticos, resolución de problemas, pensamiento crítico, fundamentación de respuestas  y opiniones, cierre, etc.",1,False,False,True,False,False,True,6.301030212811168
115749,25017,3,Liderazgo,2000000,2000000.0,Implementación avanzada: 75% a 99%,False,False,2000000,2000000.0,Liderazgo,Implementación avanzada: 75% a 99%,25017,ESC. BAS. PATR. WILLINS HOOVER KURT,Particular subvencionado,basica_media,329,Comunidad de Aprendizaje,"El director promueve y modela el trabajo colaborativo en su EE,  mediante:  - Instancias de aprendizaje y discusión técnica entre pares para compartir desafíos pedagógicos, conocimientos y prácticas.  - Sistemas de intercambio, creación, reutilización , adaptación y mejora de los recursos educativos desarrollados por los docentes, como guías,  presentaciones audiovisuales, pruebas, entre otros",1,False,False,True,False,False,True,6.301030212811168
115750,25017,3,Liderazgo,2000000,2000000.0,Implementación avanzada: 75% a 99%,False,False,2000000,2000000.0,Liderazgo,Implementación avanzada: 75% a 99%,25017,ESC. BAS. PATR. WILLINS HOOVER KURT,Particular subvencionado,basica_media,329,Monitoreo del PME,"Utilizando el recurso entregado por mineduc o plataforma digital, se realiza seguimiento de las acciones del PME, a fin de asegurar su cumplimiento e impacto.",1,False,False,True,False,False,True,6.301030212811168
115751,25017,3,Liderazgo,2000000,2000000.0,Implementación avanzada: 75% a 99%,False,False,2000000,2000000.0,Liderazgo,Implementación avanzada: 75% a 99%,25017,ESC. BAS. PATR. WILLINS HOOVER KURT,Particular subvencionado,basica_media,329,Convenio de Desempeño Directivo,"El sostenedor, en acuerdo con los directores de los establecimientos a  su cargo, establecen por escrito en el convenio de desempeño metas  desafiantes y alcanzables que deben cumplir en plazos determinados, en las áreas de liderazgo, gestión pedagógica, formación y convivencia, y gestión de recursos.",1,False,False,True,False,False,True,6.301030212811168
117323,25265,3,Convivencia Escolar,1500000,1500000.0,Implementación completa: 100%,False,False,1500000,1500000.0,Convivencia Escolar,Implementación completa: 100%,25265,COLEGIO ANTIL MAWIDA,Particular subvencionado,basica_media,820,AUTOCUIDADO EN LOS DOCENTES,Se contratan servicios de Kinesiólogo y otros profesionales para apoyo a los docentes.,1,True,False,False,False,False,False,6.176091548585239
117324,25265,3,Convivencia Escolar,100000,100000.0,Implementación completa: 100%,False,False,100000,100000.0,Convivencia Escolar,Implementación completa: 100%,25265,COLEGIO ANTIL MAWIDA,Particular subvencionado,basica_media,820,FORTALECIMENTO DE ROLES PARENTALES,"Se organizan y planifican talleres para el fortalecimiento de roles parentales, dirigido a padres y apoderados.   Fecha Inicio 31/3/2023  Fecha Término 21/11/2023  Responsable: Equipo de gestión   Recursos Necesarios: Materiales de oficina. Otros gastos de operación",1,True,False,False,False,False,False,5.000004342923105
117325,25265,3,Convivencia Escolar,500000,500000.0,Implementación completa: 100%,False,False,500000,500000.0,Convivencia Escolar,Implementación completa: 100%,25265,COLEGIO ANTIL MAWIDA,Particular subvencionado,basica_media,820,RESPETO Y SANA CONVIVENCIA,"Se implementan actividades que permitan, a los estudiantes, validar sellos institucionales y personales.",1,True,False,False,False,False,False,5.698970872924114
117326,25265,3,Convivencia Escolar,12000000,12000000.0,Implementación completa: 100%,False,False,12000000,12000000.0,Convivencia Escolar,Implementación completa: 100%,25265,COLEGIO ANTIL MAWIDA,Particular subvencionado,basica_media,820,TALLERES EXTRAPROGRAMÀTICOS Y SALIDAS PEDAGÒGICAS,"Establecer actividades de talleres extraprogramáticos para estudiantes como baby fútbol femenino, taller música instrumental y otros y salidas pedagògicas.",1,True,False,False,False,False,False,7.07918128223883
117327,25265,3,Convivencia Escolar,1000000,1000000.0,Implementación completa: 100%,False,False,1000000,1000000.0,Convivencia Escolar,Implementación completa: 100%,25265,COLEGIO ANTIL MAWIDA,Particular subvencionado,basica_media,820,AUTOCUIDADO EN LOS ESTUDIANTES,Establecer actividades de apoyo a los estudiantes en los temas de la contingencia de salud y prevención del consumo de drogas y alcohol. Desarrollo de talleres de Sexualidad afectividad y género a cargo de especialistas.,1,True,False,False,False,False,False,6.0000004342942646
117328,25265,3,Convivencia Escolar,7000000,7000000.0,Implementación completa: 100%,False,False,7000000,7000000.0,Convivencia Escolar,Implementación completa: 100%,25265,COLEGIO ANTIL MAWIDA,Particular subvencionado,basica_media,820,SELLOS INSTITUCIONALES Y OTROS INDICADORES DE CALIDAD,"Se realizan actividades que potencien los sellos institucionales y otros indicadores de calidad en la comunidad educativa con foco en el cuidado del medio ambiente, vida saludable, responsabilidad, asistencia, identidad, mejora continua de aprendizajes y otros con incentivos a los estudiantes.",1,True,False,False,False,False,False,6.845098102056321
117329,25265,3,Convivencia Escolar,200000,200000.0,Implementación completa: 100%,False,False,200000,200000.0,Convivencia Escolar,Implementación completa: 100%,25265,COLEGIO ANTIL MAWIDA,Particular subvencionado,basica_media,820,TRABAJO COLABORATIVO,Establecer acciones relacionadas con el trabajo colaborativo en la resolución de conflictos y situaciones emergentes.,1,True,False,False,False,False,False,5.301032167130962
117330,25265,3,Convivencia Escolar,21240000,21240000.0,Implementación completa: 100%,False,False,21240000,21240000.0,Convivencia Escolar,Implementación completa: 100%,25265,COLEGIO ANTIL MAWIDA,Particular subvencionado,basica_media,820,APOYO DE EQUIPO MULTIDISCIPLIARIO,Mantener el apoyo de especialistas y coordinadores en la gestión escolar y la gestión de aula en coordinación con el P.I.E. y en consecuencia con el P.E.I. con participación de especialistas en Consejo de profesores o Jornadas de reflexión.,1,True,False,False,False,False,False,7.327154532856441
117331,25265,3,Gestión de Recursos,10970000,10970000.0,Implementación completa: 100%,False,False,10970000,10970000.0,Gestión de Recursos,Implementación completa: 100%,25265,COLEGIO ANTIL MAWIDA,Particular subvencionado,basica_media,820,ENCARGADO DE CONVIVENCIA ESCOLAR,Mantener un encargado de Convivencia escolar para llevar a cabo los objetivos del Plan de Convivencia escolar y sus protocolos.,1,True,False,False,False,False,False,7.0402066671639965
117332,25265,3,Gestión de Recursos,250000,250000.0,Implementación completa: 100%,False,False,250000,250000.0,Gestión de Recursos,Implementación completa: 100%,25265,COLEGIO ANTIL MAWIDA,Particular subvencionado,basica_media,820,CAPACITACIÒN DEL RECURSO HUMANO,"Los docentes, asistentes de la educación y otros funcionarios son capacitados de acuerdo a la planificación teniendo como base los temas relacionados con educación inclusiva y respuesta educativa a la diversidad y a las NEE de los estudiantes por medio de: Talleres de reflexión y monitoreados por profesionales del establecimiento",1,True,False,False,False,False,False,5.397941745846491
117333,25265,3,Gestión de Recursos,5000000,5000000.0,Implementación completa: 100%,False,False,5000000,5000000.0,Gestión de Recursos,Implementación completa: 100%,25265,COLEGIO ANTIL MAWIDA,Particular subvencionado,basica_media,820,APOYO EXTERNO EN PLATAFORMAS,Se destinan recursos para contratación de apoyo externo con horas para ingreso de datos a plataformas PME MINEDUC y DOCENTE MAS.,1,True,False,False,False,False,False,6.698970091194907
117334,25265,3,Gestión de Recursos,15000000,15000000.0,Implementación completa: 100%,False,False,15000000,15000000.0,Gestión de Recursos,Implementación completa: 100%,25265,COLEGIO ANTIL MAWIDA,Particular subvencionado,basica_media,820,COMUNICACIÒN DIGITAL,Mantención de recursos digitales como la página web.  Otros gastos de operación.,1,True,False,False,False,False,False,7.176091288008646
117335,25265,3,Gestión de Recursos,34600000,34600000.0,Implementación completa: 100%,False,False,34600000,34600000.0,Gestión de Recursos,Implementación completa: 100%,25265,COLEGIO ANTIL MAWIDA,Particular subvencionado,basica_media,820,EQUIPO ADMINISTRATIVO SEP,"Contratación de personal para conformar un equipo administrativo de apoyo a la adquisición de recursos didácticos, de aprendizajes, fotocopias y elaboración de documentos y otros.",1,True,False,False,False,False,False,7.53907611134464
117336,25265,3,Gestión de Recursos,5000000,5000000.0,Implementación completa: 100%,False,False,5000000,5000000.0,Gestión de Recursos,Implementación completa: 100%,25265,COLEGIO ANTIL MAWIDA,Particular subvencionado,basica_media,820,REPOSICIÓN DE MEDIOS PARA LA GESTIÓN DE AULA,Se establece programa de adquisición y mantención   de recursos de aprendizajes.,1,True,False,False,False,False,False,6.698970091194907
117337,25265,3,Gestión Pedagógica,50000,50000.0,Implementación completa: 100%,False,False,50000,50000.0,Gestión Pedagógica,Implementación completa: 100%,25265,COLEGIO ANTIL MAWIDA,Particular subvencionado,basica_media,820,ADECUACIONES CURRICULARES,"Se establece apoyo a los estudiantes P.I.E. que se encuentran bajo el nivel de rendimiento adecuado, en prebásica hasta Ed. Media.",1,True,False,False,False,False,False,4.698978690138799
117338,25265,3,Gestión Pedagógica,250000,250000.0,Implementación completa: 100%,False,False,250000,250000.0,Gestión Pedagógica,Implementación completa: 100%,25265,COLEGIO ANTIL MAWIDA,Particular subvencionado,basica_media,820,EQUIPOS DE AULA CON P.I.E.,Se organizan horarios de los docentes de cursos que cuentaN con especial atención de P.I.E,1,True,False,False,False,False,False,5.397941745846491
117339,25265,3,Gestión Pedagógica,250000,250000.0,Implementación completa: 100%,False,False,250000,250000.0,Gestión Pedagógica,Implementación completa: 100%,25265,COLEGIO ANTIL MAWIDA,Particular subvencionado,basica_media,820,INFORMACIÒN DE P.I.E. A LA COMUNIDAD,El Equipo P.I.E. implementa acciones de comunicación fluida con apoderados acerca de diagnóstico y resultados de la atención de sus hijos.,1,True,False,False,False,False,False,5.397941745846491
117340,25265,3,Gestión Pedagógica,250000,250000.0,Implementación completa: 100%,False,False,250000,250000.0,Gestión Pedagógica,Implementación completa: 100%,25265,COLEGIO ANTIL MAWIDA,Particular subvencionado,basica_media,820,PLANIFICACIÓN CURRICULAR Y REACTIVACION EDUCATIVA,"Con base en los Objetivos de aprendizaje de Lenguaje y Matemática y aspectos socioemocionales, se establece apoyo a los docentes y Equipo de gestión.",1,True,False,False,False,False,False,5.397941745846491
117341,25265,3,Gestión Pedagógica,250000,250000.0,Implementación completa: 100%,False,False,250000,250000.0,Gestión Pedagógica,Implementación completa: 100%,25265,COLEGIO ANTIL MAWIDA,Particular subvencionado,basica_media,820,PROGRAMA DE LECTURA COMPRENSIVA,Implementar un plan de lectura comprensiva de primero básico a cuarto medio,1,True,False,False,False,False,False,5.397941745846491
117342,25265,3,Gestión Pedagógica,250000,250000.0,Implementación completa: 100%,False,False,250000,250000.0,Gestión Pedagógica,Implementación completa: 100%,25265,COLEGIO ANTIL MAWIDA,Particular subvencionado,basica_media,820,MONITOREO AL AULA Y RETROALIMENTACIÓN,Establecer pautas de monitoreo y retroalimentación en el aula para detectar y mejora la adquisición de habilidades de los estudiantes.,1,True,False,False,False,False,False,5.397941745846491
117343,25265,3,Gestión Pedagógica,250000,250000.0,Implementación completa: 100%,False,False,250000,250000.0,Gestión Pedagógica,Implementación completa: 100%,25265,COLEGIO ANTIL MAWIDA,Particular subvencionado,basica_media,820,ARTICULACIÒN DE KINDER CON PRIMER CICLO BÀSICO,Se implementa acción para articulación de Ed. Prebásica y primer ciclo básico.,1,True,False,False,False,False,False,5.397941745846491
117344,25265,3,Gestión Pedagógica,80000000,80000000.0,Implementación completa: 100%,False,False,80000000,80000000.0,Gestión Pedagógica,Implementación completa: 100%,25265,COLEGIO ANTIL MAWIDA,Particular subvencionado,basica_media,820,APOYO A LA GESTIÓN DE AULA,Se destinan horas de asistentes de aula. profesores de reforzamiento y otras funciones técnicas para apoyo al aula.,1,True,False,False,False,False,False,7.903089992420624
117345,25265,3,Liderazgo,50000,50000.0,Implementación completa: 100%,False,False,50000,50000.0,Liderazgo,Implementación completa: 100%,25265,COLEGIO ANTIL MAWIDA,Particular subvencionado,basica_media,820,MARCO DE LA BUENA ENSEÑANZA,Revisar y analizar las Dimensiones y criterios del Marco de la Buena Enseñanza con foco en la Evaluación docente.,1,True,False,False,False,False,False,4.698978690138799
117346,25265,3,Liderazgo,100000,100000.0,Implementación completa: 100%,False,False,100000,100000.0,Liderazgo,Implementación completa: 100%,25265,COLEGIO ANTIL MAWIDA,Particular subvencionado,basica_media,820,ACTUALIZACIÒN DEL PROYECTO EDUCATIVO Y SUS REGLAMENTOSY PME Y PLANES ASOCIADOS,"El equipo de gestiòn conducirá un proceso que concluya con la incorporación en la visión, misión y estrategias del PEI, el enfoque inclusivo de la educación con foco en Reglamento y Planes Asociados del PME.  Plan de Gestión de la Convivencia Escolar - Plan de Apoyo a la Inclusión - Plan de Sexualidad, Afectividad y Género Plan de Formación Ciudadana",1,True,False,False,False,False,False,5.000004342923105
117347,25265,3,Liderazgo,250000,250000.0,Implementación completa: 100%,False,False,250000,250000.0,Liderazgo,Implementación completa: 100%,25265,COLEGIO ANTIL MAWIDA,Particular subvencionado,basica_media,820,.JORNADAS DE REFLEXIÓN DOCENTE,Mantener las jornadas de reflexión docente que conduzcan a evaluar y retroalimentar la gestión de aula y las prácticas pedagógicas.,1,True,False,False,False,False,False,5.397941745846491
117348,25265,3,Liderazgo,500000,500000.0,Implementación completa: 100%,False,False,500000,500000.0,Liderazgo,Implementación completa: 100%,25265,COLEGIO ANTIL MAWIDA,Particular subvencionado,basica_media,820,CONTENCIÒN EMOCIONAL A DOCENTES,Se desarrollan actividades de contención emocional a docentes en las jornadas de reflexión con apoyo de Psicóloga del establecimiento.,1,True,False,False,False,False,False,5.698970872924114
117349,25265,3,Liderazgo,50000,50000.0,Implementación completa: 100%,False,False,50000,50000.0,Liderazgo,Implementación completa: 100%,25265,COLEGIO ANTIL MAWIDA,Particular subvencionado,basica_media,820,REVINCULACIÒN ESTUDIANTIL,Descripción. Implementar acciones que permitan mejorar la asistencia y permanencia educativa detectando situaciones de riesgo de exclusión revinculado a los estudiantes que no están asistiendo a clases.,1,True,False,False,False,False,False,4.698978690138799
118808,25480,3,Convivencia Escolar,0,0.0,Implementación completa: 100%,False,False,0,0.0,Convivencia Escolar,Implementación completa: 100%,25480,COLEGIO JOSE LUIS LEGRANGE DE LA CISTERNA,Particular subvencionado,basica_media,444,Responden diagnóstico en Convivencia Escolar,La comunidad educativa responde a un cuestionario sobre Convivencia Escolar propuesto según las orientaciones ministeriales para elaborar el Plan de Gestión de la convivencia Escolar.,0,True,False,False,True,False,True,0.0
118809,25480,3,Convivencia Escolar,0,0.0,Implementación inicial: 1% a 24%,False,False,0,0.0,Convivencia Escolar,Implementación inicial: 1% a 24%,25480,COLEGIO JOSE LUIS LEGRANGE DE LA CISTERNA,Particular subvencionado,basica_media,444,Elaboración Plan de Gestión convivencia escolar,"Los docentes y equipo directivo elaboran (actualizan) el Plan de Gestión de la Convivencia Escolar, en consejos de profesores, siguiendo las Orientaciones ministeriales y el resultado del diagnóstico realizado en los diferentes estamentos de la comunidad educativa.",0,False,False,True,True,True,True,0.0
118810,25480,3,Gestión de Recursos,0,0.0,Implementación inicial: 1% a 24%,False,False,0,0.0,Gestión de Recursos,Implementación inicial: 1% a 24%,25480,COLEGIO JOSE LUIS LEGRANGE DE LA CISTERNA,Particular subvencionado,basica_media,444,Evaluación del personal,"El equipo Directivo elabora pautas de autoevaluación y posterior evaluación diseñadas para retroalimentar los roles y funciones de los trabajadores y establecer compromisos de mejora, reconocer logros y felicitar al desempeño.",0,False,False,True,True,True,True,0.0
118811,25480,3,Gestión de Recursos,0,0.0,Implementación no efectuada: 0%,False,False,0,0.0,Gestión de Recursos,Implementación no efectuada: 0%,25480,COLEGIO JOSE LUIS LEGRANGE DE LA CISTERNA,Particular subvencionado,basica_media,444,Jornada de revisión de roles y funciones de los trabajadores,"En jornada de trabajo, el equipo directivo expone los roles y funciones del personal y realiza taller de análisis y reflexión según estamentos, con el objetivo que cada trabajador tenga claridad de sus roles y funciones.",0,False,False,True,True,True,True,0.0
118812,25480,3,Gestión Pedagógica,0,0.0,Implementación inicial: 1% a 24%,False,False,0,0.0,Gestión Pedagógica,Implementación inicial: 1% a 24%,25480,COLEGIO JOSE LUIS LEGRANGE DE LA CISTERNA,Particular subvencionado,basica_media,444,Acompañamiento docente en aula,"Un miembro del equipo docente directivo y docente de aula, realiza observación en aula con una pauta previamente consensuada con el docente y posterior a esto se realiza la retroalimentación de lo observado.",0,False,False,True,True,True,True,0.0
118813,25480,3,Gestión Pedagógica,0,0.0,Implementación parcial: 25% a 49%,False,False,0,0.0,Gestión Pedagógica,Implementación parcial: 25% a 49%,25480,COLEGIO JOSE LUIS LEGRANGE DE LA CISTERNA,Particular subvencionado,basica_media,444,Aplicación de estrategias de aprendizaje.,"Los docentes en conjunto a Coordinación Académica aplican estrategias de aprendizaje a los estudiantes de acuerdo a los resultados obtenidos en las pruebas SIMCE,  DIA  y evaluaciones de proceso.",0,False,False,True,True,True,True,0.0
118814,25480,3,Liderazgo,0,0.0,Implementación adecuada: 50% a 74%,False,False,0,0.0,Liderazgo,Implementación adecuada: 50% a 74%,25480,COLEGIO JOSE LUIS LEGRANGE DE LA CISTERNA,Particular subvencionado,basica_media,444,Jornadas de resultados Socioemocionales y de convivencia,"En consejo de profesores, el equipo directivo analiza los resultados del establecimiento en las pruebas DIA socioemocional, de Convivencia Escolar en el informe IDPS del SIMCE.",0,False,False,True,True,True,True,0.0
118815,25480,3,Liderazgo,0,0.0,Implementación parcial: 25% a 49%,False,False,0,0.0,Liderazgo,Implementación parcial: 25% a 49%,25480,COLEGIO JOSE LUIS LEGRANGE DE LA CISTERNA,Particular subvencionado,basica_media,444,Jornadas de análisis de resultados,"En consejo de profesores, el equipo directivo analiza los resultados del establecimiento en las pruebas DIA, SIMCE y evaluaciones internas,  para establecer acuerdos de mejora.",0,False,False,True,True,True,True,0.0
122164,25995,3,Convivencia Escolar,1500000,1500000.0,Implementación avanzada: 75% a 99%,False,False,1500000,1500000.0,Convivencia Escolar,Implementación avanzada: 75% a 99%,25995,CENTRO POLITEC. CARLOS CONDELL DE LA CISTERNA,Particular subvencionado,basica_media,549,Promoción de la vida saludable y prevención de conductas de riesgos,"A través de una planificación de actividades mensuales con tematicas por periodo, se implementarán diversas actividades que fomenten conductas de vida saludable y de prevención de riesgos, relevando el autocuidado tanto en el ámbito físico como mental, considerando la vida afectiva, sexual y género.",1,False,False,True,False,False,True,6.176091548585239
122165,25995,3,Convivencia Escolar,21000000,21000000.0,Implementación completa: 100%,False,False,21000000,21000000.0,Convivencia Escolar,Implementación completa: 100%,25995,CENTRO POLITEC. CARLOS CONDELL DE LA CISTERNA,Particular subvencionado,basica_media,549,Apoyo psicosocial o multidisciplinario,"Se apoyará y se realizará seguimiento a estudiantes con dificultades socioemcionales que afectan sus aprendizajes mediante actividades que le permitan integrarse y mejorar su autoestima académica con el seguimiento de especialistas acorde a la necesidad del estudiantes, estos pueden ser psicologos, terapeuta ocupacional, asistente social. Además de entregar estrategias a docentes que los atienden.",1,True,False,False,False,False,False,7.322219315414609
122166,25995,3,Convivencia Escolar,25000000,25000000.0,Implementación avanzada: 75% a 99%,False,False,25000000,25000000.0,Convivencia Escolar,Implementación avanzada: 75% a 99%,25995,CENTRO POLITEC. CARLOS CONDELL DE LA CISTERNA,Particular subvencionado,basica_media,549,"Espacios de contención, recreación y aprendizaje socioemocional","Se dispondrá de espacios para desarrollar habilidades socioemocionales, a través de actividades que promuevan la recreación y el aprendizaje socioemocional, favoreciendo la mejora de la sana convivencia, relaciones interpersonales, además de generar un espacio seguro para la contención de estudiantes con alguna regulación emocional,",1,False,False,True,False,False,True,7.397940026043816
122167,25995,3,Convivencia Escolar,14000000,14000000.0,Implementación avanzada: 75% a 99%,False,False,14000000,14000000.0,Convivencia Escolar,Implementación avanzada: 75% a 99%,25995,CENTRO POLITEC. CARLOS CONDELL DE LA CISTERNA,Particular subvencionado,basica_media,549,"Participación, sentido de pertenencia y sana convivencia","Se llevarán a cabo actividades que promuevan el sentido de pertenencia con la comunidad eductiva, apuntando a la mejora de la convivencia y su consecuente impacto en el bienestar y rendimiento académico. Dichas actividades promueven el compromiso, responsabilidad, sana convivencia entre otros aspectos que aportan a la formación integral de nuestros estudiantes y mienbros de la comunidad.",1,False,False,True,False,False,True,7.146128066699271
122168,25995,3,Convivencia Escolar,24000000,24000000.0,Implementación completa: 100%,False,False,24000000,24000000.0,Convivencia Escolar,Implementación completa: 100%,25995,CENTRO POLITEC. CARLOS CONDELL DE LA CISTERNA,Particular subvencionado,basica_media,549,Actividades Extracurriculares,"De acuerdo a los intereses de nuestros/as estudiantes, y en relación al sello formación integral, se realizarán actividades extracurriculares en distintos ámbitos: deportivos, culturales, artísticos, entre otros, con el fin de promover valores institucionales, la participación y el compañerismo. Además fomentar la participación representativa del establecimiento en actividades internas y externas",1,True,False,False,False,False,False,7.380211259807209
122169,25995,3,Gestión de Recursos,200000,200000.0,Implementación avanzada: 75% a 99%,False,False,200000,200000.0,Gestión de Recursos,Implementación avanzada: 75% a 99%,25995,CENTRO POLITEC. CARLOS CONDELL DE LA CISTERNA,Particular subvencionado,basica_media,549,Perfeccionamientos,"Promover el desarrollo profesional de docentes, asistentes y directivos, según necesidades inherentes a sus funciones, o emanadas de las necesidades de aprendizaje de los y las estudiantes o al diagnóstico institucional, mediante capacitaciones internas o ecternas, que permitan la  la reflexión y retroalimentación permanete para la mejora.",1,False,False,True,False,False,True,5.301032167130962
122170,25995,3,Gestión de Recursos,11000000,11000000.0,Implementación completa: 100%,False,False,11000000,11000000.0,Gestión de Recursos,Implementación completa: 100%,25995,CENTRO POLITEC. CARLOS CONDELL DE LA CISTERNA,Particular subvencionado,basica_media,549,Recursos Educativos,"Considerando las necesidades requeridas por distintos estamentos de la gestión institucional y académica, se tendrá a disposición una multiplicidad de insumos o recursos educativos para el desarrollo de los aprendizajes y actividades académicas, culturales, deportivas entre otras, que permita ejecutar la programación.",1,True,False,False,False,False,False,7.04139272463954
122171,25995,3,Gestión de Recursos,24000000,24000000.0,Implementación avanzada: 75% a 99%,False,False,24000000,24000000.0,Gestión de Recursos,Implementación avanzada: 75% a 99%,25995,CENTRO POLITEC. CARLOS CONDELL DE LA CISTERNA,Particular subvencionado,basica_media,549,"Mantención, adquisición y reposición de recursos para el aprendizaje","De manera mensual se monitorea y gestiona la adquisición o reparación de insumos educativos y/o recursos tecnológicos, para que se encuentren en óptimo estado para el desarrollo de aprendizajes.",1,False,False,True,False,False,True,7.380211259807209
122172,25995,3,Gestión de Recursos,21000000,21000000.0,Implementación completa: 100%,False,False,21000000,21000000.0,Gestión de Recursos,Implementación completa: 100%,25995,CENTRO POLITEC. CARLOS CONDELL DE LA CISTERNA,Particular subvencionado,basica_media,549,Recursos Educativos Tecnológicos,"Encargado o encargada de recursos tecnológicos educativos, implementará un plan de uso, mantención y disposición de recursos tecnológicos para el aprendizaje de los y las estudiantes, fomentado y favoreciendo el uso de recursos por parte de funcionarios y/o docentes, facilitando la innovación y mejora de las prácticas. Además de proponer la adquisición de recursos para el aprendizaje.",1,True,False,False,False,False,False,7.322219315414609
122173,25995,3,Gestión de Recursos,200000,200000.0,Implementación adecuada: 50% a 74%,False,False,200000,200000.0,Gestión de Recursos,Implementación adecuada: 50% a 74%,25995,CENTRO POLITEC. CARLOS CONDELL DE LA CISTERNA,Particular subvencionado,basica_media,549,"Fomento lector, actualización y mejoramiento de recursos CRA","Encargada CRA, gestiona acciones de fomento lector en conjunto con docentes de distintgas asignaturas, adquiriendo y utilizando recursos para el desarrollo de habilidades, interés y hábito lector. Además propone actualización y mejoramiento de recursos y/o espacios para desarrollar habilidades a través de actividades lúdicas e innovadoras para la adquisicion del aprendizaje y trabajo colaborativo.",1,False,False,True,False,False,True,5.301032167130962
122174,25995,3,Gestión Pedagógica,48700000,48700000.0,Implementación avanzada: 75% a 99%,False,False,48700000,48700000.0,Gestión Pedagógica,Implementación avanzada: 75% a 99%,25995,CENTRO POLITEC. CARLOS CONDELL DE LA CISTERNA,Particular subvencionado,basica_media,549,Planificación estratégica y aulas temáticas,"El equipo docente, liderado por su encargado de área, trabajan de manera colaborativa en la planificación, organización y seguimiento de actividades y proyectos de sus áreas, que contemplan estrategias y acciones tendientes a mejorar los resultados de aprendizaje de nuestros estudiantes en las distintas asignatura y módulos. a su vez, el encargado de área estará acompañado por la Jefe de UTP",1,False,False,True,False,False,True,7.6875289701323855
122175,25995,3,Gestión Pedagógica,7000000,7000000.0,Implementación avanzada: 75% a 99%,False,False,7000000,7000000.0,Gestión Pedagógica,Implementación avanzada: 75% a 99%,25995,CENTRO POLITEC. CARLOS CONDELL DE LA CISTERNA,Particular subvencionado,basica_media,549,Orientación vocacional y prosecusión de estudios,"Mediante actividades formativas, se acompañará el proceso de elección vocacional en todos los niveles, pensando en la elección de especailidades como en la prosecución de estudios, a través de actividades como: preuniversitario, chrlas tp, charlas ed. superior, acompañamiento al ingreso a la ed. superior, proceso de elección de especialidad, ferias y visitas entidades de ed. superior, entre otras.",1,False,False,True,False,False,True,6.845098102056321
122176,25995,3,Gestión Pedagógica,100000,100000.0,Implementación adecuada: 50% a 74%,False,False,100000,100000.0,Gestión Pedagógica,Implementación adecuada: 50% a 74%,25995,CENTRO POLITEC. CARLOS CONDELL DE LA CISTERNA,Particular subvencionado,basica_media,549,Acompañamiento docente y trabajo colaborativo,"A partir de la articulación del plan DPD y/o convenio Adeco, se fortalecerán prácticas de liderazgo directivo y pedagógicas mediante el acompañamiento y retroalimentación docente, trabajo colaborativo para el análisis y reflexión, especialmente durante las horas no lectivas en función del mejoramiento y crecimiento profesional, con impacto en la mejora de aprendizajes de nuestros estudiante.",1,False,False,True,False,False,True,5.000004342923105
122177,25995,3,Gestión Pedagógica,27000000,27000000.0,Implementación completa: 100%,False,False,27000000,27000000.0,Gestión Pedagógica,Implementación completa: 100%,25995,CENTRO POLITEC. CARLOS CONDELL DE LA CISTERNA,Particular subvencionado,basica_media,549,Apoyo psicopedagógico,"Un equipo de psicopedagogía elabora un plan de trabajo para disminuir barreras de aprendizaje en estudiantes con NEE u otras condiciones o necesidades, gestionando diversas acciones, tales como creación de espacios de apoyo, adecuaciones curriculares, diversificación de la enseñanza y evaluación, seguimiento en aula común en asignaturas que lo requiera, principalmente lenguaje y matemáticas.",1,True,False,False,False,False,False,7.431363780243968
122178,25995,3,Liderazgo,15000000,15000000.0,Implementación avanzada: 75% a 99%,False,False,15000000,15000000.0,Liderazgo,Implementación avanzada: 75% a 99%,25995,CENTRO POLITEC. CARLOS CONDELL DE LA CISTERNA,Particular subvencionado,basica_media,549,Coordinación estratégica,"A través de un coordinador estratégico, se llevara un seguimiento al funcionamiento diario de las actividades lectivas de todos los cursos y niveles, asegurando la continuidad del proceso educativo, a través de material de aprendizaje, cobertura, reemplazos, gestión de espacios educativos para el correcto uso y funcionamiento, gestión de matrícula , entre otras aspectos de la gestión escolar",1,False,False,True,False,False,True,7.176091288008646
122179,25995,3,Liderazgo,12000000,12000000.0,Implementación avanzada: 75% a 99%,False,False,12000000,12000000.0,Liderazgo,Implementación avanzada: 75% a 99%,25995,CENTRO POLITEC. CARLOS CONDELL DE LA CISTERNA,Particular subvencionado,basica_media,549,Apoyo a la gestión pedagógica,"Se apoya el seguimiento y sistematización de los procesos de la gestión académica y escolar, mediante el monitoreo y registros de datos que permitan generar reportes para instaurar una cultura de altas expectativas a partir de la reflexión pedagógica para la mejora de metas propuestas",1,False,False,True,False,False,True,7.07918128223883
122180,25995,3,Liderazgo,4000000,4000000.0,Implementación completa: 100%,False,False,4000000,4000000.0,Liderazgo,Implementación completa: 100%,25995,CENTRO POLITEC. CARLOS CONDELL DE LA CISTERNA,Particular subvencionado,basica_media,549,Promoción del vínculo,"Equipo directivo, de gestión y docente gestionan y aplican estrategias efectivas de comunicación y retroalimentación, lo que permitirá mantener el vínculo entre los distintos actores de la comunidad. Además de canalizar la información de manera oprotuna y accesible a toda la comunidad, afianzando el sentido de pertenencia y relaciones de confianza, lo que apunta a la mejora de los procesos.",1,True,False,False,False,False,False,6.6020600999015695
122181,25995,3,Liderazgo,100000,100000.0,Implementación adecuada: 50% a 74%,False,False,100000,100000.0,Liderazgo,Implementación adecuada: 50% a 74%,25995,CENTRO POLITEC. CARLOS CONDELL DE LA CISTERNA,Particular subvencionado,basica_media,549,Difusión y seguimiento del PME,"Trimestralmente, se realizará un seguimiento de las acciones planificadas, verificando tiempos de implementación y evaluando el impacto en la comunidad educativa. Además, se realizarán jornada de análisisis, difusión, actualidación de avances y mejoras a realizar con distintos actores de la comunidad.",1,False,False,True,False,False,True,5.000004342923105
123225,26230,3,Convivencia Escolar,0,0.0,Implementación avanzada: 75% a 99%,False,False,0,0.0,Convivencia Escolar,Implementación avanzada: 75% a 99%,26230,ESCUELA ESP. SOL NACIENTE,Particular subvencionado,especial,63,Talleres de alimentación saludable,"El equipo directivo junto a la comunidad educativa promueve los hábitos de vida saludables mediante talleres de psicomotricidad , talleres de cocina saludable, videos educativos y acciones dirigidas al cuidado del planeta.",0,False,False,True,True,True,True,0.0
123226,26230,3,Convivencia Escolar,0,0.0,Implementación avanzada: 75% a 99%,False,False,0,0.0,Convivencia Escolar,Implementación avanzada: 75% a 99%,26230,ESCUELA ESP. SOL NACIENTE,Particular subvencionado,especial,63,Actualización,"El equipo directivo junto a los docentes leen, revisan y actualizan los protocolos de convivencia y seguridad escolar",0,False,False,True,True,True,True,0.0
123227,26230,3,Gestión de Recursos,0,0.0,Implementación avanzada: 75% a 99%,False,False,0,0.0,Gestión de Recursos,Implementación avanzada: 75% a 99%,26230,ESCUELA ESP. SOL NACIENTE,Particular subvencionado,especial,63,Materiales para la preparación de la enseñanza,El sostenedor otorga los materiales y recursos para llevar a cabo las clases y experiencias de aprendizaje de todos los estudiantes.,0,False,False,True,True,True,True,0.0
123228,26230,3,Gestión de Recursos,0,0.0,Implementación avanzada: 75% a 99%,False,False,0,0.0,Gestión de Recursos,Implementación avanzada: 75% a 99%,26230,ESCUELA ESP. SOL NACIENTE,Particular subvencionado,especial,63,Gestión de personal,los docentes y asistentes de la educación realizaran una autoevaluación y su retroalimentación al final de cada semestre.,0,False,False,True,True,True,True,0.0
123229,26230,3,Gestión Pedagógica,0,0.0,Implementación avanzada: 75% a 99%,False,False,0,0.0,Gestión Pedagógica,Implementación avanzada: 75% a 99%,26230,ESCUELA ESP. SOL NACIENTE,Particular subvencionado,especial,63,Reflexión,"El equipo técnico y docente participa en jornadas de reflexión donde se conocen los lineamientos de las planificaciones las cuales deben estar alineadas con las unidades mensuales, planificación mensual y BCEP, al mismo tiempo debe contener los tres momentos de la clase.",0,False,False,True,True,True,True,0.0
123230,26230,3,Gestión Pedagógica,0,0.0,Implementación avanzada: 75% a 99%,False,False,0,0.0,Gestión Pedagógica,Implementación avanzada: 75% a 99%,26230,ESCUELA ESP. SOL NACIENTE,Particular subvencionado,especial,63,Diseño,"Los docentes planifican según las unidades mensuales, siguiendo los lineamientos de las  BCEP considerando los contenidos basales,",0,False,False,True,True,True,True,0.0
123231,26230,3,Liderazgo,0,0.0,Implementación avanzada: 75% a 99%,False,False,0,0.0,Liderazgo,Implementación avanzada: 75% a 99%,26230,ESCUELA ESP. SOL NACIENTE,Particular subvencionado,especial,63,Mejorar la comunicación,"El equipo directivo junto a los docentes mantienen la comunicación con las familias mediante la tecnología: correo electrónico, whatsApp, envío de videos, tareas al hogar y otros con la finalidad de mantener la participación de todos y todas las estudiantes.",0,False,False,True,True,True,True,0.0
123232,26230,3,Liderazgo,0,0.0,Implementación avanzada: 75% a 99%,False,False,0,0.0,Liderazgo,Implementación avanzada: 75% a 99%,26230,ESCUELA ESP. SOL NACIENTE,Particular subvencionado,especial,63,Reflexión,El equipo directivo junto a los docentes participan de jornadas de reflexión y evaluación del primer y segundo semestre respectivamente.,0,False,False,True,True,True,True,0.0
123233,26230,3,Liderazgo,0,0.0,Implementación avanzada: 75% a 99%,False,False,0,0.0,Liderazgo,Implementación avanzada: 75% a 99%,26230,ESCUELA ESP. SOL NACIENTE,Particular subvencionado,especial,63,Estrategias de evaluación,"Los docentes realizan diferentes experiencias de aprendizajes dirigidas hacia la realización de evaluaciones formativas como: disertaciones , exposiciones, presentaciones artísticas, juegos colaborativos, juegos de roles, talleres de cocina y talleres de psicomotricidad.",0,False,False,True,True,True,True,0.0
123234,26230,3,Liderazgo,0,0.0,Implementación avanzada: 75% a 99%,False,False,0,0.0,Liderazgo,Implementación avanzada: 75% a 99%,26230,ESCUELA ESP. SOL NACIENTE,Particular subvencionado,especial,63,Evaluación y desarrollo de  aprendizaje,"Los docentes realizan diferentes actividades dirigidas hacia la realización de evaluación formativa como disertaciones, exposiciones, presentaciones artísticas, juegos colaborativos, juegos de roles, talleres de cocina y psicomotricidad.",0,False,False,True,True,True,True,0.0
123583,26278,3,Convivencia Escolar,0,0.0,Implementación completa: 100%,False,False,0,0.0,Convivencia Escolar,Implementación completa: 100%,26278,ESCUELA BASICA ARISTA VITAE,Particular subvencionado,basica_media,47,Revisión Anual de protocolos y planes de accion,"Se revisara el manual de convivencia escolar, planes de acción de nuestro colegio y protocolos para mantenerlos siempre actualizados según contingencia de nuestra escuela incluyendo a los docentes y asistentes de la educación para su contribución a la mejora de estos.",0,True,False,False,True,False,True,0.0
123584,26278,3,Convivencia Escolar,0,0.0,Implementación completa: 100%,False,False,0,0.0,Convivencia Escolar,Implementación completa: 100%,26278,ESCUELA BASICA ARISTA VITAE,Particular subvencionado,basica_media,47,Capacitacion de protocolos,"Se realizaran reuniones de profesores y asistentes de la educación para transmitir las directrices de los distintos planes de nuestro colegió con el fin de que se pueda llevar a los apoderados en reunión, para lograr el optimo cumplimiento de estos por la comunidad.",0,True,False,False,True,False,True,0.0
123585,26278,3,Gestión de Recursos,0,0.0,Implementación completa: 100%,False,False,0,0.0,Gestión de Recursos,Implementación completa: 100%,26278,ESCUELA BASICA ARISTA VITAE,Particular subvencionado,basica_media,47,Inventario electronico,"Se confecciona un inventario electrónico con todas las existencias del colegio, este será retroalimentado por cada uno de los responsables o administradores del material, entregado información oportuna y en lineo sobre el estado de los materiales para reparar o gestionar compras.",0,True,False,False,True,False,True,0.0
123586,26278,3,Gestión de Recursos,0,0.0,Implementación completa: 100%,False,False,0,0.0,Gestión de Recursos,Implementación completa: 100%,26278,ESCUELA BASICA ARISTA VITAE,Particular subvencionado,basica_media,47,Definicion de metas anuales,Se definen las metas anuales para el establecimiento en son de resultados de aprendizajes y satisfacción de los integrantes de la comunidad educativa.,0,True,False,False,True,False,True,0.0
123587,26278,3,Gestión Pedagógica,0,0.0,Implementación completa: 100%,False,False,0,0.0,Gestión Pedagógica,Implementación completa: 100%,26278,ESCUELA BASICA ARISTA VITAE,Particular subvencionado,basica_media,47,Sistematizar el modelo tecnivo pedagogico de nuestra escuela,1.- Realizar visitas de acompañamiento en el aula realizando el registro de observación en la pauta de viista.,0,True,False,False,True,False,True,0.0
123588,26278,3,Gestión Pedagógica,0,0.0,Implementación completa: 100%,False,False,0,0.0,Gestión Pedagógica,Implementación completa: 100%,26278,ESCUELA BASICA ARISTA VITAE,Particular subvencionado,basica_media,47,Prueba estandarizada,Se aplicará una evaluación semestral que abordará todos objetivos de aprendizaje tratados en las fechas establecidas para cada semestre,0,True,False,False,True,False,True,0.0
123589,26278,3,Liderazgo,0,0.0,Implementación completa: 100%,False,False,0,0.0,Liderazgo,Implementación completa: 100%,26278,ESCUELA BASICA ARISTA VITAE,Particular subvencionado,basica_media,47,Aprobacion escolar,Conocer y monitorear el avance del PME,0,True,False,False,True,False,True,0.0
123590,26278,3,Liderazgo,0,0.0,Implementación completa: 100%,False,False,0,0.0,Liderazgo,Implementación completa: 100%,26278,ESCUELA BASICA ARISTA VITAE,Particular subvencionado,basica_media,47,Analisis FODA,Se analizan las fortalezas y debilidades del establecimiento para tener información para la toma de decisiones,0,True,False,False,True,False,True,0.0
123778,26337,3,Convivencia Escolar,0,0.0,Implementación completa: 100%,False,False,0,0.0,Convivencia Escolar,Implementación completa: 100%,26337,ESCUELA ESPECIAL ADAES,Particular subvencionado,especial,11,SALIDA PEDAGOGICAS,"PREVIA PLANIFICACION CON DOCENTE Y PROGRAMA DE CONVIVENCIA ESCOLAR SE  TRABAJARA EN LA SALIDA PEDAGOGICA,SIEMPRE BAJO LA MIRADA DE LA ONVIVENCIA  ESCOLAR MAS QUE UN CONCEPTO ABSTRACTO COMO UNA PRÁCTICA,UN HÁBITO Y  CULTURA.",0,True,False,False,True,False,True,0.0
123779,26337,3,Convivencia Escolar,0,0.0,Implementación completa: 100%,False,False,0,0.0,Convivencia Escolar,Implementación completa: 100%,26337,ESCUELA ESPECIAL ADAES,Particular subvencionado,especial,11,Programa de convivencia escolar,"EN EL PROGRAMA DE GESTIÓN PARA LA SANA CONVIVENCIA ESCOLAR SE DESARROLLA Y  PROMUEVE HABILIDADES SOCIALES EN ALUMNOS DE ADAES PARA PERMITIR UNA SANA  CONVIVENCIA DENTRO Y FUERA DEL ESTABLECIMIENTO,PSICOLOGO MIERCOLES POR  MEDIO TRABAJA UN TEMA ESPECIFICO PLANIFICADO A PRINCIPIO DE AÑO.",0,True,False,False,True,False,True,0.0
123780,26337,3,Gestión de Recursos,0,0.0,Implementación completa: 100%,False,False,0,0.0,Gestión de Recursos,Implementación completa: 100%,26337,ESCUELA ESPECIAL ADAES,Particular subvencionado,especial,11,JORNADA DE PERFECCIONAMIENTO,"DIRECTOR,PSICOLOGO O INVITADO REALIZARA PERFECCIONAMIENTO UNA VEZ AL AÑO  CON EL FIN DE MEJORAR LAS PRACTICAS EDUCATIVAS.",0,True,False,False,True,False,True,0.0
123781,26337,3,Gestión de Recursos,0,0.0,Implementación avanzada: 75% a 99%,False,False,0,0.0,Gestión de Recursos,Implementación avanzada: 75% a 99%,26337,ESCUELA ESPECIAL ADAES,Particular subvencionado,especial,11,PRACTICAS EN EL AULA,"DIRECTORA GESTIONARA QUE DOCENTE REALICE EXPOSICION DE SUS PRACTICAS EN  AULA,CON EL FIN DE COMPARTIR Y RETROALIMENTARSE CON EL APRENDIZAJE..eSTO SE  REALIZARA A FIN DE AÑO.",0,False,False,True,True,True,True,0.0
123782,26337,3,Gestión Pedagógica,0,0.0,Implementación completa: 100%,False,False,0,0.0,Gestión Pedagógica,Implementación completa: 100%,26337,ESCUELA ESPECIAL ADAES,Particular subvencionado,especial,11,Mejorar la escritura en los estudiantes,"Utp revisara mensualmente planificación orientando hacia el sector de lenguaje,esta actividad estará  relacionada con plan de formación ciudadana",0,True,False,False,True,False,True,0.0
123783,26337,3,Gestión Pedagógica,0,0.0,Implementación completa: 100%,False,False,0,0.0,Gestión Pedagógica,Implementación completa: 100%,26337,ESCUELA ESPECIAL ADAES,Particular subvencionado,especial,11,Mejorar la lectura en los estudiantes,"utp revisara en forma mensual las planificaciones,orientara el trabajo en el sector de lenguaje,esta  actividad se relacionara con el plan de formacion ciudaddana,en donde una vez al mes buscaran  una noticia y la analizarán(leer)",0,True,False,False,True,False,True,0.0
123784,26337,3,Liderazgo,0,0.0,Implementación completa: 100%,False,False,0,0.0,Liderazgo,Implementación completa: 100%,26337,ESCUELA ESPECIAL ADAES,Particular subvencionado,especial,11,REVISION DE PLANIFICACIONES MENSUALES,"UTP Y DIRECTORA RECIBIRAN TODA LA INFORMACION TECNICA EN PENDRIVE,ESTA SERA  REVISADA EL ULTIMO DIA DE CADA MES.",0,True,False,False,True,False,True,0.0
123785,26337,3,Liderazgo,0,0.0,Implementación avanzada: 75% a 99%,False,False,0,0.0,Liderazgo,Implementación avanzada: 75% a 99%,26337,ESCUELA ESPECIAL ADAES,Particular subvencionado,especial,11,Practicas en el aula,"DIRECTORA GESTIONARÁ LA EXPOSICION DE CADA DOCENTE SOBRE SUS PRACTICAS EN  EL AULA DURANTE EL AÑO EN CURSO,PODRA UTILIZAR UN POWER,ESTA SE REALIZARÁ A  FIN DE AÑO,EN DICIEMBRE.",0,False,False,True,True,True,True,0.0
123877,26351,3,Convivencia Escolar,500000,0.0,Implementación completa: 100%,False,False,500000,0.0,Convivencia Escolar,Implementación completa: 100%,26351,ESCUELA ESPECIAL N°2253 ANTULAF,Particular subvencionado,especial,53,Talleres para la famila,"Se realizan Talleres para la familia contemplando ámbitos diversos para abarcar necesidades expuestas al inicio del año escolar:  1.  Taller de malos hábitos orales  por la fonoaudiólga.  2.  Nadie es perfecto , taller de habilidades de crianza para padres, madres y cuidadores de niños menores de 6 años, Directora y Jefa UTP.  3.  Estilos de vida saludable  por el Docente de Educación Física.",0,True,False,False,False,False,False,5.698970872924114
123878,26351,3,Convivencia Escolar,500000,0.0,Implementación avanzada: 75% a 99%,False,False,500000,0.0,Convivencia Escolar,Implementación avanzada: 75% a 99%,26351,ESCUELA ESPECIAL N°2253 ANTULAF,Particular subvencionado,especial,53,Acercamiento a los padres y/o apoderados,"Se cita a los apoderados a distintas instancias y dependiendo de los objetivos que se persigan, como: Reuniones de apoderados, generales y por nivel. Citas o entrevistas personales pedagógicas y/o fonoaudiológicas. Encuentros en actividades extracurriculares, talleres y/o escuela para padres.",0,False,False,True,False,False,True,5.698970872924114
123879,26351,3,Convivencia Escolar,500000,0.0,Implementación avanzada: 75% a 99%,False,False,500000,0.0,Convivencia Escolar,Implementación avanzada: 75% a 99%,26351,ESCUELA ESPECIAL N°2253 ANTULAF,Particular subvencionado,especial,53,Apoyo a la familia en el proceso educativo del alumno (a),"Apoyar a la familia con un seguimiento del alumno que presente dificultades de aprendizaje, conductuales, emocionales y/o del no avance o logros mínimos en el tratamiento del lenguaje.  Así también, se investiga la ausencia del alumno (a) a clases.",0,False,False,True,False,False,True,5.698970872924114
123880,26351,3,Convivencia Escolar,300000,0.0,Implementación avanzada: 75% a 99%,False,False,300000,0.0,Convivencia Escolar,Implementación avanzada: 75% a 99%,26351,ESCUELA ESPECIAL N°2253 ANTULAF,Particular subvencionado,especial,53,Centro de Padres y Apoderados,"Crear Centro de Padres que represente a las familias ante el establecimiento. Su objetivo principal es organizarse para reunir fondos que utilizan para los alumnos (as) en el día del alumno, aniversario de la escuela y navidad y para los profesores en su día.  Así también, participan en algunas actividades de cierre de unidad temática.",0,False,False,True,False,False,True,5.477122702365523
123881,26351,3,Convivencia Escolar,500000,0.0,Implementación completa: 100%,False,False,500000,0.0,Convivencia Escolar,Implementación completa: 100%,26351,ESCUELA ESPECIAL N°2253 ANTULAF,Particular subvencionado,especial,53,Difusión constante de todos los acontecimientos de la escuela,"Tener banco de datos con toda la información de los alumnos (as) de la escuela para ocuparla en creación de WhatsApp que estar en constante comunicación con los apoderados.  Además, cada alumno (a) cuenta con libreta de comunicaciones.",0,True,False,False,False,False,False,5.698970872924114
123882,26351,3,Gestión de Recursos,500000,0.0,Implementación parcial: 25% a 49%,False,False,500000,0.0,Gestión de Recursos,Implementación parcial: 25% a 49%,26351,ESCUELA ESPECIAL N°2253 ANTULAF,Particular subvencionado,especial,53,Distinción de cada trabajador de la Escuela,"Realizar actividades donde se reconozca a todo el personal, al inicio del año, término del primer semestre y finalización del año escolar. Se hacen votaciones para elegir al:  mejor compañero ,  espíritú Antülaf ,  puntual ,  honesto ,  responsable ,  tolerante , etc. y se le entrega un reconocimiento y un diploma con el nombramiento.",0,False,False,True,False,False,True,5.698970872924114
123883,26351,3,Gestión de Recursos,500000,0.0,Implementación adecuada: 50% a 74%,False,False,500000,0.0,Gestión de Recursos,Implementación adecuada: 50% a 74%,26351,ESCUELA ESPECIAL N°2253 ANTULAF,Particular subvencionado,especial,53,Trabajo colaborativo,"Se desarrollan reuniones con las duplas de trabajo: Docente-Asistente; Director-UTP con Equipo de Gestión con el fin de organizar, ejecutar y evaluar el desempeño de estas duplas después de cada unidad temática;  de actividades como Actos Cívicos y de celebraciones.  También, se realizan intercambios de duplas Docente-Asistente y rotación de aula y  luego, se evalúa.",0,False,False,True,False,False,True,5.698970872924114
123884,26351,3,Gestión de Recursos,500000,0.0,Implementación adecuada: 50% a 74%,False,False,500000,0.0,Gestión de Recursos,Implementación adecuada: 50% a 74%,26351,ESCUELA ESPECIAL N°2253 ANTULAF,Particular subvencionado,especial,53,"Revisión, análisis y actualización de los Instrumentos de Gestión","En reuniones organizadas después del horario de clases de nuestros alumnos, se revisan PEI, Reglamento Interno y Reglamento Interno de Convivencia Escolar y todos los Protocolos con el fin de actualizar y agregar lo que corresponda o falte. También, se comparte con el Consejo Escolar para finalmente, difundirlo a toda la comunidad educativa.",0,False,False,True,False,False,True,5.698970872924114
123885,26351,3,Gestión de Recursos,1000000,0.0,Implementación avanzada: 75% a 99%,False,False,1000000,0.0,Gestión de Recursos,Implementación avanzada: 75% a 99%,26351,ESCUELA ESPECIAL N°2253 ANTULAF,Particular subvencionado,especial,53,Participación en celebraciones,"Todo el personal y comunidad educativa participa en distintas actividades de conmemoración, tales como:  1. Celebración de cumpleaños de todo el personal de la escuela.  2. Celebración del inicio y final del año escolar.  3. Celebración del aniversario de la escuela.  4. Celebración del día del profesor.  5. Paseo de finalización del año escolar.",0,False,False,True,False,False,True,6.0000004342942646
123886,26351,3,Gestión de Recursos,1000000,0.0,Implementación adecuada: 50% a 74%,False,False,1000000,0.0,Gestión de Recursos,Implementación adecuada: 50% a 74%,26351,ESCUELA ESPECIAL N°2253 ANTULAF,Particular subvencionado,especial,53,En la búsqueda de optimizar el desempeño profesional,Todo el personal de la Escuela participa en capacitación.  -Teórica en relación a otras metodologías.  -Teórica en torno al tema específico del lenguaje.  -Teórica en cuanto a Etapas del desarrollo de los preescolares.  -Convivencia Escolar (Resolución de Conflictor).  -Comunicación.  -Autocuidado.,0,False,False,True,False,False,True,6.0000004342942646
123887,26351,3,Gestión Pedagógica,500000,0.0,Implementación avanzada: 75% a 99%,False,False,500000,0.0,Gestión Pedagógica,Implementación avanzada: 75% a 99%,26351,ESCUELA ESPECIAL N°2253 ANTULAF,Particular subvencionado,especial,53,Evaluación y Coevaluación del trabajo en duplas,"Docente y Asistente se reunen al final de cada jornada para evaluar el día. Los días jueves, en momento de colaboración, las docentes:  -Evalúan el trabajo en duplas.  -Planifican.  -Buscan prácticas pedagógicas más innovadoras.  -Comunican todo el trabajo que realizarán en el nivel, a sus Asistentes.",0,False,False,True,False,False,True,5.698970872924114
123888,26351,3,Gestión Pedagógica,500000,0.0,Implementación adecuada: 50% a 74%,False,False,500000,0.0,Gestión Pedagógica,Implementación adecuada: 50% a 74%,26351,ESCUELA ESPECIAL N°2253 ANTULAF,Particular subvencionado,especial,53,Seguimiento,"Acompañar en la docencia, observando las clases de todos los docentes y en cada nivel con un calendario de ingreso a sala, estableciendo pautas de observación y se retroalimenta.  También, intercambio de salas, con cambio de docente-asistente, espacio físico, alumnos (as).",0,False,False,True,False,False,True,5.698970872924114
123889,26351,3,Gestión Pedagógica,300000,0.0,Implementación completa: 100%,False,False,300000,0.0,Gestión Pedagógica,Implementación completa: 100%,26351,ESCUELA ESPECIAL N°2253 ANTULAF,Particular subvencionado,especial,53,Taller de Psicomotricidad,"Todos los alumnos participan en Taller de Psicomotricidad, el día Jueves y el Viernes (desde tercer módulo de clases), con el fin de tener actividad física por medio de juegos, circuitos, bailes, todo en estricta relación con las unidades temáticas y con los contenidos que se trabajan en cada nivel y también, en aporte al área fonoaudiológica que requieren por sus dificultades del lenguaje.",0,True,False,False,False,False,False,5.477122702365523
123890,26351,3,Gestión Pedagógica,1000000,0.0,Implementación completa: 100%,False,False,1000000,0.0,Gestión Pedagógica,Implementación completa: 100%,26351,ESCUELA ESPECIAL N°2253 ANTULAF,Particular subvencionado,especial,53,Planificación de la Docente con el apoyo de la Asistente de aula,"Se planifican todas las unidades temáticas con anticipación y en colaboración con cada asistente de aula quienes conocen la realidad grupal de cada nivel, considerando: contenido, interés y/o motivación grupal, realidad social, rango etáreo, etc.",0,True,False,False,False,False,False,6.0000004342942646
123891,26351,3,Gestión Pedagógica,1000000,0.0,Implementación adecuada: 50% a 74%,False,False,1000000,0.0,Gestión Pedagógica,Implementación adecuada: 50% a 74%,26351,ESCUELA ESPECIAL N°2253 ANTULAF,Particular subvencionado,especial,53,Capacitación sobre prácticas pedagógicas,Cada docente investiga sobre prácticas pedagógicas innovadoras y exitosas para preescolares.  Se ejecutan en las aulas y se replican en los cursos restantes.  Se exponen a todos con los resultados de aprendizaje.,0,False,False,True,False,False,True,6.0000004342942646
123892,26351,3,Gestión Pedagógica,1000000,0.0,Implementación completa: 100%,False,False,1000000,0.0,Gestión Pedagógica,Implementación completa: 100%,26351,ESCUELA ESPECIAL N°2253 ANTULAF,Particular subvencionado,especial,53,Cierre significativo de unidades temáticas.,"Todas las unidades temáticas tendrán cierre significativo con: visitas a la Feria del sector; visita en la escuela de   Planetario móvil ,  Aves  y  Mini Zoo , de los padres y apoderados representando sus profesiones u oficios, visita de artistas del Circo, etc.  También, se celebra  Día de los abuelitos ,  Día del profesor , acto de Fiestas Patrias, Aniversario, Graduación y fiesta de Navidad.",0,True,False,False,False,False,False,6.0000004342942646
123893,26351,3,Liderazgo,500000,0.0,Implementación avanzada: 75% a 99%,False,False,500000,0.0,Liderazgo,Implementación avanzada: 75% a 99%,26351,ESCUELA ESPECIAL N°2253 ANTULAF,Particular subvencionado,especial,53,Observación y seguimiento de los aprendizajes,"Elaboración de instrumentos de evaluación del proceso y producto final para ver el logro o dificultades de los aprendizajes de los alumnos (as).  Seguimiento en diagnóstico, primer semestre y segundo semestre.",0,False,False,True,False,False,True,5.698970872924114
123894,26351,3,Liderazgo,1000000,0.0,Implementación adecuada: 50% a 74%,False,False,1000000,0.0,Liderazgo,Implementación adecuada: 50% a 74%,26351,ESCUELA ESPECIAL N°2253 ANTULAF,Particular subvencionado,especial,53,Preparación de material didáctico pedagógico y fonoaudiológico,"Todo el personal de la escuela y padres y apoderados, participan en la elaboración de material didáctico pedagógico y fonoaudiológico para el trabajo en aula y en el patio y conforme a las temáticas.  Diseñado por dupla Docente-Asistente.  Además, confeccionan material para exponer en  diversos paneles informativos y otros.",0,False,False,True,False,False,True,6.0000004342942646
123922,26359,3,Convivencia Escolar,0,0.0,Implementación adecuada: 50% a 74%,False,False,0,0.0,Convivencia Escolar,Implementación adecuada: 50% a 74%,26359,ESCUELA ESPECIAL GABRIELA RUBIO,Particular subvencionado,especial,72,manejo mis emociones y me cuido,en cada planificación se consignara un objetivo transversal el cual se trabajara durante toda la semana.,0,False,False,True,True,True,True,0.0
123923,26359,3,Convivencia Escolar,0,0.0,Implementación adecuada: 50% a 74%,False,False,0,0.0,Convivencia Escolar,Implementación adecuada: 50% a 74%,26359,ESCUELA ESPECIAL GABRIELA RUBIO,Particular subvencionado,especial,72,Entiendo mis emociones,cada día se realizara una breve actividad donde se expresen las emociones de los niños y niñas y puedan conocer e ir modelando estas.,0,False,False,True,True,True,True,0.0
123924,26359,3,Gestión de Recursos,0,0.0,Implementación no efectuada: 0%,False,False,0,0.0,Gestión de Recursos,Implementación no efectuada: 0%,26359,ESCUELA ESPECIAL GABRIELA RUBIO,Particular subvencionado,especial,72,perfeccionamiento formal,se solicitara al equipo sostenedor recursos para cotear un ATE a un docente durante el año escolar.,0,False,False,True,True,True,True,0.0
123925,26359,3,Gestión de Recursos,0,0.0,Implementación no efectuada: 0%,False,False,0,0.0,Gestión de Recursos,Implementación no efectuada: 0%,26359,ESCUELA ESPECIAL GABRIELA RUBIO,Particular subvencionado,especial,72,AUTOPERFECCIONAMIENTO,"EN DUPLA DE DOCENTES SE REALIZARA UN TALLER POR SEMESTRE, DONDE EL PRIMER SEMESTRE SE TOCARAN LAS BASES CURRICULARES Y EL SEGUNDO SEMESTRE ESTRATEGIAS PEDAGOGICAS.",0,False,False,True,True,True,True,0.0
123926,26359,3,Gestión Pedagógica,0,0.0,Implementación completa: 100%,False,False,0,0.0,Gestión Pedagógica,Implementación completa: 100%,26359,ESCUELA ESPECIAL GABRIELA RUBIO,Particular subvencionado,especial,72,JORNADA DE EVALUACION,"TODOS LOS VIERNES SE PLANIFICA POR NIVEL EN BASE AL CRONOGRAMA DE CONTENIDOS Y OBJETIVOS ANUALES, EN TRABAJO COLABORATIVO.",0,True,False,False,True,False,True,0.0
123927,26359,3,Gestión Pedagógica,0,0.0,Implementación avanzada: 75% a 99%,False,False,0,0.0,Gestión Pedagógica,Implementación avanzada: 75% a 99%,26359,ESCUELA ESPECIAL GABRIELA RUBIO,Particular subvencionado,especial,72,CRONOGHRAMA DE CONTENIDOS Y OBJETIVOS POR NIVEL,"al iniciar el año académico se organicen por nivel los contenidos y objetivos del curriculum en forma anual, con el objetivo de organizar el trabajo y que todos los contenidos del curriculum estén presentes para cada nivel.",0,False,False,True,True,True,True,0.0
123928,26359,3,Gestión Pedagógica,0,0.0,Implementación adecuada: 50% a 74%,False,False,0,0.0,Gestión Pedagógica,Implementación adecuada: 50% a 74%,26359,ESCUELA ESPECIAL GABRIELA RUBIO,Particular subvencionado,especial,72,registro de evaluaciones,"Se realizaran evaluaciones de proceso, para llevar un registro de los objetivos alcanzados y así reestructurar las planificaciones semanales.",0,False,False,True,True,True,True,0.0
123929,26359,3,Liderazgo,0,0.0,Implementación adecuada: 50% a 74%,False,False,0,0.0,Liderazgo,Implementación adecuada: 50% a 74%,26359,ESCUELA ESPECIAL GABRIELA RUBIO,Particular subvencionado,especial,72,participacion,la directora participara en la elaboracion asignando recursos y facilidades para realizar la elaboracion del cronograma de contenidos y objetivos para cada nivel.,0,False,False,True,True,True,True,0.0
123930,26359,3,Liderazgo,0,0.0,Implementación adecuada: 50% a 74%,False,False,0,0.0,Liderazgo,Implementación adecuada: 50% a 74%,26359,ESCUELA ESPECIAL GABRIELA RUBIO,Particular subvencionado,especial,72,participacion cronograma,la directora participara en las jornadas de planificación de los días viernes,0,False,False,True,True,True,True,0.0
124165,26384,3,Convivencia Escolar,800000,800000.0,Implementación completa: 100%,False,False,800000,800000.0,Convivencia Escolar,Implementación completa: 100%,26384,COLEGIO TEC. PROF. SAN RAMON LA CISTERNA,Particular subvencionado,basica_media,162,Integridad socioemocional,El personal del establecimiento resguarda la integridad física y psicológica de todos los estudiantes durante la jornada escolar,1,True,False,False,False,False,False,5.903090529859707
124166,26384,3,Convivencia Escolar,800000,800000.0,Implementación completa: 100%,False,False,800000,800000.0,Convivencia Escolar,Implementación completa: 100%,26384,COLEGIO TEC. PROF. SAN RAMON LA CISTERNA,Particular subvencionado,basica_media,162,Reconociendo mi vocación,"El equipo directivo y los docentes orientan vocacionalmente a los estudiantes, les transmiten altas expectativas y los ayudan a planificar sus proyectos de vida.",1,True,False,False,False,False,False,5.903090529859707
124167,26384,3,Convivencia Escolar,800000,800000.0,Implementación completa: 100%,False,False,800000,800000.0,Convivencia Escolar,Implementación completa: 100%,26384,COLEGIO TEC. PROF. SAN RAMON LA CISTERNA,Particular subvencionado,basica_media,162,Participación de estamentos de la comunidad,El equipo directivo promueve la participación activa de los distintos estamentos de la comunidad educativa para apoyar el desarrollo del Proyecto Educativo,1,True,False,False,False,False,False,5.903090529859707
124168,26384,3,Convivencia Escolar,800000,800000.0,Implementación completa: 100%,False,False,800000,800000.0,Convivencia Escolar,Implementación completa: 100%,26384,COLEGIO TEC. PROF. SAN RAMON LA CISTERNA,Particular subvencionado,basica_media,162,participación de los estudiantes,"El equipo directivo promueve la formación democrática y ciudadana, y la participación activa de los estudiantes mediante el apoyo al Centro de Alumnos y a las directivas de curso.",1,True,False,False,False,False,False,5.903090529859707
124169,26384,3,Convivencia Escolar,800000,800000.0,Implementación completa: 100%,False,False,800000,800000.0,Convivencia Escolar,Implementación completa: 100%,26384,COLEGIO TEC. PROF. SAN RAMON LA CISTERNA,Particular subvencionado,basica_media,162,Formación integral de nuestros estudiantes,"El equipo directivo planifica, implementa y monitorea programas e iniciativas para la formación integral de sus estudiantes de acuerdo con el Proyecto Educativo Institucional",1,True,False,False,False,False,False,5.903090529859707
124170,26384,3,Convivencia Escolar,800000,800000.0,Implementación completa: 100%,False,False,800000,800000.0,Convivencia Escolar,Implementación completa: 100%,26384,COLEGIO TEC. PROF. SAN RAMON LA CISTERNA,Particular subvencionado,basica_media,162,Clima de convivencia,El equipo directivo y los docentes abordan decididamente las conductas que atentan contra la sana convivencia dentro del establecimiento.,1,True,False,False,False,False,False,5.903090529859707
124171,26384,3,Gestión de Recursos,5000000,5000000.0,Implementación avanzada: 75% a 99%,False,False,5000000,5000000.0,Gestión de Recursos,Implementación avanzada: 75% a 99%,26384,COLEGIO TEC. PROF. SAN RAMON LA CISTERNA,Particular subvencionado,basica_media,162,Adquisición de recursos tecnológicos con fines educativos,"Adquisición y actualización de computadores, equipo de proyección y conexión a internet en salas de clases (puntos de red), dependencias educativas (CRA), Laboratorios y de usos a distancia, con procedimientos y personal para solucionar problemas técnicos a tiempo, que mantiene en buen estado los equipos tecnológicos del establecimiento para su uso educativo y responder a los desafíos pedagógicos",1,False,False,True,False,False,True,6.698970091194907
124172,26384,3,Gestión de Recursos,19000000,19000000.0,Implementación completa: 100%,False,False,19000000,19000000.0,Gestión de Recursos,Implementación completa: 100%,26384,COLEGIO TEC. PROF. SAN RAMON LA CISTERNA,Particular subvencionado,basica_media,162,Gestión eficiente del personal,"Garantizar la gestión administrativa, técnico pedagógica y de convivencia escolar con el objeto de cumplir con las exigencias requeridas para obtener y mantener el reconocimiento oficial del establecimiento, velando por los coeficientes de personal y requerimientos de idoneidad en la contratación de profesionales, asistentes y personal requerido.",1,True,False,False,False,False,False,7.278753623810433
124173,26384,3,Gestión de Recursos,1500000,1500000.0,Implementación completa: 100%,False,False,1500000,1500000.0,Gestión de Recursos,Implementación completa: 100%,26384,COLEGIO TEC. PROF. SAN RAMON LA CISTERNA,Particular subvencionado,basica_media,162,Recursos didácticos para garantizar los aprendizajes,"Mantener o disponer  de una gama de recursos didácticos sugeridos por normativa educacional vigente, para cada nivel, asignaturas, talleres y especialidades técnico profesional.",1,True,False,False,False,False,False,6.176091548585239
124174,26384,3,Gestión de Recursos,3000000,3000000.0,Implementación avanzada: 75% a 99%,False,False,3000000,3000000.0,Gestión de Recursos,Implementación avanzada: 75% a 99%,26384,COLEGIO TEC. PROF. SAN RAMON LA CISTERNA,Particular subvencionado,basica_media,162,Salidas pedagogicas,"El equipo directivo gestiona junto a los docentes, salidas pedagógicas, vocacionales, recreativas, deportivas y culturales para los y las estudiantes para facilitar aprendizajes significativos en lo pedagógico y en  lo socioemocional.",1,False,False,True,False,False,True,6.477121399484465
124175,26384,3,Gestión Pedagógica,800000,800000.0,Implementación parcial: 25% a 49%,False,False,800000,800000.0,Gestión Pedagógica,Implementación parcial: 25% a 49%,26384,COLEGIO TEC. PROF. SAN RAMON LA CISTERNA,Particular subvencionado,basica_media,162,Fortalecimiento de la acción pedagógica,"El equipo directivo (Director y Jefe técnico) realizan monitoreos a los docentes en el proceso de desarrollo de las clases, estimulando el uso estrategias efectivas para el logro de los Objetivos de Aprendizaje y el desarrollo de competencias definidas",1,False,False,True,False,False,True,5.903090529859707
124176,26384,3,Gestión Pedagógica,800000,800000.0,Implementación completa: 100%,False,False,800000,800000.0,Gestión Pedagógica,Implementación completa: 100%,26384,COLEGIO TEC. PROF. SAN RAMON LA CISTERNA,Particular subvencionado,basica_media,162,Evitando la deserción escolar,"El equipo directivo y los docentes identifican a tiempo a los estudiantes en riesgo de desertar, tomando en cuenta algunos los factores de riesgo tales como: asistencia, bajo rendimiento, repitencia, entre otros. Realizando además el correspondiente acompañamiento.",1,True,False,False,False,False,False,5.903090529859707
124177,26384,3,Gestión Pedagógica,800000,800000.0,Implementación avanzada: 75% a 99%,False,False,800000,800000.0,Gestión Pedagógica,Implementación avanzada: 75% a 99%,26384,COLEGIO TEC. PROF. SAN RAMON LA CISTERNA,Particular subvencionado,basica_media,162,Comunidad de aprendizaje profesional,"Se desarrollan talleres de reflexión pedagógica colaborativa, en instancias de reuniones técnicas con el propósito de incentivar y reconocer el uso de metodología, estrategias y recursos innovadores eficientes en el aula, orientadas a la mejorar de los procesos de aprendizaje",1,False,False,True,False,False,True,5.903090529859707
124178,26384,3,Gestión Pedagógica,800000,800000.0,Implementación adecuada: 50% a 74%,False,False,800000,800000.0,Gestión Pedagógica,Implementación adecuada: 50% a 74%,26384,COLEGIO TEC. PROF. SAN RAMON LA CISTERNA,Particular subvencionado,basica_media,162,Fortalecimiento de estudiantes con brecha de aprendizaje,El equipo técnico-pedagógico y los docentes identifican tempranamente a los estudiantes que presentan brechas en el aprendizaje o necesidades educativas especiales y articulan los apoyos necesarios con los recursos humanos disponibles,1,False,False,True,False,False,True,5.903090529859707
124179,26384,3,Gestión Pedagógica,800000,800000.0,Implementación completa: 100%,False,False,800000,800000.0,Gestión Pedagógica,Implementación completa: 100%,26384,COLEGIO TEC. PROF. SAN RAMON LA CISTERNA,Particular subvencionado,basica_media,162,Monitoreo de los lineamentos pedagógicas,"Monitorear el cumplimiento de los lineamientos y estrategias pedagógicas de enseñanza aprendizaje, el proceso de planificación y evaluación para asegurar la cobertura del currículum vigente acompañando al docente en la toma de decisiones pedagógicas en función de las necesidades observadas.",1,True,False,False,False,False,False,5.903090529859707
124180,26384,3,Gestión Pedagógica,1500000,1500000.0,Implementación completa: 100%,False,False,1500000,1500000.0,Gestión Pedagógica,Implementación completa: 100%,26384,COLEGIO TEC. PROF. SAN RAMON LA CISTERNA,Particular subvencionado,basica_media,162,Talleres extraprogramáticos,"El equipo técnico en conjunto con los docentes organizan y fomentan actividades extracurriculares para desarrollar habilidades pedagógicas, recreativas y/o deportivas a través de diferentes talleres extra programáticos.",1,True,False,False,False,False,False,6.176091548585239
124181,26384,3,Gestión Pedagógica,800000,800000.0,Implementación completa: 100%,False,False,800000,800000.0,Gestión Pedagógica,Implementación completa: 100%,26384,COLEGIO TEC. PROF. SAN RAMON LA CISTERNA,Particular subvencionado,basica_media,162,Evaluación de los procesos de aprendizajes de los y las estudiantes,"El jefe técnico con el equipo docente, analizará y establecerá acciones de mejora en función de la información recopilada después de la aplicación de instrumentos de evaluación como por ej. el diagnóstico integral de aprendizaje (DIA) de lenguaje y matemática  (1° y 2° Medio) y el DIA socioemocional (de 1° a 4° medio), entre otros instrumentos.",1,True,False,False,False,False,False,5.903090529859707
124182,26384,3,Liderazgo,800000,800000.0,Implementación completa: 100%,False,False,800000,800000.0,Liderazgo,Implementación completa: 100%,26384,COLEGIO TEC. PROF. SAN RAMON LA CISTERNA,Particular subvencionado,basica_media,162,Reconocimiento a la comunidad educativa,"Se reconocerá constantemente a los distintos actores de nuestra comunidad educativa, que destacan por representar de mejor forma nuestro proyecto educativo, es decir, representar los valores, principios y sellos.   Además de destacar y premiar a las y los estudiantes por sus logros académicos, deportivos y/o  culturales.",1,True,False,False,False,False,False,5.903090529859707
124183,26384,3,Liderazgo,800000,800000.0,Implementación completa: 100%,False,False,800000,800000.0,Liderazgo,Implementación completa: 100%,26384,COLEGIO TEC. PROF. SAN RAMON LA CISTERNA,Particular subvencionado,basica_media,162,Uso y tratamiento adecuado de datos de la gestión escolar,El director y el equipo directivo sistematizan los datos relevantes de la gestión escolar y los utilizan para tomar decisiones.,1,True,False,False,False,False,False,5.903090529859707
124184,26384,3,Liderazgo,1500000,1500000.0,Implementación completa: 100%,False,False,1500000,1500000.0,Liderazgo,Implementación completa: 100%,26384,COLEGIO TEC. PROF. SAN RAMON LA CISTERNA,Particular subvencionado,basica_media,162,Perfeccionamiento de docentes y asistentes de la educación,Actividades de Perfeccionamiento de docentes y asistentes de la educación en áreas que permitan apoyar el proceso de aprendizaje pedagógico y socioemocional.,1,True,False,False,False,False,False,6.176091548585239
124185,26384,3,Liderazgo,800000,800000.0,Implementación completa: 100%,False,False,800000,800000.0,Liderazgo,Implementación completa: 100%,26384,COLEGIO TEC. PROF. SAN RAMON LA CISTERNA,Particular subvencionado,basica_media,162,Conducción efectiva de los aprendizajes,"Como forma de sostener procesos continuos y de calidad, de la enseñanza y el aprendizaje se reactivan  acuerdos consensuales sobre las prácticas profesionales con instituciones de educación superior, para  así contribuir en la formación de futuros docentes y a la vez ellos nos puedan entregar apoyo en el  aula.",1,True,False,False,False,False,False,5.903090529859707
124186,26384,3,Liderazgo,1000000,1000000.0,Implementación completa: 100%,False,False,1000000,1000000.0,Liderazgo,Implementación completa: 100%,26384,COLEGIO TEC. PROF. SAN RAMON LA CISTERNA,Particular subvencionado,basica_media,162,Monitoreo del cumplimiento del PME y de los índices de eficiencia interna,"Monitorear el estado de avance del plan de mejoramiento educativo y los indicadores de eficiencia interna con apoyo técnico, considerando los indicadores para evaluar el cumplimiento de las metas y los responsables de la implementación de las acciones",1,True,False,False,False,False,False,6.0000004342942646
126726,31283,3,Convivencia Escolar,200000,0.0,Implementación avanzada: 75% a 99%,False,False,200000,0.0,Convivencia Escolar,Implementación avanzada: 75% a 99%,31283,ESCUELA LENG. Y PARVULOS  HORMIGUITA,Particular subvencionado,especial,83,Creación de proyecto familia y escuela,La encargada de convivencia escolar llevará a cabo una actividad en la que las familias participarán de mejoras para la escuela con pequeños proyectos que involucrarán la reutilización y el reciclaje.,1,False,False,True,False,False,True,5.301032167130962
126727,31283,3,Convivencia Escolar,2000000,2000000.0,Implementación completa: 100%,False,False,2000000,2000000.0,Convivencia Escolar,Implementación completa: 100%,31283,ESCUELA LENG. Y PARVULOS  HORMIGUITA,Particular subvencionado,especial,83,Capacitación en convivencia escolar,Se capacitará a la encargada de convivencia escolar  con las herramientas que necesite la escuela para cubrir las necesidades de la comunidad educativa.,1,True,False,False,False,False,False,6.301030212811168
126728,31283,3,Gestión de Recursos,0,0.0,Implementación completa: 100%,False,False,0,0.0,Gestión de Recursos,Implementación completa: 100%,31283,ESCUELA LENG. Y PARVULOS  HORMIGUITA,Particular subvencionado,especial,83,Presentación del material disponible,"Se realizará una presentación a todo el personal docente y técnico sobre el material que tenemos en la escuela, que deberán utilizar en el aula y contemplarlo en sus planificaciones mensuales.",1,True,False,False,True,False,True,0.0
126729,31283,3,Gestión de Recursos,1500000,0.0,Implementación completa: 100%,False,False,1500000,0.0,Gestión de Recursos,Implementación completa: 100%,31283,ESCUELA LENG. Y PARVULOS  HORMIGUITA,Particular subvencionado,especial,83,Listado de material,En cada sala habrá un listado con todo el material que hay en la escuela para que las docentes pueden utilizar en sus planificaciones y/o actividades.  La escuela repondrá o adquirirá los materiales que se requieran.,1,True,False,False,False,False,False,6.176091548585239
126730,31283,3,Gestión Pedagógica,40000,0.0,Implementación completa: 100%,False,False,40000,0.0,Gestión Pedagógica,Implementación completa: 100%,31283,ESCUELA LENG. Y PARVULOS  HORMIGUITA,Particular subvencionado,especial,83,Acompañamientos en aula,"La jefa de UTP y directora participaran de acompañamientos docentes en los  que se evaluará el quehacer docente, su manejo de aula y las estrategias que se aplican, con el fin de mejorar el proceso de enseñanza aprendizaje continuamente.",1,True,False,False,False,False,False,4.602070848554296
126731,31283,3,Gestión Pedagógica,4200000,4200000.0,Implementación completa: 100%,False,False,4200000,4200000.0,Gestión Pedagógica,Implementación completa: 100%,31283,ESCUELA LENG. Y PARVULOS  HORMIGUITA,Particular subvencionado,especial,83,Talleres de apoyo a la enseñanza,Durante todo el año se llevará a cabo el taller de Carl Orff para el proyecto música en mi escuela para apoyar a los estudiantes en el desarrollo del lenguaje. Además se realizará el taller de Cultura y Lengua Mapuche con el fin de enriquecer la interculturalidad.,1,True,False,False,False,False,False,6.623249393801336
126732,31283,3,Gestión Pedagógica,60000,0.0,Implementación completa: 100%,False,False,60000,0.0,Gestión Pedagógica,Implementación completa: 100%,31283,ESCUELA LENG. Y PARVULOS  HORMIGUITA,Particular subvencionado,especial,83,Reuniones entre pares docentes,"Se realizarán reuniones entre pares docentes para compartir estrategias metodológicas, acordar los objetivos de aprendizaje que se irán trabajando y evaluar las estrategias aplicadas.",1,True,False,False,False,False,False,4.77815848856469
126733,31283,3,Gestión Pedagógica,200000,0.0,Implementación completa: 100%,False,False,200000,0.0,Gestión Pedagógica,Implementación completa: 100%,31283,ESCUELA LENG. Y PARVULOS  HORMIGUITA,Particular subvencionado,especial,83,Autoperfeccionamiento,Se realizarán auto perfeccionamientos docentes en los meses de julio y diciembre con temáticas en las que se necesiten mayores herramientas.,1,True,False,False,False,False,False,5.301032167130962
126734,31283,3,Gestión Pedagógica,3780000,3780000.0,Implementación completa: 100%,False,False,3780000,3780000.0,Gestión Pedagógica,Implementación completa: 100%,31283,ESCUELA LENG. Y PARVULOS  HORMIGUITA,Particular subvencionado,especial,83,Perfeccionamientos,"En julio y diciembre se realizan jornadas de perfeccionamientos donde todo el equipo participa, con el fin de aprender nuevas herramientas de trabajo o fortalecer las que ya tenemos. Además se capacita a las profesoras que participan de la evaluación de carrera docente.",1,True,False,False,False,False,False,6.57749191472993
126735,31283,3,Liderazgo,3000000,0.0,Implementación completa: 100%,False,False,3000000,0.0,Liderazgo,Implementación completa: 100%,31283,ESCUELA LENG. Y PARVULOS  HORMIGUITA,Particular subvencionado,especial,83,Participación del equipo de trabajo en actividades propuestas por la escuela,"Se crearán instancias de participación del equipo de trabajo en actividades que promuevan el compromiso con la escuela y la buena convivencia, tales cómo, celebración de cumpleaños, compartir juntas en la celebración de fiestas patrias, amigo secreto en navidad, entre otros.",1,True,False,False,False,False,False,6.477121399484465
126736,31283,3,Liderazgo,5000000,5000000.0,Implementación avanzada: 75% a 99%,False,False,5000000,5000000.0,Liderazgo,Implementación avanzada: 75% a 99%,31283,ESCUELA LENG. Y PARVULOS  HORMIGUITA,Particular subvencionado,especial,83,Participación de familias en actividades de la escuela,Se propiciarán instancias que permitan a todas las familias de nuestros estudiantes participar de las actividades propuestas por la escuela.,1,False,False,True,False,False,True,6.698970091194907
127450,31518,3,Convivencia Escolar,200000,0.0,Implementación avanzada: 75% a 99%,False,False,200000,0.0,Convivencia Escolar,Implementación avanzada: 75% a 99%,31518,ESCUELA ESPECIAL Y DE PÁRVULOS HORMIGUITA 2,Particular subvencionado,especial,118,Creación de proyecto familia y escuela,La encargada de convivencia escolar llevará a cabo una actividad en la que las familias participarán de mejoras para la escuela con pequeños proyectos que involucrarán la reutilización y el reciclaje.,1,False,False,True,False,False,True,5.301032167130962
127451,31518,3,Convivencia Escolar,2000000,2000000.0,Implementación completa: 100%,False,False,2000000,2000000.0,Convivencia Escolar,Implementación completa: 100%,31518,ESCUELA ESPECIAL Y DE PÁRVULOS HORMIGUITA 2,Particular subvencionado,especial,118,Capacitación en convivencia escolar,Se capacitará a la encargada de convivencia escolar  con herramientas que necesite la escuela para cubrir las necesidades de la comunidad educativa.,1,True,False,False,False,False,False,6.301030212811168
127452,31518,3,Gestión de Recursos,0,0.0,Implementación completa: 100%,False,False,0,0.0,Gestión de Recursos,Implementación completa: 100%,31518,ESCUELA ESPECIAL Y DE PÁRVULOS HORMIGUITA 2,Particular subvencionado,especial,118,Presentación del material disponible,"Se realizará una presentación a todo el personal docente y técnico sobre el material que tenemos en la escuela, que deberán utilizar en el aula y contemplarlo en sus planificaciones mensuales.",1,True,False,False,True,False,True,0.0
127453,31518,3,Gestión de Recursos,1500000,0.0,Implementación completa: 100%,False,False,1500000,0.0,Gestión de Recursos,Implementación completa: 100%,31518,ESCUELA ESPECIAL Y DE PÁRVULOS HORMIGUITA 2,Particular subvencionado,especial,118,Listado de material,En cada sala habrá un listado con todo el material que hay en la escuela para que las docentes pueden utilizar en sus planificaciones y/o actividades.  La escuela repondrá o adquirirá los materiales que se requieran.,1,True,False,False,False,False,False,6.176091548585239
127454,31518,3,Gestión Pedagógica,4500000,4500000.0,Implementación completa: 100%,False,False,4500000,4500000.0,Gestión Pedagógica,Implementación completa: 100%,31518,ESCUELA ESPECIAL Y DE PÁRVULOS HORMIGUITA 2,Particular subvencionado,especial,118,Talleres de apoyo,Durante todo el año se llevará a cabo el taller de Carl Orff para el proyecto música en mi escuela para apoyar a los estudiantes en el desarrollo del lenguaje. Además se realizará el taller de Cultura y Lengua Mapuche con el fin de enriquecer la interculturalidad.,1,True,False,False,False,False,False,6.653212610285218
127455,31518,3,Gestión Pedagógica,100000,0.0,Implementación completa: 100%,False,False,100000,0.0,Gestión Pedagógica,Implementación completa: 100%,31518,ESCUELA ESPECIAL Y DE PÁRVULOS HORMIGUITA 2,Particular subvencionado,especial,118,Reuniones entre pares,"Se realizarán reuniones entre pares docentes para compartir estrategias metodológicas, acordar los objetivos de aprendizaje que se irán trabajando y evaluar las estrategias aplicadas.",1,True,False,False,False,False,False,5.000004342923105
127456,31518,3,Gestión Pedagógica,40000,0.0,Implementación completa: 100%,False,False,40000,0.0,Gestión Pedagógica,Implementación completa: 100%,31518,ESCUELA ESPECIAL Y DE PÁRVULOS HORMIGUITA 2,Particular subvencionado,especial,118,Acompañamientos en aula,"La jefa de UTP y directora participaran de acompañamientos docentes en los  que se evaluará el quehacer docente, su manejo de aula y las estrategias que se aplican, con el fin de mejorar el proceso de enseñanza aprendizaje continuamente.",1,True,False,False,False,False,False,4.602070848554296
127457,31518,3,Gestión Pedagógica,200000,0.0,Implementación completa: 100%,False,False,200000,0.0,Gestión Pedagógica,Implementación completa: 100%,31518,ESCUELA ESPECIAL Y DE PÁRVULOS HORMIGUITA 2,Particular subvencionado,especial,118,Autoperfeccionamiento docente,Se realizarán auto perfeccionamientos docentes en los meses de julio y diciembre con temáticas en las que se necesiten mayores herramientas.,1,True,False,False,False,False,False,5.301032167130962
127458,31518,3,Gestión Pedagógica,3780000,3780000.0,Implementación completa: 100%,False,False,3780000,3780000.0,Gestión Pedagógica,Implementación completa: 100%,31518,ESCUELA ESPECIAL Y DE PÁRVULOS HORMIGUITA 2,Particular subvencionado,especial,118,Perfeccionamientos,"En julio y diciembre se realizan jornadas de perfeccionamientos donde todo el equipo participa, con el fin de aprender nuevas herramientas de trabajo o fortalecer las que ya tenemos.  Además se capacitan a las profesoras que participan en Carrera Docente",1,True,False,False,False,False,False,6.57749191472993
127459,31518,3,Liderazgo,3000000,0.0,Implementación completa: 100%,False,False,3000000,0.0,Liderazgo,Implementación completa: 100%,31518,ESCUELA ESPECIAL Y DE PÁRVULOS HORMIGUITA 2,Particular subvencionado,especial,118,Participación del equipo de trabajo en actividades propuestas por la escuela,"Se crearán instancias de participación del equipo de trabajo en actividades que promuevan el compromiso con la escuela y la buena convivencia, tales cómo, celebración de cumpleaños, compartir juntas en la celebración de fiestas patrias, amigo secreto en navidad, entre otros.",1,True,False,False,False,False,False,6.477121399484465
127460,31518,3,Liderazgo,5000000,5000000.0,Implementación avanzada: 75% a 99%,False,False,5000000,5000000.0,Liderazgo,Implementación avanzada: 75% a 99%,31518,ESCUELA ESPECIAL Y DE PÁRVULOS HORMIGUITA 2,Particular subvencionado,especial,118,Propuestas de actividades para la participación en familia,Se propiciarán instancias que permitan a todas las familias de nuestros estudiantes participar de las actividades propuestas por la escuela.,1,False,False,True,False,False,True,6.698970091194907
